2 0.000000 100.000000 5791.461216
1456 1246 
1 -147.787889 0.000000 -147.826199 99.987140 0.011905 1.937081 -0.000118 
2 154.271383 0.000000 -147.826199 99.987165 0.078895 1.970143 -0.000132 
3 154.271383 0.000000 147.829350 99.971816 -0.075682 1.994572 0.000165 
4 -147.787889 0.000000 147.829350 99.973241 -0.010824 1.938193 0.000159 
5 3.241747 0.000000 0.001576 101.231598 0.206935 -1.165720 -0.024924 
6 -147.787889 0.000000 0.001576 99.978886 0.000938 1.929401 0.000050 
7 3.241747 0.000000 -147.826199 99.998669 0.009315 1.953331 -0.000355 
8 154.271383 0.000000 0.001576 100.022358 5.929503 -0.308994 -0.003973 
9 3.241747 0.000000 147.829350 99.956815 -0.003642 1.965053 0.000477 
10 78.756565 0.000000 -73.912312 100.001922 0.097204 2.023900 -0.000449 
11 3.241747 0.000000 -73.912312 100.039294 0.053301 1.973872 -0.001176 
12 78.756565 0.000000 -147.826199 99.993894 0.067388 1.966515 -0.000265 
13 154.271383 0.000000 -73.912312 99.985457 0.232383 2.020417 -0.000123 
14 78.756565 0.000000 0.001576 100.024113 6.217787 -1.387453 -0.004541 
15 -72.273071 0.000000 -73.912312 100.000505 0.008461 1.929412 -0.000382 
16 -147.787889 0.000000 -73.912312 99.986161 0.009096 1.932606 -0.000097 
17 -72.273071 0.000000 -147.826199 99.993472 0.023652 1.940502 -0.000246 
18 -72.273071 0.000000 0.001576 99.965690 0.003534 1.903064 0.000324 
19 78.756565 0.000000 73.915463 99.937706 -0.103923 2.195143 0.000763 
20 3.241747 0.000000 73.915463 99.874506 -0.048134 2.051297 0.002087 
21 154.271383 0.000000 73.915463 99.966805 -0.268306 2.205860 0.000170 
22 78.756565 0.000000 147.829350 99.963071 -0.063559 1.986432 0.000343 
23 40.999156 0.000000 -36.955368 100.041287 0.549734 2.058320 -0.001280 
24 3.241747 0.000000 -36.955368 100.139665 0.285781 1.965304 -0.003190 
25 40.999156 0.000000 -73.912312 100.024180 0.084902 2.013484 -0.000890 
26 78.756565 0.000000 -36.955368 99.994805 0.560174 2.035041 -0.000342 
27 40.999156 0.000000 0.001576 99.915609 8.502350 -1.867639 -0.005891 
28 -72.273071 0.000000 73.915463 99.947437 -0.002640 1.937204 0.000676 
29 -147.787889 0.000000 73.915463 99.972654 -0.007499 1.933675 0.000173 
30 -72.273071 0.000000 147.829350 99.964632 -0.021601 1.944286 0.000329 
31 -34.515662 0.000000 -36.955368 100.032436 0.040902 1.891256 -0.001007 
32 -72.273071 0.000000 -36.955368 99.993987 0.009248 1.912984 -0.000246 
33 -34.515662 0.000000 -73.912312 100.020958 0.021958 1.937698 -0.000795 
34 -34.515662 0.000000 0.001576 99.900225 -0.009954 1.808679 0.001667 
35 40.999156 0.000000 36.958519 99.778167 -1.025634 2.890673 0.003491 
36 3.241747 0.000000 36.958519 99.543474 -0.451958 2.334317 0.008544 
37 78.756565 0.000000 36.958519 99.914137 -1.156012 2.960491 0.000706 
38 40.999156 0.000000 73.915463 99.898477 -0.086477 2.153638 0.001565 
39 22.120451 0.000000 -18.476896 100.249136 2.354887 2.125047 -0.005995 
40 3.241747 0.000000 -18.476896 100.522106 1.185214 1.710392 -0.010902 
41 22.120451 0.000000 -36.955368 100.102081 0.474538 2.047863 -0.002485 
42 40.999156 0.000000 -18.476896 99.994306 2.451957 1.921636 -0.000857 
43 22.120451 0.000000 0.001576 101.658923 93.969352 -80.170324 -1.559206 
44 -34.515662 0.000000 36.958519 99.842469 -0.039819 1.933755 0.002774 
45 -72.273071 0.000000 36.958519 99.943703 -0.002438 1.920054 0.000757 
46 -34.515662 0.000000 73.915463 99.910798 -0.014330 1.963603 0.001398 
47 -15.636957 0.000000 -18.476896 100.156343 0.196784 1.633330 -0.003400 
48 -34.515662 0.000000 -18.476896 99.999197 0.035519 1.837643 -0.000322 
49 -15.636957 0.000000 -36.955368 100.088400 0.109458 1.899040 -0.002131 
50 -15.636957 0.000000 0.001576 99.767651 -0.135530 1.362012 0.004454 
51 22.120451 0.000000 18.480048 99.260491 -5.161766 1.723250 0.011774 
52 3.241747 0.000000 18.480048 98.803045 -2.380148 1.970954 0.022841 
53 40.999156 0.000000 18.480048 99.754975 -5.909504 1.452659 0.001191 
54 22.120451 0.000000 36.958519 99.616632 -0.829723 2.714742 0.006847 
55 12.681099 0.000000 -9.237660 100.945578 4.395479 2.110342 -0.021378 
56 3.241747 0.000000 -9.237660 100.828719 2.044687 1.205131 -0.017206 
57 12.681099 0.000000 -18.476896 100.480024 1.955317 2.008476 -0.010409 
58 22.120451 0.000000 -9.237660 100.233544 5.047557 2.454309 -0.007826 
59 12.681099 0.000000 0.001576 101.923272 -4.588651 -2.567322 -0.041600 
60 -15.636957 0.000000 18.480048 99.441640 -0.355379 1.767269 0.010811 
61 -34.515662 0.000000 18.480048 99.825779 -0.046842 1.869993 0.003131 
62 -15.636957 0.000000 36.958519 99.695120 -0.149378 2.030061 0.005674 
63 -6.197605 0.000000 -9.237660 100.276140 0.452517 1.233892 -0.005703 
64 -15.636957 0.000000 -9.237660 100.033905 0.119928 1.447259 -0.000889 
65 -6.197605 0.000000 -18.476896 100.329997 0.507754 1.585337 -0.006888 
66 -6.197605 0.000000 0.001576 99.921096 -0.423731 1.025125 0.001454 
67 12.681099 0.000000 9.240812 100.705824 -4.122072 -3.921574 -0.017403 
68 3.241747 0.000000 9.240812 99.928953 -3.455808 -0.372790 0.000212 
69 22.120451 0.000000 9.240812 99.765689 -3.972652 -5.723090 -0.000173 
70 12.681099 0.000000 18.480048 98.970422 -4.079522 1.916510 0.018454 
71 7.961423 0.000000 -4.618042 101.259641 4.469943 0.002313 -0.027350 
72 3.241747 0.000000 -4.618042 100.138139 2.353981 0.240090 -0.003325 
73 7.961423 0.000000 -9.237660 101.063260 3.414261 1.557405 -0.022787 
74 12.681099 0.000000 -4.618042 101.229491 5.704794 0.790354 -0.028058 
75 7.961423 0.000000 0.001576 102.446637 -1.712676 -4.552270 -0.051897 
76 -6.197605 0.000000 9.240812 99.253886 -1.235961 1.181051 0.014574 
77 -15.636957 0.000000 9.240812 99.505879 -0.357581 1.513876 0.009616 
78 -6.197605 0.000000 18.480048 99.076965 -0.980800 1.829006 0.017945 
79 -1.477929 0.000000 -4.618042 100.206641 0.676619 0.943460 -0.004272 
80 -6.197605 0.000000 -4.618042 100.089363 0.115938 1.083025 -0.001907 
81 -1.477929 0.000000 -9.237660 100.476586 0.971889 1.161369 -0.009784 
82 -1.477929 0.000000 0.001576 100.746527 -0.120700 4.573734 -0.017080 
83 7.961423 0.000000 4.621194 102.891184 -1.738648 -4.055548 -0.060607 
84 3.241747 0.000000 4.621194 102.524718 -2.507219 -1.643412 -0.052030 
85 12.681099 0.000000 4.621194 102.158063 0.124764 -5.007970 -0.046137 
86 7.961423 0.000000 9.240812 100.598217 -4.279865 -2.143406 -0.014291 
87 5.601585 0.000000 -2.308233 100.573435 3.431929 -2.213282 -0.013169 
88 3.241747 0.000000 -2.308233 101.313030 0.404330 -4.863122 -0.028814 
89 5.601585 0.000000 -4.618042 100.724990 3.454508 -0.148014 -0.015748 
90 7.961423 0.000000 -2.308233 101.712229 4.571668 -1.740048 -0.036931 
91 5.601585 0.000000 0.001576 101.244617 0.538628 -8.050073 -0.031557 
92 -1.477929 0.000000 4.621194 100.491831 -1.718192 0.385372 -0.010171 
93 -6.197605 0.000000 4.621194 99.635799 -0.959252 0.992125 0.007080 
94 -1.477929 0.000000 9.240812 99.420898 -2.180315 0.728841 0.011020 
95 0.881909 0.000000 -2.308233 100.943423 -0.090058 2.782773 -0.019733 
96 -1.477929 0.000000 -2.308233 99.885610 0.278060 1.382551 0.002088 
97 0.881909 0.000000 -4.618042 99.962111 1.393343 0.823445 0.000496 
98 0.881909 0.000000 0.001576 101.128882 -0.018305 2.196363 -0.023188 
99 5.601585 0.000000 2.311385 103.922566 -1.208704 -4.010839 -0.081745 
100 3.241747 0.000000 2.311385 101.313030 0.404330 -4.863122 -0.028814 
101 7.961423 0.000000 2.311385 103.246863 -0.227954 -4.076568 -0.067659 
102 5.601585 0.000000 4.621194 102.911527 -2.403555 -3.081981 -0.060606 
103 4.421666 0.000000 -1.153329 101.313030 0.404330 -4.863122 -0.028814 
104 3.241747 0.000000 -1.153329 101.264579 0.243225 -3.524468 -0.026700 
105 4.421666 0.000000 -2.308233 101.244617 0.538628 -8.050073 -0.031557 
106 5.601585 0.000000 -1.153329 101.244617 0.538628 -8.050073 -0.031557 
107 4.421666 0.000000 0.001576 101.313030 0.404330 -4.863122 -0.028814 
108 0.881909 0.000000 2.311385 100.943423 -0.090058 2.782773 -0.019733 
109 -1.477929 0.000000 2.311385 101.133648 -1.202983 1.038402 -0.023054 
110 0.881909 0.000000 4.621194 101.621622 -2.220690 -0.253682 -0.033195 
111 2.061828 0.000000 -1.153329 101.125372 0.180185 -1.356451 -0.022821 
112 0.881909 0.000000 -1.153329 101.053825 -0.034882 2.659723 -0.021895 
113 2.061828 0.000000 -2.308233 101.118673 -0.001424 2.682927 -0.023218 
114 2.061828 0.000000 0.001576 101.160685 0.174932 -1.046437 -0.023461 
115 4.421666 0.000000 1.156480 101.313030 0.404330 -4.863122 -0.028814 
116 3.241747 0.000000 1.156480 101.264579 0.243225 -3.524468 -0.026700 
117 5.601585 0.000000 1.156480 101.244617 0.538628 -8.050073 -0.031557 
118 4.421666 0.000000 2.311385 101.244617 0.538628 -8.050073 -0.031557 
119 3.831707 0.000000 -0.575877 101.297574 0.316950 -4.051989 -0.027772 
120 3.241747 0.000000 -0.575877 101.125372 0.180185 -1.356451 -0.022821 
121 3.831707 0.000000 -1.153329 101.308829 0.359760 -4.409214 -0.028305 
122 4.421666 0.000000 -0.575877 101.313030 0.404330 -4.863122 -0.028814 
123 3.831707 0.000000 0.001576 101.350271 0.358403 -5.031931 -0.029733 
124 116.513974 0.000000 -36.955368 99.985047 0.540713 2.023940 -0.000140 
125 116.513974 0.000000 -73.912312 99.990425 0.099582 2.022373 -0.000218 
126 154.271383 0.000000 -36.955368 99.982152 0.518683 2.020551 -0.000078 
127 116.513974 0.000000 0.001576 100.029110 5.977305 -0.847264 -0.004227 
128 59.877860 0.000000 -18.476896 99.984741 2.393019 1.854463 -0.000611 
129 59.877860 0.000000 -36.955368 100.008906 0.564071 2.046264 -0.000629 
130 78.756565 0.000000 -18.476896 99.983616 2.322140 1.828192 -0.000546 
131 59.877860 0.000000 0.001576 99.999200 6.700589 -1.637223 -0.004742 
132 31.559804 0.000000 -9.237660 99.975211 5.077920 2.308547 -0.002616 
133 31.559804 0.000000 -18.476896 100.027428 2.444886 1.980474 -0.001539 
134 40.999156 0.000000 -9.237660 99.925353 5.026060 2.074015 -0.001464 
135 31.559804 0.000000 0.001576 99.862887 12.267474 -1.970826 -0.012697 
136 17.400775 0.000000 -4.618042 100.718855 5.959730 1.537987 -0.018217 
137 17.400775 0.000000 -9.237660 100.551173 4.937931 2.382668 -0.014060 
138 22.120451 0.000000 -4.618042 100.184337 5.978958 1.568567 -0.007511 
139 17.400775 0.000000 0.001576 100.883247 -16.554048 -3.247371 -0.046201 
140 10.321261 0.000000 -2.308233 101.874497 5.426170 -1.117767 -0.040911 
141 10.321261 0.000000 -4.618042 101.398739 5.239403 0.403684 -0.030932 
142 12.681099 0.000000 -2.308233 101.590608 5.946732 -0.640620 -0.035643 
143 10.321261 0.000000 0.001576 102.356352 -1.547396 -3.199808 -0.048946 
144 6.781504 0.000000 -1.153329 101.743433 4.337967 -3.444997 -0.038241 
145 6.781504 0.000000 -2.308233 101.313676 4.028295 -2.050971 -0.028489 
146 7.961423 0.000000 -1.153329 102.107502 5.038822 -2.901630 -0.045975 
147 6.781504 0.000000 0.001576 99.915052 0.694099 -18.331833 -0.031956 
148 5.011626 0.000000 -0.575877 101.307321 0.450427 -5.495675 -0.029358 
149 5.011626 0.000000 -1.153329 101.287912 0.495786 -6.485581 -0.030155 
150 5.601585 0.000000 -0.575877 101.244617 0.538628 -8.050073 -0.031557 
151 5.011626 0.000000 0.001576 101.307321 0.450427 -5.495675 -0.029358 
152 2.061828 0.000000 1.156480 101.125372 0.180185 -1.356451 -0.022821 
153 0.881909 0.000000 1.156480 101.053825 -0.034882 2.659723 -0.021895 
154 2.061828 0.000000 2.311385 101.118673 -0.001424 2.682927 -0.023218 
155 3.831707 0.000000 0.579028 101.297574 0.316950 -4.051989 -0.027772 
156 3.241747 0.000000 0.579028 101.125372 0.180185 -1.356451 -0.022821 
157 4.421666 0.000000 0.579028 101.313030 0.404330 -4.863122 -0.028814 
158 3.831707 0.000000 1.156480 101.308829 0.359760 -4.409214 -0.028305 
159 4.126686 0.000000 -0.287150 101.308829 0.359760 -4.409214 -0.028305 
160 3.831707 0.000000 -0.287150 101.297574 0.316950 -4.051989 -0.027772 
161 4.126686 0.000000 -0.575877 101.308829 0.359760 -4.409214 -0.028305 
162 4.421666 0.000000 -0.287150 101.313030 0.404330 -4.863122 -0.028814 
163 4.126686 0.000000 0.001576 100.961295 0.421173 -7.129029 -0.024418 
164 2.651788 0.000000 0.579028 101.125372 0.180185 -1.356451 -0.022821 
165 2.061828 0.000000 0.579028 101.125372 0.180185 -1.356451 -0.022821 
166 2.651788 0.000000 0.001576 101.172296 0.186690 -0.883360 -0.023665 
167 2.651788 0.000000 1.156480 101.125372 0.180185 -1.356451 -0.022821 
168 3.536727 0.000000 0.290302 101.333297 0.257919 -3.387826 -0.027998 
169 3.241747 0.000000 0.290302 101.173067 0.192700 -1.139499 -0.023733 
170 3.536727 0.000000 0.001576 101.382493 0.277874 -3.653239 -0.029183 
171 3.831707 0.000000 0.290302 101.297574 0.316950 -4.051989 -0.027772 
172 3.536727 0.000000 0.579028 101.282391 0.278146 -3.756059 -0.027231 
173 -110.030480 0.000000 36.958519 99.967296 0.000796 1.926776 0.000283 
174 -147.787889 0.000000 36.958519 99.974809 -0.003820 1.930879 0.000131 
175 -110.030480 0.000000 0.001576 99.975877 0.002361 1.922540 0.000113 
176 -110.030480 0.000000 73.915463 99.964918 0.000036 1.933349 0.000328 
177 -53.394366 0.000000 18.480048 99.919614 -0.007442 1.894012 0.001248 
178 -72.273071 0.000000 18.480048 99.951029 -0.000234 1.909275 0.000615 
179 -53.394366 0.000000 0.001576 99.949596 0.002799 1.877393 0.000655 
180 -53.394366 0.000000 36.958519 99.911945 -0.010665 1.918839 0.001392 
181 -25.076310 0.000000 9.240812 99.754999 -0.104572 1.782295 0.004575 
182 -34.515662 0.000000 9.240812 99.851361 -0.034376 1.831438 0.002635 
183 -25.076310 0.000000 0.001576 99.846119 -0.040122 1.715772 0.002781 
184 -25.076310 0.000000 18.480048 99.718687 -0.119077 1.861422 0.005270 
185 -10.917281 0.000000 4.621194 99.563188 -0.531494 1.202607 0.008544 
186 -15.636957 0.000000 4.621194 99.620719 -0.272303 1.409631 0.007365 
187 -10.917281 0.000000 0.001576 99.790525 -0.251274 1.170818 0.004042 
188 -10.917281 0.000000 9.240812 99.357500 -0.677023 1.376474 0.012573 
189 -3.837767 0.000000 2.311385 100.156590 -0.927936 0.881731 -0.003298 
190 -6.197605 0.000000 2.311385 99.810136 -0.717121 0.990878 0.003644 
191 -3.837767 0.000000 0.001576 100.169540 -0.474023 1.047096 -0.003526 
192 -3.837767 0.000000 4.621194 99.923800 -1.303781 0.776104 0.001293 
193 -0.298010 0.000000 1.156480 100.943423 -0.090058 2.782773 -0.019733 
194 -1.477929 0.000000 1.156480 100.654314 -0.113700 5.842373 -0.016544 
195 -0.298010 0.000000 0.001576 100.943423 -0.090058 2.782773 -0.019733 
196 -0.298010 0.000000 2.311385 100.746527 -0.120700 4.573734 -0.017080 
197 1.471868 0.000000 0.579028 101.271981 0.069874 1.952466 -0.025983 
198 0.881909 0.000000 0.579028 101.118673 -0.001424 2.682927 -0.023218 
199 1.471868 0.000000 0.001576 101.283543 0.065299 1.718444 -0.026131 
200 1.471868 0.000000 1.156480 101.198901 0.033773 2.489360 -0.024742 
201 2.651788 0.000000 -0.575877 101.125372 0.180185 -1.356451 -0.022821 
202 2.061828 0.000000 -0.575877 101.125372 0.180185 -1.356451 -0.022821 
203 2.651788 0.000000 -1.153329 101.125372 0.180185 -1.356451 -0.022821 
204 2.356808 0.000000 0.290302 101.147247 0.181591 -1.141099 -0.023210 
205 2.061828 0.000000 0.290302 101.160685 0.174932 -1.046437 -0.023461 
206 2.356808 0.000000 0.001576 101.172296 0.186690 -0.883360 -0.023665 
207 2.651788 0.000000 0.290302 101.172296 0.186690 -0.883360 -0.023665 
208 2.356808 0.000000 0.579028 101.125372 0.180185 -1.356451 -0.022821 
209 -110.030480 0.000000 -36.955368 99.985621 0.003691 1.924873 -0.000083 
210 -147.787889 0.000000 -36.955368 99.983267 0.005618 1.930221 -0.000038 
211 -110.030480 0.000000 -73.912312 99.990476 0.003866 1.930630 -0.000182 
212 -53.394366 0.000000 -18.476896 99.985188 0.013594 1.883436 -0.000059 
213 -72.273071 0.000000 -18.476896 99.982148 0.007250 1.905039 -0.000006 
214 -53.394366 0.000000 -36.955368 100.005804 0.017712 1.902707 -0.000478 
215 -25.076310 0.000000 -9.237660 99.948998 0.034151 1.744452 0.000715 
216 -34.515662 0.000000 -9.237660 99.955363 0.016744 1.811829 0.000564 
217 -25.076310 0.000000 -18.476896 100.020839 0.069176 1.793951 -0.000739 
218 -10.917281 0.000000 -4.618042 99.957146 0.046262 1.196160 0.000714 
219 -15.636957 0.000000 -4.618042 99.914120 0.009847 1.379233 0.001527 
220 -10.917281 0.000000 -9.237660 100.108781 0.241402 1.314059 -0.002355 
221 -3.837767 0.000000 -2.308233 100.115996 -0.034228 1.043396 -0.002430 
222 -6.197605 0.000000 -2.308233 99.999749 -0.130278 1.051025 -0.000107 
223 -3.837767 0.000000 -4.618042 100.158843 0.305146 1.026078 -0.003294 
224 -0.298010 0.000000 -1.153329 100.943423 -0.090058 2.782773 -0.019733 
225 -1.477929 0.000000 -1.153329 100.654314 -0.113700 5.842373 -0.016544 
226 -0.298010 0.000000 -2.308233 100.746527 -0.120700 4.573734 -0.017080 
227 1.471868 0.000000 -0.575877 101.271981 0.069874 1.952466 -0.025983 
228 0.881909 0.000000 -0.575877 101.118673 -0.001424 2.682927 -0.023218 
229 1.471868 0.000000 -1.153329 101.198901 0.033773 2.489360 -0.024742 
230 0.291949 0.000000 -0.575877 100.998952 -0.065283 2.632873 -0.020772 
231 -0.298010 0.000000 -0.575877 100.943423 -0.090058 2.782773 -0.019733 
232 0.291949 0.000000 -1.153329 100.998952 -0.065283 2.632873 -0.020772 
233 0.291949 0.000000 0.001576 101.053326 -0.058373 2.092207 -0.021616 
234 0.291949 0.000000 0.579028 101.053825 -0.034882 2.659723 -0.021895 
235 -0.298010 0.000000 0.579028 100.943423 -0.090058 2.782773 -0.019733 
236 0.291949 0.000000 1.156480 100.998952 -0.065283 2.632873 -0.020772 
237 0.586929 0.000000 -0.287150 101.053825 -0.034882 2.659723 -0.021895 
238 0.291949 0.000000 -0.287150 101.053825 -0.034882 2.659723 -0.021895 
239 0.586929 0.000000 -0.575877 101.053825 -0.034882 2.659723 -0.021895 
240 0.881909 0.000000 -0.287150 101.126597 -0.008983 2.419359 -0.023244 
241 0.586929 0.000000 0.001576 101.064084 -0.053851 2.132965 -0.021850 
242 -2.657848 0.000000 -1.153329 100.176079 -0.184251 1.190851 -0.003670 
243 -3.837767 0.000000 -1.153329 100.128756 -0.245200 1.063251 -0.002696 
244 -2.657848 0.000000 -2.308233 100.112276 0.073393 1.095513 -0.002367 
245 -2.657848 0.000000 0.001576 100.347109 -0.473586 1.207002 -0.007122 
246 -0.887970 0.000000 -0.575877 100.884098 -0.108003 3.152126 -0.018755 
247 -1.477929 0.000000 -0.575877 100.746527 -0.120700 4.573734 -0.017080 
248 -0.887970 0.000000 -1.153329 100.819611 -0.119108 3.731488 -0.017853 
249 -0.887970 0.000000 0.001576 100.884098 -0.108003 3.152126 -0.018755 
250 -0.003030 0.000000 -0.287150 100.998952 -0.065283 2.632873 -0.020772 
251 -0.298010 0.000000 -0.287150 100.943423 -0.090058 2.782773 -0.019733 
252 -0.003030 0.000000 -0.575877 100.998952 -0.065283 2.632873 -0.020772 
253 -0.003030 0.000000 0.001576 100.927004 -0.069746 3.587165 -0.019913 
254 0.586929 0.000000 0.290302 101.053825 -0.034882 2.659723 -0.021895 
255 0.291949 0.000000 0.290302 101.053825 -0.034882 2.659723 -0.021895 
256 0.881909 0.000000 0.290302 101.126597 -0.008983 2.419359 -0.023244 
257 0.586929 0.000000 0.579028 101.053825 -0.034882 2.659723 -0.021895 
258 0.439439 0.000000 -0.142787 101.064084 -0.053851 2.132965 -0.021850 
259 0.291949 0.000000 -0.142787 101.055701 -0.046914 2.370470 -0.021788 
260 0.439439 0.000000 -0.287150 101.053825 -0.034882 2.659723 -0.021895 
261 0.586929 0.000000 -0.142787 101.063141 -0.043544 2.374331 -0.021940 
262 0.439439 0.000000 0.001576 101.064084 -0.053851 2.132965 -0.021850 
263 -2.657848 0.000000 1.156480 100.494947 -0.770261 1.064630 -0.010096 
264 -3.837767 0.000000 1.156480 100.193301 -0.706593 0.977897 -0.004015 
265 -2.657848 0.000000 2.311385 100.491142 -1.048507 0.855859 -0.010030 
266 -0.887970 0.000000 0.579028 100.884098 -0.108003 3.152126 -0.018755 
267 -1.477929 0.000000 0.579028 100.746527 -0.120700 4.573734 -0.017080 
268 -0.887970 0.000000 1.156480 100.819611 -0.119108 3.731488 -0.017853 
269 -0.003030 0.000000 0.290302 100.998952 -0.065283 2.632873 -0.020772 
270 -0.298010 0.000000 0.290302 100.943423 -0.090058 2.782773 -0.019733 
271 -0.003030 0.000000 0.579028 100.998952 -0.065283 2.632873 -0.020772 
272 0.144460 0.000000 0.145939 100.998952 -0.065283 2.632873 -0.020772 
273 -0.003030 0.000000 0.145939 100.998952 -0.065283 2.632873 -0.020772 
274 0.144460 0.000000 0.001576 101.048323 -0.085220 1.892510 -0.021435 
275 0.291949 0.000000 0.145939 101.055701 -0.046914 2.370470 -0.021788 
276 0.144460 0.000000 0.290302 100.998952 -0.065283 2.632873 -0.020772 
277 -0.592990 0.000000 0.290302 100.943423 -0.090058 2.782773 -0.019733 
278 -0.887970 0.000000 0.290302 100.884098 -0.108003 3.152126 -0.018755 
279 -0.592990 0.000000 0.001576 100.943423 -0.090058 2.782773 -0.019733 
280 -0.592990 0.000000 0.579028 100.943423 -0.090058 2.782773 -0.019733 
281 -0.150520 0.000000 0.145939 100.998952 -0.065283 2.632873 -0.020772 
282 -0.298010 0.000000 0.145939 100.943423 -0.090058 2.782773 -0.019733 
283 -0.150520 0.000000 0.001576 100.998952 -0.065283 2.632873 -0.020772 
284 -0.150520 0.000000 0.290302 100.998952 -0.065283 2.632873 -0.020772 
285 0.144460 0.000000 -0.142787 100.998952 -0.065283 2.632873 -0.020772 
286 -0.003030 0.000000 -0.142787 100.998952 -0.065283 2.632873 -0.020772 
287 0.144460 0.000000 -0.287150 100.998952 -0.065283 2.632873 -0.020772 
288 0.070715 0.000000 0.073757 101.050435 -0.075301 2.178630 -0.021594 
289 -0.003030 0.000000 0.073757 100.998952 -0.065283 2.632873 -0.020772 
290 0.070715 0.000000 0.001576 101.048323 -0.085220 1.892510 -0.021435 
291 0.144460 0.000000 0.073757 101.048323 -0.085220 1.892510 -0.021435 
292 0.070715 0.000000 0.145939 100.998952 -0.065283 2.632873 -0.020772 
293 3.536727 0.000000 -0.287150 101.264579 0.243225 -3.524468 -0.026700 
294 3.241747 0.000000 -0.287150 101.173067 0.192700 -1.139499 -0.023733 
295 3.536727 0.000000 -0.575877 101.282391 0.278146 -3.756059 -0.027231 
296 116.513974 0.000000 36.958519 99.944889 -1.237580 2.982139 0.000059 
297 154.271383 0.000000 36.958519 99.953510 -1.320748 3.004588 -0.000148 
298 116.513974 0.000000 73.915463 99.957862 -0.111029 2.207133 0.000354 
299 59.877860 0.000000 18.480048 99.903441 -6.154248 1.239916 -0.002011 
300 78.756565 0.000000 18.480048 99.959156 -6.319775 1.009429 -0.003279 
301 59.877860 0.000000 36.958519 99.870089 -1.107008 2.942704 0.001608 
302 31.559804 0.000000 9.240812 99.747908 -4.248241 -6.127287 -0.000524 
303 40.999156 0.000000 9.240812 99.933710 -4.212166 -6.429262 -0.004582 
304 31.559804 0.000000 18.480048 99.595949 -5.664246 1.536743 0.004620 
305 17.400775 0.000000 4.621194 100.808240 1.244717 -5.012066 -0.018897 
306 22.120451 0.000000 4.621194 100.028911 1.348430 -5.231452 -0.003497 
307 17.400775 0.000000 9.240812 100.213176 -3.922182 -5.172045 -0.008481 
308 10.321261 0.000000 2.311385 102.797621 0.882910 -3.905985 -0.058339 
309 12.681099 0.000000 2.311385 102.212911 1.798971 -3.756233 -0.046482 
310 10.321261 0.000000 4.621194 102.645760 -0.812395 -4.648663 -0.055842 
311 6.781504 0.000000 1.156480 103.257750 -0.307601 -4.385709 -0.068149 
312 7.961423 0.000000 1.156480 103.023796 0.270247 -3.935968 -0.062947 
313 6.781504 0.000000 2.311385 103.506366 -0.753039 -4.125879 -0.073116 
314 5.011626 0.000000 0.579028 101.307321 0.450427 -5.495675 -0.029358 
315 5.601585 0.000000 0.579028 101.244617 0.538628 -8.050073 -0.031557 
316 5.011626 0.000000 1.156480 101.287912 0.495786 -6.485581 -0.030155 
317 4.126686 0.000000 0.290302 101.308829 0.359760 -4.409214 -0.028305 
318 4.421666 0.000000 0.290302 101.313030 0.404330 -4.863122 -0.028814 
319 4.126686 0.000000 0.579028 101.308829 0.359760 -4.409214 -0.028305 
320 3.979196 0.000000 -0.142787 101.297574 0.316950 -4.051989 -0.027772 
321 3.831707 0.000000 -0.142787 101.362047 0.336976 -4.328409 -0.029311 
322 3.979196 0.000000 -0.287150 101.297574 0.316950 -4.051989 -0.027772 
323 4.126686 0.000000 -0.142787 101.308829 0.359760 -4.409214 -0.028305 
324 3.979196 0.000000 0.001576 101.191252 0.369721 -5.880232 -0.027438 
325 4.716646 0.000000 -0.287150 101.307321 0.450427 -5.495675 -0.029358 
326 4.716646 0.000000 -0.575877 101.307321 0.450427 -5.495675 -0.029358 
327 5.011626 0.000000 -0.287150 101.307321 0.450427 -5.495675 -0.029358 
328 4.716646 0.000000 0.001576 101.313030 0.404330 -4.863122 -0.028814 
329 4.274176 0.000000 -0.142787 101.308829 0.359760 -4.409214 -0.028305 
330 4.274176 0.000000 -0.287150 101.308829 0.359760 -4.409214 -0.028305 
331 4.421666 0.000000 -0.142787 101.313030 0.404330 -4.863122 -0.028814 
332 4.274176 0.000000 0.001576 101.308829 0.359760 -4.409214 -0.028305 
333 3.979196 0.000000 0.145939 101.290190 0.341832 -4.837174 -0.028322 
334 3.831707 0.000000 0.145939 101.350271 0.358403 -5.031931 -0.029733 
335 4.126686 0.000000 0.145939 101.308829 0.359760 -4.409214 -0.028305 
336 3.979196 0.000000 0.290302 101.297574 0.316950 -4.051989 -0.027772 
337 4.052941 0.000000 -0.070606 101.191771 0.409793 -6.330273 -0.028001 
338 3.979196 0.000000 -0.070606 101.191252 0.369721 -5.880232 -0.027438 
339 4.052941 0.000000 -0.142787 101.308829 0.359760 -4.409214 -0.028305 
340 4.126686 0.000000 -0.070606 100.961295 0.421173 -7.129029 -0.024418 
341 4.052941 0.000000 0.001576 101.191771 0.409793 -6.330273 -0.028001 
342 4.716646 0.000000 0.290302 101.307321 0.450427 -5.495675 -0.029358 
343 5.011626 0.000000 0.290302 101.307321 0.450427 -5.495675 -0.029358 
344 4.716646 0.000000 0.579028 101.307321 0.450427 -5.495675 -0.029358 
345 4.274176 0.000000 0.145939 101.308829 0.359760 -4.409214 -0.028305 
346 4.421666 0.000000 0.145939 101.313030 0.404330 -4.863122 -0.028814 
347 4.274176 0.000000 0.290302 101.308829 0.359760 -4.409214 -0.028305 
348 4.200431 0.000000 -0.070606 101.048322 0.395427 -6.104674 -0.024819 
349 4.200431 0.000000 -0.142787 101.308829 0.359760 -4.409214 -0.028305 
350 4.274176 0.000000 -0.070606 101.308829 0.359760 -4.409214 -0.028305 
351 4.200431 0.000000 0.001576 101.048322 0.395427 -6.104674 -0.024819 
352 4.200431 0.000000 0.073757 101.308829 0.359760 -4.409214 -0.028305 
353 4.126686 0.000000 0.073757 101.190208 0.391090 -5.680825 -0.027188 
354 4.274176 0.000000 0.073757 101.308829 0.359760 -4.409214 -0.028305 
355 4.200431 0.000000 0.145939 101.308829 0.359760 -4.409214 -0.028305 
356 4.163559 0.000000 -0.034515 100.961295 0.421173 -7.129029 -0.024418 
357 4.126686 0.000000 -0.034515 100.961295 0.421173 -7.129029 -0.024418 
358 4.163559 0.000000 -0.070606 101.048322 0.395427 -6.104674 -0.024819 
359 4.200431 0.000000 -0.034515 101.048322 0.395427 -6.104674 -0.024819 
360 4.163559 0.000000 0.001576 100.961295 0.421173 -7.129029 -0.024418 
361 40.999156 0.000000 -110.869255 100.006555 0.027164 1.976970 -0.000522 
362 3.241747 0.000000 -110.869255 100.010466 0.019203 1.960863 -0.000594 
363 40.999156 0.000000 -147.826199 99.997534 0.037194 1.959460 -0.000335 
364 78.756565 0.000000 -110.869255 99.998148 0.032118 1.985742 -0.000357 
365 22.120451 0.000000 -55.433840 100.061635 0.157870 2.022234 -0.001645 
366 3.241747 0.000000 -55.433840 100.071773 0.108806 1.979931 -0.001829 
367 22.120451 0.000000 -73.912312 100.035464 0.071305 1.997036 -0.001109 
368 40.999156 0.000000 -55.433840 100.036297 0.188669 2.044952 -0.001148 
369 12.681099 0.000000 -27.716132 100.311647 0.833461 2.018283 -0.006719 
370 3.241747 0.000000 -27.716132 100.334603 0.574839 1.894460 -0.007095 
371 12.681099 0.000000 -36.955368 100.131767 0.391301 2.014074 -0.003058 
372 22.120451 0.000000 -27.716132 100.121126 0.981259 2.034911 -0.002934 
373 7.961423 0.000000 -13.857278 100.732704 2.360729 1.790723 -0.015586 
374 3.241747 0.000000 -13.857278 100.657317 1.541377 1.561114 -0.013671 
375 7.961423 0.000000 -18.476896 100.542259 1.597863 1.854568 -0.011474 
376 12.681099 0.000000 -13.857278 100.641476 3.071352 2.045090 -0.014232 
377 5.601585 0.000000 -6.927851 100.738408 3.202938 0.801904 -0.015913 
378 3.241747 0.000000 -6.927851 100.448627 2.317708 0.853385 -0.009603 
379 5.601585 0.000000 -9.237660 100.996902 2.728360 1.345912 -0.020963 
380 7.961423 0.000000 -6.927851 100.980872 4.045609 0.964638 -0.021443 
381 4.421666 0.000000 -3.463138 100.111191 2.871862 -0.732589 -0.003103 
382 3.241747 0.000000 -3.463138 99.730747 2.278258 -0.232694 0.004853 
383 4.421666 0.000000 -4.618042 100.396735 2.899087 -0.018221 -0.008791 
384 5.601585 0.000000 -3.463138 100.649428 3.468042 -0.979723 -0.014329 
385 3.831707 0.000000 -1.730781 101.313030 0.404330 -4.863122 -0.028814 
386 3.241747 0.000000 -1.730781 101.297574 0.316950 -4.051989 -0.027772 
387 3.831707 0.000000 -2.308233 101.287912 0.495786 -6.485581 -0.030155 
388 4.421666 0.000000 -1.730781 101.307321 0.450427 -5.495675 -0.029358 
389 4.126686 0.000000 -0.864603 101.308829 0.359760 -4.409214 -0.028305 
390 3.831707 0.000000 -0.864603 101.297574 0.316950 -4.051989 -0.027772 
391 4.126686 0.000000 -1.153329 101.313030 0.404330 -4.863122 -0.028814 
392 4.421666 0.000000 -0.864603 101.313030 0.404330 -4.863122 -0.028814 
393 4.274176 0.000000 -0.431513 101.308829 0.359760 -4.409214 -0.028305 
394 4.126686 0.000000 -0.431513 101.308829 0.359760 -4.409214 -0.028305 
395 4.274176 0.000000 -0.575877 101.308829 0.359760 -4.409214 -0.028305 
396 4.421666 0.000000 -0.431513 101.313030 0.404330 -4.863122 -0.028814 
397 4.200431 0.000000 -0.214969 101.308829 0.359760 -4.409214 -0.028305 
398 4.126686 0.000000 -0.214969 101.308829 0.359760 -4.409214 -0.028305 
399 4.200431 0.000000 -0.287150 101.308829 0.359760 -4.409214 -0.028305 
400 4.274176 0.000000 -0.214969 101.308829 0.359760 -4.409214 -0.028305 
401 4.163559 0.000000 -0.106697 101.048322 0.395427 -6.104674 -0.024819 
402 4.126686 0.000000 -0.106697 101.048322 0.395427 -6.104674 -0.024819 
403 4.163559 0.000000 -0.142787 101.308829 0.359760 -4.409214 -0.028305 
404 4.200431 0.000000 -0.106697 101.308829 0.359760 -4.409214 -0.028305 
405 4.569156 0.000000 -0.142787 101.313030 0.404330 -4.863122 -0.028814 
406 4.569156 0.000000 -0.287150 101.313030 0.404330 -4.863122 -0.028814 
407 4.716646 0.000000 -0.142787 101.307321 0.450427 -5.495675 -0.029358 
408 4.569156 0.000000 0.001576 101.313030 0.404330 -4.863122 -0.028814 
409 4.347921 0.000000 -0.070606 101.313030 0.404330 -4.863122 -0.028814 
410 4.347921 0.000000 -0.142787 101.313030 0.404330 -4.863122 -0.028814 
411 4.421666 0.000000 -0.070606 101.313030 0.404330 -4.863122 -0.028814 
412 4.347921 0.000000 0.001576 101.313030 0.404330 -4.863122 -0.028814 
413 4.237304 0.000000 -0.034515 101.308829 0.359760 -4.409214 -0.028305 
414 4.237304 0.000000 -0.070606 101.308829 0.359760 -4.409214 -0.028305 
415 4.274176 0.000000 -0.034515 101.308829 0.359760 -4.409214 -0.028305 
416 4.237304 0.000000 0.001576 101.308829 0.359760 -4.409214 -0.028305 
417 4.181995 0.000000 -0.052560 101.048322 0.395427 -6.104674 -0.024819 
418 4.163559 0.000000 -0.052560 101.048322 0.395427 -6.104674 -0.024819 
419 4.181995 0.000000 -0.070606 101.048322 0.395427 -6.104674 -0.024819 
420 4.200431 0.000000 -0.052560 101.048322 0.395427 -6.104674 -0.024819 
421 4.181995 0.000000 -0.034515 101.048322 0.395427 -6.104674 -0.024819 
422 4.237304 0.000000 -0.106697 101.308829 0.359760 -4.409214 -0.028305 
423 4.237304 0.000000 -0.142787 101.308829 0.359760 -4.409214 -0.028305 
424 4.274176 0.000000 -0.106697 101.308829 0.359760 -4.409214 -0.028305 
425 4.218867 0.000000 -0.052560 101.048322 0.395427 -6.104674 -0.024819 
426 4.218867 0.000000 -0.070606 101.308829 0.359760 -4.409214 -0.028305 
427 4.237304 0.000000 -0.052560 101.308829 0.359760 -4.409214 -0.028305 
428 4.218867 0.000000 -0.034515 101.048322 0.395427 -6.104674 -0.024819 
429 4.052941 0.000000 0.073757 101.191771 0.409793 -6.330273 -0.028001 
430 3.979196 0.000000 0.073757 101.191252 0.369721 -5.880232 -0.027438 
431 4.052941 0.000000 0.145939 101.308829 0.359760 -4.409214 -0.028305 
432 4.163559 0.000000 0.037666 101.048322 0.395427 -6.104674 -0.024819 
433 4.126686 0.000000 0.037666 100.961295 0.421173 -7.129029 -0.024418 
434 4.200431 0.000000 0.037666 101.308829 0.359760 -4.409214 -0.028305 
435 4.163559 0.000000 0.073757 101.308829 0.359760 -4.409214 -0.028305 
436 4.181995 0.000000 -0.016470 101.048322 0.395427 -6.104674 -0.024819 
437 4.163559 0.000000 -0.016470 100.961295 0.421173 -7.129029 -0.024418 
438 4.200431 0.000000 -0.016470 101.048322 0.395427 -6.104674 -0.024819 
439 4.181995 0.000000 0.001576 101.048322 0.395427 -6.104674 -0.024819 
440 4.191213 0.000000 -0.043538 101.048322 0.395427 -6.104674 -0.024819 
441 4.181995 0.000000 -0.043538 101.048322 0.395427 -6.104674 -0.024819 
442 4.191213 0.000000 -0.052560 101.048322 0.395427 -6.104674 -0.024819 
443 4.200431 0.000000 -0.043538 101.048322 0.395427 -6.104674 -0.024819 
444 4.191213 0.000000 -0.034515 101.048322 0.395427 -6.104674 -0.024819 
445 4.569156 0.000000 0.145939 101.313030 0.404330 -4.863122 -0.028814 
446 4.716646 0.000000 0.145939 101.307321 0.450427 -5.495675 -0.029358 
447 4.569156 0.000000 0.290302 101.313030 0.404330 -4.863122 -0.028814 
448 4.347921 0.000000 0.073757 101.313030 0.404330 -4.863122 -0.028814 
449 4.421666 0.000000 0.073757 101.313030 0.404330 -4.863122 -0.028814 
450 4.347921 0.000000 0.145939 101.313030 0.404330 -4.863122 -0.028814 
451 4.311049 0.000000 -0.034515 101.308829 0.359760 -4.409214 -0.028305 
452 4.311049 0.000000 -0.070606 101.308829 0.359760 -4.409214 -0.028305 
453 4.347921 0.000000 -0.034515 101.313030 0.404330 -4.863122 -0.028814 
454 4.311049 0.000000 0.001576 101.308829 0.359760 -4.409214 -0.028305 
455 4.495411 0.000000 -0.070606 101.313030 0.404330 -4.863122 -0.028814 
456 4.495411 0.000000 -0.142787 101.313030 0.404330 -4.863122 -0.028814 
457 4.569156 0.000000 -0.070606 101.313030 0.404330 -4.863122 -0.028814 
458 4.495411 0.000000 0.001576 101.313030 0.404330 -4.863122 -0.028814 
459 6.191545 0.000000 -0.575877 100.904786 0.619421 -12.893883 -0.034841 
460 6.191545 0.000000 -1.153329 100.904786 0.619421 -12.893883 -0.034841 
461 6.781504 0.000000 -0.575877 99.223624 0.728240 -20.728101 -0.027551 
462 6.191545 0.000000 0.001576 101.140110 0.579724 -10.243081 -0.033458 
463 5.306605 0.000000 -0.287150 101.287912 0.495786 -6.485581 -0.030155 
464 5.306605 0.000000 -0.575877 101.287912 0.495786 -6.485581 -0.030155 
465 5.601585 0.000000 -0.287150 101.244617 0.538628 -8.050073 -0.031557 
466 5.306605 0.000000 0.001576 101.287912 0.495786 -6.485581 -0.030155 
467 4.864136 0.000000 -0.142787 101.307321 0.450427 -5.495675 -0.029358 
468 4.864136 0.000000 -0.287150 101.307321 0.450427 -5.495675 -0.029358 
469 5.011626 0.000000 -0.142787 101.307321 0.450427 -5.495675 -0.029358 
470 4.864136 0.000000 0.001576 101.307321 0.450427 -5.495675 -0.029358 
471 4.642901 0.000000 -0.070606 101.313030 0.404330 -4.863122 -0.028814 
472 4.642901 0.000000 -0.142787 101.313030 0.404330 -4.863122 -0.028814 
473 4.716646 0.000000 -0.070606 101.313030 0.404330 -4.863122 -0.028814 
474 4.642901 0.000000 0.001576 101.313030 0.404330 -4.863122 -0.028814 
475 6.191545 0.000000 0.579028 100.904786 0.619421 -12.893883 -0.034841 
476 6.781504 0.000000 0.579028 99.223624 0.728240 -20.728101 -0.027551 
477 6.191545 0.000000 1.156480 100.904786 0.619421 -12.893883 -0.034841 
478 5.306605 0.000000 0.290302 101.287912 0.495786 -6.485581 -0.030155 
479 5.601585 0.000000 0.290302 101.244617 0.538628 -8.050073 -0.031557 
480 5.306605 0.000000 0.579028 101.287912 0.495786 -6.485581 -0.030155 
481 5.159115 0.000000 -0.142787 101.287912 0.495786 -6.485581 -0.030155 
482 5.159115 0.000000 -0.287150 101.287912 0.495786 -6.485581 -0.030155 
483 5.306605 0.000000 -0.142787 101.287912 0.495786 -6.485581 -0.030155 
484 5.159115 0.000000 0.001576 101.287912 0.495786 -6.485581 -0.030155 
485 4.864136 0.000000 0.145939 101.307321 0.450427 -5.495675 -0.029358 
486 5.011626 0.000000 0.145939 101.307321 0.450427 -5.495675 -0.029358 
487 4.864136 0.000000 0.290302 101.307321 0.450427 -5.495675 -0.029358 
488 4.937881 0.000000 -0.070606 101.307321 0.450427 -5.495675 -0.029358 
489 4.864136 0.000000 -0.070606 101.307321 0.450427 -5.495675 -0.029358 
490 4.937881 0.000000 -0.142787 101.307321 0.450427 -5.495675 -0.029358 
491 5.011626 0.000000 -0.070606 101.307321 0.450427 -5.495675 -0.029358 
492 4.937881 0.000000 0.001576 101.307321 0.450427 -5.495675 -0.029358 
493 5.896565 0.000000 -0.287150 101.244617 0.538628 -8.050073 -0.031557 
494 5.896565 0.000000 -0.575877 101.140110 0.579724 -10.243081 -0.033458 
495 6.191545 0.000000 -0.287150 101.140110 0.579724 -10.243081 -0.033458 
496 5.896565 0.000000 0.001576 101.244617 0.538628 -8.050073 -0.031557 
497 5.454095 0.000000 -0.142787 101.287912 0.495786 -6.485581 -0.030155 
498 5.454095 0.000000 -0.287150 101.287912 0.495786 -6.485581 -0.030155 
499 5.601585 0.000000 -0.142787 101.244617 0.538628 -8.050073 -0.031557 
500 5.454095 0.000000 0.001576 101.287912 0.495786 -6.485581 -0.030155 
501 5.896565 0.000000 0.290302 101.244617 0.538628 -8.050073 -0.031557 
502 6.191545 0.000000 0.290302 101.140110 0.579724 -10.243081 -0.033458 
503 5.896565 0.000000 0.579028 101.140110 0.579724 -10.243081 -0.033458 
504 5.749075 0.000000 -0.142787 101.244617 0.538628 -8.050073 -0.031557 
505 5.749075 0.000000 -0.287150 101.244617 0.538628 -8.050073 -0.031557 
506 5.896565 0.000000 -0.142787 101.244617 0.538628 -8.050073 -0.031557 
507 5.749075 0.000000 0.001576 101.244617 0.538628 -8.050073 -0.031557 
508 9.141342 0.000000 -1.153329 102.229926 5.557389 -2.435005 -0.048777 
509 9.141342 0.000000 -2.308233 101.870235 5.038486 -1.419152 -0.040495 
510 10.321261 0.000000 -1.153329 102.174147 5.886909 -2.024537 -0.047831 
511 9.141342 0.000000 0.001576 102.441778 -1.167215 -3.693336 -0.050932 
512 7.371464 0.000000 -0.575877 102.156751 7.281513 -5.264280 -0.051673 
513 7.371464 0.000000 -1.153329 101.958264 4.697364 -3.156703 -0.042752 
514 7.961423 0.000000 -0.575877 102.250697 8.343855 -5.530511 -0.055541 
515 7.371464 0.000000 0.001576 102.370439 -2.349748 -5.293031 -0.051324 
516 6.486524 0.000000 -0.287150 100.490069 0.658196 -15.695092 -0.034502 
517 6.486524 0.000000 -0.575877 100.490069 0.658196 -15.695092 -0.034502 
518 6.781504 0.000000 -0.287150 99.915052 0.694099 -18.331833 -0.031956 
519 6.486524 0.000000 0.001576 100.904786 0.619421 -12.893883 -0.034841 
520 6.044055 0.000000 -0.142787 101.140110 0.579724 -10.243081 -0.033458 
521 6.044055 0.000000 -0.287150 101.140110 0.579724 -10.243081 -0.033458 
522 6.191545 0.000000 -0.142787 101.140110 0.579724 -10.243081 -0.033458 
523 6.044055 0.000000 0.001576 101.140110 0.579724 -10.243081 -0.033458 
524 9.141342 0.000000 1.156480 102.840079 0.846764 -3.597445 -0.058974 
525 10.321261 0.000000 1.156480 102.644180 1.340045 -3.343096 -0.054880 
526 9.141342 0.000000 2.311385 103.024812 0.342568 -3.990752 -0.063016 
527 7.371464 0.000000 0.579028 102.835671 -0.149714 -4.162258 -0.059252 
528 7.961423 0.000000 0.579028 102.788188 0.179334 -3.861587 -0.058036 
529 7.371464 0.000000 1.156480 103.110779 0.005199 -4.135060 -0.064893 
530 7.076484 0.000000 -0.287150 101.244072 3.352027 -17.085421 -0.055351 
531 7.076484 0.000000 -0.575877 102.091366 6.822009 -5.218732 -0.049642 
532 7.371464 0.000000 -0.287150 101.211842 0.330847 -17.260260 -0.054186 
533 7.076484 0.000000 0.001576 102.340904 -2.716132 -5.776093 -0.051440 
534 6.486524 0.000000 0.290302 100.904786 0.619421 -12.893883 -0.034841 
535 6.781504 0.000000 0.290302 99.915052 0.694099 -18.331833 -0.031956 
536 6.486524 0.000000 0.579028 100.490069 0.658196 -15.695092 -0.034502 
537 6.634014 0.000000 -0.142787 100.490069 0.658196 -15.695092 -0.034502 
538 6.486524 0.000000 -0.142787 100.904786 0.619421 -12.893883 -0.034841 
539 6.634014 0.000000 -0.287150 100.490069 0.658196 -15.695092 -0.034502 
540 6.781504 0.000000 -0.142787 99.915052 0.694099 -18.331833 -0.031956 
541 6.634014 0.000000 0.001576 100.490069 0.658196 -15.695092 -0.034502 
542 8.551383 0.000000 -0.575877 102.514574 9.357074 -5.634042 -0.062854 
543 8.551383 0.000000 -1.153329 102.191509 5.321422 -2.675203 -0.047858 
544 9.141342 0.000000 -0.575877 102.636150 9.758419 -4.667478 -0.065119 
545 8.551383 0.000000 0.001576 102.455765 -1.275725 -4.047909 -0.051520 
546 7.666443 0.000000 -0.287150 101.307322 -2.575386 -16.104345 -0.052916 
547 7.666443 0.000000 -0.575877 102.204464 7.791308 -5.367967 -0.053527 
548 7.961423 0.000000 -0.287150 101.505754 -4.585893 -14.053218 -0.052194 
549 7.666443 0.000000 0.001576 102.400967 -2.008750 -4.886751 -0.051387 
550 6.781504 0.000000 -3.463138 101.129904 4.037927 -0.954644 -0.024447 
551 6.781504 0.000000 -4.618042 101.033406 3.982551 -0.129312 -0.022363 
552 7.961423 0.000000 -3.463138 101.445332 4.556734 -0.773102 -0.031252 
553 7.371464 0.000000 -1.730781 101.726025 4.353077 -2.486482 -0.037332 
554 6.781504 0.000000 -1.730781 101.481539 4.060338 -2.698680 -0.032227 
555 7.371464 0.000000 -2.308233 101.546837 4.306723 -1.902254 -0.033393 
556 7.961423 0.000000 -1.730781 101.886845 4.629414 -2.281280 -0.040756 
557 7.666443 0.000000 -0.864603 102.157297 5.558522 -3.552537 -0.047963 
558 7.371464 0.000000 -0.864603 102.086705 5.328391 -3.672550 -0.046357 
559 7.666443 0.000000 -1.153329 102.037928 4.866102 -3.030101 -0.044460 
560 7.961423 0.000000 -0.864603 102.216045 5.784853 -3.441425 -0.049343 
561 7.518954 0.000000 -0.431513 101.926274 9.580767 -9.802776 -0.057685 
562 7.371464 0.000000 -0.431513 101.945530 9.287251 -9.203775 -0.056385 
563 7.518954 0.000000 -0.575877 102.182333 7.530495 -5.308494 -0.052612 
564 7.666443 0.000000 -0.431513 101.900231 9.851199 -10.511766 -0.059120 
565 7.518954 0.000000 -0.287150 101.246860 -1.194654 -16.837511 -0.053586 
566 8.551383 0.000000 0.579028 102.735557 0.473368 -3.616695 -0.056790 
567 9.141342 0.000000 0.579028 102.675227 0.727766 -3.407348 -0.055434 
568 8.551383 0.000000 1.156480 102.925643 0.576167 -3.751473 -0.060809 
569 8.256403 0.000000 -0.287150 101.811420 -5.602246 -12.040048 -0.054191 
570 8.256403 0.000000 -0.575877 102.344539 8.891551 -5.704470 -0.058601 
571 8.551383 0.000000 -0.287150 102.130793 -6.219261 -11.047400 -0.059142 
572 8.256403 0.000000 0.001576 102.444725 -1.449476 -4.275444 -0.051530 
573 10.321261 0.000000 -6.927851 101.048510 4.715136 1.264360 -0.023463 
574 10.321261 0.000000 -9.237660 101.046263 3.984392 1.863334 -0.022969 
575 12.681099 0.000000 -6.927851 101.165703 5.107027 1.841022 -0.026397 
576 9.141342 0.000000 -3.463138 101.597016 5.004523 -0.533013 -0.034728 
577 9.141342 0.000000 -4.618042 101.375161 4.890486 0.192569 -0.030088 
578 10.321261 0.000000 -3.463138 101.618316 5.370795 -0.285457 -0.035521 
579 8.551383 0.000000 -1.730781 101.985040 4.883530 -2.085870 -0.042915 
580 8.551383 0.000000 -2.308233 101.813205 4.815817 -1.577778 -0.039161 
581 9.141342 0.000000 -1.730781 102.033373 5.110504 -1.901215 -0.044054 
582 8.256403 0.000000 -0.864603 102.270742 5.994945 -3.327855 -0.050632 
583 8.256403 0.000000 -1.153329 102.152618 5.182141 -2.792890 -0.046981 
584 8.551383 0.000000 -0.864603 102.322514 6.176261 -3.188712 -0.051821 
585 15.040937 0.000000 -2.308233 101.249617 6.155573 0.015855 -0.028938 
586 15.040937 0.000000 -4.618042 101.081485 5.880142 1.389651 -0.025397 
587 17.400775 0.000000 -2.308233 100.774555 6.251002 0.190616 -0.019462 
588 15.040937 0.000000 0.001576 101.416472 -10.473364 -1.963573 -0.039885 
589 11.501180 0.000000 -1.153329 102.009213 6.119561 -1.720994 -0.044629 
590 11.501180 0.000000 -2.308233 101.764418 5.718555 -0.867267 -0.038945 
591 12.681099 0.000000 -1.153329 101.785451 6.300646 -1.488690 -0.040219 
592 11.501180 0.000000 0.001576 102.175757 -2.728095 -2.878700 -0.045561 
593 9.731302 0.000000 -0.575877 102.551302 9.577949 -3.686365 -0.062210 
594 9.731302 0.000000 -1.153329 102.216895 5.737170 -2.218468 -0.048613 
595 10.321261 0.000000 -0.575877 102.425117 9.156809 -2.994359 -0.058372 
596 9.731302 0.000000 0.001576 102.409064 -1.265474 -3.417175 -0.050089 
597 8.846362 0.000000 -0.287150 102.319638 -7.090859 -11.161319 -0.064416 
598 8.846362 0.000000 -0.575877 102.621920 9.647950 -5.213167 -0.065152 
599 9.141342 0.000000 -0.287150 102.405237 -8.418013 -11.952932 -0.070057 
600 8.846362 0.000000 0.001576 102.451322 -1.192873 -3.861170 -0.051261 
601 8.403893 0.000000 -0.431513 102.221130 10.140457 -15.482092 -0.079168 
602 8.256403 0.000000 -0.431513 101.952516 10.145304 -14.504852 -0.070763 
603 8.403893 0.000000 -0.575877 102.427525 9.140517 -5.720795 -0.060767 
604 8.551383 0.000000 -0.431513 102.546235 10.642730 -15.996343 -0.088488 
605 8.403893 0.000000 -0.287150 101.985506 -5.918422 -11.357124 -0.056506 
606 15.040937 0.000000 2.311385 101.485095 2.407988 -3.271151 -0.031572 
607 17.400775 0.000000 2.311385 100.870410 2.719192 -3.222982 -0.019262 
608 15.040937 0.000000 4.621194 101.404984 0.852020 -4.870275 -0.030742 
609 11.501180 0.000000 1.156480 102.397697 1.759487 -3.143571 -0.049827 
610 12.681099 0.000000 1.156480 102.107316 2.098006 -2.985855 -0.043922 
611 11.501180 0.000000 2.311385 102.524385 1.376619 -3.827614 -0.052780 
612 9.731302 0.000000 0.579028 102.604175 0.946499 -3.226858 -0.053893 
613 10.321261 0.000000 0.579028 102.518896 1.133959 -3.071204 -0.052084 
614 9.731302 0.000000 1.156480 102.747545 1.102170 -3.462301 -0.057026 
615 9.436322 0.000000 -0.287150 102.534022 -10.261744 -13.519697 -0.080131 
616 9.436322 0.000000 -0.575877 102.603267 9.721010 -4.145505 -0.063911 
617 9.731302 0.000000 -0.287150 102.765953 -12.732480 -16.683332 -0.100129 
618 9.436322 0.000000 0.001576 102.427714 -1.194627 -3.546577 -0.050544 
619 10.911221 0.000000 -0.575877 102.293557 8.747045 -2.555847 -0.054701 
620 10.911221 0.000000 -1.153329 102.101057 6.010903 -1.861923 -0.046422 
621 11.501180 0.000000 -0.575877 102.161811 8.445014 -2.274778 -0.051353 
622 10.911221 0.000000 0.001576 102.275433 -2.038950 -3.028100 -0.047359 
623 10.026281 0.000000 -0.287150 103.220614 -15.606971 -23.333094 -0.144251 
624 10.026281 0.000000 -0.575877 102.490234 9.377146 -3.303261 -0.060309 
625 10.321261 0.000000 -0.287150 104.271543 -15.240387 -37.831106 -0.253602 
626 10.026281 0.000000 0.001576 102.384488 -1.382006 -3.302592 -0.049540 
627 10.911221 0.000000 0.579028 102.417581 1.292963 -2.936774 -0.049966 
628 11.501180 0.000000 0.579028 102.300225 1.428755 -2.818130 -0.047532 
629 10.911221 0.000000 1.156480 102.527417 1.559463 -3.237565 -0.052479 
630 10.616241 0.000000 -0.287150 105.898666 6.963412 -56.180205 -0.441923 
631 10.616241 0.000000 -0.575877 102.359903 8.940959 -2.749898 -0.056505 
632 10.911221 0.000000 -0.287150 104.973041 36.004623 -37.561506 -0.372654 
633 10.616241 0.000000 0.001576 102.317712 -1.770204 -3.112018 -0.048173 
634 13.861018 0.000000 -1.153329 101.554362 6.416100 -1.316468 -0.035619 
635 13.861018 0.000000 -2.308233 101.398896 6.074828 -0.486016 -0.031888 
636 15.040937 0.000000 -1.153329 101.330861 6.497358 -0.813283 -0.031082 
637 13.861018 0.000000 0.001576 101.688863 -7.259766 -2.337135 -0.039879 
638 12.091140 0.000000 -0.575877 102.030020 8.251258 -2.078334 -0.048253 
639 12.091140 0.000000 -1.153329 101.902865 6.216061 -1.597476 -0.042539 
640 12.681099 0.000000 -0.575877 101.892820 8.128487 -1.928739 -0.045194 
641 12.091140 0.000000 0.001576 102.053652 -3.580387 -2.730038 -0.043522 
642 11.206200 0.000000 -0.287150 103.471682 34.245155 -16.863777 -0.216351 
643 11.206200 0.000000 -0.575877 102.227493 8.581263 -2.400863 -0.052986 
644 11.501180 0.000000 -0.287150 102.790457 27.955237 -8.846923 -0.142564 
645 11.206200 0.000000 0.001576 102.228836 -2.360154 -2.951437 -0.046502 
646 13.861018 0.000000 1.156480 101.793267 2.354312 -2.861432 -0.037560 
647 15.040937 0.000000 1.156480 101.454716 2.541975 -2.394580 -0.030526 
648 13.861018 0.000000 2.311385 101.875387 2.144793 -3.688626 -0.039680 
649 12.091140 0.000000 0.579028 102.172236 1.537088 -2.716711 -0.044891 
650 12.681099 0.000000 0.579028 102.032142 1.635784 -2.622848 -0.042011 
651 12.091140 0.000000 1.156480 102.256745 1.938822 -3.060271 -0.046957 
652 11.796160 0.000000 -0.287150 102.464197 23.518031 -5.641352 -0.108383 
653 11.796160 0.000000 -0.575877 102.096268 8.336442 -2.169305 -0.049785 
654 12.091140 0.000000 -0.287150 102.272599 20.610170 -4.122011 -0.090145 
655 11.796160 0.000000 0.001576 102.116812 -3.137024 -2.806678 -0.044556 
656 13.271059 0.000000 -0.575877 101.750764 8.045406 -1.813188 -0.042123 
657 13.271059 0.000000 -1.153329 101.660098 6.372887 -1.393036 -0.037733 
658 13.861018 0.000000 -0.575877 101.632374 7.970749 -1.727399 -0.039566 
659 13.271059 0.000000 0.001576 101.796704 -5.813471 -2.431827 -0.040228 
660 12.386120 0.000000 -0.287150 102.134446 18.587253 -3.288766 -0.078775 
661 12.386120 0.000000 -0.575877 101.962215 8.183588 -1.998661 -0.046726 
662 12.681099 0.000000 -0.287150 102.018659 17.097803 -2.794633 -0.070795 
663 12.386120 0.000000 0.001576 101.989269 -4.062677 -2.649325 -0.042534 
664 26.840128 0.000000 -4.618042 99.975163 5.926681 1.504366 -0.003242 
665 26.840128 0.000000 -9.237660 100.051377 5.082357 2.399006 -0.004186 
666 31.559804 0.000000 -4.618042 99.899587 5.882681 1.428847 -0.001658 
667 26.840128 0.000000 0.001576 99.920532 19.268159 -2.775300 -0.036308 
668 19.760613 0.000000 -2.308233 100.408811 6.271091 0.180732 -0.012129 
669 19.760613 0.000000 -4.618042 100.392504 6.004264 1.558089 -0.011713 
670 22.120451 0.000000 -2.308233 100.183059 6.218795 0.196531 -0.007536 
671 19.760613 0.000000 0.001576 100.574640 -34.395516 -10.408770 -0.140665 
672 16.220856 0.000000 -1.153329 101.070112 6.560991 -0.719647 -0.025873 
673 16.220856 0.000000 -2.308233 101.016934 6.215774 0.116659 -0.024307 
674 17.400775 0.000000 -1.153329 100.802934 6.602273 -0.648461 -0.020524 
675 16.220856 0.000000 0.001576 101.154148 -13.585411 -2.374202 -0.042236 
676 14.450978 0.000000 -0.575877 101.511845 7.929462 -1.220648 -0.036902 
677 14.450978 0.000000 -1.153329 101.464191 6.458191 -0.871677 -0.033745 
678 15.040937 0.000000 -0.575877 101.365206 7.911199 -1.219629 -0.033898 
679 14.450978 0.000000 0.001576 101.551580 -8.859092 -2.296457 -0.039648 
680 13.271059 0.000000 0.579028 101.885234 1.717878 -2.540662 -0.039001 
681 13.861018 0.000000 0.579028 101.733845 1.785023 -2.469744 -0.035906 
682 13.271059 0.000000 1.156480 101.953449 2.232341 -2.920966 -0.040802 
683 13.566039 0.000000 -0.287150 101.737709 14.410017 -2.153847 -0.056285 
684 13.271059 0.000000 -0.287150 101.823544 15.096197 -2.288549 -0.060117 
685 13.566039 0.000000 -0.575877 101.704730 7.994874 -1.770999 -0.041091 
686 13.861018 0.000000 -0.287150 101.681465 13.843133 -2.063576 -0.053501 
687 13.566039 0.000000 0.001576 101.730468 -6.501519 -2.376736 -0.039701 
688 26.840128 0.000000 4.621194 99.820906 1.227421 -5.334537 0.000582 
689 31.559804 0.000000 4.621194 99.822630 1.147925 -5.396163 0.000501 
690 26.840128 0.000000 9.240812 99.686562 -4.152878 -5.969427 0.000971 
691 19.760613 0.000000 2.311385 100.381499 2.788312 -3.286315 -0.009502 
692 22.120451 0.000000 2.311385 100.117446 2.764116 -3.295739 -0.004201 
693 19.760613 0.000000 4.621194 100.321404 1.345132 -5.166458 -0.009289 
694 16.220856 0.000000 1.156480 101.148047 2.677866 -2.330533 -0.024353 
695 17.400775 0.000000 1.156480 100.866276 2.761484 -2.292573 -0.018689 
696 16.220856 0.000000 2.311385 101.163313 2.597480 -3.234864 -0.025123 
697 14.450978 0.000000 0.579028 101.581696 1.830216 -1.979021 -0.032611 
698 15.040937 0.000000 0.579028 101.430859 1.876549 -1.987767 -0.029569 
699 14.450978 0.000000 1.156480 101.614276 2.452365 -2.438446 -0.033742 
700 14.155998 0.000000 -0.287150 101.601740 13.401294 -1.993965 -0.050648 
701 14.155998 0.000000 -0.575877 101.560120 7.951191 -1.688057 -0.038053 
702 14.450978 0.000000 -0.287150 101.523480 13.046294 -1.942336 -0.048100 
703 14.155998 0.000000 0.001576 101.620159 -8.045637 -2.307746 -0.039671 
704 15.630897 0.000000 -0.575877 101.225864 7.902091 -1.173366 -0.031050 
705 15.630897 0.000000 -1.153329 101.199701 6.533838 -0.761754 -0.028465 
706 16.220856 0.000000 -0.575877 101.091692 7.891029 -1.141783 -0.028310 
707 15.630897 0.000000 0.001576 101.284980 -12.056705 -2.105563 -0.040844 
708 15.630897 0.000000 0.579028 101.281977 1.917117 -1.948361 -0.026551 
709 16.220856 0.000000 0.579028 101.135294 1.947917 -1.918321 -0.023582 
710 15.630897 0.000000 1.156480 101.299897 2.617756 -2.358726 -0.027409 
711 15.335917 0.000000 -0.287150 101.306740 12.348187 -1.479951 -0.041772 
712 15.040937 0.000000 -0.287150 101.381078 12.534519 -1.501399 -0.043749 
713 15.335917 0.000000 -0.575877 101.294136 7.905175 -1.194880 -0.032442 
714 15.630897 0.000000 -0.287150 101.235662 12.193455 -1.464469 -0.039948 
715 15.335917 0.000000 0.001576 101.349486 -11.268319 -2.020525 -0.040278 
716 18.580694 0.000000 -1.153329 100.590605 6.608981 -0.631926 -0.016255 
717 18.580694 0.000000 -2.308233 100.580452 6.263896 0.209612 -0.015571 
718 19.760613 0.000000 -1.153329 100.410629 6.596551 -0.688837 -0.012628 
719 18.580694 0.000000 0.001576 100.675529 -20.263983 -4.876343 -0.056997 
720 16.810816 0.000000 -0.575877 100.961099 7.884848 -1.115515 -0.025656 
721 16.810816 0.000000 -1.153329 100.945489 6.581130 -0.686427 -0.023377 
722 17.400775 0.000000 -0.575877 100.837226 7.876128 -1.096836 -0.023138 
723 16.810816 0.000000 0.001576 101.026996 -15.063046 -2.761810 -0.044098 
724 15.925877 0.000000 -0.287150 101.164012 12.061074 -1.453978 -0.038174 
725 15.925877 0.000000 -0.575877 101.159352 7.894070 -1.158253 -0.029687 
726 16.220856 0.000000 -0.287150 101.094057 11.947847 -1.447895 -0.036486 
727 15.925877 0.000000 0.001576 101.218859 -12.831900 -2.222734 -0.041486 
728 18.580694 0.000000 1.156480 100.595854 2.801257 -2.286653 -0.013260 
729 19.760613 0.000000 1.156480 100.393597 2.787044 -2.345527 -0.009214 
730 18.580694 0.000000 2.311385 100.586948 2.788050 -3.233522 -0.013596 
731 17.990735 0.000000 -0.575877 100.697513 7.868883 -1.081637 -0.020308 
732 17.990735 0.000000 -1.153329 100.692552 6.608415 -0.638193 -0.018307 
733 18.580694 0.000000 -0.575877 100.593236 7.841776 -1.081245 -0.018166 
734 17.990735 0.000000 0.001576 100.774197 -18.163335 -3.916273 -0.050068 
735 16.810816 0.000000 0.579028 100.994591 1.970711 -1.896305 -0.020739 
736 17.400775 0.000000 0.579028 100.865031 1.980982 -1.884028 -0.018123 
737 16.810816 0.000000 1.156480 101.003273 2.725957 -2.308187 -0.021442 
738 17.105796 0.000000 -0.287150 100.899625 11.676543 -1.445588 -0.031917 
739 16.810816 0.000000 -0.287150 100.963612 11.757186 -1.446283 -0.033397 
740 17.105796 0.000000 -0.575877 100.898258 7.880979 -1.105258 -0.024379 
741 17.400775 0.000000 -0.287150 100.837264 11.600482 -1.446376 -0.030482 
742 17.105796 0.000000 0.001576 100.964629 -15.803739 -2.991434 -0.045256 
743 17.990735 0.000000 0.579028 100.716494 1.995092 -1.872031 -0.015130 
744 18.580694 0.000000 0.579028 100.601976 1.985318 -1.873789 -0.012821 
745 17.990735 0.000000 1.156480 100.717273 2.790300 -2.283561 -0.015697 
746 17.695755 0.000000 -0.287150 100.752059 11.535124 -1.445926 -0.028613 
747 17.695755 0.000000 -0.575877 100.753750 7.877760 -1.086432 -0.021456 
748 17.990735 0.000000 -0.287150 100.694409 11.461652 -1.451215 -0.027284 
749 17.695755 0.000000 0.001576 100.825166 -17.339837 -3.555101 -0.047902 
750 24.480290 0.000000 2.311385 99.942582 2.694298 -3.332930 -0.000689 
751 24.480290 0.000000 0.001576 100.064379 31.080641 -5.506029 -0.100920 
752 26.840128 0.000000 2.311385 99.858502 2.621812 -3.372004 0.001004 
753 24.480290 0.000000 4.621194 99.891416 1.289536 -5.284349 -0.000788 
754 50.438508 0.000000 9.240812 100.023565 -4.057396 -6.558727 -0.006419 
755 50.438508 0.000000 0.001576 99.969102 7.270375 -1.751958 -0.004975 
756 59.877860 0.000000 9.240812 100.073686 -3.860211 -6.661226 -0.007402 
757 50.438508 0.000000 18.480048 99.850795 -6.049137 1.350021 -0.000860 
758 36.279480 0.000000 4.621194 99.890604 1.135288 -5.533927 -0.001005 
759 36.279480 0.000000 0.001576 99.877271 9.764868 -1.946721 -0.007461 
760 40.999156 0.000000 4.621194 99.946965 1.159650 -5.505778 -0.002105 
761 36.279480 0.000000 9.240812 99.863563 -4.252569 -6.352161 -0.003117 
762 29.199966 0.000000 2.311385 99.835776 2.560335 -3.404200 0.001467 
763 29.199966 0.000000 0.001576 99.876238 14.689908 -2.179938 -0.019581 
764 31.559804 0.000000 2.311385 99.836764 2.511747 -3.427759 0.001456 
765 29.199966 0.000000 4.621194 99.810641 1.179240 -5.370639 0.000760 
766 50.438508 0.000000 -9.237660 99.942563 4.975264 2.014868 -0.001733 
767 50.438508 0.000000 -18.476896 99.983853 2.422886 1.881530 -0.000618 
768 59.877860 0.000000 -9.237660 99.957667 4.924788 1.981929 -0.001972 
769 36.279480 0.000000 -4.618042 99.880388 5.843743 1.251638 -0.001181 
770 36.279480 0.000000 -9.237660 99.919554 5.050370 2.119126 -0.001391 
771 40.999156 0.000000 -4.618042 99.899469 5.817344 1.238218 -0.001528 
772 33.919642 0.000000 2.311385 99.846584 2.474991 -3.442756 0.001268 
773 33.919642 0.000000 0.001576 99.863616 10.773057 -1.877799 -0.009233 
774 36.279480 0.000000 2.311385 99.879465 2.452165 -3.566443 0.000536 
775 33.919642 0.000000 4.621194 99.841431 1.132289 -5.412438 0.000111 
776 45.718832 0.000000 4.621194 99.987997 1.205341 -5.465179 -0.002892 
777 45.718832 0.000000 0.001576 99.945834 7.754467 -1.807919 -0.005257 
778 50.438508 0.000000 4.621194 100.018863 1.262468 -5.415359 -0.003469 
779 45.718832 0.000000 9.240812 99.985041 -4.143297 -6.497764 -0.005640 
780 38.639318 0.000000 2.311385 99.907285 2.435333 -3.553435 -0.000002 
781 38.639318 0.000000 0.001576 99.899770 9.042792 -1.902650 -0.006536 
782 40.999156 0.000000 2.311385 99.927890 2.423262 -3.536768 -0.000396 
783 38.639318 0.000000 4.621194 99.922766 1.144245 -5.521391 -0.001635 
784 45.718832 0.000000 -4.618042 99.918349 5.797578 1.237570 -0.001882 
785 45.718832 0.000000 -9.237660 99.933966 5.000588 2.040175 -0.001597 
786 50.438508 0.000000 -4.618042 99.934233 5.782127 1.245984 -0.002184 
787 43.358994 0.000000 2.311385 99.946795 2.415215 -3.516872 -0.000756 
788 43.358994 0.000000 0.001576 99.931747 8.084588 -1.836726 -0.005509 
789 45.718832 0.000000 2.311385 99.963604 2.409890 -3.494337 -0.001074 
790 43.358994 0.000000 4.621194 99.968799 1.180529 -5.486853 -0.002526 
791 97.635269 0.000000 18.480048 99.983161 -6.470571 0.767546 -0.003909 
792 97.635269 0.000000 0.001576 100.029678 6.045357 -1.121116 -0.004374 
793 116.513974 0.000000 18.480048 99.996881 -6.611305 0.513244 -0.004335 
794 97.635269 0.000000 36.958519 99.934634 -1.197364 2.971627 0.000280 
795 69.317213 0.000000 9.240812 100.102084 -3.645328 -6.747718 -0.007925 
796 69.317213 0.000000 0.001576 100.015985 6.394439 -1.514594 -0.004638 
797 78.756565 0.000000 9.240812 100.119069 -3.422203 -6.818140 -0.008203 
798 69.317213 0.000000 18.480048 99.938275 -6.239102 1.126527 -0.002785 
799 55.158184 0.000000 4.621194 100.041400 1.325043 -5.358991 -0.003876 
800 55.158184 0.000000 0.001576 99.986468 6.938047 -1.695412 -0.004830 
801 59.877860 0.000000 4.621194 100.058454 1.389092 -5.295947 -0.004167 
802 55.158184 0.000000 9.240812 100.052149 -3.961551 -6.613583 -0.006987 
803 48.078670 0.000000 2.311385 99.978255 2.406274 -3.469673 -0.001348 
804 48.078670 0.000000 0.001576 99.958274 7.488321 -1.779871 -0.005090 
805 50.438508 0.000000 2.311385 99.990887 2.403586 -3.443289 -0.001581 
806 48.078670 0.000000 4.621194 100.004610 1.232936 -5.441226 -0.003205 
807 97.635269 0.000000 -18.476896 99.983715 2.250636 1.817627 -0.000511 
808 97.635269 0.000000 -36.955368 99.988325 0.551228 2.028006 -0.000208 
809 116.513974 0.000000 -18.476896 99.983796 2.180526 1.814035 -0.000480 
810 69.317213 0.000000 -9.237660 99.965648 4.876184 1.960819 -0.002075 
811 69.317213 0.000000 -18.476896 99.983756 2.357965 1.838447 -0.000569 
812 78.756565 0.000000 -9.237660 99.970715 4.827234 1.946484 -0.002123 
813 55.158184 0.000000 -4.618042 99.944840 5.765023 1.261724 -0.002380 
814 55.158184 0.000000 -9.237660 99.948564 4.946236 1.996874 -0.001817 
815 59.877860 0.000000 -4.618042 99.957537 5.757171 1.280223 -0.002629 
816 52.798346 0.000000 2.311385 100.001712 2.401230 -3.415517 -0.001777 
817 52.798346 0.000000 0.001576 99.978446 7.089599 -1.723859 -0.004892 
818 55.158184 0.000000 2.311385 100.010957 2.398739 -3.386624 -0.001941 
819 52.798346 0.000000 4.621194 100.031033 1.293320 -5.387869 -0.003691 
820 64.597536 0.000000 4.621194 100.070176 1.454482 -5.231477 -0.004352 
821 64.597536 0.000000 0.001576 100.009414 6.525334 -1.575976 -0.004695 
822 69.317213 0.000000 4.621194 100.078668 1.519284 -5.164065 -0.004472 
823 64.597536 0.000000 9.240812 100.089787 -3.754149 -6.706632 -0.007704 
824 64.597536 0.000000 -4.618042 99.964344 5.746980 1.301075 -0.002759 
825 64.597536 0.000000 -9.237660 99.962107 4.900492 1.970236 -0.002032 
826 69.317213 0.000000 -4.618042 99.969462 5.737173 1.323555 -0.002856 
827 62.237698 0.000000 2.311385 100.032148 2.386202 -3.293641 -0.002297 
828 59.877860 0.000000 2.311385 100.026509 2.391074 -3.324570 -0.002207 
829 62.237698 0.000000 0.001576 100.005254 6.606116 -1.606016 -0.004727 
830 64.597536 0.000000 2.311385 100.036942 2.379908 -3.262266 -0.002370 
831 62.237698 0.000000 4.621194 100.064790 1.421825 -5.264109 -0.004269 
832 88.195917 0.000000 9.240812 100.129760 -3.194293 -6.874262 -0.008343 
833 88.195917 0.000000 0.001576 100.028090 6.111223 -1.255824 -0.004454 
834 97.635269 0.000000 9.240812 100.136768 -2.963325 -6.917089 -0.008400 
835 88.195917 0.000000 18.480048 99.973154 -6.396572 0.889884 -0.003634 
836 74.036889 0.000000 4.621194 100.084809 1.582894 -5.094310 -0.004543 
837 74.036889 0.000000 0.001576 100.020727 6.294683 -1.451682 -0.004588 
838 78.756565 0.000000 4.621194 100.089223 1.644945 -5.022674 -0.004579 
839 74.036889 0.000000 9.240812 100.111602 -3.534517 -6.784804 -0.008086 
840 66.957375 0.000000 2.311385 100.041031 2.371989 -3.230502 -0.002427 
841 66.957375 0.000000 0.001576 100.012964 6.455341 -1.545490 -0.004665 
842 69.317213 0.000000 2.311385 100.044516 2.362181 -3.198449 -0.002472 
843 66.957375 0.000000 4.621194 100.074763 1.487000 -5.198098 -0.004419 
844 88.195917 0.000000 -9.237660 99.973990 4.777616 1.935794 -0.002137 
845 88.195917 0.000000 -18.476896 99.983652 2.286273 1.821682 -0.000528 
846 97.635269 0.000000 -9.237660 99.976177 4.727249 1.927115 -0.002130 
847 74.036889 0.000000 -4.618042 99.973321 5.727498 1.347009 -0.002928 
848 74.036889 0.000000 -9.237660 99.968465 4.851781 1.953049 -0.002105 
849 78.756565 0.000000 -4.618042 99.976234 5.717793 1.370966 -0.002982 
850 71.677051 0.000000 2.311385 100.047485 2.350218 -3.166185 -0.002505 
851 71.677051 0.000000 0.001576 100.018552 6.341260 -1.483316 -0.004612 
852 74.036889 0.000000 2.311385 100.050012 2.335820 -3.133775 -0.002528 
853 71.677051 0.000000 4.621194 100.081988 1.551265 -5.129448 -0.004512 
854 83.476241 0.000000 4.621194 100.092354 1.705204 -4.949514 -0.004588 
855 83.476241 0.000000 0.001576 100.026485 6.158004 -1.322106 -0.004497 
856 88.195917 0.000000 4.621194 100.094520 1.763519 -4.875110 -0.004579 
857 83.476241 0.000000 9.240812 100.124999 -3.308717 -6.847913 -0.008286 
858 76.396727 0.000000 2.311385 100.052161 2.318678 -3.101279 -0.002543 
859 76.396727 0.000000 0.001576 100.022566 6.253783 -1.419719 -0.004564 
860 78.756565 0.000000 2.311385 100.053984 2.298445 -3.068748 -0.002550 
861 76.396727 0.000000 4.621194 100.087201 1.614131 -5.058702 -0.004564 
862 83.476241 0.000000 -4.618042 99.978437 5.707960 1.395090 -0.003021 
863 83.476241 0.000000 -9.237660 99.972524 4.802516 1.940809 -0.002134 
864 88.195917 0.000000 -4.618042 99.980102 5.697934 1.419141 -0.003050 
865 81.116403 0.000000 2.311385 100.055527 2.274730 -3.036230 -0.002550 
866 81.116403 0.000000 0.001576 100.025409 6.186044 -1.354908 -0.004519 
867 83.476241 0.000000 2.311385 100.056829 2.247079 -3.003768 -0.002544 
868 81.116403 0.000000 4.621194 100.090927 1.675309 -4.986265 -0.004586 
869 135.392678 0.000000 18.480048 100.006593 -6.742058 0.244679 -0.004683 
870 135.392678 0.000000 0.001576 100.026195 5.947164 -0.574350 -0.004094 
871 154.271383 0.000000 18.480048 100.014621 -6.861404 -0.039113 -0.005000 
872 135.392678 0.000000 36.958519 99.950391 -1.278502 2.993112 -0.000067 
873 107.074622 0.000000 9.240812 100.141485 -2.730401 -6.947224 -0.008404 
874 107.074622 0.000000 0.001576 100.029836 6.003920 -0.984560 -0.004298 
875 116.513974 0.000000 9.240812 100.144691 -2.496380 -6.965061 -0.008370 
876 107.074622 0.000000 18.480048 99.990767 -6.542131 0.642087 -0.004137 
877 92.915593 0.000000 4.621194 100.095950 1.819781 -4.799691 -0.004555 
878 92.915593 0.000000 0.001576 100.029110 6.074426 -1.188775 -0.004413 
879 97.635269 0.000000 4.621194 100.096815 1.873910 -4.723446 -0.004519 
880 92.915593 0.000000 9.240812 100.133618 -3.079114 -6.897293 -0.008379 
881 85.836079 0.000000 2.311385 100.057921 2.214965 -2.971404 -0.002532 
882 85.836079 0.000000 0.001576 100.027371 6.133198 -1.289071 -0.004475 
883 88.195917 0.000000 2.311385 100.058833 2.177769 -2.939180 -0.002515 
884 85.836079 0.000000 4.621194 100.093542 1.734612 -4.912452 -0.004586 
885 135.392678 0.000000 -18.476896 99.983800 2.112326 1.813973 -0.000451 
886 135.392678 0.000000 -36.955368 99.983234 0.529728 2.021695 -0.000101 
887 154.271383 0.000000 -18.476896 99.983754 2.046215 1.815919 -0.000424 
888 107.074622 0.000000 -9.237660 99.977689 4.676147 1.919559 -0.002109 
889 107.074622 0.000000 -18.476896 99.983766 2.215362 1.815242 -0.000496 
890 116.513974 0.000000 -9.237660 99.978773 4.624360 1.912628 -0.002080 
891 92.915593 0.000000 -4.618042 99.981357 5.687672 1.442943 -0.003070 
892 92.915593 0.000000 -9.237660 99.975189 4.752526 1.931271 -0.002135 
893 97.635269 0.000000 -4.618042 99.982298 5.677146 1.466368 -0.003084 
894 90.555755 0.000000 2.311385 100.059588 2.134758 -2.907136 -0.002493 
895 90.555755 0.000000 0.001576 100.028664 6.091732 -1.222385 -0.004434 
896 92.915593 0.000000 2.311385 100.060206 2.085054 -2.875319 -0.002466 
897 90.555755 0.000000 4.621194 100.095315 1.791912 -4.837515 -0.004568 
898 102.354945 0.000000 4.621194 100.097239 1.925841 -4.646536 -0.004476 
899 102.354945 0.000000 0.001576 100.029894 6.022297 -1.052997 -0.004336 
900 107.074622 0.000000 4.621194 100.097317 1.975517 -4.569104 -0.004425 
901 102.354945 0.000000 9.240812 100.139354 -2.847050 -6.933715 -0.008407 
902 95.275431 0.000000 2.311385 100.060707 2.027598 -2.843778 -0.002434 
903 95.275431 0.000000 0.001576 100.029443 6.059044 -1.155012 -0.004394 
904 97.635269 0.000000 2.311385 100.061105 1.961099 -2.812570 -0.002398 
905 95.275431 0.000000 4.621194 100.096445 1.847116 -4.761661 -0.004538 
906 102.354945 0.000000 -4.618042 99.982996 5.666335 1.489323 -0.003093 
907 102.354945 0.000000 -9.237660 99.976999 4.701788 1.923234 -0.002121 
908 107.074622 0.000000 -4.618042 99.983506 5.655226 1.511736 -0.003097 
909 99.995107 0.000000 2.311385 100.061415 1.883968 -2.781766 -0.002357 
910 99.995107 0.000000 0.001576 100.029825 6.033167 -1.087105 -0.004355 
911 102.354945 0.000000 2.311385 100.061650 1.794221 -2.751453 -0.002312 
912 99.995107 0.000000 4.621194 100.097076 1.900154 -4.685065 -0.004498 
913 125.953326 0.000000 9.240812 100.146840 -2.262009 -6.970894 -0.008310 
914 125.953326 0.000000 0.001576 100.027828 5.959619 -0.710231 -0.004159 
915 135.392678 0.000000 9.240812 100.148212 -2.027983 -6.964974 -0.008229 
916 125.953326 0.000000 18.480048 100.002045 -6.678002 0.380822 -0.004515 
917 111.794298 0.000000 4.621194 100.097121 2.022885 -4.491273 -0.004370 
918 111.794298 0.000000 0.001576 100.029559 5.989193 -0.915939 -0.004262 
919 116.513974 0.000000 4.621194 100.096706 2.067890 -4.413157 -0.004310 
920 111.794298 0.000000 9.240812 100.143243 -2.613480 -6.957660 -0.008391 
921 104.714783 0.000000 2.311385 100.061820 1.689359 -2.721744 -0.002263 
922 104.714783 0.000000 0.001576 100.029895 6.012593 -1.018810 -0.004317 
923 107.074622 0.000000 2.311385 100.061938 1.566178 -2.692789 -0.002210 
924 104.714783 0.000000 4.621194 100.097317 1.950964 -4.607878 -0.004451 
925 125.953326 0.000000 -9.237660 99.979577 4.571951 1.906040 -0.002045 
926 125.953326 0.000000 -18.476896 99.983806 2.146172 1.813683 -0.000466 
927 135.392678 0.000000 -9.237660 99.980194 4.518988 1.899636 -0.002007 
928 111.794298 0.000000 -4.618042 99.983869 5.643806 1.533556 -0.003098 
929 111.794298 0.000000 -9.237660 99.978274 4.650336 1.916036 -0.002095 
930 116.513974 0.000000 -4.618042 99.984117 5.632069 1.554745 -0.003096 
931 109.434460 0.000000 2.311385 100.062015 1.420510 -2.664795 -0.002153 
932 109.434460 0.000000 0.001576 100.029721 5.996155 -0.950264 -0.004280 
933 111.794298 0.000000 2.311385 100.062062 1.246828 -2.638055 -0.002093 
934 109.434460 0.000000 4.621194 100.097250 1.999493 -4.530231 -0.004398 
935 121.233650 0.000000 4.621194 100.096116 2.110471 -4.334857 -0.004248 
936 121.233650 0.000000 0.001576 100.028524 5.967616 -0.778656 -0.004192 
937 125.953326 0.000000 4.621194 100.095383 2.150560 -4.256469 -0.004183 
938 121.233650 0.000000 9.240812 100.145877 -2.379194 -6.969462 -0.008343 
939 114.154136 0.000000 2.311385 100.062094 1.037642 -2.612995 -0.002033 
940 114.154136 0.000000 0.001576 100.029354 5.982938 -0.881601 -0.004244 
941 116.513974 0.000000 2.311385 100.062128 0.782549 -2.590261 -0.001975 
942 114.154136 0.000000 4.621194 100.096938 2.045686 -4.452244 -0.004340 
943 121.233650 0.000000 -4.618042 99.984274 5.620007 1.575275 -0.003092 
944 121.233650 0.000000 -9.237660 99.979204 4.598229 1.909303 -0.002063 
945 125.953326 0.000000 -4.618042 99.984361 5.607617 1.595128 -0.003086 
946 118.873812 0.000000 2.311385 100.062188 0.466660 -2.570863 -0.001927 
947 118.873812 0.000000 0.001576 100.028832 5.972221 -0.812944 -0.004210 
948 121.233650 0.000000 2.311385 100.062310 0.067891 -2.556461 -0.001901 
949 118.873812 0.000000 4.621194 100.096431 2.089487 -4.374024 -0.004279 
950 144.832030 0.000000 9.240812 100.148982 -1.794969 -6.947544 -0.008131 
951 144.832030 0.000000 0.001576 100.024342 5.937612 -0.440390 -0.004032 
952 154.271383 0.000000 9.240812 100.149268 -1.563607 -6.918860 -0.008019 
953 144.832030 0.000000 18.480048 100.010738 -6.803268 0.104720 -0.004844 
954 130.673002 0.000000 4.621194 100.094535 2.188078 -4.178081 -0.004116 
955 130.673002 0.000000 0.001576 100.027046 5.952908 -0.642096 -0.004126 
956 135.392678 0.000000 4.621194 100.093593 2.222928 -4.099776 -0.004048 
957 130.673002 0.000000 9.240812 100.147611 -2.144911 -6.969388 -0.008272 
958 144.832030 0.000000 -9.237660 99.980682 4.465539 1.893329 -0.001966 
959 144.832030 0.000000 -18.476896 99.983782 2.079004 1.814753 -0.000437 
960 154.271383 0.000000 -9.237660 99.981080 4.411672 1.887077 -0.001924 
961 130.673002 0.000000 -4.618042 99.984391 5.594893 1.614289 -0.003079 
962 130.673002 0.000000 -9.237660 99.979905 4.545534 1.902822 -0.002026 
963 135.392678 0.000000 -4.618042 99.984378 5.581832 1.632751 -0.003070 
964 128.313164 0.000000 2.311385 100.063936 -2.097384 -2.587422 -0.002388 
965 125.953326 0.000000 2.311385 100.063023 -1.136937 -2.556623 -0.002044 
966 128.313164 0.000000 0.001576 100.027447 5.956124 -0.676121 -0.004142 
967 130.673002 0.000000 2.311385 100.065777 -3.519451 -2.667335 -0.003266 
968 128.313164 0.000000 4.621194 100.094972 2.169646 -4.217269 -0.004150 
969 140.112354 0.000000 4.621194 100.092576 2.254994 -4.021634 -0.003978 
970 140.112354 0.000000 0.001576 100.025289 5.942133 -0.507087 -0.004062 
971 144.832030 0.000000 4.621194 100.091497 2.284135 -3.943729 -0.003908 
972 140.112354 0.000000 9.240812 100.148664 -1.911309 -6.957683 -0.008182 
973 133.032840 0.000000 2.311385 100.069878 -5.824082 -2.864885 -0.005611 
974 133.032840 0.000000 0.001576 100.026628 5.949932 -0.608168 -0.004110 
975 135.392678 0.000000 2.311385 100.081058 -10.162528 -3.428385 -0.013125 
976 133.032840 0.000000 4.621194 100.094075 2.205843 -4.138913 -0.004082 
977 140.112354 0.000000 -4.618042 99.984332 5.568433 1.650511 -0.003060 
978 140.112354 0.000000 -9.237660 99.980451 4.492320 1.896474 -0.001987 
979 144.832030 0.000000 -4.618042 99.984259 5.554691 1.667567 -0.003049 
980 137.752516 0.000000 2.311385 100.129077 -21.153308 -5.892264 -0.050801 
981 137.752516 0.000000 0.001576 100.025748 5.944573 -0.540653 -0.004078 
982 140.112354 0.000000 2.311385 101.194922 -80.147510 -60.835761 -1.036503 
983 137.752516 0.000000 4.621194 100.093093 2.239317 -4.060680 -0.004013 
984 149.551707 0.000000 4.621194 100.090369 2.310175 -3.866134 -0.003837 
985 149.551707 0.000000 0.001576 100.023362 5.933444 -0.374336 -0.004002 
986 154.271383 0.000000 4.621194 100.089201 2.332896 -3.788916 -0.003765 
987 149.551707 0.000000 9.240812 100.149180 -1.679042 -6.934592 -0.008077 
988 142.472192 0.000000 2.311385 100.255656 45.923340 -12.397049 -0.231384 
989 142.472192 0.000000 0.001576 100.024820 5.939820 -0.473663 -0.004047 
990 144.832030 0.000000 2.311385 100.094656 22.861047 -4.086260 -0.055827 
991 142.472192 0.000000 4.621194 100.092044 2.269940 -3.982647 -0.003943 
992 149.551707 0.000000 -4.618042 99.984166 5.540607 1.683923 -0.003037 
993 149.551707 0.000000 -9.237660 99.980890 4.438654 1.890198 -0.001945 
994 154.271383 0.000000 -4.618042 99.984058 5.526178 1.699582 -0.003024 
995 147.191868 0.000000 2.311385 100.071914 16.186248 -2.904674 -0.028482 
996 147.191868 0.000000 0.001576 100.023855 5.935493 -0.407278 -0.004017 
997 149.551707 0.000000 2.311385 100.064423 13.058275 -2.509962 -0.018971 
998 147.191868 0.000000 4.621194 100.090939 2.297555 -3.904888 -0.003872 
999 151.911545 0.000000 2.311385 100.060872 11.254138 -2.318971 -0.014421 
1000 151.911545 0.000000 0.001576 100.022862 5.931452 -0.341572 -0.003987 
1001 154.271383 0.000000 2.311385 100.058774 10.085826 -2.203448 -0.011834 
1002 151.911545 0.000000 4.621194 100.089789 2.321966 -3.827473 -0.003801 
1003 116.513974 0.000000 -110.869255 99.991511 0.079348 1.984455 -0.000225 
1004 116.513974 0.000000 -147.826199 99.990117 0.074361 1.969234 -0.000191 
1005 154.271383 0.000000 -110.869255 99.987089 0.121884 1.988178 -0.000139 
1006 -34.515662 0.000000 -110.869255 100.005567 0.011194 1.945469 -0.000490 
1007 -72.273071 0.000000 -110.869255 99.997318 0.005989 1.937625 -0.000322 
1008 -34.515662 0.000000 -147.826199 99.997108 0.033460 1.945619 -0.000321 
1009 59.877860 0.000000 -55.433840 100.014568 0.202095 2.050128 -0.000716 
1010 59.877860 0.000000 -73.912312 100.011802 0.093046 2.021498 -0.000646 
1011 78.756565 0.000000 -55.433840 100.000860 0.206444 2.048252 -0.000441 
1012 -15.636957 0.000000 -55.433840 100.055633 0.061085 1.941190 -0.001490 
1013 -34.515662 0.000000 -55.433840 100.030413 0.031246 1.923389 -0.000978 
1014 -15.636957 0.000000 -73.912312 100.032921 0.035456 1.951902 -0.001040 
1015 31.559804 0.000000 -27.716132 100.063673 1.067846 2.031679 -0.001801 
1016 31.559804 0.000000 -36.955368 100.066647 0.521353 2.062017 -0.001786 
1017 40.999156 0.000000 -27.716132 100.026855 1.092075 2.013572 -0.001062 
1018 -6.197605 0.000000 -27.716132 100.163246 0.328760 1.844863 -0.003619 
1019 -15.636957 0.000000 -27.716132 100.096413 0.147258 1.839240 -0.002270 
1020 -6.197605 0.000000 -36.955368 100.120504 0.182009 1.924881 -0.002785 
1021 17.400775 0.000000 -13.857278 100.442803 3.432904 2.226132 -0.010550 
1022 17.400775 0.000000 -18.476896 100.366417 2.206203 2.096368 -0.008268 
1023 22.120451 0.000000 -13.857278 100.247688 3.610955 2.276604 -0.006782 
1024 -1.477929 0.000000 -13.857278 100.493355 0.978043 1.409156 -0.010186 
1025 -6.197605 0.000000 -13.857278 100.323630 0.576131 1.397605 -0.006712 
1026 -1.477929 0.000000 -18.476896 100.437838 0.799911 1.616295 -0.009101 
1027 0.881909 0.000000 -6.927851 100.531275 1.462884 0.903905 -0.010949 
1028 -1.477929 0.000000 -6.927851 100.411498 0.902594 1.034469 -0.008435 
1029 0.881909 0.000000 -9.237660 100.624041 1.464801 1.183978 -0.012875 
1030 2.061828 0.000000 -3.463138 99.606760 1.718727 0.317048 0.007544 
1031 0.881909 0.000000 -3.463138 99.640338 1.202479 0.749659 0.006980 
1032 2.061828 0.000000 -4.618042 99.983652 1.820598 0.525097 -0.000032 
1033 5.011626 0.000000 -1.730781 101.244617 0.538628 -8.050073 -0.031557 
1034 5.011626 0.000000 -2.308233 100.904786 0.619421 -12.893883 -0.034841 
1035 5.601585 0.000000 -1.730781 100.904786 0.619421 -12.893883 -0.034841 
1036 2.651788 0.000000 -1.730781 101.125372 0.180185 -1.356451 -0.022821 
1037 2.061828 0.000000 -1.730781 101.271981 0.069874 1.952466 -0.025983 
1038 2.651788 0.000000 -2.308233 101.522025 0.144110 1.000521 -0.030774 
1039 3.536727 0.000000 -0.864603 101.282391 0.278146 -3.756059 -0.027231 
1040 3.241747 0.000000 -0.864603 101.265001 0.213356 -3.375514 -0.026604 
1041 3.536727 0.000000 -1.153329 101.297574 0.316950 -4.051989 -0.027772 
1042 97.635269 0.000000 -55.433840 99.992898 0.206831 2.044856 -0.000280 
1043 97.635269 0.000000 -73.912312 99.995022 0.099028 2.023631 -0.000311 
1044 116.513974 0.000000 -55.433840 99.988256 0.205493 2.041686 -0.000186 
1045 135.392678 0.000000 -55.433840 99.985461 0.203366 2.039088 -0.000129 
1046 135.392678 0.000000 -73.912312 99.987381 0.099449 2.020878 -0.000157 
1047 154.271383 0.000000 -55.433840 99.984123 0.293282 2.022390 -0.000100 
1048 50.438508 0.000000 -27.716132 100.010496 1.099793 1.992643 -0.000728 
1049 50.438508 0.000000 -36.955368 100.021799 0.560925 2.053023 -0.000889 
1050 59.877860 0.000000 -27.716132 99.999797 1.093360 1.978392 -0.000507 
1051 69.317213 0.000000 -27.716132 99.993558 1.083131 1.968481 -0.000376 
1052 69.317213 0.000000 -36.955368 100.000435 0.563181 2.040104 -0.000457 
1053 78.756565 0.000000 -27.716132 99.989804 1.071025 1.961766 -0.000296 
1054 26.840128 0.000000 -13.857278 100.117592 3.684575 2.238558 -0.004212 
1055 26.840128 0.000000 -18.476896 100.156940 2.429964 2.107454 -0.004176 
1056 31.559804 0.000000 -13.857278 100.049182 3.703993 2.168302 -0.002826 
1057 36.279480 0.000000 -13.857278 99.968589 3.686715 2.012216 -0.001136 
1058 36.279480 0.000000 -18.476896 100.006008 2.455369 1.949286 -0.001103 
1059 40.999156 0.000000 -13.857278 99.964078 3.670012 1.971568 -0.001017 
1060 15.040937 0.000000 -6.927851 100.900881 5.363459 2.115025 -0.021423 
1061 15.040937 0.000000 -9.237660 100.748007 4.683061 2.320299 -0.017748 
1062 17.400775 0.000000 -6.927851 100.616539 5.569049 2.183063 -0.015947 
1063 19.760613 0.000000 -6.927851 100.408834 5.590442 2.244055 -0.011822 
1064 19.760613 0.000000 -9.237660 100.383822 5.002877 2.437786 -0.010788 
1065 22.120451 0.000000 -6.927851 100.223842 5.601949 2.259738 -0.008131 
1066 11.501180 0.000000 -3.463138 101.542731 5.655797 -0.055416 -0.034292 
1067 11.501180 0.000000 -4.618042 101.358099 5.489757 0.589306 -0.030395 
1068 12.681099 0.000000 -3.463138 101.423440 5.845088 0.131374 -0.032090 
1069 6.191545 0.000000 -1.730781 99.223624 0.728240 -20.728101 -0.027551 
1070 6.191545 0.000000 -2.308233 100.990418 3.732700 -2.168875 -0.021770 
1071 4.716646 0.000000 -0.864603 101.307321 0.450427 -5.495675 -0.029358 
1072 4.716646 0.000000 -1.153329 101.307321 0.450427 -5.495675 -0.029358 
1073 5.011626 0.000000 -0.864603 101.287912 0.495786 -6.485581 -0.030155 
1074 5.306605 0.000000 -0.864603 101.287912 0.495786 -6.485581 -0.030155 
1075 5.306605 0.000000 -1.153329 101.244617 0.538628 -8.050073 -0.031557 
1076 5.601585 0.000000 -0.864603 101.244617 0.538628 -8.050073 -0.031557 
1077 3.979196 0.000000 -0.431513 101.297574 0.316950 -4.051989 -0.027772 
1078 3.831707 0.000000 -0.431513 101.297574 0.316950 -4.051989 -0.027772 
1079 3.979196 0.000000 -0.575877 101.308829 0.359760 -4.409214 -0.028305 
1080 2.946767 0.000000 0.290302 101.196681 0.197181 -0.881849 -0.024158 
1081 2.946767 0.000000 0.001576 101.196681 0.197181 -0.881849 -0.024158 
1082 2.946767 0.000000 0.579028 101.125372 0.180185 -1.356451 -0.022821 
1083 2.946767 0.000000 -0.287150 101.153181 0.185666 -1.070883 -0.023315 
1084 2.651788 0.000000 -0.287150 101.172296 0.186690 -0.883360 -0.023665 
1085 2.946767 0.000000 -0.575877 101.125372 0.180185 -1.356451 -0.022821 
1086 2.356808 0.000000 -0.287150 101.147247 0.181591 -1.141099 -0.023210 
1087 2.061828 0.000000 -0.287150 101.160685 0.174932 -1.046437 -0.023461 
1088 2.356808 0.000000 -0.575877 101.125372 0.180185 -1.356451 -0.022821 
1089 -0.592990 0.000000 -0.287150 100.943423 -0.090058 2.782773 -0.019733 
1090 -0.887970 0.000000 -0.287150 100.884098 -0.108003 3.152126 -0.018755 
1091 -0.592990 0.000000 -0.575877 100.943423 -0.090058 2.782773 -0.019733 
1092 -0.150520 0.000000 -0.142787 100.998952 -0.065283 2.632873 -0.020772 
1093 -0.298010 0.000000 -0.142787 100.943423 -0.090058 2.782773 -0.019733 
1094 -0.150520 0.000000 -0.287150 100.998952 -0.065283 2.632873 -0.020772 
1095 0.439439 0.000000 0.145939 101.064084 -0.053851 2.132965 -0.021850 
1096 0.586929 0.000000 0.145939 101.063141 -0.043544 2.374331 -0.021940 
1097 0.439439 0.000000 0.290302 101.053825 -0.034882 2.659723 -0.021895 
1098 4.052941 0.000000 -0.214969 101.308829 0.359760 -4.409214 -0.028305 
1099 3.979196 0.000000 -0.214969 101.297574 0.316950 -4.051989 -0.027772 
1100 4.052941 0.000000 -0.287150 101.308829 0.359760 -4.409214 -0.028305 
1101 4.569156 0.000000 -0.431513 101.313030 0.404330 -4.863122 -0.028814 
1102 4.569156 0.000000 -0.575877 101.313030 0.404330 -4.863122 -0.028814 
1103 4.716646 0.000000 -0.431513 101.307321 0.450427 -5.495675 -0.029358 
1104 4.864136 0.000000 -0.431513 101.307321 0.450427 -5.495675 -0.029358 
1105 4.864136 0.000000 -0.575877 101.307321 0.450427 -5.495675 -0.029358 
1106 5.011626 0.000000 -0.431513 101.307321 0.450427 -5.495675 -0.029358 
1107 4.347921 0.000000 -0.214969 101.313030 0.404330 -4.863122 -0.028814 
1108 4.347921 0.000000 -0.287150 101.313030 0.404330 -4.863122 -0.028814 
1109 4.421666 0.000000 -0.214969 101.313030 0.404330 -4.863122 -0.028814 
1110 4.237304 0.000000 0.037666 101.308829 0.359760 -4.409214 -0.028305 
1111 4.274176 0.000000 0.037666 101.308829 0.359760 -4.409214 -0.028305 
1112 4.237304 0.000000 0.073757 101.308829 0.359760 -4.409214 -0.028305 
1113 4.495411 0.000000 -0.214969 101.313030 0.404330 -4.863122 -0.028814 
1114 4.495411 0.000000 -0.287150 101.313030 0.404330 -4.863122 -0.028814 
1115 4.569156 0.000000 -0.214969 101.313030 0.404330 -4.863122 -0.028814 
1116 4.642901 0.000000 -0.214969 101.313030 0.404330 -4.863122 -0.028814 
1117 4.642901 0.000000 -0.287150 101.313030 0.404330 -4.863122 -0.028814 
1118 4.716646 0.000000 -0.214969 101.307321 0.450427 -5.495675 -0.029358 
1119 4.311049 0.000000 -0.106697 101.308829 0.359760 -4.409214 -0.028305 
1120 4.311049 0.000000 -0.142787 101.308829 0.359760 -4.409214 -0.028305 
1121 4.347921 0.000000 -0.106697 101.313030 0.404330 -4.863122 -0.028814 
1122 4.218867 0.000000 -0.016470 101.048322 0.395427 -6.104674 -0.024819 
1123 4.237304 0.000000 -0.016470 101.308829 0.359760 -4.409214 -0.028305 
1124 4.218867 0.000000 0.001576 101.048322 0.395427 -6.104674 -0.024819 
1125 4.495411 0.000000 0.073757 101.313030 0.404330 -4.863122 -0.028814 
1126 4.569156 0.000000 0.073757 101.313030 0.404330 -4.863122 -0.028814 
1127 4.495411 0.000000 0.145939 101.313030 0.404330 -4.863122 -0.028814 
1128 4.642901 0.000000 0.073757 101.313030 0.404330 -4.863122 -0.028814 
1129 4.716646 0.000000 0.073757 101.313030 0.404330 -4.863122 -0.028814 
1130 4.642901 0.000000 0.145939 101.313030 0.404330 -4.863122 -0.028814 
1131 4.311049 0.000000 0.037666 101.308829 0.359760 -4.409214 -0.028305 
1132 4.347921 0.000000 0.037666 101.313030 0.404330 -4.863122 -0.028814 
1133 4.311049 0.000000 0.073757 101.308829 0.359760 -4.409214 -0.028305 
1134 5.896565 0.000000 -0.864603 101.140110 0.579724 -10.243081 -0.033458 
1135 5.896565 0.000000 -1.153329 101.140110 0.579724 -10.243081 -0.033458 
1136 6.191545 0.000000 -0.864603 100.904786 0.619421 -12.893883 -0.034841 
1137 6.486524 0.000000 -0.864603 100.490069 0.658196 -15.695092 -0.034502 
1138 6.486524 0.000000 -1.153329 99.915052 0.694099 -18.331833 -0.031956 
1139 6.781504 0.000000 -0.864603 99.223624 0.728240 -20.728101 -0.027551 
1140 5.159115 0.000000 -0.431513 101.287912 0.495786 -6.485581 -0.030155 
1141 5.159115 0.000000 -0.575877 101.287912 0.495786 -6.485581 -0.030155 
1142 5.306605 0.000000 -0.431513 101.287912 0.495786 -6.485581 -0.030155 
1143 5.454095 0.000000 -0.431513 101.287912 0.495786 -6.485581 -0.030155 
1144 5.454095 0.000000 -0.575877 101.287912 0.495786 -6.485581 -0.030155 
1145 5.601585 0.000000 -0.431513 101.244617 0.538628 -8.050073 -0.031557 
1146 4.790391 0.000000 -0.070606 101.307321 0.450427 -5.495675 -0.029358 
1147 4.790391 0.000000 -0.142787 101.307321 0.450427 -5.495675 -0.029358 
1148 4.790391 0.000000 0.001576 101.307321 0.450427 -5.495675 -0.029358 
1149 5.159115 0.000000 0.145939 101.287912 0.495786 -6.485581 -0.030155 
1150 5.306605 0.000000 0.145939 101.287912 0.495786 -6.485581 -0.030155 
1151 5.159115 0.000000 0.290302 101.287912 0.495786 -6.485581 -0.030155 
1152 5.454095 0.000000 0.145939 101.287912 0.495786 -6.485581 -0.030155 
1153 5.601585 0.000000 0.145939 101.244617 0.538628 -8.050073 -0.031557 
1154 5.454095 0.000000 0.290302 101.287912 0.495786 -6.485581 -0.030155 
1155 4.790391 0.000000 0.073757 101.307321 0.450427 -5.495675 -0.029358 
1156 4.864136 0.000000 0.073757 101.307321 0.450427 -5.495675 -0.029358 
1157 4.790391 0.000000 0.145939 101.307321 0.450427 -5.495675 -0.029358 
1158 4.937881 0.000000 0.073757 101.307321 0.450427 -5.495675 -0.029358 
1159 5.011626 0.000000 0.073757 101.307321 0.450427 -5.495675 -0.029358 
1160 4.937881 0.000000 0.145939 101.307321 0.450427 -5.495675 -0.029358 
1161 5.749075 0.000000 -0.431513 101.244617 0.538628 -8.050073 -0.031557 
1162 5.749075 0.000000 -0.575877 101.244617 0.538628 -8.050073 -0.031557 
1163 5.896565 0.000000 -0.431513 101.140110 0.579724 -10.243081 -0.033458 
1164 6.044055 0.000000 -0.431513 101.140110 0.579724 -10.243081 -0.033458 
1165 6.044055 0.000000 -0.575877 101.140110 0.579724 -10.243081 -0.033458 
1166 6.191545 0.000000 -0.431513 101.140110 0.579724 -10.243081 -0.033458 
1167 5.749075 0.000000 0.145939 101.244617 0.538628 -8.050073 -0.031557 
1168 5.896565 0.000000 0.145939 101.244617 0.538628 -8.050073 -0.031557 
1169 5.749075 0.000000 0.290302 101.244617 0.538628 -8.050073 -0.031557 
1170 6.044055 0.000000 0.145939 101.140110 0.579724 -10.243081 -0.033458 
1171 6.191545 0.000000 0.145939 101.140110 0.579724 -10.243081 -0.033458 
1172 6.044055 0.000000 0.290302 101.140110 0.579724 -10.243081 -0.033458 
1173 9.731302 0.000000 -1.730781 102.039253 5.312219 -1.729136 -0.044322 
1174 9.731302 0.000000 -2.308233 101.887798 5.239822 -1.267236 -0.041019 
1175 10.321261 0.000000 -1.730781 102.012432 5.489433 -1.572218 -0.043914 
1176 7.076484 0.000000 -0.864603 101.997401 5.101228 -3.805311 -0.044397 
1177 7.076484 0.000000 -1.153329 101.858050 4.525753 -3.291624 -0.040638 
1178 6.339034 0.000000 -0.142787 100.904786 0.619421 -12.893883 -0.034841 
1179 6.339034 0.000000 -0.287150 100.904786 0.619421 -12.893883 -0.034841 
1180 6.339034 0.000000 0.001576 100.904786 0.619421 -12.893883 -0.034841 
1181 7.076484 0.000000 0.290302 102.664134 -0.886223 -4.537769 -0.056130 
1182 7.371464 0.000000 0.290302 102.652701 -0.671279 -4.313251 -0.055663 
1183 7.076484 0.000000 0.579028 102.866596 -0.325194 -4.339054 -0.060047 
1184 7.666443 0.000000 0.290302 102.644583 -0.466874 -4.114173 -0.055305 
1185 7.961423 0.000000 0.290302 102.637919 -0.269804 -3.934885 -0.055010 
1186 7.666443 0.000000 0.579028 102.807841 0.015540 -4.006306 -0.058550 
1187 6.339034 0.000000 0.145939 100.904786 0.619421 -12.893883 -0.034841 
1188 6.486524 0.000000 0.145939 100.904786 0.619421 -12.893883 -0.034841 
1189 6.339034 0.000000 0.290302 100.904786 0.619421 -12.893883 -0.034841 
1190 6.634014 0.000000 0.145939 100.490069 0.658196 -15.695092 -0.034502 
1191 6.781504 0.000000 0.145939 99.915052 0.694099 -18.331833 -0.031956 
1192 6.634014 0.000000 0.290302 100.490069 0.658196 -15.695092 -0.034502 
1193 8.846362 0.000000 -0.864603 102.353364 6.311366 -3.029126 -0.052522 
1194 8.846362 0.000000 -1.153329 102.216760 5.444899 -2.556270 -0.048445 
1195 9.141342 0.000000 -0.864603 102.361003 6.409264 -2.863078 -0.052705 
1196 8.256403 0.000000 0.290302 102.631617 -0.093151 -3.773363 -0.054750 
1197 8.551383 0.000000 0.290302 102.615107 0.055934 -3.631255 -0.054305 
1198 8.256403 0.000000 0.579028 102.762680 0.331097 -3.733896 -0.057422 
1199 8.846362 0.000000 0.290302 102.594906 0.180763 -3.500681 -0.053800 
1200 9.141342 0.000000 0.290302 102.571776 0.284845 -3.380044 -0.053248 
1201 8.846362 0.000000 0.579028 102.706525 0.605420 -3.508167 -0.056130 
1202 13.861018 0.000000 -3.463138 101.372762 5.958134 0.647246 -0.031236 
1203 13.861018 0.000000 -4.618042 101.260679 5.790306 1.260195 -0.028884 
1204 15.040937 0.000000 -3.463138 101.164336 6.048458 0.784647 -0.027142 
1205 16.220856 0.000000 -3.463138 100.957290 6.098337 0.883695 -0.023034 
1206 16.220856 0.000000 -4.618042 100.877946 5.933944 1.502402 -0.021383 
1207 17.400775 0.000000 -3.463138 100.738628 6.124141 0.958549 -0.018670 
1208 10.911221 0.000000 -1.730781 101.957874 5.645657 -1.429571 -0.042933 
1209 10.911221 0.000000 -2.308233 101.828802 5.579478 -0.990393 -0.040122 
1210 11.501180 0.000000 -1.730781 101.885029 5.787643 -1.293845 -0.041573 
1211 12.091140 0.000000 -1.730781 101.792361 5.906475 -1.177001 -0.039796 
1212 12.091140 0.000000 -2.308233 101.683190 5.837921 -0.754459 -0.037412 
1213 12.681099 0.000000 -1.730781 101.687447 6.007704 -1.071934 -0.037758 
1214 9.436322 0.000000 -0.864603 102.351736 6.478682 -2.705648 -0.052517 
1215 9.436322 0.000000 -1.153329 102.228922 5.652064 -2.323546 -0.048810 
1216 9.731302 0.000000 -0.864603 102.334379 6.533590 -2.555203 -0.052154 
1217 10.026281 0.000000 -0.864603 102.304359 6.569774 -2.424696 -0.051522 
1218 10.026281 0.000000 -1.153329 102.196648 5.813476 -2.120803 -0.048245 
1219 10.321261 0.000000 -0.864603 102.267570 6.597232 -2.307696 -0.050750 
1220 9.436322 0.000000 0.290302 102.545691 0.372002 -3.268861 -0.052644 
1221 9.731302 0.000000 0.290302 102.515850 0.444399 -3.166707 -0.051973 
1222 9.436322 0.000000 0.579028 102.641302 0.841232 -3.313715 -0.054693 
1223 10.026281 0.000000 0.290302 102.481910 0.502976 -3.072702 -0.051224 
1224 10.321261 0.000000 0.290302 102.442958 0.549006 -2.985871 -0.050378 
1225 10.026281 0.000000 0.579028 102.563670 1.043780 -3.146192 -0.053029 
1226 10.616241 0.000000 -0.864603 102.226638 6.618476 -2.203606 -0.049895 
1227 10.616241 0.000000 -1.153329 102.140259 5.951155 -1.940247 -0.047181 
1228 10.911221 0.000000 -0.864603 102.180193 6.638603 -2.109699 -0.048931 
1229 11.206200 0.000000 -0.864603 102.129979 6.658434 -2.025106 -0.047897 
1230 11.206200 0.000000 -1.153329 102.057173 6.066842 -1.789035 -0.045567 
1231 11.501180 0.000000 -0.864603 102.076551 6.679143 -1.948336 -0.046803 
1232 10.616241 0.000000 0.290302 102.399790 0.582101 -2.906048 -0.049450 
1233 10.911221 0.000000 0.290302 102.351522 0.605346 -2.830990 -0.048421 
1234 10.616241 0.000000 0.579028 102.470059 1.217165 -3.001306 -0.051060 
1235 11.206200 0.000000 0.290302 102.298852 0.619334 -2.760823 -0.047306 
1236 11.501180 0.000000 0.290302 102.244297 0.618327 -2.699001 -0.046156 
1237 11.206200 0.000000 0.579028 102.360760 1.363569 -2.875602 -0.048785 
1238 13.271059 0.000000 -1.730781 101.597786 6.073873 -0.987457 -0.035998 
1239 13.271059 0.000000 -2.308233 101.508708 6.004157 -0.570217 -0.034039 
1240 13.861018 0.000000 -1.730781 101.477765 6.146074 -0.902658 -0.033633 
1241 14.450978 0.000000 -1.730781 101.418268 6.189311 -0.460594 -0.032418 
1242 14.450978 0.000000 -2.308233 101.368904 6.110888 -0.049282 -0.031300 
1243 15.040937 0.000000 -1.730781 101.291090 6.236596 -0.396052 -0.029894 
1244 11.796160 0.000000 -0.864603 102.020280 6.701010 -1.878039 -0.045657 
1245 11.796160 0.000000 -1.153329 101.957636 6.169243 -1.657242 -0.043617 
1246 12.091140 0.000000 -0.864603 101.961309 6.723813 -1.813140 -0.044461 
1247 12.386120 0.000000 -0.864603 101.899890 6.746868 -1.753050 -0.043218 
1248 12.386120 0.000000 -1.153329 101.845406 6.259890 -1.541357 -0.041405 
1249 12.681099 0.000000 -0.864603 101.836335 6.769495 -1.697450 -0.041935 
1250 11.796160 0.000000 0.290302 102.183720 0.619428 -2.636592 -0.044885 
1251 12.091140 0.000000 0.290302 102.119921 0.616250 -2.577081 -0.043550 
1252 11.796160 0.000000 0.579028 102.237177 1.487931 -2.764866 -0.046230 
1253 12.386120 0.000000 0.290302 102.053767 0.609123 -2.520412 -0.042169 
1254 12.681099 0.000000 0.290302 101.985942 0.597877 -2.467067 -0.040758 
1255 12.386120 0.000000 0.579028 102.103145 1.588580 -2.668364 -0.043470 
1256 12.976079 0.000000 -0.287150 101.916212 15.968633 -2.487578 -0.064810 
1257 12.976079 0.000000 -0.575877 101.822122 8.083002 -1.867355 -0.043657 
1258 12.976079 0.000000 0.001576 101.861483 -5.177412 -2.496882 -0.040880 
1259 24.480290 0.000000 -2.308233 100.025259 6.171661 0.176930 -0.004317 
1260 24.480290 0.000000 -4.618042 100.059781 5.950299 1.542630 -0.004975 
1261 26.840128 0.000000 -2.308233 99.939412 6.125624 0.143409 -0.002543 
1262 18.580694 0.000000 -3.463138 100.555876 6.167538 0.920964 -0.015037 
1263 18.580694 0.000000 -4.618042 100.536740 6.017563 1.523608 -0.014617 
1264 19.760613 0.000000 -3.463138 100.403071 6.151467 0.952500 -0.011952 
1265 15.630897 0.000000 -1.730781 101.167054 6.274964 -0.342318 -0.027427 
1266 15.630897 0.000000 -2.308233 101.133012 6.190996 0.070455 -0.026622 
1267 16.220856 0.000000 -1.730781 101.044090 6.302768 -0.297484 -0.024972 
1268 16.810816 0.000000 -1.730781 100.925446 6.322831 -0.261295 -0.022599 
1269 16.810816 0.000000 -2.308233 100.904719 6.233076 0.154405 -0.022064 
1270 17.400775 0.000000 -1.730781 100.789207 6.343003 -0.219777 -0.019875 
1271 14.745958 0.000000 -0.287150 101.456968 12.761303 -1.530148 -0.045871 
1272 14.745958 0.000000 -0.575877 101.437069 7.919374 -1.247666 -0.035375 
1273 14.745958 0.000000 0.001576 101.483805 -9.671128 -1.931740 -0.039623 
1274 12.976079 0.000000 0.290302 101.916489 0.582776 -2.417664 -0.039316 
1275 13.271059 0.000000 0.290302 101.845601 0.564317 -2.372250 -0.037847 
1276 12.976079 0.000000 0.579028 101.959384 1.678825 -2.580304 -0.040519 
1277 13.566039 0.000000 0.290302 101.773416 0.543193 -2.330810 -0.036356 
1278 13.861018 0.000000 0.290302 101.726374 0.501339 -2.296041 -0.035378 
1279 13.566039 0.000000 0.579028 101.809920 1.753166 -2.503883 -0.037460 
1280 14.155998 0.000000 0.290302 101.652078 0.478724 -2.261606 -0.033849 
1281 14.450978 0.000000 0.290302 101.577414 0.456345 -2.230686 -0.032316 
1282 14.155998 0.000000 0.579028 101.682947 1.796343 -2.440099 -0.034860 
1283 14.745958 0.000000 0.290302 101.492271 0.437699 -1.829821 -0.030422 
1284 15.040937 0.000000 0.290302 101.418026 0.418297 -1.806427 -0.028905 
1285 14.745958 0.000000 0.579028 101.507315 1.853862 -2.011336 -0.031122 
1286 15.335917 0.000000 0.290302 101.344304 0.400345 -1.786532 -0.027402 
1287 15.630897 0.000000 0.290302 101.273213 0.385036 -1.769885 -0.025954 
1288 15.335917 0.000000 0.579028 101.355058 1.897112 -1.966874 -0.028032 
1289 15.925877 0.000000 0.290302 101.201093 0.369018 -1.756344 -0.024488 
1290 16.220856 0.000000 0.290302 101.130066 0.353719 -1.745704 -0.023046 
1291 15.925877 0.000000 0.579028 101.207979 1.933507 -1.932246 -0.025053 
1292 17.990735 0.000000 -1.730781 100.686156 6.347306 -0.219706 -0.017804 
1293 17.990735 0.000000 -2.308233 100.674304 6.258163 0.206851 -0.017452 
1294 18.580694 0.000000 -1.730781 100.588264 6.353026 -0.218518 -0.015841 
1295 16.515836 0.000000 -0.287150 101.029192 11.845065 -1.448128 -0.034930 
1296 16.515836 0.000000 -0.575877 101.025566 7.888088 -1.127634 -0.026966 
1297 16.515836 0.000000 0.001576 101.089110 -14.324377 -2.553781 -0.043072 
1298 16.515836 0.000000 0.290302 101.060281 0.338733 -1.737541 -0.021631 
1299 16.810816 0.000000 0.290302 100.992010 0.323560 -1.731391 -0.020249 
1300 16.515836 0.000000 0.579028 101.064073 1.960336 -1.906415 -0.022142 
1301 17.105796 0.000000 0.290302 100.928957 0.303437 -1.730233 -0.018974 
1302 17.400775 0.000000 0.290302 100.864730 0.286389 -1.727616 -0.017676 
1303 17.105796 0.000000 0.579028 100.926980 1.979006 -1.887871 -0.019374 
1304 17.695755 0.000000 0.290302 100.777568 0.276027 -1.724575 -0.015917 
1305 17.990735 0.000000 0.290302 100.718944 0.254328 -1.725497 -0.014735 
1306 17.695755 0.000000 0.579028 100.776892 1.994572 -1.875881 -0.016348 
1307 45.718832 0.000000 -13.857278 99.964024 3.648011 1.939367 -0.000988 
1308 45.718832 0.000000 -18.476896 99.988150 2.441380 1.898768 -0.000720 
1309 50.438508 0.000000 -13.857278 99.965957 3.623670 1.913999 -0.000999 
1310 55.158184 0.000000 -13.857278 99.967387 3.594565 1.894898 -0.000999 
1311 55.158184 0.000000 -18.476896 99.985290 2.410387 1.866128 -0.000635 
1312 59.877860 0.000000 -13.857278 99.972587 3.571809 1.878409 -0.001080 
1313 57.518022 0.000000 2.311385 100.016140 2.392258 -3.355720 -0.002021 
1314 57.518022 0.000000 0.001576 99.990795 6.806399 -1.665379 -0.004726 
1315 57.518022 0.000000 4.621194 100.047382 1.353834 -5.327884 -0.003970 
1316 88.195917 0.000000 -27.716132 99.987427 1.058066 1.957349 -0.000244 
1317 88.195917 0.000000 -36.955368 99.990983 0.556021 2.031063 -0.000263 
1318 97.635269 0.000000 -27.716132 99.985849 1.044732 1.954555 -0.000208 
1319 107.074622 0.000000 -27.716132 99.984757 1.031267 1.952912 -0.000183 
1320 107.074622 0.000000 -36.955368 99.986430 0.546072 2.025685 -0.000169 
1321 116.513974 0.000000 -27.716132 99.983972 1.017804 1.952095 -0.000164 
1322 64.597536 0.000000 -13.857278 99.974360 3.546171 1.865380 -0.001093 
1323 64.597536 0.000000 -18.476896 99.984015 2.375689 1.845609 -0.000585 
1324 69.317213 0.000000 -13.857278 99.975904 3.520472 1.854639 -0.001101 
1325 74.036889 0.000000 -13.857278 99.977206 3.494748 1.845657 -0.001106 
1326 74.036889 0.000000 -18.476896 99.983647 2.340084 1.832742 -0.000556 
1327 78.756565 0.000000 -13.857278 99.978291 3.469036 1.838046 -0.001107 
1328 83.476241 0.000000 -13.857278 99.979192 3.443358 1.831520 -0.001105 
1329 83.476241 0.000000 -18.476896 99.983625 2.304190 1.824564 -0.000536 
1330 88.195917 0.000000 -13.857278 99.979940 3.417728 1.825862 -0.001100 
1331 92.915593 0.000000 -13.857278 99.980563 3.392160 1.820910 -0.001094 
1332 92.915593 0.000000 -18.476896 99.983684 2.268416 1.819405 -0.000519 
1333 97.635269 0.000000 -13.857278 99.981084 3.366664 1.816540 -0.001085 
1334 125.953326 0.000000 -27.716132 99.983390 1.004418 1.951877 -0.000150 
1335 125.953326 0.000000 -36.955368 99.984017 0.535245 2.022644 -0.000118 
1336 135.392678 0.000000 -27.716132 99.982945 0.991156 1.952099 -0.000138 
1337 144.832030 0.000000 -27.716132 99.982598 0.978046 1.952648 -0.000129 
1338 144.832030 0.000000 -36.955368 99.982628 0.524199 2.021017 -0.000089 
1339 154.271383 0.000000 -27.716132 99.982319 0.965106 1.953442 -0.000121 
1340 102.354945 0.000000 -13.857278 99.981521 3.341248 1.812655 -0.001075 
1341 102.354945 0.000000 -18.476896 99.983743 2.232948 1.816262 -0.000503 
1342 107.074622 0.000000 -13.857278 99.981891 3.315921 1.809181 -0.001065 
1343 111.794298 0.000000 -13.857278 99.982204 3.290689 1.806059 -0.001053 
1344 111.794298 0.000000 -18.476896 99.983783 2.197886 1.814514 -0.000488 
1345 116.513974 0.000000 -13.857278 99.982472 3.265559 1.803240 -0.001041 
1346 121.233650 0.000000 -13.857278 99.982701 3.240536 1.800686 -0.001028 
1347 121.233650 0.000000 -18.476896 99.983803 2.163287 1.813767 -0.000473 
1348 125.953326 0.000000 -13.857278 99.982899 3.215626 1.798368 -0.001015 
1349 130.673002 0.000000 -13.857278 99.983070 3.190832 1.796258 -0.001002 
1350 130.673002 0.000000 -18.476896 99.983805 2.129185 1.813758 -0.000458 
1351 135.392678 0.000000 -13.857278 99.983219 3.166159 1.794336 -0.000989 
1352 123.593488 0.000000 2.311385 100.062553 -0.447974 -2.549930 -0.001922 
1353 123.593488 0.000000 0.001576 100.028188 5.963434 -0.744414 -0.004176 
1354 123.593488 0.000000 4.621194 100.095765 2.130832 -4.295668 -0.004216 
1355 140.112354 0.000000 -13.857278 99.983349 3.141611 1.792585 -0.000975 
1356 140.112354 0.000000 -18.476896 99.983792 2.095599 1.814309 -0.000444 
1357 144.832030 0.000000 -13.857278 99.983462 3.117192 1.790989 -0.000962 
1358 149.551707 0.000000 -13.857278 99.983562 3.092903 1.789537 -0.000948 
1359 149.551707 0.000000 -18.476896 99.983769 2.062543 1.815293 -0.000430 
1360 154.271383 0.000000 -13.857278 99.983649 3.068749 1.788217 -0.000935 
1361 -110.030480 0.000000 -110.869255 99.991135 0.016732 1.935188 -0.000197 
1362 -147.787889 0.000000 -110.869255 99.987234 0.011079 1.935144 -0.000119 
1363 -110.030480 0.000000 -147.826199 99.989875 0.016633 1.937988 -0.000173 
1364 -53.394366 0.000000 -55.433840 100.011192 0.016439 1.920119 -0.000593 
1365 -72.273071 0.000000 -55.433840 99.999485 0.009384 1.922071 -0.000359 
1366 -53.394366 0.000000 -73.912312 100.009323 0.013434 1.931239 -0.000559 
1367 -25.076310 0.000000 -27.716132 100.050307 0.075499 1.850258 -0.001349 
1368 -34.515662 0.000000 -27.716132 100.022911 0.041825 1.866011 -0.000807 
1369 -25.076310 0.000000 -36.955368 100.055663 0.066766 1.889441 -0.001471 
1370 -10.917281 0.000000 -13.857278 100.197931 0.315524 1.462661 -0.004186 
1371 -15.636957 0.000000 -13.857278 100.114010 0.179064 1.540035 -0.002522 
1372 -10.917281 0.000000 -18.476896 100.231857 0.314470 1.598470 -0.004908 
1373 -3.837767 0.000000 -6.927851 100.299467 0.528154 1.116725 -0.006151 
1374 -6.197605 0.000000 -6.927851 100.176034 0.292469 1.158168 -0.003666 
1375 -3.837767 0.000000 -9.237660 100.378673 0.628179 1.225872 -0.007778 
1376 -0.298010 0.000000 -3.463138 99.778298 0.810393 1.054357 0.004252 
1377 -1.477929 0.000000 -3.463138 100.059991 0.479923 0.979784 -0.001319 
1378 -0.298010 0.000000 -4.618042 99.969093 1.004308 1.012072 0.000415 
1379 1.471868 0.000000 -1.730781 101.118673 -0.001424 2.682927 -0.023218 
1380 0.881909 0.000000 -1.730781 100.998952 -0.065283 2.632873 -0.020772 
1381 1.471868 0.000000 -2.308233 100.998952 -0.065283 2.632873 -0.020772 
1382 2.946767 0.000000 -0.864603 101.125372 0.180185 -1.356451 -0.022821 
1383 2.651788 0.000000 -0.864603 101.125372 0.180185 -1.356451 -0.022821 
1384 2.946767 0.000000 -1.153329 101.125372 0.180185 -1.356451 -0.022821 
1385 -2.657848 0.000000 -3.463138 100.121945 0.278279 1.010073 -0.002550 
1386 -3.837767 0.000000 -3.463138 100.150953 0.155529 1.033277 -0.003131 
1387 -2.657848 0.000000 -4.618042 100.194384 0.450917 0.981243 -0.004008 
1388 0.291949 0.000000 -1.730781 100.943423 -0.090058 2.782773 -0.019733 
1389 -0.298010 0.000000 -1.730781 100.884098 -0.108003 3.152126 -0.018755 
1390 0.291949 0.000000 -2.308233 100.884098 -0.108003 3.152126 -0.018755 
1391 4.790391 0.000000 -0.214969 101.307321 0.450427 -5.495675 -0.029358 
1392 4.790391 0.000000 -0.287150 101.307321 0.450427 -5.495675 -0.029358 
1393 4.864136 0.000000 -0.214969 101.307321 0.450427 -5.495675 -0.029358 
1394 4.937881 0.000000 -0.214969 101.307321 0.450427 -5.495675 -0.029358 
1395 4.937881 0.000000 -0.287150 101.307321 0.450427 -5.495675 -0.029358 
1396 5.011626 0.000000 -0.214969 101.307321 0.450427 -5.495675 -0.029358 
1397 6.339034 0.000000 -0.431513 100.904786 0.619421 -12.893883 -0.034841 
1398 6.339034 0.000000 -0.575877 100.904786 0.619421 -12.893883 -0.034841 
1399 6.486524 0.000000 -0.431513 100.490069 0.658196 -15.695092 -0.034502 
1400 6.634014 0.000000 -0.431513 100.490069 0.658196 -15.695092 -0.034502 
1401 6.634014 0.000000 -0.575877 99.915052 0.694099 -18.331833 -0.031956 
1402 6.781504 0.000000 -0.431513 99.915052 0.694099 -18.331833 -0.031956 
1403 12.976079 0.000000 -0.864603 101.770944 6.791248 -1.646012 -0.040616 
1404 12.976079 0.000000 -1.153329 101.723530 6.338290 -1.439300 -0.038992 
1405 13.271059 0.000000 -0.864603 101.704237 6.811852 -1.598477 -0.039271 
1406 13.566039 0.000000 -0.864603 101.661821 6.812159 -1.561335 -0.038397 
1407 13.566039 0.000000 -1.153329 101.620246 6.385914 -1.357408 -0.036930 
1408 13.861018 0.000000 -0.864603 101.593062 6.831697 -1.520190 -0.037013 
1409 24.480290 0.000000 -6.927851 100.100029 5.604992 2.236002 -0.005643 
1410 24.480290 0.000000 -9.237660 100.126721 5.071739 2.435663 -0.005702 
1411 26.840128 0.000000 -6.927851 100.015222 5.601200 2.198654 -0.003925 
1412 29.199966 0.000000 -2.308233 99.894323 6.086144 0.110219 -0.001593 
1413 29.199966 0.000000 -4.618042 99.921228 5.904144 1.467473 -0.002126 
1414 31.559804 0.000000 -2.308233 99.872559 6.051277 0.084339 -0.001115 
1415 14.155998 0.000000 -0.864603 101.524066 6.849864 -1.482062 -0.035625 
1416 14.155998 0.000000 -1.153329 101.488063 6.443549 -1.278247 -0.034298 
1417 14.450978 0.000000 -0.864603 101.490623 6.857219 -1.016027 -0.034840 
1418 14.745958 0.000000 -0.864603 101.417142 6.875036 -1.042401 -0.033379 
1419 14.745958 0.000000 -1.153329 101.398205 6.476673 -0.843246 -0.032425 
1420 15.040937 0.000000 -0.864603 101.347577 6.889830 -1.013309 -0.031983 
1421 15.335917 0.000000 -0.864603 101.280865 6.899041 -0.991190 -0.030639 
1422 15.335917 0.000000 -1.153329 101.263976 6.515930 -0.786047 -0.029747 
1423 15.630897 0.000000 -0.864603 101.214741 6.912884 -0.967840 -0.029315 
1424 15.925877 0.000000 -0.864603 101.147642 6.923850 -0.946720 -0.027968 
1425 15.925877 0.000000 -1.153329 101.134369 6.548305 -0.739524 -0.027159 
1426 16.220856 0.000000 -0.864603 101.081714 6.933471 -0.927996 -0.026645 
1427 16.515836 0.000000 -0.864603 101.017146 6.941779 -0.911557 -0.025348 
1428 16.515836 0.000000 -1.153329 101.007105 6.571890 -0.702000 -0.024612 
1429 16.810816 0.000000 -0.864603 100.954089 6.948642 -0.897179 -0.024082 
1430 17.105796 0.000000 -0.864603 100.892593 6.954075 -0.884754 -0.022846 
1431 17.105796 0.000000 -1.153329 100.885392 6.588764 -0.672826 -0.022173 
1432 17.400775 0.000000 -0.864603 100.808434 6.966026 -0.861993 -0.021161 
1433 17.695755 0.000000 -0.864603 100.750965 6.967877 -0.861193 -0.020005 
1434 17.695755 0.000000 -1.153329 100.746593 6.606388 -0.646473 -0.019394 
1435 17.990735 0.000000 -0.864603 100.695837 6.967670 -0.854096 -0.018893 
1436 33.919642 0.000000 -2.308233 99.873030 6.022858 0.060714 -0.001090 
1437 33.919642 0.000000 -4.618042 99.893089 5.863250 1.394387 -0.001495 
1438 36.279480 0.000000 -2.308233 99.871232 5.998280 -0.071500 -0.001025 
1439 2.356808 0.000000 -0.864603 101.125372 0.180185 -1.356451 -0.022821 
1440 2.061828 0.000000 -0.864603 101.125372 0.180185 -1.356451 -0.022821 
1441 2.356808 0.000000 -1.153329 101.125372 0.180185 -1.356451 -0.022821 
1442 -0.887970 0.000000 -1.730781 100.746527 -0.120700 4.573734 -0.017080 
1443 -1.477929 0.000000 -1.730781 100.522142 -0.092991 8.038289 -0.016932 
1444 -0.887970 0.000000 -2.308233 100.147968 -0.052016 12.776994 -0.019287 
1445 29.199966 0.000000 -6.927851 99.961265 5.591917 2.157230 -0.002818 
1446 29.199966 0.000000 -9.237660 100.003708 5.083464 2.354078 -0.003212 
1447 31.559804 0.000000 -6.927851 99.935365 5.579902 2.112374 -0.002267 
1448 33.919642 0.000000 -6.927851 99.923248 5.566375 2.070344 -0.001993 
1449 33.919642 0.000000 -9.237660 99.967600 5.066214 2.279844 -0.002439 
1450 36.279480 0.000000 -6.927851 99.896230 5.548286 1.922685 -0.001374 
1451 38.639318 0.000000 -2.308233 99.888784 5.981572 -0.068088 -0.001355 
1452 38.639318 0.000000 -4.618042 99.888953 5.829801 1.243052 -0.001333 
1453 40.999156 0.000000 -2.308233 99.902763 5.966783 -0.059568 -0.001617 
1454 43.358994 0.000000 -2.308233 99.915412 5.955118 -0.047818 -0.001856 
1455 43.358994 0.000000 -4.618042 99.909158 5.806797 1.236539 -0.001709 
1456 45.718832 0.000000 -2.308233 99.927059 5.945648 -0.033261 -0.002077 
1 19 21 3 22 
2 20 19 22 9 
3 28 20 9 30 
4 29 28 30 4 
5 35 37 19 38 
6 36 35 38 20 
7 44 36 20 46 
8 45 44 46 28 
9 51 53 35 54 
10 52 51 54 36 
11 60 52 36 62 
12 61 60 62 44 
13 67 69 51 70 
14 68 67 70 52 
15 76 68 52 78 
16 77 76 78 60 
17 83 85 67 86 
18 84 83 86 68 
19 92 84 68 94 
20 93 92 94 76 
21 99 101 83 102 
22 100 99 102 84 
23 108 100 84 110 
24 109 108 110 92 
25 115 117 99 118 
26 116 115 118 100 
27 152 116 100 154 
28 153 152 154 108 
29 155 157 115 158 
30 156 155 158 116 
31 164 156 116 167 
32 165 164 167 152 
33 5 170 168 169 
34 170 123 171 168 
35 168 171 155 172 
36 169 168 172 156 
37 6 175 173 174 
38 175 18 45 173 
39 173 45 28 176 
40 174 173 176 29 
41 18 179 177 178 
42 179 34 61 177 
43 177 61 44 180 
44 178 177 180 45 
45 34 183 181 182 
46 183 50 77 181 
47 181 77 60 184 
48 182 181 184 61 
49 50 187 185 186 
50 187 66 93 185 
51 185 93 76 188 
52 186 185 188 77 
53 66 191 189 190 
54 189 109 92 192 
55 190 189 192 93 
56 193 153 108 196 
57 194 193 196 109 
58 98 199 197 198 
59 199 114 165 197 
60 197 165 152 200 
61 198 197 200 153 
62 114 206 204 205 
63 206 166 207 204 
64 204 207 164 208 
65 205 204 208 165 
66 16 211 209 210 
67 211 15 32 209 
68 209 32 18 175 
69 210 209 175 6 
70 32 214 212 213 
71 214 31 48 212 
72 212 48 34 179 
73 213 212 179 18 
74 48 217 215 216 
75 217 47 64 215 
76 215 64 50 183 
77 216 215 183 34 
78 64 220 218 219 
79 220 63 80 218 
80 218 80 66 187 
81 219 218 187 50 
82 80 223 221 222 
83 222 221 191 66 
84 112 229 227 228 
85 229 111 202 227 
86 227 202 114 199 
87 228 227 199 98 
88 224 232 230 231 
89 232 112 228 230 
90 234 198 153 236 
91 235 234 236 193 
92 230 239 237 238 
93 239 228 240 237 
94 237 240 98 241 
95 221 244 242 243 
96 244 96 225 242 
97 242 225 82 245 
98 243 242 245 191 
99 225 248 246 247 
100 248 224 231 246 
101 247 246 249 82 
102 231 252 250 251 
103 252 230 238 250 
104 241 98 256 254 
105 254 256 198 257 
106 255 254 257 234 
107 238 260 258 259 
108 260 237 261 258 
109 258 261 241 262 
110 259 258 262 233 
111 191 245 263 264 
112 245 82 194 263 
113 263 194 109 265 
114 264 263 265 189 
115 82 249 266 267 
116 266 235 193 268 
117 267 266 268 194 
118 269 255 234 271 
119 270 269 271 235 
120 274 233 275 272 
121 272 275 255 276 
122 273 272 276 269 
123 249 279 277 278 
124 279 195 270 277 
125 277 270 235 280 
126 278 277 280 266 
127 195 283 281 282 
128 283 253 273 281 
129 281 273 269 284 
130 282 281 284 270 
131 250 287 285 286 
132 287 238 259 285 
133 285 259 233 274 
134 286 285 274 253 
135 253 290 288 289 
136 290 274 291 288 
137 288 291 272 292 
138 289 288 292 273 
139 120 295 293 294 
140 295 119 160 293 
141 293 160 123 170 
142 294 293 170 5 
143 296 297 21 298 
144 37 296 298 19 
145 299 300 37 301 
146 53 299 301 35 
147 302 303 53 304 
148 69 302 304 51 
149 305 306 69 307 
150 85 305 307 67 
151 308 309 85 310 
152 101 308 310 83 
153 311 312 101 313 
154 117 311 313 99 
155 314 315 117 316 
156 157 314 316 115 
157 317 318 157 319 
158 171 317 319 155 
159 160 322 320 321 
160 321 320 324 123 
161 123 324 333 334 
162 333 335 317 336 
163 334 333 336 171 
164 320 339 337 338 
165 339 323 340 337 
166 337 340 163 341 
167 338 337 341 324 
168 342 343 314 344 
169 318 342 344 157 
170 345 346 318 347 
171 335 345 347 317 
172 352 354 345 355 
173 353 352 355 335 
174 340 358 356 357 
175 357 356 360 163 
176 7 363 361 362 
177 363 12 364 361 
178 361 364 10 25 
179 362 361 25 11 
180 11 367 365 366 
181 367 25 368 365 
182 365 368 23 41 
183 366 365 41 24 
184 24 371 369 370 
185 371 41 372 369 
186 369 372 39 57 
187 370 369 57 40 
188 40 375 373 374 
189 375 57 376 373 
190 373 376 55 73 
191 374 373 73 56 
192 56 379 377 378 
193 379 73 380 377 
194 377 380 71 89 
195 378 377 89 72 
196 72 383 381 382 
197 383 89 384 381 
198 381 384 87 105 
199 382 381 105 88 
200 88 387 385 386 
201 387 105 388 385 
202 385 388 103 121 
203 386 385 121 104 
204 121 391 389 390 
205 391 103 392 389 
206 389 392 122 161 
207 390 389 161 119 
208 161 395 393 394 
209 395 122 396 393 
210 393 396 162 330 
211 394 393 330 159 
212 159 399 397 398 
213 399 330 400 397 
214 397 400 329 349 
215 398 397 349 323 
216 323 403 401 402 
217 403 349 404 401 
218 401 404 348 358 
219 402 401 358 340 
220 410 331 411 409 
221 409 411 107 412 
222 414 350 415 413 
223 413 415 332 416 
224 358 419 417 418 
225 419 348 420 417 
226 418 417 421 356 
227 349 423 422 404 
228 423 329 424 422 
229 422 424 350 414 
230 404 422 414 348 
231 348 426 425 420 
232 426 414 427 425 
233 425 427 413 428 
234 420 425 428 359 
235 324 341 429 430 
236 341 163 353 429 
237 429 353 335 431 
238 430 429 431 333 
239 163 360 432 433 
240 360 351 434 432 
241 432 434 352 435 
242 433 432 435 353 
243 356 421 436 437 
244 421 359 438 436 
245 436 438 351 439 
246 437 436 439 360 
247 417 442 440 441 
248 442 420 443 440 
249 440 443 359 444 
250 441 440 444 421 
251 445 446 342 447 
252 346 445 447 318 
253 412 107 449 448 
254 448 449 346 450 
255 354 448 450 345 
256 350 452 451 415 
257 452 409 453 451 
258 451 453 412 454 
259 415 451 454 332 
260 331 456 455 411 
261 456 405 457 455 
262 455 457 408 458 
263 411 455 458 107 
264 405 472 471 457 
265 472 407 473 471 
266 471 473 328 474 
267 457 471 474 408 
268 475 476 311 477 
269 315 475 477 117 
270 478 479 315 480 
271 343 478 480 314 
272 327 482 481 469 
273 482 463 483 481 
274 481 483 466 484 
275 469 481 484 151 
276 485 486 343 487 
277 446 485 487 342 
278 467 490 488 489 
279 490 469 491 488 
280 488 491 151 492 
281 489 488 492 470 
282 463 498 497 483 
283 498 465 499 497 
284 497 499 91 500 
285 483 497 500 466 
286 501 502 475 503 
287 479 501 503 315 
288 465 505 504 499 
289 505 493 506 504 
290 504 506 496 507 
291 499 504 507 91 
292 493 521 520 506 
293 521 495 522 520 
294 520 522 462 523 
295 506 520 523 496 
296 524 525 308 526 
297 312 524 526 101 
298 527 528 312 529 
299 476 527 529 311 
300 461 531 530 518 
301 531 512 532 530 
302 530 532 515 533 
303 518 530 533 147 
304 534 535 476 536 
305 502 534 536 475 
306 516 539 537 538 
307 539 518 540 537 
308 537 540 147 541 
309 538 537 541 519 
310 547 514 548 546 
311 546 548 75 549 
312 532 546 549 515 
313 89 551 550 384 
314 551 71 552 550 
315 550 552 90 145 
316 384 550 145 87 
317 145 555 553 554 
318 555 90 556 553 
319 553 556 146 513 
320 554 553 513 144 
321 513 559 557 558 
322 559 146 560 557 
323 557 560 514 547 
324 558 557 547 512 
325 512 563 561 562 
326 563 547 564 561 
327 561 564 546 565 
328 562 561 565 532 
329 566 567 524 568 
330 528 566 568 312 
331 514 570 569 548 
332 569 571 545 572 
333 548 569 572 75 
334 73 574 573 380 
335 574 55 575 573 
336 573 575 74 141 
337 380 573 141 71 
338 71 577 576 552 
339 577 141 578 576 
340 576 578 140 509 
341 552 576 509 90 
342 90 580 579 556 
343 580 509 581 579 
344 579 581 508 543 
345 556 579 543 146 
346 146 583 582 560 
347 583 543 584 582 
348 582 584 542 570 
349 560 582 570 514 
350 542 598 597 571 
351 598 544 599 597 
352 597 599 511 600 
353 571 597 600 545 
354 570 603 601 602 
355 603 542 604 601 
356 601 604 571 605 
357 602 601 605 569 
358 606 607 305 608 
359 309 606 608 85 
360 609 610 309 611 
361 525 609 611 308 
362 612 613 525 614 
363 567 612 614 524 
364 544 616 615 599 
365 616 593 617 615 
366 615 617 596 618 
367 599 615 618 511 
368 593 624 623 617 
369 624 595 625 623 
370 623 625 143 626 
371 617 623 626 596 
372 627 628 609 629 
373 613 627 629 525 
374 595 631 630 625 
375 631 619 632 630 
376 630 632 622 633 
377 625 630 633 143 
378 619 643 642 632 
379 643 621 644 642 
380 642 644 592 645 
381 632 642 645 622 
382 646 647 606 648 
383 610 646 648 309 
384 649 650 610 651 
385 628 649 651 609 
386 621 653 652 644 
387 653 638 654 652 
388 652 654 641 655 
389 644 652 655 592 
390 638 661 660 654 
391 661 640 662 660 
392 660 662 59 663 
393 654 660 663 641 
394 669 138 670 668 
395 668 670 43 671 
396 680 681 646 682 
397 650 680 682 610 
398 656 685 683 684 
399 685 658 686 683 
400 683 686 637 687 
401 684 683 687 659 
402 688 689 302 690 
403 306 688 690 69 
404 671 43 692 691 
405 691 692 306 693 
406 607 691 693 305 
407 694 695 607 696 
408 647 694 696 606 
409 697 698 647 699 
410 681 697 699 646 
411 658 701 700 686 
412 701 676 702 700 
413 700 702 679 703 
414 686 700 703 637 
415 708 709 694 710 
416 698 708 710 647 
417 678 713 711 712 
418 713 704 714 711 
419 711 714 707 715 
420 712 711 715 588 
421 717 668 718 716 
422 716 718 671 719 
423 704 725 724 714 
424 725 706 726 724 
425 724 726 675 727 
426 714 724 727 707 
427 719 671 729 728 
428 728 729 691 730 
429 695 728 730 607 
430 732 716 733 731 
431 731 733 719 734 
432 735 736 695 737 
433 709 735 737 694 
434 720 740 738 739 
435 740 722 741 738 
436 738 741 139 742 
437 739 738 742 723 
438 734 719 744 743 
439 743 744 728 745 
440 736 743 745 695 
441 722 747 746 741 
442 747 731 748 746 
443 746 748 734 749 
444 741 746 749 139 
445 43 751 750 692 
446 751 667 752 750 
447 750 752 688 753 
448 692 750 753 306 
449 754 756 299 757 
450 303 754 757 53 
451 758 760 303 761 
452 689 758 761 302 
453 667 763 762 752 
454 763 135 764 762 
455 762 764 689 765 
456 752 762 765 688 
457 770 134 771 769 
458 135 773 772 764 
459 773 759 774 772 
460 772 774 758 775 
461 764 772 775 689 
462 776 778 754 779 
463 760 776 779 303 
464 759 781 780 774 
465 781 27 782 780 
466 780 782 760 783 
467 774 780 783 758 
468 134 785 784 771 
469 785 766 786 784 
470 784 786 755 777 
471 27 788 787 782 
472 788 777 789 787 
473 787 789 776 790 
474 782 787 790 760 
475 791 793 296 794 
476 300 791 794 37 
477 795 797 300 798 
478 756 795 798 299 
479 799 801 756 802 
480 778 799 802 754 
481 777 804 803 789 
482 804 755 805 803 
483 803 805 778 806 
484 789 803 806 776 
485 766 814 813 786 
486 814 768 815 813 
487 813 815 131 800 
488 786 813 800 755 
489 755 817 816 805 
490 817 800 818 816 
491 816 818 799 819 
492 805 816 819 778 
493 820 822 795 823 
494 801 820 823 756 
495 768 825 824 815 
496 825 810 826 824 
497 824 826 796 821 
498 815 824 821 131 
499 131 829 827 828 
500 829 821 830 827 
501 827 830 820 831 
502 828 827 831 801 
503 832 834 791 835 
504 797 832 835 300 
505 836 838 797 839 
506 822 836 839 795 
507 821 841 840 830 
508 841 796 842 840 
509 840 842 822 843 
510 830 840 843 820 
511 810 848 847 826 
512 848 812 849 847 
513 847 849 14 837 
514 826 847 837 796 
515 796 851 850 842 
516 851 837 852 850 
517 850 852 836 853 
518 842 850 853 822 
519 854 856 832 857 
520 838 854 857 797 
521 837 859 858 852 
522 859 14 860 858 
523 858 860 838 861 
524 852 858 861 836 
525 812 863 862 849 
526 863 844 864 862 
527 862 864 833 855 
528 849 862 855 14 
529 14 866 865 860 
530 866 855 867 865 
531 865 867 854 868 
532 860 865 868 838 
533 869 871 297 872 
534 793 869 872 296 
535 873 875 793 876 
536 834 873 876 791 
537 877 879 834 880 
538 856 877 880 832 
539 855 882 881 867 
540 882 833 883 881 
541 881 883 856 884 
542 867 881 884 854 
543 844 892 891 864 
544 892 846 893 891 
545 891 893 792 878 
546 864 891 878 833 
547 833 895 894 883 
548 895 878 896 894 
549 894 896 877 897 
550 883 894 897 856 
551 898 900 873 901 
552 879 898 901 834 
553 878 903 902 896 
554 903 792 904 902 
555 902 904 879 905 
556 896 902 905 877 
557 846 907 906 893 
558 907 888 908 906 
559 906 908 874 899 
560 893 906 899 792 
561 792 910 909 904 
562 910 899 911 909 
563 909 911 898 912 
564 904 909 912 879 
565 913 915 869 916 
566 875 913 916 793 
567 917 919 875 920 
568 900 917 920 873 
569 899 922 921 911 
570 922 874 923 921 
571 921 923 900 924 
572 911 921 924 898 
573 888 929 928 908 
574 929 890 930 928 
575 928 930 127 918 
576 908 928 918 874 
577 874 932 931 923 
578 932 918 933 931 
579 931 933 917 934 
580 923 931 934 900 
581 935 937 913 938 
582 919 935 938 875 
583 918 940 939 933 
584 940 127 941 939 
585 939 941 919 942 
586 933 939 942 917 
587 890 944 943 930 
588 944 925 945 943 
589 943 945 914 936 
590 930 943 936 127 
591 127 947 946 941 
592 947 936 948 946 
593 946 948 935 949 
594 941 946 949 919 
595 950 952 871 953 
596 915 950 953 869 
597 954 956 915 957 
598 937 954 957 913 
599 925 962 961 945 
600 962 927 963 961 
601 961 963 870 955 
602 945 961 955 914 
603 914 966 964 965 
604 966 955 967 964 
605 964 967 954 968 
606 965 964 968 937 
607 969 971 950 972 
608 956 969 972 915 
609 955 974 973 967 
610 974 870 975 973 
611 973 975 956 976 
612 967 973 976 954 
613 927 978 977 963 
614 978 958 979 977 
615 977 979 951 970 
616 963 977 970 870 
617 870 981 980 975 
618 981 970 982 980 
619 980 982 969 983 
620 975 980 983 956 
621 984 986 952 987 
622 971 984 987 950 
623 970 989 988 982 
624 989 951 990 988 
625 988 990 971 991 
626 982 988 991 969 
627 958 993 992 979 
628 993 960 994 992 
629 992 994 8 985 
630 979 992 985 951 
631 951 996 995 990 
632 996 985 997 995 
633 995 997 984 998 
634 990 995 998 971 
635 985 1000 999 997 
636 1000 8 1001 999 
637 999 1001 986 1002 
638 997 999 1002 984 
639 12 1004 1003 364 
640 1004 2 1005 1003 
641 1003 1005 13 125 
642 364 1003 125 10 
643 17 1008 1006 1007 
644 1008 7 362 1006 
645 1006 362 11 33 
646 1007 1006 33 15 
647 25 1010 1009 368 
648 1010 10 1011 1009 
649 1009 1011 26 129 
650 368 1009 129 23 
651 33 1014 1012 1013 
652 1014 11 366 1012 
653 1012 366 24 49 
654 1013 1012 49 31 
655 41 1016 1015 372 
656 1016 23 1017 1015 
657 1015 1017 42 133 
658 372 1015 133 39 
659 49 1020 1018 1019 
660 1020 24 370 1018 
661 1018 370 40 65 
662 1019 1018 65 47 
663 57 1022 1021 376 
664 1022 39 1023 1021 
665 1021 1023 58 137 
666 376 1021 137 55 
667 65 1026 1024 1025 
668 1026 40 374 1024 
669 1024 374 56 81 
670 1025 1024 81 63 
671 81 1029 1027 1028 
672 1029 56 378 1027 
673 1027 378 72 97 
674 1028 1027 97 79 
675 97 1032 1030 1031 
676 1032 72 382 1030 
677 1030 382 88 113 
678 1031 1030 113 95 
679 105 1034 1033 388 
680 1034 87 1035 1033 
681 1033 1035 106 149 
682 388 1033 149 103 
683 113 1038 1036 1037 
684 1038 88 386 1036 
685 1036 386 104 203 
686 1037 1036 203 111 
687 104 1041 1039 1040 
688 1041 121 390 1039 
689 1039 390 119 295 
690 1040 1039 295 120 
691 10 1043 1042 1011 
692 1043 125 1044 1042 
693 1042 1044 124 808 
694 1011 1042 808 26 
695 125 1046 1045 1044 
696 1046 13 1047 1045 
697 1045 1047 126 886 
698 1044 1045 886 124 
699 23 1049 1048 1017 
700 1049 129 1050 1048 
701 1048 1050 128 767 
702 1017 1048 767 42 
703 129 1052 1051 1050 
704 1052 26 1053 1051 
705 1051 1053 130 811 
706 1050 1051 811 128 
707 39 1055 1054 1023 
708 1055 133 1056 1054 
709 1054 1056 132 665 
710 1023 1054 665 58 
711 133 1058 1057 1056 
712 1058 42 1059 1057 
713 1057 1059 134 770 
714 1056 1057 770 132 
715 55 1061 1060 575 
716 1061 137 1062 1060 
717 1060 1062 136 586 
718 575 1060 586 74 
719 137 1064 1063 1062 
720 1064 58 1065 1063 
721 1063 1065 138 669 
722 1062 1063 669 136 
723 141 1067 1066 578 
724 1067 74 1068 1066 
725 1066 1068 142 590 
726 578 1066 590 140 
727 87 1070 1069 1035 
728 1070 145 554 1069 
729 1069 554 144 460 
730 1035 1069 460 106 
731 103 1072 1071 392 
732 1072 149 1073 1071 
733 1071 1073 148 326 
734 392 1071 326 122 
735 149 1075 1074 1073 
736 1075 106 1076 1074 
737 1074 1076 150 464 
738 1073 1074 464 148 
739 119 1079 1077 1078 
740 1079 161 394 1077 
741 1077 394 159 322 
742 1078 1077 322 160 
743 166 1081 1080 207 
744 1081 5 169 1080 
745 1080 169 156 1082 
746 207 1080 1082 164 
747 201 1085 1083 1084 
748 1085 120 294 1083 
749 1083 294 5 1081 
750 1084 1083 1081 166 
751 202 1088 1086 1087 
752 1088 201 1084 1086 
753 1086 1084 166 206 
754 1087 1086 206 114 
755 246 1091 1089 1090 
756 1091 231 251 1089 
757 1089 251 195 279 
758 1090 1089 279 249 
759 251 1094 1092 1093 
760 1094 250 286 1092 
761 1092 286 253 283 
762 1093 1092 283 195 
763 233 262 1095 275 
764 262 241 1096 1095 
765 1095 1096 254 1097 
766 275 1095 1097 255 
767 322 1100 1098 1099 
768 1100 159 398 1098 
769 1098 398 323 339 
770 1099 1098 339 320 
771 122 1102 1101 396 
772 1102 326 1103 1101 
773 1101 1103 325 406 
774 396 1101 406 162 
775 326 1105 1104 1103 
776 1105 148 1106 1104 
777 1104 1106 327 468 
778 1103 1104 468 325 
779 330 1108 1107 400 
780 1108 162 1109 1107 
781 1107 1109 331 410 
782 400 1107 410 329 
783 351 416 1110 434 
784 416 332 1111 1110 
785 1110 1111 354 1112 
786 434 1110 1112 352 
787 162 1114 1113 1109 
788 1114 406 1115 1113 
789 1113 1115 405 456 
790 1109 1113 456 331 
791 406 1117 1116 1115 
792 1117 325 1118 1116 
793 1116 1118 407 472 
794 1115 1116 472 405 
795 329 1120 1119 424 
796 1120 410 1121 1119 
797 1119 1121 409 452 
798 424 1119 452 350 
799 359 428 1122 438 
800 428 413 1123 1122 
801 1122 1123 416 1124 
802 438 1122 1124 351 
803 107 458 1125 449 
804 458 408 1126 1125 
805 1125 1126 445 1127 
806 449 1125 1127 346 
807 408 474 1128 1126 
808 474 328 1129 1128 
809 1128 1129 446 1130 
810 1126 1128 1130 445 
811 332 454 1131 1111 
812 454 412 1132 1131 
813 1131 1132 448 1133 
814 1111 1131 1133 354 
815 106 1135 1134 1076 
816 1135 460 1136 1134 
817 1134 1136 459 494 
818 1076 1134 494 150 
819 460 1138 1137 1136 
820 1138 144 1139 1137 
821 1137 1139 461 517 
822 1136 1137 517 459 
823 148 1141 1140 1106 
824 1141 464 1142 1140 
825 1140 1142 463 482 
826 1106 1140 482 327 
827 464 1144 1143 1142 
828 1144 150 1145 1143 
829 1143 1145 465 498 
830 1142 1143 498 463 
831 407 1147 1146 473 
832 1147 467 489 1146 
833 1146 489 470 1148 
834 473 1146 1148 328 
835 151 484 1149 486 
836 484 466 1150 1149 
837 1149 1150 478 1151 
838 486 1149 1151 343 
839 466 500 1152 1150 
840 500 91 1153 1152 
841 1152 1153 479 1154 
842 1150 1152 1154 478 
843 328 1148 1155 1129 
844 1148 470 1156 1155 
845 1155 1156 485 1157 
846 1129 1155 1157 446 
847 470 492 1158 1156 
848 492 151 1159 1158 
849 1158 1159 486 1160 
850 1156 1158 1160 485 
851 150 1162 1161 1145 
852 1162 494 1163 1161 
853 1161 1163 493 505 
854 1145 1161 505 465 
855 494 1165 1164 1163 
856 1165 459 1166 1164 
857 1164 1166 495 521 
858 1163 1164 521 493 
859 91 507 1167 1153 
860 507 496 1168 1167 
861 1167 1168 501 1169 
862 1153 1167 1169 479 
863 496 523 1170 1168 
864 523 462 1171 1170 
865 1170 1171 502 1172 
866 1168 1170 1172 501 
867 509 1174 1173 581 
868 1174 140 1175 1173 
869 1173 1175 510 594 
870 581 1173 594 508 
871 144 1177 1176 1139 
872 1177 513 558 1176 
873 1176 558 512 531 
874 1139 1176 531 461 
875 495 1179 1178 522 
876 1179 516 538 1178 
877 1178 538 519 1180 
878 522 1178 1180 462 
879 147 533 1181 535 
880 533 515 1182 1181 
881 1181 1182 527 1183 
882 535 1181 1183 476 
883 515 549 1184 1182 
884 549 75 1185 1184 
885 1184 1185 528 1186 
886 1182 1184 1186 527 
887 462 1180 1187 1171 
888 1180 519 1188 1187 
889 1187 1188 534 1189 
890 1171 1187 1189 502 
891 519 541 1190 1188 
892 541 147 1191 1190 
893 1190 1191 535 1192 
894 1188 1190 1192 534 
895 543 1194 1193 584 
896 1194 508 1195 1193 
897 1193 1195 544 598 
898 584 1193 598 542 
899 75 572 1196 1185 
900 572 545 1197 1196 
901 1196 1197 566 1198 
902 1185 1196 1198 528 
903 545 600 1199 1197 
904 600 511 1200 1199 
905 1199 1200 567 1201 
906 1197 1199 1201 566 
907 74 1203 1202 1068 
908 1203 586 1204 1202 
909 1202 1204 585 635 
910 1068 1202 635 142 
911 586 1206 1205 1204 
912 1206 136 1207 1205 
913 1205 1207 587 673 
914 1204 1205 673 585 
915 140 1209 1208 1175 
916 1209 590 1210 1208 
917 1208 1210 589 620 
918 1175 1208 620 510 
919 590 1212 1211 1210 
920 1212 142 1213 1211 
921 1211 1213 591 639 
922 1210 1211 639 589 
923 508 1215 1214 1195 
924 1215 594 1216 1214 
925 1214 1216 593 616 
926 1195 1214 616 544 
927 594 1218 1217 1216 
928 1218 510 1219 1217 
929 1217 1219 595 624 
930 1216 1217 624 593 
931 511 618 1220 1200 
932 618 596 1221 1220 
933 1220 1221 612 1222 
934 1200 1220 1222 567 
935 596 626 1223 1221 
936 626 143 1224 1223 
937 1223 1224 613 1225 
938 1221 1223 1225 612 
939 510 1227 1226 1219 
940 1227 620 1228 1226 
941 1226 1228 619 631 
942 1219 1226 631 595 
943 620 1230 1229 1228 
944 1230 589 1231 1229 
945 1229 1231 621 643 
946 1228 1229 643 619 
947 143 633 1232 1224 
948 633 622 1233 1232 
949 1232 1233 627 1234 
950 1224 1232 1234 613 
951 622 645 1235 1233 
952 645 592 1236 1235 
953 1235 1236 628 1237 
954 1233 1235 1237 627 
955 142 1239 1238 1213 
956 1239 635 1240 1238 
957 1238 1240 634 657 
958 1213 1238 657 591 
959 635 1242 1241 1240 
960 1242 585 1243 1241 
961 1241 1243 636 677 
962 1240 1241 677 634 
963 589 1245 1244 1231 
964 1245 639 1246 1244 
965 1244 1246 638 653 
966 1231 1244 653 621 
967 639 1248 1247 1246 
968 1248 591 1249 1247 
969 1247 1249 640 661 
970 1246 1247 661 638 
971 592 655 1250 1236 
972 655 641 1251 1250 
973 1250 1251 649 1252 
974 1236 1250 1252 628 
975 641 663 1253 1251 
976 663 59 1254 1253 
977 1253 1254 650 1255 
978 1251 1253 1255 649 
979 640 1257 1256 662 
980 1257 656 684 1256 
981 1256 684 659 1258 
982 662 1256 1258 59 
983 138 1260 1259 670 
984 1260 664 1261 1259 
985 1259 1261 667 751 
986 670 1259 751 43 
987 136 1263 1262 1207 
988 1263 669 1264 1262 
989 1262 1264 668 717 
990 1207 1262 717 587 
991 585 1266 1265 1243 
992 1266 673 1267 1265 
993 1265 1267 672 705 
994 1243 1265 705 636 
995 673 1269 1268 1267 
996 1269 587 1270 1268 
997 1268 1270 674 721 
998 1267 1268 721 672 
999 676 1272 1271 702 
1000 1272 678 712 1271 
1001 1271 712 588 1273 
1002 702 1271 1273 679 
1003 59 1258 1274 1254 
1004 1258 659 1275 1274 
1005 1274 1275 680 1276 
1006 1254 1274 1276 650 
1007 659 687 1277 1275 
1008 687 637 1278 1277 
1009 1277 1278 681 1279 
1010 1275 1277 1279 680 
1011 637 703 1280 1278 
1012 703 679 1281 1280 
1013 1280 1281 697 1282 
1014 1278 1280 1282 681 
1015 679 1273 1283 1281 
1016 1273 588 1284 1283 
1017 1283 1284 698 1285 
1018 1281 1283 1285 697 
1019 588 715 1286 1284 
1020 715 707 1287 1286 
1021 1286 1287 708 1288 
1022 1284 1286 1288 698 
1023 707 727 1289 1287 
1024 727 675 1290 1289 
1025 1289 1290 709 1291 
1026 1287 1289 1291 708 
1027 587 1293 1292 1270 
1028 1293 717 1294 1292 
1029 1292 1294 716 732 
1030 1270 1292 732 674 
1031 706 1296 1295 726 
1032 1296 720 739 1295 
1033 1295 739 723 1297 
1034 726 1295 1297 675 
1035 675 1297 1298 1290 
1036 1297 723 1299 1298 
1037 1298 1299 735 1300 
1038 1290 1298 1300 709 
1039 723 742 1301 1299 
1040 742 139 1302 1301 
1041 1301 1302 736 1303 
1042 1299 1301 1303 735 
1043 139 749 1304 1302 
1044 749 734 1305 1304 
1045 1304 1305 743 1306 
1046 1302 1304 1306 736 
1047 42 1308 1307 1059 
1048 1308 767 1309 1307 
1049 1307 1309 766 785 
1050 1059 1307 785 134 
1051 767 1311 1310 1309 
1052 1311 128 1312 1310 
1053 1310 1312 768 814 
1054 1309 1310 814 766 
1055 800 1314 1313 818 
1056 1314 131 828 1313 
1057 1313 828 801 1315 
1058 818 1313 1315 799 
1059 26 1317 1316 1053 
1060 1317 808 1318 1316 
1061 1316 1318 807 845 
1062 1053 1316 845 130 
1063 808 1320 1319 1318 
1064 1320 124 1321 1319 
1065 1319 1321 809 889 
1066 1318 1319 889 807 
1067 128 1323 1322 1312 
1068 1323 811 1324 1322 
1069 1322 1324 810 825 
1070 1312 1322 825 768 
1071 811 1326 1325 1324 
1072 1326 130 1327 1325 
1073 1325 1327 812 848 
1074 1324 1325 848 810 
1075 130 1329 1328 1327 
1076 1329 845 1330 1328 
1077 1328 1330 844 863 
1078 1327 1328 863 812 
1079 845 1332 1331 1330 
1080 1332 807 1333 1331 
1081 1331 1333 846 892 
1082 1330 1331 892 844 
1083 124 1335 1334 1321 
1084 1335 886 1336 1334 
1085 1334 1336 885 926 
1086 1321 1334 926 809 
1087 886 1338 1337 1336 
1088 1338 126 1339 1337 
1089 1337 1339 887 959 
1090 1336 1337 959 885 
1091 807 1341 1340 1333 
1092 1341 889 1342 1340 
1093 1340 1342 888 907 
1094 1333 1340 907 846 
1095 889 1344 1343 1342 
1096 1344 809 1345 1343 
1097 1343 1345 890 929 
1098 1342 1343 929 888 
1099 809 1347 1346 1345 
1100 1347 926 1348 1346 
1101 1346 1348 925 944 
1102 1345 1346 944 890 
1103 926 1350 1349 1348 
1104 1350 885 1351 1349 
1105 1349 1351 927 962 
1106 1348 1349 962 925 
1107 936 1353 1352 948 
1108 1353 914 965 1352 
1109 1352 965 937 1354 
1110 948 1352 1354 935 
1111 885 1356 1355 1351 
1112 1356 959 1357 1355 
1113 1355 1357 958 978 
1114 1351 1355 978 927 
1115 959 1359 1358 1357 
1116 1359 887 1360 1358 
1117 1358 1360 960 993 
1118 1357 1358 993 958 
1119 1 1363 1361 1362 
1120 1363 17 1007 1361 
1121 1361 1007 15 211 
1122 1362 1361 211 16 
1123 15 1366 1364 1365 
1124 1366 33 1013 1364 
1125 1364 1013 31 214 
1126 1365 1364 214 32 
1127 31 1369 1367 1368 
1128 1369 49 1019 1367 
1129 1367 1019 47 217 
1130 1368 1367 217 48 
1131 47 1372 1370 1371 
1132 1372 65 1025 1370 
1133 1370 1025 63 220 
1134 1371 1370 220 64 
1135 63 1375 1373 1374 
1136 1375 81 1028 1373 
1137 1373 1028 79 223 
1138 1374 1373 223 80 
1139 79 1378 1376 1377 
1140 1378 97 1031 1376 
1141 1376 1031 95 226 
1142 1377 1376 226 96 
1143 95 1381 1379 1380 
1144 1381 113 1037 1379 
1145 1379 1037 111 229 
1146 1380 1379 229 112 
1147 203 1384 1382 1383 
1148 1384 104 1040 1382 
1149 1382 1040 120 1085 
1150 1383 1382 1085 201 
1151 223 1387 1385 1386 
1152 1387 79 1377 1385 
1153 1385 1377 96 244 
1154 1386 1385 244 221 
1155 226 1390 1388 1389 
1156 1390 95 1380 1388 
1157 1388 1380 112 232 
1158 1389 1388 232 224 
1159 325 1392 1391 1118 
1160 1392 468 1393 1391 
1161 1391 1393 467 1147 
1162 1118 1391 1147 407 
1163 468 1395 1394 1393 
1164 1395 327 1396 1394 
1165 1394 1396 469 490 
1166 1393 1394 490 467 
1167 459 1398 1397 1166 
1168 1398 517 1399 1397 
1169 1397 1399 516 1179 
1170 1166 1397 1179 495 
1171 517 1401 1400 1399 
1172 1401 461 1402 1400 
1173 1400 1402 518 539 
1174 1399 1400 539 516 
1175 591 1404 1403 1249 
1176 1404 657 1405 1403 
1177 1403 1405 656 1257 
1178 1249 1403 1257 640 
1179 657 1407 1406 1405 
1180 1407 634 1408 1406 
1181 1406 1408 658 685 
1182 1405 1406 685 656 
1183 58 1410 1409 1065 
1184 1410 665 1411 1409 
1185 1409 1411 664 1260 
1186 1065 1409 1260 138 
1187 664 1413 1412 1261 
1188 1413 666 1414 1412 
1189 1412 1414 135 763 
1190 1261 1412 763 667 
1191 634 1416 1415 1408 
1192 1416 677 1417 1415 
1193 1415 1417 676 701 
1194 1408 1415 701 658 
1195 677 1419 1418 1417 
1196 1419 636 1420 1418 
1197 1418 1420 678 1272 
1198 1417 1418 1272 676 
1199 636 1422 1421 1420 
1200 1422 705 1423 1421 
1201 1421 1423 704 713 
1202 1420 1421 713 678 
1203 705 1425 1424 1423 
1204 1425 672 1426 1424 
1205 1424 1426 706 725 
1206 1423 1424 725 704 
1207 672 1428 1427 1426 
1208 1428 721 1429 1427 
1209 1427 1429 720 1296 
1210 1426 1427 1296 706 
1211 721 1431 1430 1429 
1212 1431 674 1432 1430 
1213 1430 1432 722 740 
1214 1429 1430 740 720 
1215 674 1434 1433 1432 
1216 1434 732 1435 1433 
1217 1433 1435 731 747 
1218 1432 1433 747 722 
1219 666 1437 1436 1414 
1220 1437 769 1438 1436 
1221 1436 1438 759 773 
1222 1414 1436 773 135 
1223 111 1441 1439 1440 
1224 1441 203 1383 1439 
1225 1439 1383 201 1088 
1226 1440 1439 1088 202 
1227 96 1444 1442 1443 
1228 1444 226 1389 1442 
1229 1442 1389 224 248 
1230 1443 1442 248 225 
1231 665 1446 1445 1411 
1232 1446 132 1447 1445 
1233 1445 1447 666 1413 
1234 1411 1445 1413 664 
1235 132 1449 1448 1447 
1236 1449 770 1450 1448 
1237 1448 1450 769 1437 
1238 1447 1448 1437 666 
1239 769 1452 1451 1438 
1240 1452 771 1453 1451 
1241 1451 1453 27 781 
1242 1438 1451 781 759 
1243 771 1455 1454 1453 
1244 1455 784 1456 1454 
1245 1454 1456 777 788 
1246 1453 1454 788 27 
