2 0.000000 100.000000 5791.461216
1681 1459 
1 -147.787889 0.000000 -147.826199 99.701421 0.012873 7.747654 -0.000040 
2 154.271383 0.000000 -147.826199 99.701594 0.093725 7.757021 -0.000059 
3 154.271383 0.000000 147.829350 99.687914 -0.156736 7.812912 0.000125 
4 -147.787889 0.000000 147.829350 99.692689 -0.020582 7.750078 0.000130 
5 3.241747 0.000000 0.001576 104.737667 0.592152 -0.872551 -0.097109 
6 -147.787889 0.000000 0.001576 99.694232 -0.005646 7.744148 0.000109 
7 3.241747 0.000000 -147.826199 99.705832 0.005592 7.749562 -0.000131 
8 154.271383 0.000000 0.001576 99.373590 10.337011 11.878513 -0.012306 
9 3.241747 0.000000 147.829350 99.677719 -0.026193 7.774760 0.000390 
10 78.756565 0.000000 -73.912312 99.706092 0.122207 7.700419 -0.000062 
11 3.241747 0.000000 -73.912312 99.703894 0.069284 7.712941 -0.000036 
12 78.756565 0.000000 -147.826199 99.704152 0.082134 7.755727 -0.000108 
13 154.271383 0.000000 -73.912312 99.702717 0.278189 7.722694 -0.000035 
14 78.756565 0.000000 0.001576 99.324344 8.139618 12.038040 -0.007649 
15 -72.273071 0.000000 -73.912312 99.700562 0.002329 7.736853 -0.000006 
16 -147.787889 0.000000 -73.912312 99.699562 0.007435 7.745151 0.000001 
17 -72.273071 0.000000 -147.826199 99.703700 0.027304 7.748211 -0.000086 
18 -72.273071 0.000000 0.001576 99.666203 -0.018240 7.726502 0.000695 
19 78.756565 0.000000 73.915463 99.639257 -0.395536 8.065013 0.000682 
20 3.241747 0.000000 73.915463 99.591179 -0.173302 7.877569 0.001951 
21 154.271383 0.000000 73.915463 99.659422 -0.767206 8.157887 0.000086 
22 78.756565 0.000000 147.829350 99.681694 -0.126568 7.799923 0.000271 
23 40.999156 0.000000 -36.955368 99.688437 1.081648 7.275576 0.000811 
24 3.241747 0.000000 -36.955368 99.608165 0.568557 7.476174 0.002200 
25 40.999156 0.000000 -73.912312 99.706384 0.115711 7.701749 -0.000069 
26 78.756565 0.000000 -36.955368 99.722574 0.934628 7.302229 0.000121 
27 40.999156 0.000000 0.001576 99.403913 7.751564 8.340958 -0.001080 
28 -72.273071 0.000000 73.915463 99.666937 -0.023957 7.753422 0.000639 
29 -147.787889 0.000000 73.915463 99.691147 -0.017439 7.747461 0.000165 
30 -72.273071 0.000000 147.829350 99.685348 -0.041154 7.756490 0.000267 
31 -34.515662 0.000000 -36.955368 99.663244 0.042462 7.684621 0.000818 
32 -72.273071 0.000000 -36.955368 99.688416 -0.001810 7.727150 0.000251 
33 -34.515662 0.000000 -73.912312 99.701827 0.019786 7.727753 -0.000017 
34 -34.515662 0.000000 0.001576 99.525254 -0.089489 7.666684 0.003594 
35 40.999156 0.000000 36.958519 99.431041 -2.784052 8.765788 0.002888 
36 3.241747 0.000000 36.958519 99.236206 -1.170471 8.221917 0.008321 
37 78.756565 0.000000 36.958519 99.562968 -3.720179 8.850075 -0.000495 
38 40.999156 0.000000 73.915463 99.606827 -0.305364 7.997115 0.001443 
39 22.120451 0.000000 -18.476896 99.561764 5.884906 7.644461 -0.000561 
40 3.241747 0.000000 -18.476896 99.526118 2.900780 7.203490 0.003425 
41 22.120451 0.000000 -36.955368 99.639572 0.981828 7.336910 0.001716 
42 40.999156 0.000000 -18.476896 99.601041 5.751398 7.188983 -0.000513 
43 22.120451 0.000000 0.001576 100.088115 8.922498 6.321488 -0.013720 
44 -34.515662 0.000000 36.958519 99.548463 -0.146153 7.774455 0.002964 
45 -72.273071 0.000000 36.958519 99.657268 -0.029233 7.742068 0.000849 
46 -34.515662 0.000000 73.915463 99.630872 -0.066127 7.783118 0.001311 
47 -15.636957 0.000000 -18.476896 99.515809 0.373535 7.433365 0.004121 
48 -34.515662 0.000000 -18.476896 99.608355 0.014666 7.660319 0.001950 
49 -15.636957 0.000000 -36.955368 99.633196 0.183676 7.612445 0.001524 
50 -15.636957 0.000000 0.001576 99.298468 -0.370788 7.423061 0.008457 
51 22.120451 0.000000 18.480048 99.544497 -10.052134 3.745071 -0.002418 
52 3.241747 0.000000 18.480048 99.166316 -5.168477 7.105648 0.008884 
53 40.999156 0.000000 18.480048 99.896512 -11.609187 1.796256 -0.011731 
54 22.120451 0.000000 36.958519 99.297910 -2.130026 8.579594 0.006178 
55 12.681099 0.000000 -9.237660 101.264928 8.384244 11.336087 -0.045339 
56 3.241747 0.000000 -9.237660 100.426279 4.723607 7.863066 -0.016958 
57 12.681099 0.000000 -18.476896 99.642923 4.898739 7.520133 -0.000926 
58 22.120451 0.000000 -9.237660 99.452688 9.650020 12.719231 -0.014574 
59 12.681099 0.000000 0.001576 104.524066 12.034722 5.330487 -0.109853 
60 -15.636957 0.000000 18.480048 99.136221 -0.900944 7.704411 0.011184 
61 -34.515662 0.000000 18.480048 99.498490 -0.172134 7.729494 0.004028 
62 -15.636957 0.000000 36.958519 99.387776 -0.428049 7.897323 0.005952 
63 -6.197605 0.000000 -9.237660 99.379140 1.130960 7.360688 0.006833 
64 -15.636957 0.000000 -9.237660 99.390340 0.207438 7.395726 0.006682 
65 -6.197605 0.000000 -18.476896 99.454255 1.147023 7.267398 0.005472 
66 -6.197605 0.000000 0.001576 100.000499 -0.812833 7.670729 -0.005960 
67 12.681099 0.000000 9.240812 104.039538 -4.743393 -4.740945 -0.086920 
68 3.241747 0.000000 9.240812 103.137490 -6.437872 2.910584 -0.068726 
69 22.120451 0.000000 9.240812 100.882387 -3.199701 -6.939773 -0.023565 
70 12.681099 0.000000 18.480048 99.638724 -8.186193 5.310542 -0.002309 
71 7.961423 0.000000 -4.618042 103.417225 7.359364 8.067891 -0.081437 
72 3.241747 0.000000 -4.618042 100.505736 4.705740 6.826793 -0.017015 
73 7.961423 0.000000 -9.237660 101.384720 7.117167 9.359481 -0.041712 
74 12.681099 0.000000 -4.618042 102.826865 7.924338 10.479796 -0.074599 
75 7.961423 0.000000 0.001576 106.803294 -15.893532 -13.942364 -0.185394 
76 -6.197605 0.000000 9.240812 99.630521 -2.720171 7.026560 0.001699 
77 -15.636957 0.000000 9.240812 99.182840 -0.888832 7.513532 0.010552 
78 -6.197605 0.000000 18.480048 98.934737 -2.286406 7.676253 0.014777 
79 -1.477929 0.000000 -4.618042 99.577518 1.684876 7.863663 0.001964 
80 -6.197605 0.000000 -4.618042 99.487768 0.388049 7.548650 0.004505 
81 -1.477929 0.000000 -9.237660 99.599130 2.416785 7.417804 0.001915 
82 -1.477929 0.000000 0.001576 104.306712 -0.081128 4.670073 -0.090171 
83 7.961423 0.000000 4.621194 108.363640 -1.814871 -2.025317 -0.175007 
84 3.241747 0.000000 4.621194 108.059241 -4.206510 1.634618 -0.169717 
85 12.681099 0.000000 4.621194 105.508307 1.718130 -2.643012 -0.114194 
86 7.961423 0.000000 9.240812 104.766890 -6.601068 -1.299126 -0.102136 
87 5.601585 0.000000 -2.308233 103.035098 5.814663 3.406131 -0.066164 
88 3.241747 0.000000 -2.308233 104.888191 0.980148 -4.539919 -0.102310 
89 5.601585 0.000000 -4.618042 102.238782 6.283560 6.964170 -0.054075 
90 7.961423 0.000000 -2.308233 104.880026 6.992249 5.105962 -0.107478 
91 5.601585 0.000000 0.001576 104.989676 1.212276 -7.734314 -0.108412 
92 -1.477929 0.000000 4.621194 103.309083 -3.332411 6.141031 -0.072158 
93 -6.197605 0.000000 4.621194 100.162062 -2.027231 7.191220 -0.008826 
94 -1.477929 0.000000 9.240812 100.951393 -4.498788 5.841863 -0.024555 
95 0.881909 0.000000 -2.308233 104.221551 0.013701 2.965338 -0.087093 
96 -1.477929 0.000000 -2.308233 99.352651 0.800516 9.031848 0.004684 
97 0.881909 0.000000 -4.618042 99.484000 3.078333 7.543161 0.003656 
98 0.881909 0.000000 0.001576 104.353109 0.175363 2.462583 -0.089567 
99 5.601585 0.000000 2.311385 109.881551 -1.629060 -1.135444 -0.207790 
100 3.241747 0.000000 2.311385 104.888191 0.980148 -4.539919 -0.102310 
101 7.961423 0.000000 2.311385 108.428807 0.106455 -0.533862 -0.175710 
102 5.601585 0.000000 4.621194 108.745134 -3.434200 -0.719435 -0.183782 
103 4.421666 0.000000 -1.153329 104.888191 0.980148 -4.539919 -0.102310 
104 3.241747 0.000000 -1.153329 104.533256 0.679496 -3.220157 -0.093803 
105 4.421666 0.000000 -2.308233 104.989676 1.212276 -7.734314 -0.108412 
106 5.601585 0.000000 -1.153329 104.989676 1.212276 -7.734314 -0.108412 
107 4.421666 0.000000 0.001576 104.888191 0.980148 -4.539919 -0.102310 
108 0.881909 0.000000 2.311385 104.221551 0.013701 2.965338 -0.087093 
109 -1.477929 0.000000 2.311385 104.422425 -2.223726 7.996173 -0.097293 
110 0.881909 0.000000 4.621194 106.069744 -4.063332 4.410025 -0.128675 
111 2.061828 0.000000 -1.153329 104.588571 0.538277 -1.102220 -0.094027 
112 0.881909 0.000000 -1.153329 104.347908 0.133878 2.877036 -0.089678 
113 2.061828 0.000000 -2.308233 104.450109 0.201210 2.936007 -0.091849 
114 2.061828 0.000000 0.001576 104.597781 0.535795 -0.789478 -0.094161 
115 4.421666 0.000000 1.156480 104.888191 0.980148 -4.539919 -0.102310 
116 3.241747 0.000000 1.156480 104.533256 0.679496 -3.220157 -0.093803 
117 5.601585 0.000000 1.156480 104.989676 1.212276 -7.734314 -0.108412 
118 4.421666 0.000000 2.311385 104.989676 1.212276 -7.734314 -0.108412 
119 3.831707 0.000000 -0.575877 104.716688 0.819825 -3.725990 -0.098014 
120 3.241747 0.000000 -0.575877 104.588571 0.538277 -1.102220 -0.094027 
121 3.831707 0.000000 -1.153329 104.806396 0.898487 -4.084464 -0.100187 
122 4.421666 0.000000 -0.575877 104.888191 0.980148 -4.539919 -0.102310 
123 3.831707 0.000000 0.001576 104.828806 0.891154 -4.730787 -0.101225 
124 116.513974 0.000000 -36.955368 99.725818 0.766100 7.362689 -0.000003 
125 116.513974 0.000000 -73.912312 99.704808 0.112438 7.703584 -0.000041 
126 154.271383 0.000000 -36.955368 99.723516 0.631298 7.420454 -0.000024 
127 116.513974 0.000000 0.001576 99.266346 9.574723 13.165692 -0.011882 
128 59.877860 0.000000 -18.476896 99.703758 5.082155 6.938348 -0.001481 
129 59.877860 0.000000 -36.955368 99.712879 1.024455 7.278796 0.000331 
130 78.756565 0.000000 -18.476896 99.745811 4.431771 6.816933 -0.001534 
131 59.877860 0.000000 0.001576 99.389628 7.726188 10.453941 -0.004728 
132 31.559804 0.000000 -9.237660 99.107653 10.220409 12.345754 -0.007920 
133 31.559804 0.000000 -18.476896 99.520773 5.973736 7.389774 0.000532 
134 40.999156 0.000000 -9.237660 99.192821 10.317697 11.693948 -0.008242 
135 31.559804 0.000000 0.001576 99.415810 8.015989 7.299141 -0.000104 
136 17.400775 0.000000 -4.618042 100.953641 7.790411 11.970917 -0.039563 
137 17.400775 0.000000 -9.237660 100.231274 9.204394 12.428906 -0.028551 
138 22.120451 0.000000 -4.618042 99.588476 8.067311 12.481022 -0.013872 
139 17.400775 0.000000 0.001576 101.684769 9.974626 6.084818 -0.047631 
140 10.321261 0.000000 -2.308233 104.745434 7.537800 6.619864 -0.107225 
141 10.321261 0.000000 -4.618042 103.505846 7.832002 9.388260 -0.086294 
142 12.681099 0.000000 -2.308233 103.725385 7.720372 7.704170 -0.087791 
143 10.321261 0.000000 0.001576 106.349393 24.568833 4.994547 -0.193877 
144 6.781504 0.000000 -1.153329 105.401638 6.752359 1.976697 -0.115901 
145 6.781504 0.000000 -2.308233 104.293529 6.484351 4.207326 -0.093689 
146 7.961423 0.000000 -1.153329 105.827249 7.308717 3.185122 -0.126297 
147 6.781504 0.000000 0.001576 103.536665 1.470793 -18.243543 -0.105483 
148 5.011626 0.000000 -0.575877 104.955591 1.062853 -5.169778 -0.104353 
149 5.011626 0.000000 -1.153329 104.996180 1.140984 -6.152954 -0.106336 
150 5.601585 0.000000 -0.575877 104.989676 1.212276 -7.734314 -0.108412 
151 5.011626 0.000000 0.001576 104.955591 1.062853 -5.169778 -0.104353 
152 2.061828 0.000000 1.156480 104.588571 0.538277 -1.102220 -0.094027 
153 0.881909 0.000000 1.156480 104.347908 0.133878 2.877036 -0.089678 
154 2.061828 0.000000 2.311385 104.450109 0.201210 2.936007 -0.091849 
155 3.831707 0.000000 0.579028 104.716688 0.819825 -3.725990 -0.098014 
156 3.241747 0.000000 0.579028 104.588571 0.538277 -1.102220 -0.094027 
157 4.421666 0.000000 0.579028 104.888191 0.980148 -4.539919 -0.102310 
158 3.831707 0.000000 1.156480 104.806396 0.898487 -4.084464 -0.100187 
159 4.126686 0.000000 -0.287150 104.806396 0.898487 -4.084464 -0.100187 
160 3.831707 0.000000 -0.287150 104.716688 0.819825 -3.725990 -0.098014 
161 4.126686 0.000000 -0.575877 104.806396 0.898487 -4.084464 -0.100187 
162 4.421666 0.000000 -0.287150 104.888191 0.980148 -4.539919 -0.102310 
163 4.126686 0.000000 0.001576 104.467919 1.003586 -6.853334 -0.096152 
164 2.651788 0.000000 0.579028 104.588571 0.538277 -1.102220 -0.094027 
165 2.061828 0.000000 0.579028 104.588571 0.538277 -1.102220 -0.094027 
166 2.651788 0.000000 0.001576 104.638197 0.557717 -0.609173 -0.094983 
167 2.651788 0.000000 1.156480 104.588571 0.538277 -1.102220 -0.094027 
168 3.536727 0.000000 0.290302 104.645654 0.707512 -3.065823 -0.096061 
169 3.241747 0.000000 0.290302 104.657128 0.563943 -0.861555 -0.095417 
170 3.536727 0.000000 0.001576 104.731051 0.742354 -3.344422 -0.098033 
171 3.831707 0.000000 0.290302 104.716688 0.819825 -3.725990 -0.098014 
172 3.536727 0.000000 0.579028 104.624583 0.746757 -3.437699 -0.095868 
173 -110.030480 0.000000 36.958519 99.683420 -0.010489 7.742689 0.000327 
174 -147.787889 0.000000 36.958519 99.691934 -0.012591 7.745520 0.000152 
175 -110.030480 0.000000 0.001576 99.687935 -0.007614 7.738660 0.000243 
176 -110.030480 0.000000 73.915463 99.683704 -0.010390 7.747420 0.000314 
177 -53.394366 0.000000 18.480048 99.618290 -0.056642 7.728487 0.001646 
178 -72.273071 0.000000 18.480048 99.658556 -0.026228 7.733388 0.000837 
179 -53.394366 0.000000 0.001576 99.632047 -0.034617 7.710940 0.001400 
180 -53.394366 0.000000 36.958519 99.622706 -0.059616 7.747570 0.001529 
181 -25.076310 0.000000 9.240812 99.379657 -0.320370 7.687606 0.006448 
182 -34.515662 0.000000 9.240812 99.500850 -0.145489 7.695017 0.004035 
183 -25.076310 0.000000 0.001576 99.416145 -0.171183 7.621279 0.005832 
184 -25.076310 0.000000 18.480048 99.376817 -0.354142 7.747430 0.006410 
185 -10.917281 0.000000 4.621194 99.383897 -1.222925 7.335881 0.006753 
186 -15.636957 0.000000 4.621194 99.246532 -0.686266 7.452692 0.009411 
187 -10.917281 0.000000 0.001576 99.453728 -0.576897 7.398945 0.005388 
188 -10.917281 0.000000 9.240812 99.199206 -1.575294 7.386621 0.010247 
189 -3.837767 0.000000 2.311385 101.476109 -1.804348 7.621681 -0.035875 
190 -6.197605 0.000000 2.311385 100.213020 -1.470601 7.456832 -0.010042 
191 -3.837767 0.000000 0.001576 100.830004 -0.830365 8.278144 -0.023591 
192 -3.837767 0.000000 4.621194 101.333301 -2.645057 6.911826 -0.032321 
193 -0.298010 0.000000 1.156480 104.221551 0.013701 2.965338 -0.087093 
194 -1.477929 0.000000 1.156480 104.480535 -0.087162 5.904217 -0.095105 
195 -0.298010 0.000000 0.001576 104.221551 0.013701 2.965338 -0.087093 
196 -0.298010 0.000000 2.311385 104.306712 -0.081128 4.670073 -0.090171 
197 1.471868 0.000000 0.579028 104.684488 0.337491 2.239133 -0.096397 
198 0.881909 0.000000 0.579028 104.450109 0.201210 2.936007 -0.091849 
199 1.471868 0.000000 0.001576 104.639756 0.334959 2.007109 -0.095362 
200 1.471868 0.000000 1.156480 104.573470 0.269705 2.771740 -0.094337 
201 2.651788 0.000000 -0.575877 104.588571 0.538277 -1.102220 -0.094027 
202 2.061828 0.000000 -0.575877 104.588571 0.538277 -1.102220 -0.094027 
203 2.651788 0.000000 -1.153329 104.588571 0.538277 -1.102220 -0.094027 
204 2.356808 0.000000 0.290302 104.605726 0.544967 -0.883968 -0.094344 
205 2.061828 0.000000 0.290302 104.597781 0.535795 -0.789478 -0.094161 
206 2.356808 0.000000 0.001576 104.638197 0.557717 -0.609173 -0.094983 
207 2.651788 0.000000 0.290302 104.638197 0.557717 -0.609173 -0.094983 
208 2.356808 0.000000 0.579028 104.588571 0.538277 -1.102220 -0.094027 
209 -110.030480 0.000000 -36.955368 99.694896 -0.003646 7.738687 0.000104 
210 -147.787889 0.000000 -36.955368 99.697182 0.001662 7.744103 0.000050 
211 -110.030480 0.000000 -73.912312 99.699853 -0.001282 7.741671 0.000001 
212 -53.394366 0.000000 -18.476896 99.657442 -0.007601 7.706325 0.000901 
213 -72.273071 0.000000 -18.476896 99.677616 -0.008714 7.724492 0.000471 
214 -53.394366 0.000000 -36.955368 99.680254 0.006782 7.713469 0.000435 
215 -25.076310 0.000000 -9.237660 99.474338 0.000725 7.609150 0.004696 
216 -34.515662 0.000000 -9.237660 99.562671 -0.026379 7.652935 0.002871 
217 -25.076310 0.000000 -18.476896 99.547385 0.084900 7.603961 0.003249 
218 -10.917281 0.000000 -4.618042 99.407720 0.086441 7.383921 0.006358 
219 -15.636957 0.000000 -4.618042 99.339581 -0.040132 7.404605 0.007682 
220 -10.917281 0.000000 -9.237660 99.349007 0.527209 7.326583 0.007582 
221 -3.837767 0.000000 -2.308233 99.974823 0.118895 8.141904 -0.006127 
222 -6.197605 0.000000 -2.308233 99.692445 -0.160285 7.676721 0.000246 
223 -3.837767 0.000000 -4.618042 99.565632 0.859493 7.750670 0.002587 
224 -0.298010 0.000000 -1.153329 104.221551 0.013701 2.965338 -0.087093 
225 -1.477929 0.000000 -1.153329 104.480535 -0.087162 5.904217 -0.095105 
226 -0.298010 0.000000 -2.308233 104.306712 -0.081128 4.670073 -0.090171 
227 1.471868 0.000000 -0.575877 104.684488 0.337491 2.239133 -0.096397 
228 0.881909 0.000000 -0.575877 104.450109 0.201210 2.936007 -0.091849 
229 1.471868 0.000000 -1.153329 104.573470 0.269705 2.771740 -0.094337 
230 0.291949 0.000000 -0.575877 104.271541 0.069505 2.826129 -0.088055 
231 -0.298010 0.000000 -0.575877 104.221551 0.013701 2.965338 -0.087093 
232 0.291949 0.000000 -1.153329 104.271541 0.069505 2.826129 -0.088055 
233 0.291949 0.000000 0.001576 104.196146 0.090293 2.295921 -0.086212 
234 0.291949 0.000000 0.579028 104.347908 0.133878 2.877036 -0.089678 
235 -0.298010 0.000000 0.579028 104.221551 0.013701 2.965338 -0.087093 
236 0.291949 0.000000 1.156480 104.271541 0.069505 2.826129 -0.088055 
237 0.586929 0.000000 -0.287150 104.347908 0.133878 2.877036 -0.089678 
238 0.291949 0.000000 -0.287150 104.347908 0.133878 2.877036 -0.089678 
239 0.586929 0.000000 -0.575877 104.347908 0.133878 2.877036 -0.089678 
240 0.881909 0.000000 -0.287150 104.404703 0.190272 2.678689 -0.090755 
241 0.586929 0.000000 0.001576 104.225160 0.102066 2.353113 -0.086843 
242 -2.657848 0.000000 -1.153329 100.444044 -0.176163 8.942880 -0.016901 
243 -3.837767 0.000000 -1.153329 100.346257 -0.338102 8.296715 -0.013832 
244 -2.657848 0.000000 -2.308233 99.902801 0.371660 8.516643 -0.005324 
245 -2.657848 0.000000 0.001576 101.380252 -0.782308 9.052805 -0.036052 
246 -0.887970 0.000000 -0.575877 104.203345 -0.029842 3.317678 -0.086934 
247 -1.477929 0.000000 -0.575877 104.306712 -0.081128 4.670073 -0.090171 
248 -0.887970 0.000000 -1.153329 104.225528 -0.062073 3.868186 -0.087793 
249 -0.887970 0.000000 0.001576 104.203345 -0.029842 3.317678 -0.086934 
250 -0.003030 0.000000 -0.287150 104.271541 0.069505 2.826129 -0.088055 
251 -0.298010 0.000000 -0.287150 104.221551 0.013701 2.965338 -0.087093 
252 -0.003030 0.000000 -0.575877 104.271541 0.069505 2.826129 -0.088055 
253 -0.003030 0.000000 0.001576 104.405030 0.043410 3.712269 -0.091419 
254 0.586929 0.000000 0.290302 104.347908 0.133878 2.877036 -0.089678 
255 0.291949 0.000000 0.290302 104.347908 0.133878 2.877036 -0.089678 
256 0.881909 0.000000 0.290302 104.404703 0.190272 2.678689 -0.090755 
257 0.586929 0.000000 0.579028 104.347908 0.133878 2.877036 -0.089678 
258 0.439439 0.000000 -0.142787 104.225160 0.102066 2.353113 -0.086843 
259 0.291949 0.000000 -0.142787 104.269812 0.111668 2.578914 -0.087886 
260 0.439439 0.000000 -0.287150 104.347908 0.133878 2.877036 -0.089678 
261 0.586929 0.000000 -0.142787 104.292096 0.121384 2.603606 -0.088363 
262 0.439439 0.000000 0.001576 104.225160 0.102066 2.353113 -0.086843 
263 -2.657848 0.000000 1.156480 102.251347 -1.402969 8.552997 -0.053046 
264 -3.837767 0.000000 1.156480 101.264917 -1.331084 8.021884 -0.032071 
265 -2.657848 0.000000 2.311385 102.602587 -1.992214 7.771736 -0.059166 
266 -0.887970 0.000000 0.579028 104.203345 -0.029842 3.317678 -0.086934 
267 -1.477929 0.000000 0.579028 104.306712 -0.081128 4.670073 -0.090171 
268 -0.887970 0.000000 1.156480 104.225528 -0.062073 3.868186 -0.087793 
269 -0.003030 0.000000 0.290302 104.271541 0.069505 2.826129 -0.088055 
270 -0.298010 0.000000 0.290302 104.221551 0.013701 2.965338 -0.087093 
271 -0.003030 0.000000 0.579028 104.271541 0.069505 2.826129 -0.088055 
272 0.144460 0.000000 0.145939 104.271541 0.069505 2.826129 -0.088055 
273 -0.003030 0.000000 0.145939 104.271541 0.069505 2.826129 -0.088055 
274 0.144460 0.000000 0.001576 104.207297 0.030347 1.958864 -0.086300 
275 0.291949 0.000000 0.145939 104.269812 0.111668 2.578914 -0.087886 
276 0.144460 0.000000 0.290302 104.271541 0.069505 2.826129 -0.088055 
277 -0.592990 0.000000 0.290302 104.221551 0.013701 2.965338 -0.087093 
278 -0.887970 0.000000 0.290302 104.203345 -0.029842 3.317678 -0.086934 
279 -0.592990 0.000000 0.001576 104.221551 0.013701 2.965338 -0.087093 
280 -0.592990 0.000000 0.579028 104.221551 0.013701 2.965338 -0.087093 
281 -0.150520 0.000000 0.145939 104.271541 0.069505 2.826129 -0.088055 
282 -0.298010 0.000000 0.145939 104.221551 0.013701 2.965338 -0.087093 
283 -0.150520 0.000000 0.001576 104.271541 0.069505 2.826129 -0.088055 
284 -0.150520 0.000000 0.290302 104.271541 0.069505 2.826129 -0.088055 
285 0.144460 0.000000 -0.142787 104.271541 0.069505 2.826129 -0.088055 
286 -0.003030 0.000000 -0.142787 104.271541 0.069505 2.826129 -0.088055 
287 0.144460 0.000000 -0.287150 104.271541 0.069505 2.826129 -0.088055 
288 0.070715 0.000000 0.073757 104.289445 0.047864 2.236450 -0.088129 
289 -0.003030 0.000000 0.073757 104.271541 0.069505 2.826129 -0.088055 
290 0.070715 0.000000 0.001576 104.207297 0.030347 1.958864 -0.086300 
291 0.144460 0.000000 0.073757 104.207297 0.030347 1.958864 -0.086300 
292 0.070715 0.000000 0.145939 104.271541 0.069505 2.826129 -0.088055 
293 3.536727 0.000000 -0.287150 104.533256 0.679496 -3.220157 -0.093803 
294 3.241747 0.000000 -0.287150 104.657128 0.563943 -0.861555 -0.095417 
295 3.536727 0.000000 -0.575877 104.624583 0.746757 -3.437699 -0.095868 
296 116.513974 0.000000 36.958519 99.604535 -4.783214 8.746478 -0.002044 
297 154.271383 0.000000 36.958519 99.641970 -6.153296 8.391096 -0.003680 
298 116.513974 0.000000 73.915463 99.654949 -0.465898 8.107687 0.000294 
299 59.877860 0.000000 18.480048 100.217925 -11.911996 -0.351114 -0.018565 
300 78.756565 0.000000 18.480048 100.459058 -11.421052 -2.682623 -0.022966 
301 59.877860 0.000000 36.958519 99.517151 -3.262705 8.839378 0.000756 
302 31.559804 0.000000 9.240812 100.429174 -2.496254 -6.868275 -0.013942 
303 40.999156 0.000000 9.240812 100.527057 -1.384482 -6.428049 -0.014893 
304 31.559804 0.000000 18.480048 99.695015 -11.066911 2.733428 -0.006904 
305 17.400775 0.000000 4.621194 102.300188 3.288268 -2.012726 -0.048019 
306 22.120451 0.000000 4.621194 100.633534 3.371240 -1.545611 -0.014086 
307 17.400775 0.000000 9.240812 102.122040 -3.659563 -6.447675 -0.048388 
308 10.321261 0.000000 2.311385 106.939230 1.739043 0.278482 -0.143910 
309 12.681099 0.000000 2.311385 105.163864 2.880949 0.957794 -0.106866 
310 10.321261 0.000000 4.621194 107.191978 0.096594 -2.557800 -0.149667 
311 6.781504 0.000000 1.156480 108.389071 -0.501139 -0.622055 -0.174883 
312 7.961423 0.000000 1.156480 107.801149 0.308468 0.394062 -0.162134 
313 6.781504 0.000000 2.311385 109.109380 -0.819723 -0.935888 -0.190640 
314 5.011626 0.000000 0.579028 104.955591 1.062853 -5.169778 -0.104353 
315 5.601585 0.000000 0.579028 104.989676 1.212276 -7.734314 -0.108412 
316 5.011626 0.000000 1.156480 104.996180 1.140984 -6.152954 -0.106336 
317 4.126686 0.000000 0.290302 104.806396 0.898487 -4.084464 -0.100187 
318 4.421666 0.000000 0.290302 104.888191 0.980148 -4.539919 -0.102310 
319 4.126686 0.000000 0.579028 104.806396 0.898487 -4.084464 -0.100187 
320 3.979196 0.000000 -0.142787 104.716688 0.819825 -3.725990 -0.098014 
321 3.831707 0.000000 -0.142787 104.817515 0.854017 -4.019226 -0.100359 
322 3.979196 0.000000 -0.287150 104.716688 0.819825 -3.725990 -0.098014 
323 4.126686 0.000000 -0.142787 104.806396 0.898487 -4.084464 -0.100187 
324 3.979196 0.000000 0.001576 104.652243 0.911007 -5.581899 -0.098408 
325 4.716646 0.000000 -0.287150 104.955591 1.062853 -5.169778 -0.104353 
326 4.716646 0.000000 -0.575877 104.955591 1.062853 -5.169778 -0.104353 
327 5.011626 0.000000 -0.287150 104.955591 1.062853 -5.169778 -0.104353 
328 4.716646 0.000000 0.001576 104.888191 0.980148 -4.539919 -0.102310 
329 4.274176 0.000000 -0.142787 104.806396 0.898487 -4.084464 -0.100187 
330 4.274176 0.000000 -0.287150 104.806396 0.898487 -4.084464 -0.100187 
331 4.421666 0.000000 -0.142787 104.888191 0.980148 -4.539919 -0.102310 
332 4.274176 0.000000 0.001576 104.806396 0.898487 -4.084464 -0.100187 
333 3.979196 0.000000 0.145939 104.737323 0.862906 -4.521284 -0.099109 
334 3.831707 0.000000 0.145939 104.828806 0.891154 -4.730787 -0.101225 
335 4.126686 0.000000 0.145939 104.806396 0.898487 -4.084464 -0.100187 
336 3.979196 0.000000 0.290302 104.716688 0.819825 -3.725990 -0.098014 
337 4.052941 0.000000 -0.070606 104.721630 0.984158 -6.035287 -0.100401 
338 3.979196 0.000000 -0.070606 104.652243 0.911007 -5.581899 -0.098408 
339 4.052941 0.000000 -0.142787 104.806396 0.898487 -4.084464 -0.100187 
340 4.126686 0.000000 -0.070606 104.467919 1.003586 -6.853334 -0.096152 
341 4.052941 0.000000 0.001576 104.721630 0.984158 -6.035287 -0.100401 
342 9.141342 0.000000 1.156480 107.165786 0.940149 1.188400 -0.148680 
343 9.141342 0.000000 0.001576 113.315580 -25.700893 -72.704073 -0.878684 
344 10.321261 0.000000 1.156480 106.452844 1.367769 1.866741 -0.133756 
345 9.141342 0.000000 2.311385 107.729440 0.961516 -0.115249 -0.160657 
346 9.141342 0.000000 -1.153329 105.785335 7.642618 4.164930 -0.126629 
347 9.141342 0.000000 -2.308233 104.988716 7.341297 5.924390 -0.111162 
348 10.321261 0.000000 -1.153329 105.395899 7.787130 4.949078 -0.119343 
349 15.040937 0.000000 2.311385 103.367871 3.506877 1.753996 -0.070029 
350 15.040937 0.000000 0.001576 102.974971 10.575241 5.897921 -0.075047 
351 17.400775 0.000000 2.311385 102.013237 3.691109 2.147330 -0.042494 
352 15.040937 0.000000 4.621194 103.655688 2.826258 -2.250577 -0.075755 
353 11.501180 0.000000 1.156480 105.649115 1.574917 2.454532 -0.117024 
354 11.501180 0.000000 0.001576 105.313303 14.518348 5.267182 -0.132942 
355 12.681099 0.000000 1.156480 104.804894 1.604391 2.977194 -0.099550 
356 11.501180 0.000000 2.311385 106.071127 2.382118 0.635985 -0.125716 
357 9.731302 0.000000 0.579028 106.429610 -0.888323 2.209941 -0.133293 
358 9.141342 0.000000 0.579028 106.753313 -0.664381 1.711288 -0.139964 
359 9.731302 0.000000 0.001576 108.546694 48.835707 -3.590938 -0.418021 
360 10.321261 0.000000 0.579028 106.064548 -1.366840 2.742211 -0.125908 
361 9.731302 0.000000 1.156480 106.823586 1.180960 1.538956 -0.141504 
362 15.040937 0.000000 -2.308233 102.494605 7.710118 8.736305 -0.064091 
363 15.040937 0.000000 -4.618042 101.970251 7.772615 11.475843 -0.059004 
364 17.400775 0.000000 -2.308233 101.345248 7.692031 9.237808 -0.041536 
365 11.501180 0.000000 -1.153329 104.826421 7.867747 5.547733 -0.108126 
366 11.501180 0.000000 -2.308233 104.301237 7.660040 7.210967 -0.098942 
367 12.681099 0.000000 -1.153329 104.154485 7.929899 6.022794 -0.094731 
368 9.731302 0.000000 -0.575877 106.054157 9.170371 3.743176 -0.134559 
369 9.141342 0.000000 -0.575877 106.286667 9.363041 3.179910 -0.139463 
370 9.731302 0.000000 -1.153329 105.630080 7.736056 4.582302 -0.123856 
371 10.321261 0.000000 -0.575877 105.750317 8.968081 4.176420 -0.128100 
372 10.911221 0.000000 0.579028 105.660039 -2.165783 3.374466 -0.118012 
373 10.911221 0.000000 0.001576 105.738489 17.543925 5.308533 -0.151660 
374 11.501180 0.000000 0.579028 105.211792 -3.364630 4.224587 -0.109869 
375 10.911221 0.000000 1.156480 106.059475 1.497884 2.170761 -0.125557 
376 10.026281 0.000000 0.290302 105.830965 -8.641982 2.921076 -0.128341 
377 9.731302 0.000000 0.290302 106.091645 -6.748728 2.255613 -0.130607 
378 10.026281 0.000000 0.001576 106.952261 32.380745 3.619922 -0.250040 
379 10.321261 0.000000 0.290302 105.487502 -11.428233 4.063731 -0.127473 
380 10.026281 0.000000 0.579028 106.252141 -1.092784 2.468206 -0.129680 
381 10.911221 0.000000 -0.575877 105.429612 8.822925 4.532534 -0.121379 
382 10.911221 0.000000 -1.153329 105.129145 7.828674 5.264823 -0.114114 
383 11.501180 0.000000 -0.575877 105.085375 8.716449 4.825611 -0.114220 
384 10.616241 0.000000 0.290302 104.972872 -15.681313 6.349426 -0.130552 
385 10.616241 0.000000 0.001576 105.998724 20.233459 5.280855 -0.167301 
386 10.911221 0.000000 0.290302 104.027542 -22.273349 11.844427 -0.145812 
387 10.616241 0.000000 0.579028 105.867617 -1.720609 3.040225 -0.122016 
388 13.861018 0.000000 1.156480 103.965412 1.506405 3.432512 -0.082286 
389 13.861018 0.000000 0.001576 103.738214 11.052435 5.468785 -0.091368 
390 15.040937 0.000000 1.156480 103.140230 1.340198 4.101039 -0.065652 
391 13.861018 0.000000 2.311385 104.267302 3.237848 1.237314 -0.088368 
392 12.091140 0.000000 0.579028 104.716889 -4.999716 5.502910 -0.102091 
393 12.091140 0.000000 0.001576 104.919490 12.951263 5.277450 -0.120369 
394 12.681099 0.000000 0.579028 104.174736 -7.047357 7.559728 -0.095919 
395 12.091140 0.000000 1.156480 105.227852 1.606495 2.721218 -0.108289 
396 11.206200 0.000000 0.290302 101.933856 -29.850718 27.293305 -0.202650 
397 11.206200 0.000000 0.001576 105.517564 15.759763 5.285774 -0.141027 
398 11.501180 0.000000 0.290302 98.684310 -15.716754 58.269422 -0.338093 
399 11.206200 0.000000 0.579028 105.441545 -2.711685 3.761794 -0.113942 
400 13.861018 0.000000 -1.153329 103.440740 7.981617 6.407339 -0.080475 
401 13.861018 0.000000 -2.308233 103.085318 7.744739 8.117548 -0.075246 
402 15.040937 0.000000 -1.153329 102.764560 7.996662 6.996945 -0.067346 
403 12.091140 0.000000 -0.575877 104.728230 8.636022 5.069611 -0.106828 
404 12.091140 0.000000 -1.153329 104.498808 7.900608 5.798589 -0.101604 
405 12.681099 0.000000 -0.575877 104.358017 8.590531 5.286184 -0.099234 
406 11.796160 0.000000 0.290302 100.306958 23.023282 52.158727 -0.331209 
407 11.796160 0.000000 0.001576 105.115689 13.620872 5.264496 -0.126255 
408 12.091140 0.000000 0.290302 102.739205 29.980207 30.741831 -0.239922 
409 11.796160 0.000000 0.579028 104.970222 -4.127702 4.792193 -0.105875 
410 13.271059 0.000000 0.579028 103.582821 -9.301313 10.958585 -0.093601 
411 13.271059 0.000000 0.001576 104.131547 11.443357 5.394336 -0.100343 
412 13.861018 0.000000 0.579028 102.944594 -10.929738 16.370740 -0.098505 
413 13.271059 0.000000 1.156480 104.381858 1.567427 3.212800 -0.090835 
414 12.386120 0.000000 0.290302 103.640246 27.123197 20.155745 -0.188322 
415 12.386120 0.000000 0.001576 104.722212 12.437873 5.301002 -0.114954 
416 12.681099 0.000000 0.290302 103.911595 23.970783 15.037528 -0.159835 
417 12.386120 0.000000 0.579028 104.451937 -5.976428 6.404491 -0.098694 
418 13.271059 0.000000 -0.575877 103.981811 8.563265 5.476480 -0.091554 
419 13.271059 0.000000 -1.153329 103.799884 7.956678 6.224560 -0.087647 
420 13.861018 0.000000 -0.575877 103.604497 8.548716 5.645339 -0.083884 
421 26.840128 0.000000 4.621194 100.098705 3.287132 -0.925059 -0.003141 
422 26.840128 0.000000 0.001576 99.580407 8.317089 6.783490 -0.003145 
423 31.559804 0.000000 4.621194 99.944306 3.238823 -0.292077 0.000056 
424 26.840128 0.000000 9.240812 100.498937 -2.916229 -6.977745 -0.015723 
425 19.760613 0.000000 2.311385 100.972198 3.578048 2.391366 -0.021391 
426 19.760613 0.000000 0.001576 100.710962 9.419636 6.148035 -0.026923 
427 22.120451 0.000000 2.311385 100.323412 3.354841 2.726517 -0.008348 
428 19.760613 0.000000 4.621194 101.253601 3.357351 -1.835662 -0.026693 
429 16.220856 0.000000 1.156480 102.460544 1.069880 4.465859 -0.051925 
430 16.220856 0.000000 0.001576 102.319461 10.253683 6.010403 -0.061054 
431 17.400775 0.000000 1.156480 101.814380 0.660012 4.791043 -0.038956 
432 16.220856 0.000000 2.311385 102.656307 3.645915 1.990463 -0.055557 
433 14.450978 0.000000 0.579028 102.282845 -10.121108 24.059618 -0.114308 
434 14.450978 0.000000 0.001576 103.360127 10.780815 5.546668 -0.083031 
435 15.040937 0.000000 0.579028 101.730155 -4.815016 31.430768 -0.136010 
436 14.450978 0.000000 1.156480 103.538386 1.434852 3.910544 -0.073755 
437 13.566039 0.000000 0.290302 103.776371 18.377739 9.533375 -0.119816 
438 13.271059 0.000000 0.290302 103.893931 19.732438 10.598358 -0.129564 
439 13.566039 0.000000 0.001576 103.942043 11.232357 5.433990 -0.095964 
440 13.861018 0.000000 0.290302 103.632235 17.337395 8.808894 -0.111782 
441 13.566039 0.000000 0.579028 103.278130 -10.291014 13.377570 -0.095124 
442 26.840128 0.000000 -4.618042 99.145128 8.342488 12.770941 -0.006245 
443 26.840128 0.000000 -9.237660 99.161467 10.013848 12.597838 -0.009198 
444 31.559804 0.000000 -4.618042 99.016926 8.587803 12.961449 -0.004610 
445 19.760613 0.000000 -2.308233 100.425683 7.745596 9.552616 -0.023656 
446 19.760613 0.000000 -4.618042 100.115085 7.954729 12.244834 -0.023624 
447 22.120451 0.000000 -2.308233 99.863865 7.735381 9.855865 -0.012977 
448 16.220856 0.000000 -1.153329 102.126182 8.017128 7.266190 -0.054683 
449 16.220856 0.000000 -2.308233 101.893467 7.701907 9.032920 -0.052319 
450 17.400775 0.000000 -1.153329 101.539798 8.032365 7.482834 -0.043084 
451 14.450978 0.000000 -0.575877 103.259965 8.518045 6.140107 -0.077288 
452 14.450978 0.000000 -1.153329 103.188270 7.936583 6.824218 -0.075738 
453 15.040937 0.000000 -0.575877 102.955623 8.490496 6.194183 -0.071032 
454 14.155998 0.000000 0.290302 103.472770 16.523491 8.297761 -0.104849 
455 14.155998 0.000000 0.001576 103.552626 10.906821 5.509366 -0.087246 
456 14.450978 0.000000 0.290302 103.302722 15.872265 7.923676 -0.098617 
457 14.155998 0.000000 0.579028 102.618550 -10.971447 19.875028 -0.104596 
458 15.630897 0.000000 0.579028 101.306552 4.914896 34.868875 -0.150301 
459 15.630897 0.000000 0.001576 102.679930 10.367957 5.941444 -0.068596 
460 16.220856 0.000000 0.579028 101.109284 14.298497 32.091201 -0.145738 
461 15.630897 0.000000 1.156480 102.832582 1.185452 4.281289 -0.059427 
462 15.630897 0.000000 -0.575877 102.597964 8.492058 6.316456 -0.063835 
463 15.630897 0.000000 -1.153329 102.487870 7.989484 7.121981 -0.061832 
464 16.220856 0.000000 -0.575877 102.247765 8.516186 6.442773 -0.056864 
465 15.335917 0.000000 0.290302 102.822093 14.451054 7.479318 -0.083716 
466 15.040937 0.000000 0.290302 103.001663 14.846153 7.675586 -0.088867 
467 15.335917 0.000000 0.001576 102.862186 10.445870 5.911933 -0.072470 
468 15.630897 0.000000 0.290302 102.644438 14.103549 7.313754 -0.078828 
469 15.335917 0.000000 0.579028 101.490503 -0.260873 33.933204 -0.145185 
470 18.580694 0.000000 1.156480 101.241460 0.021795 5.161996 -0.027648 
471 18.580694 0.000000 0.001576 101.151376 9.723336 6.144890 -0.036390 
472 19.760613 0.000000 1.156480 100.714867 -1.231972 5.797841 -0.017862 
473 18.580694 0.000000 2.311385 101.433784 3.683851 2.311970 -0.030773 
474 16.810816 0.000000 0.579028 101.059908 19.539453 25.988303 -0.127029 
475 16.810816 0.000000 0.001576 101.989988 10.118990 6.053848 -0.054100 
476 17.400775 0.000000 0.579028 101.010887 21.017630 20.106160 -0.104920 
477 16.810816 0.000000 1.156480 102.121222 0.887037 4.629022 -0.045096 
478 15.925877 0.000000 0.290302 102.474300 13.783487 7.157789 -0.074220 
479 15.925877 0.000000 0.001576 102.502063 10.295219 5.968679 -0.064829 
480 16.220856 0.000000 0.290302 102.293710 13.529805 7.048139 -0.069674 
481 15.925877 0.000000 0.579028 101.186581 9.964624 34.147885 -0.150410 
482 18.580694 0.000000 -1.153329 101.019332 8.021462 7.649723 -0.032777 
483 18.580694 0.000000 -2.308233 100.839218 7.714811 9.443700 -0.031725 
484 19.760613 0.000000 -1.153329 100.579725 8.011430 7.746797 -0.024048 
485 17.990735 0.000000 0.579028 100.928376 20.513606 15.649787 -0.085226 
486 17.990735 0.000000 0.001576 101.405278 9.860238 6.114231 -0.041764 
487 18.580694 0.000000 0.579028 100.787599 19.193940 12.542538 -0.068386 
488 17.990735 0.000000 1.156480 101.521557 0.383259 4.955046 -0.033133 
489 40.999156 0.000000 110.872407 99.659897 -0.085242 7.832189 0.000655 
490 3.241747 0.000000 110.872407 99.657259 -0.056749 7.799598 0.000759 
491 78.756565 0.000000 110.872407 99.669115 -0.108271 7.855829 0.000434 
492 40.999156 0.000000 147.829350 99.678453 -0.085493 7.790824 0.000350 
493 22.120451 0.000000 55.436991 99.497589 -0.598577 8.140612 0.003360 
494 3.241747 0.000000 55.436991 99.491899 -0.385592 7.984641 0.003746 
495 40.999156 0.000000 55.436991 99.540789 -0.773160 8.259017 0.002282 
496 22.120451 0.000000 73.915463 99.591996 -0.243079 7.942077 0.001830 
497 12.681099 0.000000 27.719283 99.002818 -3.762290 8.338675 0.011475 
498 3.241747 0.000000 27.719283 98.941704 -2.461347 8.201662 0.013721 
499 22.120451 0.000000 27.719283 99.196714 -4.788812 8.344987 0.006744 
500 12.681099 0.000000 36.958519 99.242588 -1.671291 8.418295 0.007725 
501 17.400775 0.000000 13.860430 100.755279 -9.644260 -1.662984 -0.024740 
502 12.681099 0.000000 13.860430 101.318783 -9.302864 0.245688 -0.035210 
503 22.120451 0.000000 13.860430 100.281004 -10.003951 -2.790758 -0.016415 
504 17.400775 0.000000 18.480048 99.604520 -9.233424 4.412959 -0.002579 
505 15.040937 0.000000 6.931003 103.629206 0.030493 -5.124471 -0.076527 
506 12.681099 0.000000 6.931003 105.049298 -1.091594 -4.696735 -0.105861 
507 17.400775 0.000000 6.931003 102.353937 0.441812 -5.407261 -0.050576 
508 15.040937 0.000000 9.240812 103.036897 -3.942305 -5.792227 -0.066569 
509 16.220856 0.000000 3.466289 102.808655 3.718534 -0.089901 -0.058346 
510 15.040937 0.000000 3.466289 103.621484 3.460633 -0.265957 -0.074946 
511 17.400775 0.000000 3.466289 102.146775 3.839941 0.056028 -0.044871 
512 16.220856 0.000000 4.621194 102.931474 3.132084 -2.106948 -0.060914 
513 16.810816 0.000000 1.733932 102.226352 3.113575 3.147311 -0.046983 
514 16.220856 0.000000 1.733932 102.569103 3.115540 3.048232 -0.053942 
515 17.400775 0.000000 1.733932 101.909071 3.094950 3.240771 -0.040554 
516 16.810816 0.000000 2.311385 102.309570 3.684412 2.084451 -0.048517 
517 17.105796 0.000000 0.867754 101.785483 -4.325973 8.196337 -0.044618 
518 16.810816 0.000000 0.867754 101.955877 -3.863745 7.766709 -0.047025 
519 17.105796 0.000000 0.579028 101.037480 20.632433 22.897417 -0.115856 
520 17.400775 0.000000 0.867754 101.609305 -4.827734 8.710040 -0.042362 
521 17.105796 0.000000 1.156480 101.959869 0.781032 4.711350 -0.041862 
522 19.760613 0.000000 6.931003 101.420283 0.762476 -5.380615 -0.031561 
523 22.120451 0.000000 6.931003 100.897569 0.894242 -5.222622 -0.020839 
524 19.760613 0.000000 9.240812 101.350772 -3.354470 -6.777168 -0.032916 
525 18.580694 0.000000 3.466289 101.590502 3.798398 0.126108 -0.033507 
526 19.760613 0.000000 3.466289 101.124889 3.816357 0.274138 -0.024088 
527 18.580694 0.000000 4.621194 101.703794 3.290642 -1.981222 -0.035842 
528 17.990735 0.000000 1.733932 101.619350 3.051940 3.309809 -0.034676 
529 18.580694 0.000000 1.733932 101.363913 2.977062 3.376990 -0.029491 
530 17.990735 0.000000 2.311385 101.698527 3.703725 2.240024 -0.036133 
531 17.695755 0.000000 0.867754 101.433195 -5.385859 9.303727 -0.040426 
532 17.695755 0.000000 0.579028 100.974791 20.919501 17.676448 -0.094599 
533 17.990735 0.000000 0.867754 101.256631 -5.996432 10.045150 -0.038977 
534 17.695755 0.000000 1.156480 101.665811 0.528649 4.863039 -0.035987 
535 24.480290 0.000000 2.311385 100.014189 3.031312 3.057793 -0.002138 
536 24.480290 0.000000 0.001576 99.774705 8.560866 6.544525 -0.007111 
537 26.840128 0.000000 2.311385 99.802171 2.601706 3.392586 0.002125 
538 24.480290 0.000000 4.621194 100.312057 3.327337 -1.225970 -0.007508 
539 50.438508 0.000000 9.240812 100.568668 -0.231799 -5.646891 -0.014600 
540 50.438508 0.000000 0.001576 99.411387 7.681650 9.448315 -0.003090 
541 59.877860 0.000000 9.240812 100.555919 0.814718 -4.647657 -0.013376 
542 50.438508 0.000000 18.480048 100.068046 -11.859080 0.756838 -0.015482 
543 36.279480 0.000000 4.621194 99.957342 3.227470 0.283739 -0.000197 
544 36.279480 0.000000 0.001576 99.391318 7.850204 7.767196 -0.000059 
545 40.999156 0.000000 4.621194 99.961844 3.188091 0.951449 -0.000344 
546 36.279480 0.000000 9.240812 100.489900 -1.954137 -6.723972 -0.014725 
547 29.199966 0.000000 2.311385 99.694056 1.991323 3.775336 0.004288 
548 29.199966 0.000000 0.001576 99.457380 8.143465 7.040247 -0.000765 
549 31.559804 0.000000 2.311385 99.611045 1.027339 4.283311 0.005824 
550 29.199966 0.000000 4.621194 100.006983 3.256708 -0.608404 -0.001237 
551 50.438508 0.000000 -9.237660 99.311321 10.237519 11.117069 -0.009113 
552 50.438508 0.000000 -18.476896 99.661222 5.416970 7.043342 -0.001131 
553 59.877860 0.000000 -9.237660 99.404931 10.045204 10.553840 -0.009363 
554 36.279480 0.000000 -4.618042 99.010085 8.790942 13.017796 -0.004974 
555 36.279480 0.000000 -9.237660 99.122202 10.296217 11.981976 -0.007479 
556 40.999156 0.000000 -4.618042 99.054428 8.984772 13.129139 -0.006488 
557 33.919642 0.000000 2.311385 99.548114 -0.749138 5.193314 0.006264 
558 33.919642 0.000000 0.001576 99.384224 7.919445 7.565772 0.000282 
559 36.279480 0.000000 2.311385 99.363266 -4.817722 8.049937 0.003893 
560 33.919642 0.000000 4.621194 99.931456 3.227186 0.026981 0.000329 
561 45.718832 0.000000 4.621194 99.965160 3.094327 1.614596 -0.000522 
562 45.718832 0.000000 0.001576 99.411375 7.699697 8.904430 -0.002120 
563 50.438508 0.000000 4.621194 99.958877 2.888557 2.274301 -0.000529 
564 45.718832 0.000000 9.240812 100.555372 -0.802140 -6.067044 -0.014884 
565 38.639318 0.000000 2.311385 97.636291 -4.935920 30.602484 -0.049372 
566 38.639318 0.000000 0.001576 99.399095 7.793170 8.054973 -0.000580 
567 40.999156 0.000000 2.311385 99.123301 18.581391 11.833496 -0.031073 
568 38.639318 0.000000 4.621194 99.958579 3.211940 0.617906 -0.000242 
569 45.718832 0.000000 -4.618042 99.095174 9.173158 13.200274 -0.007825 
570 45.718832 0.000000 -9.237660 99.255731 10.294325 11.404864 -0.008774 
571 50.438508 0.000000 -4.618042 99.130920 9.356085 13.231802 -0.008956 
572 43.358994 0.000000 2.311385 99.552079 12.902432 6.672394 -0.012161 
573 43.358994 0.000000 0.001576 99.408389 7.720919 8.624584 -0.001602 
574 45.718832 0.000000 2.311385 99.637068 10.607132 5.909324 -0.007498 
575 43.358994 0.000000 4.621194 99.964484 3.150843 1.283760 -0.000447 
576 97.635269 0.000000 18.480048 100.653748 -10.095016 -4.873707 -0.025684 
577 97.635269 0.000000 0.001576 99.273317 8.831546 12.957929 -0.010110 
578 116.513974 0.000000 18.480048 100.793189 -7.958679 -6.522419 -0.026515 
579 97.635269 0.000000 36.958519 99.587445 -4.219247 8.820853 -0.001327 
580 69.317213 0.000000 9.240812 100.502763 1.690297 -3.487265 -0.011582 
581 69.317213 0.000000 0.001576 99.360041 7.888096 11.322956 -0.006285 
582 78.756565 0.000000 9.240812 100.425927 2.359192 -2.210662 -0.009582 
583 69.317213 0.000000 18.480048 100.345157 -11.766654 -1.512267 -0.020989 
584 55.158184 0.000000 4.621194 99.932678 2.441895 2.954113 -0.000123 
585 55.158184 0.000000 0.001576 99.401070 7.685324 9.967925 -0.003900 
586 59.877860 0.000000 4.621194 99.906810 1.385182 3.771271 0.000249 
587 55.158184 0.000000 9.240812 100.562051 0.303314 -5.171370 -0.013956 
588 48.078670 0.000000 2.311385 99.666419 9.484374 5.830244 -0.005734 
589 48.078670 0.000000 0.001576 99.412384 7.686809 9.179316 -0.002617 
590 50.438508 0.000000 2.311385 99.677800 8.849592 5.949302 -0.004937 
591 48.078670 0.000000 4.621194 99.963355 3.010671 1.944299 -0.000552 
592 97.635269 0.000000 -18.476896 99.762031 3.860348 6.769001 -0.001318 
593 97.635269 0.000000 -36.955368 99.725576 0.846279 7.331964 0.000034 
594 116.513974 0.000000 -18.476896 99.768052 3.365361 6.766086 -0.001077 
595 69.317213 0.000000 -9.237660 99.473171 9.776668 10.014235 -0.009078 
596 69.317213 0.000000 -18.476896 99.730333 4.746808 6.865789 -0.001581 
597 78.756565 0.000000 -9.237660 99.528361 9.444926 9.510098 -0.008554 
598 55.158184 0.000000 -4.618042 99.158974 9.524192 13.226058 -0.009814 
599 55.158184 0.000000 -9.237660 99.365301 10.150640 10.833334 -0.009386 
600 59.877860 0.000000 -4.618042 99.191246 9.694552 13.179905 -0.010660 
601 52.798346 0.000000 2.311385 99.680450 8.458477 6.149094 -0.004555 
602 52.798346 0.000000 0.001576 99.408543 7.683835 9.710671 -0.003540 
603 55.158184 0.000000 2.311385 99.669334 8.200024 6.391219 -0.004206 
604 52.798346 0.000000 4.621194 99.951588 2.710225 2.608008 -0.000447 
605 64.597536 0.000000 4.621194 99.772001 -2.144102 5.763767 0.000773 
606 64.597536 0.000000 0.001576 99.377981 7.796289 10.907109 -0.005573 
607 69.317213 0.000000 4.621194 97.993667 17.526500 28.841959 -0.074180 
608 64.597536 0.000000 9.240812 100.533105 1.276942 -4.085195 -0.012522 
609 57.518022 0.000000 2.311385 99.673925 8.028724 6.657432 -0.004367 
610 57.518022 0.000000 0.001576 99.401552 7.706090 10.216044 -0.004442 
611 59.877860 0.000000 2.311385 99.664166 7.909497 6.936227 -0.004362 
612 57.518022 0.000000 4.621194 99.928883 2.038294 3.329334 -0.000102 
613 64.597536 0.000000 -4.618042 99.214582 9.847416 13.096850 -0.011203 
614 64.597536 0.000000 -9.237660 99.441014 9.919880 10.280219 -0.009260 
615 69.317213 0.000000 -4.618042 99.236730 9.983626 12.979527 -0.011607 
616 88.195917 0.000000 9.240812 100.335562 2.807948 -0.867340 -0.007586 
617 88.195917 0.000000 0.001576 99.294140 8.463365 12.586355 -0.008937 
618 97.635269 0.000000 9.240812 100.238732 3.024346 0.496237 -0.005720 
619 88.195917 0.000000 18.480048 100.562094 -10.865043 -3.819467 -0.024537 
620 74.036889 0.000000 4.621194 99.768617 11.658285 6.160124 -0.012764 
621 74.036889 0.000000 0.001576 99.341846 8.003329 11.700544 -0.006976 
622 78.756565 0.000000 4.621194 99.803693 9.126897 5.829514 -0.007806 
623 74.036889 0.000000 9.240812 100.466578 2.051709 -2.860321 -0.010592 
624 66.957375 0.000000 2.311385 99.623478 7.718067 7.812090 -0.004543 
625 64.597536 0.000000 2.311385 99.638453 7.763096 7.517016 -0.004459 
626 66.957375 0.000000 0.001576 99.369112 7.839133 11.119695 -0.005932 
627 69.317213 0.000000 2.311385 99.607564 7.685219 8.106833 -0.004645 
628 66.957375 0.000000 4.621194 99.296187 -8.020458 11.991194 -0.006785 
629 59.877860 0.000000 55.436991 99.580931 -0.902435 8.332893 0.001339 
630 78.756565 0.000000 55.436991 99.605984 -1.010946 8.384018 0.000733 
631 59.877860 0.000000 73.915463 99.624809 -0.355089 8.036727 0.001018 
632 69.317213 0.000000 27.719283 99.630943 -7.640749 7.681469 -0.004371 
633 59.877860 0.000000 27.719283 99.578526 -7.162188 7.926053 -0.003000 
634 78.756565 0.000000 27.719283 99.675631 -8.126324 7.384090 -0.005579 
635 69.317213 0.000000 36.958519 99.544055 -3.488548 8.850051 0.000049 
636 74.036889 0.000000 13.860430 100.801855 -5.512269 -7.204218 -0.024330 
637 69.317213 0.000000 13.860430 100.780775 -6.210173 -7.097890 -0.024571 
638 78.756565 0.000000 13.860430 100.814580 -4.800062 -7.237958 -0.023901 
639 74.036889 0.000000 18.480048 100.403534 -11.619597 -2.098803 -0.022029 
640 71.677051 0.000000 6.931003 100.158431 3.053987 1.049131 -0.004214 
641 69.317213 0.000000 6.931003 100.178088 3.054960 0.712220 -0.004549 
642 71.677051 0.000000 4.621194 99.590782 15.522917 8.375835 -0.022944 
643 74.036889 0.000000 6.931003 100.138156 3.031192 1.384173 -0.003875 
644 71.677051 0.000000 9.240812 100.485308 1.877644 -3.177022 -0.011092 
645 88.195917 0.000000 -9.237660 99.574260 9.065488 9.049320 -0.007911 
646 88.195917 0.000000 -18.476896 99.755730 4.136195 6.785952 -0.001436 
647 97.635269 0.000000 -9.237660 99.612930 8.652539 8.636588 -0.007219 
648 83.476241 0.000000 4.621194 99.781164 8.299039 6.214793 -0.006378 
649 83.476241 0.000000 0.001576 99.308260 8.294074 12.333786 -0.008304 
650 88.195917 0.000000 4.621194 99.746056 7.945558 6.742720 -0.005787 
651 83.476241 0.000000 9.240812 100.381941 2.611566 -1.544373 -0.008574 
652 76.396727 0.000000 6.931003 100.117360 2.981583 1.717419 -0.003533 
653 76.396727 0.000000 4.621194 99.801634 9.994638 5.799281 -0.009389 
654 78.756565 0.000000 6.931003 100.096067 2.897292 2.049654 -0.003182 
655 76.396727 0.000000 9.240812 100.446735 2.212279 -2.537945 -0.010088 
656 116.513974 0.000000 110.872407 99.676361 -0.218135 7.879753 0.000248 
657 154.271383 0.000000 110.872407 99.681014 -0.282256 7.887090 0.000141 
658 116.513974 0.000000 147.829350 99.685208 -0.143399 7.807473 0.000188 
659 97.635269 0.000000 55.436991 99.619421 -1.116184 8.427198 0.000371 
660 116.513974 0.000000 55.436991 99.625900 -1.226977 8.468760 0.000145 
661 97.635269 0.000000 73.915463 99.648984 -0.431376 8.087473 0.000449 
662 88.195917 0.000000 27.719283 99.717487 -8.620540 7.029144 -0.006730 
663 97.635269 0.000000 27.719283 99.759724 -9.120676 6.610337 -0.007889 
664 88.195917 0.000000 36.958519 99.576766 -3.962672 8.840453 -0.000939 
665 83.476241 0.000000 13.860430 100.819498 -4.081863 -7.197809 -0.023304 
666 88.195917 0.000000 13.860430 100.817085 -3.365929 -7.083706 -0.022559 
667 83.476241 0.000000 18.480048 100.511913 -11.169798 -3.258171 -0.023802 
668 81.116403 0.000000 6.931003 100.074190 2.765655 2.382994 -0.002817 
669 81.116403 0.000000 4.621194 99.794954 8.618563 5.992395 -0.006922 
670 83.476241 0.000000 6.931003 100.051423 2.565542 2.722173 -0.002428 
671 81.116403 0.000000 9.240812 100.404288 2.492323 -1.879224 -0.009076 
672 135.392678 0.000000 18.480048 100.854768 -5.247452 -7.239739 -0.025163 
673 135.392678 0.000000 0.001576 99.304083 10.130072 12.739795 -0.012622 
674 154.271383 0.000000 18.480048 100.824572 -2.389198 -6.809173 -0.021767 
675 135.392678 0.000000 36.958519 99.621251 -5.425098 8.611100 -0.002798 
676 107.074622 0.000000 9.240812 100.140375 2.938005 1.841153 -0.004012 
677 107.074622 0.000000 0.001576 99.263862 9.212644 13.149296 -0.011109 
678 116.513974 0.000000 9.240812 100.037296 2.081329 3.222628 -0.002218 
679 107.074622 0.000000 18.480048 100.731780 -9.118850 -5.792291 -0.026360 
680 92.915593 0.000000 4.621194 99.705915 7.774370 7.320633 -0.005530 
681 92.915593 0.000000 0.001576 99.282395 8.643823 12.794636 -0.009541 
682 97.635269 0.000000 4.621194 99.663711 7.685435 7.913637 -0.005455 
683 92.915593 0.000000 9.240812 100.287593 2.946852 -0.185292 -0.006632 
684 85.836079 0.000000 6.931003 100.027019 2.259794 3.077507 -0.001998 
685 85.836079 0.000000 4.621194 99.764516 8.088696 6.469189 -0.006024 
686 88.195917 0.000000 6.931003 99.999172 1.777820 3.472854 -0.001506 
687 85.836079 0.000000 9.240812 100.358998 2.716820 -1.206838 -0.008077 
688 92.915593 0.000000 13.860430 100.807791 -2.660317 -6.896816 -0.021685 
689 97.635269 0.000000 13.860430 100.792065 -1.972743 -6.639484 -0.020701 
690 92.915593 0.000000 18.480048 100.609456 -10.506601 -4.360177 -0.025166 
691 90.555755 0.000000 6.931003 99.963009 0.969661 3.971431 -0.000932 
692 90.555755 0.000000 4.621194 99.726386 7.845610 7.028130 -0.005630 
693 92.915593 0.000000 6.931003 99.902015 -0.539957 4.786148 -0.000361 
694 90.555755 0.000000 9.240812 100.311730 2.884741 -0.526590 -0.007104 
695 135.392678 0.000000 -18.476896 99.769075 2.939456 6.791237 -0.000863 
696 135.392678 0.000000 -36.955368 99.724904 0.694681 7.392432 -0.000019 
697 154.271383 0.000000 -18.476896 99.767464 2.573973 6.833319 -0.000687 
698 107.074622 0.000000 -9.237660 99.645589 8.218762 8.273675 -0.006525 
699 107.074622 0.000000 -18.476896 99.765891 3.603696 6.763149 -0.001196 
700 116.513974 0.000000 -9.237660 99.673067 7.775073 7.960003 -0.005853 
701 102.354945 0.000000 4.621194 99.621198 7.640262 8.501657 -0.005503 
702 102.354945 0.000000 0.001576 99.267104 9.022504 13.076031 -0.010635 
703 107.074622 0.000000 4.621194 99.579516 7.624574 9.071889 -0.005651 
704 102.354945 0.000000 9.240812 100.189554 3.030061 1.172420 -0.004850 
705 95.275431 0.000000 6.931003 99.730705 -3.927518 7.017237 -0.001088 
706 95.275431 0.000000 4.621194 99.684943 7.722854 7.616716 -0.005474 
707 97.635269 0.000000 6.931003 98.514051 -9.536248 22.694805 -0.031101 
708 95.275431 0.000000 9.240812 100.263235 2.993702 0.155868 -0.006170 
709 107.074622 0.000000 27.719283 99.804528 -9.620835 6.120705 -0.009097 
710 116.513974 0.000000 27.719283 99.853448 -10.112212 5.553240 -0.010381 
711 107.074622 0.000000 36.958519 99.596378 -4.492176 8.790111 -0.001688 
712 102.354945 0.000000 13.860430 100.770378 -1.310428 -6.315145 -0.019627 
713 107.074622 0.000000 13.860430 100.743226 -0.679977 -5.928191 -0.018480 
714 102.354945 0.000000 18.480048 100.694646 -9.631670 -5.353321 -0.026084 
715 99.995107 0.000000 6.931003 99.120228 19.929547 14.918116 -0.044456 
716 99.995107 0.000000 4.621194 99.642410 7.658613 8.209204 -0.005466 
717 102.354945 0.000000 6.931003 99.739845 13.484451 6.966459 -0.017840 
718 99.995107 0.000000 9.240812 100.214153 3.037266 0.835235 -0.005280 
719 125.953326 0.000000 9.240812 99.538572 -6.554514 9.678583 -0.004456 
720 125.953326 0.000000 0.001576 99.280221 9.888519 13.021643 -0.012391 
721 135.392678 0.000000 9.240812 99.841992 10.203656 5.803788 -0.010622 
722 125.953326 0.000000 18.480048 100.834978 -6.651505 -7.016896 -0.026117 
723 111.794298 0.000000 4.621194 99.539404 7.633981 9.616265 -0.005884 
724 111.794298 0.000000 0.001576 99.263622 9.397986 13.178669 -0.011527 
725 116.513974 0.000000 4.621194 99.501337 7.667712 10.129785 -0.006192 
726 111.794298 0.000000 9.240812 100.090732 2.682665 2.509896 -0.003165 
727 104.714783 0.000000 6.931003 99.822953 10.818806 5.915549 -0.011666 
728 104.714783 0.000000 4.621194 99.600199 7.629142 8.789590 -0.005566 
729 107.074622 0.000000 6.931003 99.835239 9.566982 5.774189 -0.009194 
730 104.714783 0.000000 9.240812 100.164964 2.998955 1.507620 -0.004429 
731 111.794298 0.000000 13.860430 100.711132 -0.087268 -5.483811 -0.017281 
732 116.513974 0.000000 13.860430 100.674638 0.462617 -4.987806 -0.016047 
733 111.794298 0.000000 18.480048 100.764757 -8.559792 -6.184061 -0.026505 
734 109.434460 0.000000 6.931003 99.828661 8.877717 5.874081 -0.007908 
735 109.434460 0.000000 4.621194 99.559229 7.626230 9.347676 -0.005758 
736 111.794298 0.000000 6.931003 99.814748 8.460867 6.067048 -0.007138 
737 109.434460 0.000000 9.240812 100.115704 2.837737 2.174254 -0.003593 
738 125.953326 0.000000 -9.237660 99.696011 7.330506 7.693283 -0.005222 
739 125.953326 0.000000 -18.476896 99.769002 3.144310 6.775954 -0.000965 
740 135.392678 0.000000 -9.237660 99.714975 6.892252 7.470099 -0.004638 
741 121.233650 0.000000 4.621194 99.465632 7.725846 10.609237 -0.006566 
742 121.233650 0.000000 0.001576 99.271931 9.739304 13.112474 -0.012171 
743 125.953326 0.000000 4.621194 99.432518 7.808162 11.052341 -0.006995 
744 121.233650 0.000000 9.240812 99.960423 0.468587 4.233009 -0.001022 
745 114.154136 0.000000 6.931003 99.797218 8.193560 6.305376 -0.006638 
746 114.154136 0.000000 4.621194 99.520093 7.647803 9.877113 -0.006030 
747 116.513974 0.000000 6.931003 99.777612 8.015198 6.569365 -0.006297 
748 114.154136 0.000000 9.240812 100.064965 2.446430 2.854568 -0.002713 
749 135.392678 0.000000 55.436991 99.628400 -1.348160 8.511029 -0.000007 
750 154.271383 0.000000 55.436991 99.625289 -1.695857 8.599521 -0.000203 
751 135.392678 0.000000 73.915463 99.658328 -0.501080 8.127544 0.000191 
752 125.953326 0.000000 27.719283 99.907613 -10.583038 4.901527 -0.011756 
753 135.392678 0.000000 27.719283 99.967821 -11.018406 4.160493 -0.013228 
754 125.953326 0.000000 36.958519 99.612635 -5.093794 8.687711 -0.002410 
755 121.233650 0.000000 13.860430 100.634299 0.965445 -4.446389 -0.014796 
756 125.953326 0.000000 13.860430 100.590673 1.417839 -3.865997 -0.013544 
757 121.233650 0.000000 18.480048 100.816705 -7.320605 -6.801689 -0.026386 
758 118.873812 0.000000 6.931003 99.756712 7.892624 6.849046 -0.006060 
759 118.873812 0.000000 4.621194 99.483174 7.693729 10.373926 -0.006371 
760 121.233650 0.000000 6.931003 99.734995 7.806399 7.138400 -0.005897 
761 118.873812 0.000000 9.240812 100.005035 1.492971 3.648804 -0.001655 
762 144.832030 0.000000 9.240812 99.796852 8.108854 6.406129 -0.006620 
763 144.832030 0.000000 0.001576 99.335958 10.282545 12.348449 -0.012585 
764 154.271383 0.000000 9.240812 99.709172 7.721860 7.550610 -0.005856 
765 144.832030 0.000000 18.480048 100.851273 -3.805763 -7.170920 -0.023689 
766 130.673002 0.000000 4.621194 99.402181 7.913757 11.457239 -0.007469 
767 130.673002 0.000000 0.001576 99.291017 10.019560 12.896273 -0.012541 
768 135.392678 0.000000 4.621194 99.374784 8.040971 11.822256 -0.007977 
769 130.673002 0.000000 9.240812 99.552326 16.729944 9.517174 -0.028113 
770 123.593488 0.000000 6.931003 99.712790 7.744639 7.433254 -0.005787 
771 123.593488 0.000000 4.621194 99.448739 7.764020 10.835454 -0.006774 
772 125.953326 0.000000 6.931003 99.690348 7.699929 7.730452 -0.005721 
773 123.593488 0.000000 9.240812 99.873294 -1.572301 5.363425 -0.000591 
774 130.673002 0.000000 13.860430 100.544308 1.817278 -3.253105 -0.012304 
775 135.392678 0.000000 13.860430 100.495735 2.162032 -2.614091 -0.011090 
776 130.673002 0.000000 18.480048 100.847733 -5.958039 -7.163943 -0.025709 
777 144.832030 0.000000 27.719283 100.034553 -11.400168 3.327347 -0.014795 
778 154.271383 0.000000 27.719283 100.107941 -11.707003 2.402713 -0.016443 
779 144.832030 0.000000 36.958519 99.630878 -5.778054 8.513460 -0.003218 
780 140.112354 0.000000 13.860430 100.445466 2.451054 -1.955138 -0.009912 
781 140.112354 0.000000 9.240812 99.832278 8.679996 5.940321 -0.007711 
782 144.832030 0.000000 13.860430 100.393986 2.683720 -1.282212 -0.008780 
783 140.112354 0.000000 18.480048 100.855960 -4.527400 -7.242322 -0.024487 
784 144.832030 0.000000 -9.237660 99.730459 6.465804 7.286392 -0.004106 
785 144.832030 0.000000 -18.476896 99.768505 2.749701 6.810697 -0.000770 
786 154.271383 0.000000 -9.237660 99.742921 6.055167 7.137833 -0.003626 
787 140.112354 0.000000 4.621194 99.350476 8.187464 12.145822 -0.008507 
788 140.112354 0.000000 0.001576 99.319157 10.218188 12.555902 -0.012636 
789 144.832030 0.000000 4.621194 99.329389 8.350322 12.426511 -0.009047 
790 137.752516 0.000000 11.550621 100.140036 2.897908 1.971824 -0.004031 
791 135.392678 0.000000 11.550621 100.165472 2.973087 1.638415 -0.004465 
792 137.752516 0.000000 9.240812 99.843294 9.236418 5.793023 -0.008755 
793 140.112354 0.000000 11.550621 100.114530 2.777998 2.305714 -0.003595 
794 137.752516 0.000000 13.860430 100.470782 2.313554 -2.286729 -0.010496 
795 149.551707 0.000000 13.860430 100.341765 2.859289 -0.601097 -0.007701 
796 149.551707 0.000000 9.240812 99.754322 7.850727 6.962058 -0.006103 
797 154.271383 0.000000 13.860430 100.289257 2.975756 0.082566 -0.006680 
798 149.551707 0.000000 18.480048 100.840762 -3.090449 -7.025985 -0.022777 
799 142.472192 0.000000 11.550621 100.088637 2.594245 2.644186 -0.003146 
800 142.472192 0.000000 9.240812 99.815957 8.334392 6.155495 -0.007058 
801 144.832030 0.000000 11.550621 100.061667 2.313389 2.996155 -0.002667 
802 142.472192 0.000000 13.860430 100.419848 2.574465 -1.620056 -0.009340 
803 149.551707 0.000000 4.621194 99.311635 8.526183 12.663122 -0.009585 
804 149.551707 0.000000 0.001576 99.354199 10.322279 12.121356 -0.012473 
805 154.271383 0.000000 4.621194 99.297295 8.711357 12.854784 -0.010109 
806 147.191868 0.000000 11.550621 100.032048 1.873250 3.381882 -0.002136 
807 147.191868 0.000000 9.240812 99.776100 7.956465 6.677637 -0.006317 
808 149.551707 0.000000 11.550621 99.995740 1.144851 3.853364 -0.001531 
809 147.191868 0.000000 13.860430 100.367940 2.778717 -0.942322 -0.008233 
810 151.911545 0.000000 11.550621 99.939863 -0.183374 4.576340 -0.000895 
811 151.911545 0.000000 9.240812 99.731916 7.775790 7.254281 -0.005954 
812 154.271383 0.000000 11.550621 99.804285 -3.046916 6.324458 -0.001018 
813 151.911545 0.000000 13.860430 100.315520 2.925139 -0.259239 -0.007183 
814 4.716646 0.000000 0.290302 104.955591 1.062853 -5.169778 -0.104353 
815 5.011626 0.000000 0.290302 104.955591 1.062853 -5.169778 -0.104353 
816 4.716646 0.000000 0.579028 104.955591 1.062853 -5.169778 -0.104353 
817 4.274176 0.000000 0.145939 104.806396 0.898487 -4.084464 -0.100187 
818 4.421666 0.000000 0.145939 104.888191 0.980148 -4.539919 -0.102310 
819 4.274176 0.000000 0.290302 104.806396 0.898487 -4.084464 -0.100187 
820 4.200431 0.000000 -0.070606 104.543976 0.959528 -5.811885 -0.096414 
821 4.200431 0.000000 -0.142787 104.806396 0.898487 -4.084464 -0.100187 
822 4.274176 0.000000 -0.070606 104.806396 0.898487 -4.084464 -0.100187 
823 4.200431 0.000000 0.001576 104.543976 0.959528 -5.811885 -0.096414 
824 4.200431 0.000000 0.073757 104.806396 0.898487 -4.084464 -0.100187 
825 4.126686 0.000000 0.073757 104.699569 0.952099 -5.377629 -0.099183 
826 4.274176 0.000000 0.073757 104.806396 0.898487 -4.084464 -0.100187 
827 4.200431 0.000000 0.145939 104.806396 0.898487 -4.084464 -0.100187 
828 4.163559 0.000000 -0.034515 104.467919 1.003586 -6.853334 -0.096152 
829 4.126686 0.000000 -0.034515 104.467919 1.003586 -6.853334 -0.096152 
830 4.163559 0.000000 -0.070606 104.543976 0.959528 -5.811885 -0.096414 
831 4.200431 0.000000 -0.034515 104.543976 0.959528 -5.811885 -0.096414 
832 4.163559 0.000000 0.001576 104.467919 1.003586 -6.853334 -0.096152 
833 40.999156 0.000000 -110.869255 99.707193 0.026451 7.745004 -0.000151 
834 3.241747 0.000000 -110.869255 99.707583 0.017183 7.743614 -0.000157 
835 40.999156 0.000000 -147.826199 99.705723 0.023628 7.750409 -0.000130 
836 78.756565 0.000000 -110.869255 99.705279 0.030303 7.746116 -0.000115 
837 22.120451 0.000000 -55.433840 99.692250 0.261418 7.622103 0.000329 
838 3.241747 0.000000 -55.433840 99.685864 0.172333 7.654231 0.000411 
839 22.120451 0.000000 -73.912312 99.705366 0.097433 7.705992 -0.000055 
840 40.999156 0.000000 -55.433840 99.700945 0.306001 7.604952 0.000179 
841 12.681099 0.000000 -27.716132 99.607730 1.937879 7.183249 0.002295 
842 3.241747 0.000000 -27.716132 99.584706 1.285429 7.280282 0.002823 
843 12.681099 0.000000 -36.955368 99.617229 0.806278 7.398498 0.002102 
844 22.120451 0.000000 -27.716132 99.571632 2.289486 7.070766 0.003025 
845 7.961423 0.000000 -13.857278 100.024761 5.768253 8.111519 -0.010402 
846 3.241747 0.000000 -13.857278 99.730940 3.864658 7.511340 -0.001762 
847 7.961423 0.000000 -18.476896 99.610996 3.968577 7.299614 0.000862 
848 12.681099 0.000000 -13.857278 100.051418 7.274432 8.910283 -0.014260 
849 5.601585 0.000000 -6.927851 101.457510 6.455639 8.314768 -0.040444 
850 3.241747 0.000000 -6.927851 100.496126 4.984066 7.718485 -0.018389 
851 5.601585 0.000000 -9.237660 100.979518 6.011328 8.529280 -0.030575 
852 7.961423 0.000000 -6.927851 102.197698 7.470755 9.266958 -0.058606 
853 4.421666 0.000000 -3.463138 101.329242 5.257312 5.403588 -0.032445 
854 3.241747 0.000000 -3.463138 100.127984 4.390415 5.768594 -0.007817 
855 4.421666 0.000000 -4.618042 101.348665 5.522397 6.748606 -0.034759 
856 5.601585 0.000000 -3.463138 102.566506 6.036795 5.543981 -0.058707 
857 3.831707 0.000000 -1.730781 104.888191 0.980148 -4.539919 -0.102310 
858 3.241747 0.000000 -1.730781 104.716688 0.819825 -3.725990 -0.098014 
859 3.831707 0.000000 -2.308233 104.996180 1.140984 -6.152954 -0.106336 
860 4.421666 0.000000 -1.730781 104.955591 1.062853 -5.169778 -0.104353 
861 4.126686 0.000000 -0.864603 104.806396 0.898487 -4.084464 -0.100187 
862 3.831707 0.000000 -0.864603 104.716688 0.819825 -3.725990 -0.098014 
863 4.126686 0.000000 -1.153329 104.888191 0.980148 -4.539919 -0.102310 
864 4.421666 0.000000 -0.864603 104.888191 0.980148 -4.539919 -0.102310 
865 4.274176 0.000000 -0.431513 104.806396 0.898487 -4.084464 -0.100187 
866 4.126686 0.000000 -0.431513 104.806396 0.898487 -4.084464 -0.100187 
867 4.274176 0.000000 -0.575877 104.806396 0.898487 -4.084464 -0.100187 
868 4.421666 0.000000 -0.431513 104.888191 0.980148 -4.539919 -0.102310 
869 4.200431 0.000000 -0.214969 104.806396 0.898487 -4.084464 -0.100187 
870 4.126686 0.000000 -0.214969 104.806396 0.898487 -4.084464 -0.100187 
871 4.200431 0.000000 -0.287150 104.806396 0.898487 -4.084464 -0.100187 
872 4.274176 0.000000 -0.214969 104.806396 0.898487 -4.084464 -0.100187 
873 4.163559 0.000000 -0.106697 104.543976 0.959528 -5.811885 -0.096414 
874 4.126686 0.000000 -0.106697 104.543976 0.959528 -5.811885 -0.096414 
875 4.163559 0.000000 -0.142787 104.806396 0.898487 -4.084464 -0.100187 
876 4.200431 0.000000 -0.106697 104.806396 0.898487 -4.084464 -0.100187 
877 4.569156 0.000000 -0.142787 104.888191 0.980148 -4.539919 -0.102310 
878 4.569156 0.000000 -0.287150 104.888191 0.980148 -4.539919 -0.102310 
879 4.716646 0.000000 -0.142787 104.955591 1.062853 -5.169778 -0.104353 
880 4.569156 0.000000 0.001576 104.888191 0.980148 -4.539919 -0.102310 
881 4.347921 0.000000 -0.070606 104.888191 0.980148 -4.539919 -0.102310 
882 4.347921 0.000000 -0.142787 104.888191 0.980148 -4.539919 -0.102310 
883 4.421666 0.000000 -0.070606 104.888191 0.980148 -4.539919 -0.102310 
884 4.347921 0.000000 0.001576 104.888191 0.980148 -4.539919 -0.102310 
885 4.237304 0.000000 -0.034515 104.806396 0.898487 -4.084464 -0.100187 
886 4.237304 0.000000 -0.070606 104.806396 0.898487 -4.084464 -0.100187 
887 4.274176 0.000000 -0.034515 104.806396 0.898487 -4.084464 -0.100187 
888 4.237304 0.000000 0.001576 104.806396 0.898487 -4.084464 -0.100187 
889 4.181995 0.000000 -0.052560 104.543976 0.959528 -5.811885 -0.096414 
890 4.163559 0.000000 -0.052560 104.543976 0.959528 -5.811885 -0.096414 
891 4.181995 0.000000 -0.070606 104.543976 0.959528 -5.811885 -0.096414 
892 4.200431 0.000000 -0.052560 104.543976 0.959528 -5.811885 -0.096414 
893 4.181995 0.000000 -0.034515 104.543976 0.959528 -5.811885 -0.096414 
894 4.237304 0.000000 -0.106697 104.806396 0.898487 -4.084464 -0.100187 
895 4.237304 0.000000 -0.142787 104.806396 0.898487 -4.084464 -0.100187 
896 4.274176 0.000000 -0.106697 104.806396 0.898487 -4.084464 -0.100187 
897 4.218867 0.000000 -0.052560 104.543976 0.959528 -5.811885 -0.096414 
898 4.218867 0.000000 -0.070606 104.806396 0.898487 -4.084464 -0.100187 
899 4.237304 0.000000 -0.052560 104.806396 0.898487 -4.084464 -0.100187 
900 4.218867 0.000000 -0.034515 104.543976 0.959528 -5.811885 -0.096414 
901 4.052941 0.000000 0.073757 104.721630 0.984158 -6.035287 -0.100401 
902 3.979196 0.000000 0.073757 104.652243 0.911007 -5.581899 -0.098408 
903 4.052941 0.000000 0.145939 104.806396 0.898487 -4.084464 -0.100187 
904 4.163559 0.000000 0.037666 104.543976 0.959528 -5.811885 -0.096414 
905 4.126686 0.000000 0.037666 104.467919 1.003586 -6.853334 -0.096152 
906 4.200431 0.000000 0.037666 104.806396 0.898487 -4.084464 -0.100187 
907 4.163559 0.000000 0.073757 104.806396 0.898487 -4.084464 -0.100187 
908 4.181995 0.000000 -0.016470 104.543976 0.959528 -5.811885 -0.096414 
909 4.163559 0.000000 -0.016470 104.467919 1.003586 -6.853334 -0.096152 
910 4.200431 0.000000 -0.016470 104.543976 0.959528 -5.811885 -0.096414 
911 4.181995 0.000000 0.001576 104.543976 0.959528 -5.811885 -0.096414 
912 4.191213 0.000000 -0.043538 104.543976 0.959528 -5.811885 -0.096414 
913 4.181995 0.000000 -0.043538 104.543976 0.959528 -5.811885 -0.096414 
914 4.191213 0.000000 -0.052560 104.543976 0.959528 -5.811885 -0.096414 
915 4.200431 0.000000 -0.043538 104.543976 0.959528 -5.811885 -0.096414 
916 4.191213 0.000000 -0.034515 104.543976 0.959528 -5.811885 -0.096414 
917 4.569156 0.000000 0.145939 104.888191 0.980148 -4.539919 -0.102310 
918 4.716646 0.000000 0.145939 104.955591 1.062853 -5.169778 -0.104353 
919 4.569156 0.000000 0.290302 104.888191 0.980148 -4.539919 -0.102310 
920 4.347921 0.000000 0.073757 104.888191 0.980148 -4.539919 -0.102310 
921 4.421666 0.000000 0.073757 104.888191 0.980148 -4.539919 -0.102310 
922 4.347921 0.000000 0.145939 104.888191 0.980148 -4.539919 -0.102310 
923 4.311049 0.000000 -0.034515 104.806396 0.898487 -4.084464 -0.100187 
924 4.311049 0.000000 -0.070606 104.806396 0.898487 -4.084464 -0.100187 
925 4.347921 0.000000 -0.034515 104.888191 0.980148 -4.539919 -0.102310 
926 4.311049 0.000000 0.001576 104.806396 0.898487 -4.084464 -0.100187 
927 4.495411 0.000000 -0.070606 104.888191 0.980148 -4.539919 -0.102310 
928 4.495411 0.000000 -0.142787 104.888191 0.980148 -4.539919 -0.102310 
929 4.569156 0.000000 -0.070606 104.888191 0.980148 -4.539919 -0.102310 
930 4.495411 0.000000 0.001576 104.888191 0.980148 -4.539919 -0.102310 
931 6.191545 0.000000 -0.575877 104.633874 1.343994 -12.724100 -0.111196 
932 6.191545 0.000000 -1.153329 104.633874 1.343994 -12.724100 -0.111196 
933 6.781504 0.000000 -0.575877 102.775533 1.529078 -20.697686 -0.099354 
934 6.191545 0.000000 0.001576 104.893186 1.279826 -9.986319 -0.110395 
935 5.306605 0.000000 -0.287150 104.996180 1.140984 -6.152954 -0.106336 
936 5.306605 0.000000 -0.575877 104.996180 1.140984 -6.152954 -0.106336 
937 5.601585 0.000000 -0.287150 104.989676 1.212276 -7.734314 -0.108412 
938 5.306605 0.000000 0.001576 104.996180 1.140984 -6.152954 -0.106336 
939 4.864136 0.000000 -0.142787 104.955591 1.062853 -5.169778 -0.104353 
940 4.864136 0.000000 -0.287150 104.955591 1.062853 -5.169778 -0.104353 
941 5.011626 0.000000 -0.142787 104.955591 1.062853 -5.169778 -0.104353 
942 4.864136 0.000000 0.001576 104.955591 1.062853 -5.169778 -0.104353 
943 4.642901 0.000000 -0.070606 104.888191 0.980148 -4.539919 -0.102310 
944 4.642901 0.000000 -0.142787 104.888191 0.980148 -4.539919 -0.102310 
945 4.716646 0.000000 -0.070606 104.888191 0.980148 -4.539919 -0.102310 
946 4.642901 0.000000 0.001576 104.888191 0.980148 -4.539919 -0.102310 
947 6.191545 0.000000 0.579028 104.633874 1.343994 -12.724100 -0.111196 
948 6.781504 0.000000 0.579028 102.775533 1.529078 -20.697686 -0.099354 
949 6.191545 0.000000 1.156480 104.633874 1.343994 -12.724100 -0.111196 
950 5.306605 0.000000 0.290302 104.996180 1.140984 -6.152954 -0.106336 
951 5.601585 0.000000 0.290302 104.989676 1.212276 -7.734314 -0.108412 
952 5.306605 0.000000 0.579028 104.996180 1.140984 -6.152954 -0.106336 
953 5.159115 0.000000 -0.142787 104.996180 1.140984 -6.152954 -0.106336 
954 5.159115 0.000000 -0.287150 104.996180 1.140984 -6.152954 -0.106336 
955 5.306605 0.000000 -0.142787 104.996180 1.140984 -6.152954 -0.106336 
956 5.159115 0.000000 0.001576 104.996180 1.140984 -6.152954 -0.106336 
957 4.864136 0.000000 0.145939 104.955591 1.062853 -5.169778 -0.104353 
958 5.011626 0.000000 0.145939 104.955591 1.062853 -5.169778 -0.104353 
959 4.864136 0.000000 0.290302 104.955591 1.062853 -5.169778 -0.104353 
960 4.937881 0.000000 -0.070606 104.955591 1.062853 -5.169778 -0.104353 
961 4.864136 0.000000 -0.070606 104.955591 1.062853 -5.169778 -0.104353 
962 4.937881 0.000000 -0.142787 104.955591 1.062853 -5.169778 -0.104353 
963 5.011626 0.000000 -0.070606 104.955591 1.062853 -5.169778 -0.104353 
964 4.937881 0.000000 0.001576 104.955591 1.062853 -5.169778 -0.104353 
965 5.896565 0.000000 -0.287150 104.989676 1.212276 -7.734314 -0.108412 
966 5.896565 0.000000 -0.575877 104.893186 1.279826 -9.986319 -0.110395 
967 6.191545 0.000000 -0.287150 104.893186 1.279826 -9.986319 -0.110395 
968 5.896565 0.000000 0.001576 104.989676 1.212276 -7.734314 -0.108412 
969 5.454095 0.000000 -0.142787 104.996180 1.140984 -6.152954 -0.106336 
970 5.454095 0.000000 -0.287150 104.996180 1.140984 -6.152954 -0.106336 
971 5.601585 0.000000 -0.142787 104.989676 1.212276 -7.734314 -0.108412 
972 5.454095 0.000000 0.001576 104.996180 1.140984 -6.152954 -0.106336 
973 5.896565 0.000000 0.290302 104.989676 1.212276 -7.734314 -0.108412 
974 6.191545 0.000000 0.290302 104.893186 1.279826 -9.986319 -0.110395 
975 5.896565 0.000000 0.579028 104.893186 1.279826 -9.986319 -0.110395 
976 5.749075 0.000000 -0.142787 104.989676 1.212276 -7.734314 -0.108412 
977 5.749075 0.000000 -0.287150 104.989676 1.212276 -7.734314 -0.108412 
978 5.896565 0.000000 -0.142787 104.989676 1.212276 -7.734314 -0.108412 
979 5.749075 0.000000 0.001576 104.989676 1.212276 -7.734314 -0.108412 
980 7.371464 0.000000 -0.575877 106.276116 9.059554 1.195766 -0.137812 
981 7.371464 0.000000 -1.153329 105.655869 7.027557 2.609506 -0.121936 
982 7.961423 0.000000 -0.575877 106.346674 9.332254 1.810570 -0.139998 
983 7.371464 0.000000 0.001576 106.735181 -15.833532 -14.627009 -0.185705 
984 6.486524 0.000000 -0.287150 104.172927 1.408350 -15.581418 -0.109676 
985 6.486524 0.000000 -0.575877 104.172927 1.408350 -15.581418 -0.109676 
986 6.781504 0.000000 -0.287150 103.536665 1.470793 -18.243543 -0.105483 
987 6.486524 0.000000 0.001576 104.633874 1.343994 -12.724100 -0.111196 
988 6.044055 0.000000 -0.142787 104.893186 1.279826 -9.986319 -0.110395 
989 6.044055 0.000000 -0.287150 104.893186 1.279826 -9.986319 -0.110395 
990 6.191545 0.000000 -0.142787 104.893186 1.279826 -9.986319 -0.110395 
991 6.044055 0.000000 0.001576 104.893186 1.279826 -9.986319 -0.110395 
992 7.371464 0.000000 0.579028 107.492401 -1.222857 0.097332 -0.155612 
993 7.961423 0.000000 0.579028 107.294578 -0.868505 0.678696 -0.151334 
994 7.371464 0.000000 1.156480 108.055874 -0.100710 -0.093509 -0.167609 
995 7.076484 0.000000 -0.287150 106.580421 14.455122 -2.339253 -0.157381 
996 7.076484 0.000000 -0.575877 106.216425 8.879959 0.847009 -0.136150 
997 7.371464 0.000000 -0.287150 106.599036 14.767328 -2.003369 -0.158544 
998 7.076484 0.000000 0.001576 106.594833 -15.740360 -15.621629 -0.185425 
999 6.486524 0.000000 0.290302 104.633874 1.343994 -12.724100 -0.111196 
1000 6.781504 0.000000 0.290302 103.536665 1.470793 -18.243543 -0.105483 
1001 6.486524 0.000000 0.579028 104.172927 1.408350 -15.581418 -0.109676 
1002 6.634014 0.000000 -0.142787 104.172927 1.408350 -15.581418 -0.109676 
1003 6.486524 0.000000 -0.142787 104.633874 1.343994 -12.724100 -0.111196 
1004 6.634014 0.000000 -0.287150 104.172927 1.408350 -15.581418 -0.109676 
1005 6.781504 0.000000 -0.142787 103.536665 1.470793 -18.243543 -0.105483 
1006 6.634014 0.000000 0.001576 104.172927 1.408350 -15.581418 -0.109676 
1007 8.551383 0.000000 -0.575877 106.374753 9.439306 2.468704 -0.141078 
1008 8.551383 0.000000 -1.153329 105.824018 7.483431 3.686361 -0.126831 
1009 8.551383 0.000000 0.001576 106.995127 -20.391401 -17.225066 -0.216047 
1010 7.666443 0.000000 -0.287150 106.613415 14.974597 -1.698488 -0.159354 
1011 7.666443 0.000000 -0.575877 106.315329 9.211341 1.510736 -0.139008 
1012 7.961423 0.000000 -0.287150 106.668519 15.098671 -1.363821 -0.160800 
1013 7.666443 0.000000 0.001576 106.813070 -15.793049 -14.095687 -0.185714 
1014 7.076484 0.000000 0.290302 107.207452 -3.951328 -0.806573 -0.150970 
1015 7.371464 0.000000 0.290302 107.172456 -3.744716 -0.427120 -0.150014 
1016 7.076484 0.000000 0.579028 107.577607 -1.416065 -0.233906 -0.157500 
1017 7.223974 0.000000 -0.142787 106.672579 22.727369 -18.224633 -0.222771 
1018 7.076484 0.000000 -0.142787 106.641138 22.378162 -17.988782 -0.219671 
1019 7.223974 0.000000 -0.287150 106.593226 14.624991 -2.166641 -0.158070 
1020 7.371464 0.000000 -0.142787 106.692363 22.993495 -18.359469 -0.224903 
1021 7.223974 0.000000 0.001576 106.667201 -15.817459 -15.054588 -0.185472 
1022 8.551383 0.000000 0.579028 107.029309 -0.661461 1.202630 -0.145716 
1023 8.551383 0.000000 1.156480 107.484422 0.646450 0.811284 -0.155398 
1024 8.256403 0.000000 -0.287150 106.806909 15.128039 -0.840346 -0.163728 
1025 8.256403 0.000000 -0.575877 106.372675 9.413059 2.123854 -0.140826 
1026 8.551383 0.000000 -0.287150 106.928351 14.915424 0.073705 -0.165615 
1027 8.256403 0.000000 0.001576 106.704676 -16.986197 -14.348311 -0.188029 
1028 8.846362 0.000000 -0.287150 106.870231 14.364165 1.149373 -0.162890 
1029 8.846362 0.000000 -0.575877 106.332800 9.408102 2.824854 -0.140316 
1030 9.141342 0.000000 -0.287150 106.701863 13.634018 2.044894 -0.157536 
1031 8.846362 0.000000 0.001576 108.143467 -27.695917 -28.574607 -0.327858 
1032 8.256403 0.000000 0.290302 106.887064 -3.421639 0.467124 -0.143677 
1033 7.961423 0.000000 0.290302 107.019315 -3.450673 0.176358 -0.146507 
1034 8.551383 0.000000 0.290302 106.743297 -3.549721 0.792601 -0.140736 
1035 8.256403 0.000000 0.579028 107.167437 -0.743050 0.941449 -0.148630 
1036 8.403893 0.000000 -0.142787 107.897427 25.588652 -15.065848 -0.252361 
1037 8.256403 0.000000 -0.142787 107.493348 24.813273 -16.602539 -0.244616 
1038 8.403893 0.000000 -0.287150 106.883202 15.064282 -0.433958 -0.165114 
1039 8.551383 0.000000 -0.142787 108.213176 26.338860 -12.201441 -0.255270 
1040 8.403893 0.000000 0.001576 106.802853 -18.263755 -15.145392 -0.196980 
1041 9.436322 0.000000 0.290302 106.287457 -5.438833 1.807144 -0.132987 
1042 9.141342 0.000000 0.290302 106.456387 -4.524851 1.452245 -0.135555 
1043 9.436322 0.000000 0.001576 115.423014 71.783755 -55.570367 -1.156345 
1044 9.436322 0.000000 0.579028 106.590164 -0.743990 1.971441 -0.136590 
1045 10.026281 0.000000 -0.287150 106.147702 11.686099 3.583251 -0.141674 
1046 9.731302 0.000000 -0.287150 106.332756 12.243955 3.204607 -0.146684 
1047 10.026281 0.000000 -0.575877 105.893507 9.037574 3.946237 -0.131069 
1048 10.321261 0.000000 -0.287150 105.962283 11.219762 3.877290 -0.136892 
1049 9.878792 0.000000 0.145939 105.248053 -32.209652 1.084769 -0.211579 
1050 9.731302 0.000000 0.145939 105.672375 -24.569635 0.052213 -0.177032 
1051 9.878792 0.000000 0.001576 107.503769 38.934355 1.494392 -0.307518 
1052 10.026281 0.000000 0.145939 104.403904 -45.085272 4.379675 -0.295204 
1053 9.878792 0.000000 0.290302 105.963108 -7.601881 2.561020 -0.129253 
1054 9.436322 0.000000 -0.287150 106.513773 12.903466 2.712324 -0.151904 
1055 9.436322 0.000000 -0.575877 106.150455 9.236586 3.452406 -0.136515 
1056 9.878792 0.000000 -0.142787 106.494567 16.470607 3.100093 -0.162198 
1057 9.731302 0.000000 -0.142787 106.638278 17.423507 2.668907 -0.168242 
1058 9.878792 0.000000 -0.287150 106.240272 11.953041 3.406233 -0.144147 
1059 10.026281 0.000000 -0.142787 106.357999 15.650934 3.434679 -0.156877 
1060 10.173771 0.000000 0.145939 102.070948 -69.758776 16.663534 -0.556244 
1061 10.173771 0.000000 0.001576 106.592856 27.824747 4.534563 -0.215682 
1062 10.321261 0.000000 0.145939 92.650625 -107.711610 83.531824 -1.716349 
1063 10.173771 0.000000 0.290302 105.667426 -9.889300 3.417207 -0.127508 
1064 9.952537 0.000000 0.073757 116.071092 226.245063 -17.288268 -5.495821 
1065 9.878792 0.000000 0.073757 177.424381 340.682479 -485.669749 -37.341907 
1066 9.952537 0.000000 0.001576 107.189600 35.332134 2.768918 -0.274564 
1067 10.026281 0.000000 0.073757 109.126414 129.089301 11.642280 -1.870816 
1068 9.952537 0.000000 0.145939 104.896378 -37.732234 2.249078 -0.243203 
1069 116.513974 0.000000 -110.869255 99.703639 0.057162 7.744503 -0.000080 
1070 116.513974 0.000000 -147.826199 99.702752 0.089628 7.756665 -0.000081 
1071 154.271383 0.000000 -110.869255 99.701571 0.144368 7.753228 -0.000054 
1072 -34.515662 0.000000 -110.869255 99.705933 0.007286 7.743068 -0.000123 
1073 -72.273071 0.000000 -110.869255 99.703676 0.001631 7.743677 -0.000079 
1074 -34.515662 0.000000 -147.826199 99.705261 0.011855 7.747262 -0.000116 
1075 59.877860 0.000000 -55.433840 99.706300 0.311088 7.601324 0.000078 
1076 59.877860 0.000000 -73.912312 99.706533 0.122689 7.700188 -0.000070 
1077 78.756565 0.000000 -55.433840 99.708566 0.298359 7.604801 0.000028 
1078 -34.515662 0.000000 110.872407 99.666021 -0.031499 7.771151 0.000629 
1079 -72.273071 0.000000 110.872407 99.677937 -0.016181 7.756065 0.000415 
1080 -34.515662 0.000000 147.829350 99.680731 -0.047064 7.765425 0.000345 
1081 -110.030480 0.000000 110.872407 99.686657 -0.030049 7.751205 0.000249 
1082 -147.787889 0.000000 110.872407 99.691631 -0.019883 7.749081 0.000153 
1083 -110.030480 0.000000 147.829350 99.689581 -0.028754 7.752140 0.000189 
1084 -15.636957 0.000000 -55.433840 99.687026 0.083393 7.687683 0.000339 
1085 -34.515662 0.000000 -55.433840 99.691175 0.031636 7.710619 0.000221 
1086 -15.636957 0.000000 -73.912312 99.702688 0.040542 7.720852 -0.000024 
1087 31.559804 0.000000 -27.716132 99.627567 2.424596 6.995775 0.001953 
1088 31.559804 0.000000 -36.955368 99.666410 1.063555 7.292285 0.001230 
1089 40.999156 0.000000 -27.716132 99.669804 2.382581 6.959481 0.001182 
1090 -15.636957 0.000000 55.436991 99.538923 -0.204818 7.854767 0.003026 
1091 -34.515662 0.000000 55.436991 99.596439 -0.100073 7.786379 0.001991 
1092 -15.636957 0.000000 73.915463 99.607368 -0.110652 7.820685 0.001720 
1093 -53.394366 0.000000 55.436991 99.636992 -0.050488 7.758916 0.001227 
1094 -72.273071 0.000000 55.436991 99.661040 -0.027691 7.749136 0.000763 
1095 -53.394366 0.000000 73.915463 99.651786 -0.039182 7.762989 0.000926 
1096 -6.197605 0.000000 -27.716132 99.512322 0.678401 7.439559 0.004149 
1097 -15.636957 0.000000 -27.716132 99.564448 0.260180 7.558345 0.002972 
1098 -6.197605 0.000000 -36.955368 99.615168 0.336104 7.559487 0.001956 
1099 31.559804 0.000000 27.719283 99.318682 -5.577510 8.331243 0.003528 
1100 40.999156 0.000000 27.719283 99.425478 -6.168185 8.250044 0.000846 
1101 31.559804 0.000000 36.958519 99.367658 -2.497251 8.692810 0.004427 
1102 17.400775 0.000000 -13.857278 99.772346 8.087135 9.468174 -0.010957 
1103 17.400775 0.000000 -18.476896 99.609155 5.529285 7.636630 -0.001087 
1104 22.120451 0.000000 -13.857278 99.506340 8.542451 9.568509 -0.006604 
1105 -6.197605 0.000000 27.719283 99.118615 -1.345284 8.026444 0.010927 
1106 -15.636957 0.000000 27.719283 99.277211 -0.626306 7.881092 0.008153 
1107 -6.197605 0.000000 36.958519 99.294779 -0.734835 8.033325 0.007547 
1108 -25.076310 0.000000 27.719283 99.417808 -0.314556 7.796305 0.005522 
1109 -34.515662 0.000000 27.719283 99.525599 -0.165174 7.756263 0.003447 
1110 -25.076310 0.000000 36.958519 99.483788 -0.252335 7.811131 0.004190 
1111 -1.477929 0.000000 -13.857278 99.457410 2.390659 7.242900 0.005005 
1112 -6.197605 0.000000 -13.857278 99.385011 1.339266 7.235815 0.006847 
1113 -1.477929 0.000000 -18.476896 99.460229 1.893748 7.189266 0.005239 
1114 7.961423 0.000000 13.860430 101.198870 -8.319180 2.939884 -0.031906 
1115 3.241747 0.000000 13.860430 100.332678 -6.410740 5.327149 -0.013612 
1116 7.961423 0.000000 18.480048 99.451998 -6.787004 6.346245 0.002296 
1117 10.321261 0.000000 -6.927851 102.352831 8.085763 10.473304 -0.065117 
1118 10.321261 0.000000 -9.237660 101.480448 7.900198 10.424208 -0.046936 
1119 12.681099 0.000000 -6.927851 102.109139 8.228502 11.774109 -0.063261 
1120 -1.477929 0.000000 13.860430 99.515244 -4.434206 6.730038 0.003176 
1121 -6.197605 0.000000 13.860430 99.120016 -2.739178 7.330507 0.011398 
1122 -1.477929 0.000000 18.480048 98.962452 -3.540552 7.523680 0.013729 
1123 -10.917281 0.000000 13.860430 99.068291 -1.599400 7.537417 0.012610 
1124 -15.636957 0.000000 13.860430 99.138654 -0.949007 7.606265 0.011277 
1125 -10.917281 0.000000 18.480048 99.019262 -1.426801 7.708549 0.013373 
1126 0.881909 0.000000 -6.927851 100.005079 3.380196 7.541503 -0.006932 
1127 -1.477929 0.000000 -6.927851 99.663238 2.206359 7.584458 0.000485 
1128 0.881909 0.000000 -9.237660 99.896642 3.510832 7.586942 -0.004923 
1129 10.321261 0.000000 6.931003 106.446655 -2.780896 -3.945122 -0.135419 
1130 7.961423 0.000000 6.931003 106.990165 -4.414124 -2.428581 -0.147228 
1131 10.321261 0.000000 9.240812 104.705777 -5.761795 -3.230012 -0.100693 
1132 5.601585 0.000000 6.931003 106.671101 -5.495947 -0.344303 -0.140905 
1133 3.241747 0.000000 6.931003 105.533271 -5.718778 2.040678 -0.117414 
1134 5.601585 0.000000 9.240812 104.141826 -6.837166 0.869392 -0.089302 
1135 6.781504 0.000000 -3.463138 103.519980 6.683114 6.080628 -0.079802 
1136 6.781504 0.000000 -4.618042 102.932530 6.875958 7.441157 -0.069776 
1137 7.961423 0.000000 -3.463138 104.079912 7.157992 6.786055 -0.092992 
1138 0.881909 0.000000 6.931003 103.673891 -4.996109 4.160129 -0.079054 
1139 -1.477929 0.000000 6.931003 102.029507 -4.105034 5.686998 -0.045921 
1140 0.881909 0.000000 9.240812 102.017052 -5.591127 4.605842 -0.045995 
1141 -3.837767 0.000000 6.931003 100.772678 -3.205129 6.568795 -0.020855 
1142 -6.197605 0.000000 6.931003 99.955534 -2.406075 7.014908 -0.004611 
1143 -3.837767 0.000000 9.240812 100.151573 -3.455607 6.590662 -0.008572 
1144 2.061828 0.000000 -3.463138 99.263181 3.498941 6.510426 0.009219 
1145 0.881909 0.000000 -3.463138 98.893520 2.656013 7.400294 0.015825 
1146 2.061828 0.000000 -4.618042 99.852956 3.871287 7.138044 -0.003655 
1147 5.011626 0.000000 -1.730781 104.989676 1.212276 -7.734314 -0.108412 
1148 5.011626 0.000000 -2.308233 104.633874 1.343994 -12.724100 -0.111196 
1149 5.601585 0.000000 -1.730781 104.633874 1.343994 -12.724100 -0.111196 
1150 2.651788 0.000000 -1.730781 104.588571 0.538277 -1.102220 -0.094027 
1151 2.061828 0.000000 -1.730781 104.684488 0.337491 2.239133 -0.096397 
1152 2.651788 0.000000 -2.308233 104.764011 0.520300 1.415787 -0.097777 
1153 3.536727 0.000000 -0.864603 104.624583 0.746757 -3.437699 -0.095868 
1154 3.241747 0.000000 -0.864603 104.489324 0.620542 -3.128991 -0.092819 
1155 3.536727 0.000000 -1.153329 104.716688 0.819825 -3.725990 -0.098014 
1156 97.635269 0.000000 -55.433840 99.709223 0.280121 7.611409 0.000006 
1157 97.635269 0.000000 -73.912312 99.705449 0.118053 7.701703 -0.000051 
1158 116.513974 0.000000 -55.433840 99.709155 0.261101 7.619244 -0.000004 
1159 135.392678 0.000000 -55.433840 99.708772 0.242887 7.627409 -0.000008 
1160 135.392678 0.000000 -73.912312 99.704236 0.106423 7.705784 -0.000033 
1161 154.271383 0.000000 -55.433840 99.708922 0.278629 7.628091 -0.000013 
1162 50.438508 0.000000 -27.716132 99.702215 2.289685 6.945399 0.000599 
1163 50.438508 0.000000 -36.955368 99.702960 1.061775 7.273397 0.000529 
1164 59.877860 0.000000 -27.716132 99.723591 2.164050 6.948996 0.000223 
1165 69.317213 0.000000 -27.716132 99.734452 2.039983 6.963336 0.000039 
1166 69.317213 0.000000 -36.955368 99.718970 0.980360 7.289140 0.000203 
1167 78.756565 0.000000 -27.716132 99.740661 1.920178 6.982944 -0.000065 
1168 26.840128 0.000000 -13.857278 99.400583 8.744202 9.407314 -0.004543 
1169 26.840128 0.000000 -18.476896 99.550183 6.018753 7.559966 -0.000362 
1170 31.559804 0.000000 -13.857278 99.394493 8.755201 9.166607 -0.003995 
1171 36.279480 0.000000 -13.857278 99.403802 8.631433 8.860978 -0.003413 
1172 36.279480 0.000000 -18.476896 99.561380 5.885637 7.282685 -0.000015 
1173 40.999156 0.000000 -13.857278 99.459297 8.476569 8.637425 -0.003861 
1174 15.040937 0.000000 -6.927851 101.370699 8.338471 12.568062 -0.050350 
1175 15.040937 0.000000 -9.237660 100.781608 8.745456 12.043796 -0.037847 
1176 17.400775 0.000000 -6.927851 100.566439 8.652365 12.970040 -0.035669 
1177 19.760613 0.000000 -6.927851 99.944513 8.775049 13.246190 -0.024137 
1178 19.760613 0.000000 -9.237660 99.783089 9.415659 12.641861 -0.020514 
1179 22.120451 0.000000 -6.927851 99.496391 8.983252 13.400670 -0.015981 
1180 9.141342 0.000000 -3.463138 104.250335 7.487498 7.514095 -0.098066 
1181 9.141342 0.000000 -4.618042 103.577001 7.658961 8.740049 -0.086324 
1182 10.321261 0.000000 -3.463138 104.120655 7.680689 8.186446 -0.096712 
1183 11.501180 0.000000 -3.463138 103.772932 7.769453 8.775278 -0.090619 
1184 11.501180 0.000000 -4.618042 103.238344 7.923894 9.974945 -0.082044 
1185 12.681099 0.000000 -3.463138 103.282823 7.788752 9.276716 -0.081406 
1186 6.191545 0.000000 -1.730781 102.775533 1.529078 -20.697686 -0.099354 
1187 6.191545 0.000000 -2.308233 103.735973 6.147517 3.771202 -0.081317 
1188 6.781504 0.000000 -1.730781 104.759368 6.439974 3.119042 -0.102573 
1189 7.371464 0.000000 -1.730781 105.104896 6.729769 3.662767 -0.110574 
1190 7.371464 0.000000 -2.308233 104.628287 6.747611 4.662633 -0.101435 
1191 7.961423 0.000000 -1.730781 105.297383 6.976383 4.165249 -0.115356 
1192 4.716646 0.000000 -0.864603 104.955591 1.062853 -5.169778 -0.104353 
1193 4.716646 0.000000 -1.153329 104.955591 1.062853 -5.169778 -0.104353 
1194 5.011626 0.000000 -0.864603 104.996180 1.140984 -6.152954 -0.106336 
1195 5.306605 0.000000 -0.864603 104.996180 1.140984 -6.152954 -0.106336 
1196 5.306605 0.000000 -1.153329 104.989676 1.212276 -7.734314 -0.108412 
1197 5.601585 0.000000 -0.864603 104.989676 1.212276 -7.734314 -0.108412 
1198 3.979196 0.000000 -0.431513 104.716688 0.819825 -3.725990 -0.098014 
1199 3.831707 0.000000 -0.431513 104.716688 0.819825 -3.725990 -0.098014 
1200 3.979196 0.000000 -0.575877 104.806396 0.898487 -4.084464 -0.100187 
1201 2.946767 0.000000 0.290302 104.686743 0.575638 -0.588005 -0.095999 
1202 2.946767 0.000000 0.001576 104.686743 0.575638 -0.588005 -0.095999 
1203 2.946767 0.000000 0.579028 104.588571 0.538277 -1.102220 -0.094027 
1204 2.946767 0.000000 -0.287150 104.623961 0.552171 -0.798422 -0.094712 
1205 2.651788 0.000000 -0.287150 104.638197 0.557717 -0.609173 -0.094983 
1206 2.946767 0.000000 -0.575877 104.588571 0.538277 -1.102220 -0.094027 
1207 2.356808 0.000000 -0.287150 104.605726 0.544967 -0.883968 -0.094344 
1208 2.061828 0.000000 -0.287150 104.597781 0.535795 -0.789478 -0.094161 
1209 2.356808 0.000000 -0.575877 104.588571 0.538277 -1.102220 -0.094027 
1210 -0.592990 0.000000 -0.287150 104.221551 0.013701 2.965338 -0.087093 
1211 -0.887970 0.000000 -0.287150 104.203345 -0.029842 3.317678 -0.086934 
1212 -0.592990 0.000000 -0.575877 104.221551 0.013701 2.965338 -0.087093 
1213 -0.150520 0.000000 -0.142787 104.271541 0.069505 2.826129 -0.088055 
1214 -0.298010 0.000000 -0.142787 104.221551 0.013701 2.965338 -0.087093 
1215 -0.150520 0.000000 -0.287150 104.271541 0.069505 2.826129 -0.088055 
1216 0.439439 0.000000 0.145939 104.225160 0.102066 2.353113 -0.086843 
1217 0.586929 0.000000 0.145939 104.292096 0.121384 2.603606 -0.088363 
1218 0.439439 0.000000 0.290302 104.347908 0.133878 2.877036 -0.089678 
1219 50.438508 0.000000 27.719283 99.508139 -6.686761 8.114878 -0.001243 
1220 50.438508 0.000000 36.958519 99.478448 -3.033877 8.814761 0.001713 
1221 26.840128 0.000000 13.860430 100.148580 -10.198119 -3.503057 -0.014601 
1222 31.559804 0.000000 13.860430 100.186178 -10.169713 -4.093021 -0.015745 
1223 26.840128 0.000000 18.480048 99.570685 -10.663345 3.251560 -0.003860 
1224 4.052941 0.000000 -0.214969 104.806396 0.898487 -4.084464 -0.100187 
1225 3.979196 0.000000 -0.214969 104.716688 0.819825 -3.725990 -0.098014 
1226 4.052941 0.000000 -0.287150 104.806396 0.898487 -4.084464 -0.100187 
1227 4.569156 0.000000 -0.431513 104.888191 0.980148 -4.539919 -0.102310 
1228 4.569156 0.000000 -0.575877 104.888191 0.980148 -4.539919 -0.102310 
1229 4.716646 0.000000 -0.431513 104.955591 1.062853 -5.169778 -0.104353 
1230 4.864136 0.000000 -0.431513 104.955591 1.062853 -5.169778 -0.104353 
1231 4.864136 0.000000 -0.575877 104.955591 1.062853 -5.169778 -0.104353 
1232 5.011626 0.000000 -0.431513 104.955591 1.062853 -5.169778 -0.104353 
1233 4.347921 0.000000 -0.214969 104.888191 0.980148 -4.539919 -0.102310 
1234 4.347921 0.000000 -0.287150 104.888191 0.980148 -4.539919 -0.102310 
1235 4.421666 0.000000 -0.214969 104.888191 0.980148 -4.539919 -0.102310 
1236 8.551383 0.000000 -1.730781 105.380036 7.166205 4.618195 -0.117763 
1237 8.551383 0.000000 -2.308233 104.963631 7.169508 5.523449 -0.109927 
1238 9.141342 0.000000 -1.730781 105.352232 7.327310 5.040909 -0.117819 
1239 9.731302 0.000000 -1.730781 105.241919 7.453021 5.425003 -0.116084 
1240 9.731302 0.000000 -2.308233 104.891231 7.452556 6.286658 -0.109723 
1241 10.321261 0.000000 -1.730781 105.064893 7.549549 5.771809 -0.112894 
1242 13.861018 0.000000 3.466289 104.395099 3.125426 -0.479227 -0.090833 
1243 12.681099 0.000000 3.466289 105.401520 2.572014 -0.922316 -0.111695 
1244 13.861018 0.000000 4.621194 104.517807 2.395057 -2.329912 -0.093514 
1245 13.861018 0.000000 -3.463138 102.870310 7.670687 9.928174 -0.073971 
1246 13.861018 0.000000 -4.618042 102.513544 7.798553 11.118745 -0.069347 
1247 15.040937 0.000000 -3.463138 102.239913 7.664641 10.308195 -0.061801 
1248 16.220856 0.000000 -3.463138 101.678154 7.652620 10.587948 -0.050911 
1249 16.220856 0.000000 -4.618042 101.443949 7.780231 11.775346 -0.049007 
1250 17.400775 0.000000 -3.463138 101.141673 7.641334 10.806250 -0.040480 
1251 10.911221 0.000000 -1.730781 104.835510 7.623281 6.084026 -0.108561 
1252 10.911221 0.000000 -2.308233 104.546327 7.618405 6.933161 -0.103604 
1253 11.501180 0.000000 -1.730781 104.566010 7.679628 6.365247 -0.103354 
1254 12.091140 0.000000 -1.730781 104.266894 7.722686 6.619135 -0.097504 
1255 12.091140 0.000000 -2.308233 104.028091 7.704895 7.472640 -0.093705 
1256 12.681099 0.000000 -1.730781 103.946765 7.756331 6.849671 -0.091201 
1257 10.616241 0.000000 -0.287150 105.776340 10.833507 4.110647 -0.132290 
1258 10.616241 0.000000 -0.575877 105.591264 8.872657 4.342991 -0.124710 
1259 10.911221 0.000000 -0.287150 105.591564 10.508789 4.294805 -0.127846 
1260 13.271059 0.000000 -1.730781 103.613087 7.783092 7.059830 -0.084609 
1261 13.271059 0.000000 -2.308233 103.413601 7.743417 7.923477 -0.081711 
1262 13.861018 0.000000 -1.730781 103.272463 7.804269 7.252035 -0.077870 
1263 14.450978 0.000000 -1.730781 103.041130 7.752696 7.687649 -0.073668 
1264 14.450978 0.000000 -2.308233 102.886293 7.678923 8.554177 -0.071773 
1265 15.040937 0.000000 -1.730781 102.696732 7.772347 7.851226 -0.066867 
1266 12.976079 0.000000 0.290302 103.958829 21.535473 12.257580 -0.142146 
1267 12.976079 0.000000 0.001576 104.335731 11.707164 5.361889 -0.105175 
1268 12.976079 0.000000 0.579028 103.895135 -8.188923 9.046720 -0.094310 
1269 24.480290 0.000000 6.931003 100.554618 0.984443 -5.051406 -0.013772 
1270 26.840128 0.000000 6.931003 100.370353 1.076897 -4.845055 -0.009884 
1271 24.480290 0.000000 9.240812 100.634742 -3.072859 -6.975939 -0.018546 
1272 15.630897 0.000000 1.733932 102.970312 3.078165 2.930097 -0.062095 
1273 15.040937 0.000000 1.733932 103.336442 3.025928 2.807149 -0.069546 
1274 15.630897 0.000000 2.311385 103.063213 3.565656 1.881317 -0.063828 
1275 14.745958 0.000000 0.290302 103.182688 15.301802 7.911590 -0.094341 
1276 14.745958 0.000000 0.001576 103.237537 10.624676 5.845864 -0.080505 
1277 14.745958 0.000000 0.579028 101.967291 -8.125118 27.894651 -0.124146 
1278 24.480290 0.000000 -2.308233 99.516795 7.748672 10.117672 -0.006600 
1279 24.480290 0.000000 -4.618042 99.323279 8.202713 12.635921 -0.009206 
1280 26.840128 0.000000 -2.308233 99.326511 7.771546 10.358864 -0.003346 
1281 18.580694 0.000000 -3.463138 100.667173 7.738345 10.916665 -0.031294 
1282 18.580694 0.000000 -4.618042 100.509567 7.933128 12.091152 -0.031130 
1283 19.760613 0.000000 -3.463138 100.278925 7.738888 11.089528 -0.023873 
1284 15.630897 0.000000 -1.730781 102.331785 7.801218 8.020077 -0.059697 
1285 15.630897 0.000000 -2.308233 102.203722 7.702826 8.895955 -0.058407 
1286 16.220856 0.000000 -1.730781 102.010524 7.808843 8.154035 -0.053361 
1287 16.810816 0.000000 -0.575877 101.925090 8.504884 6.540648 -0.050384 
1288 16.810816 0.000000 -1.153329 101.833686 8.032920 7.378525 -0.048907 
1289 17.400775 0.000000 -0.575877 101.624653 8.488384 6.629991 -0.044358 
1290 17.990735 0.000000 -0.575877 101.347748 8.466423 6.697733 -0.038791 
1291 17.990735 0.000000 -1.153329 101.267519 8.028229 7.564407 -0.037678 
1292 18.580694 0.000000 -0.575877 101.095807 8.438543 6.770728 -0.033741 
1293 45.718832 0.000000 -13.857278 99.509416 8.288181 8.432280 -0.004192 
1294 45.718832 0.000000 -18.476896 99.634986 5.593216 7.109118 -0.000895 
1295 50.438508 0.000000 -13.857278 99.549654 8.073853 8.247409 -0.004334 
1296 55.158184 0.000000 -13.857278 99.587841 7.868062 8.076296 -0.004487 
1297 55.158184 0.000000 -18.476896 99.688945 5.249443 6.984809 -0.001423 
1298 59.877860 0.000000 -13.857278 99.619578 7.645431 7.921259 -0.004526 
1299 64.597536 0.000000 13.860430 100.750657 -6.885487 -6.921484 -0.024601 
1300 59.877860 0.000000 13.860430 100.710645 -7.529926 -6.678653 -0.024394 
1301 64.597536 0.000000 18.480048 100.283504 -11.863666 -0.928124 -0.019839 
1302 88.195917 0.000000 -27.716132 99.744012 1.806975 7.005575 -0.000121 
1303 88.195917 0.000000 -36.955368 99.724585 0.889596 7.316762 0.000068 
1304 97.635269 0.000000 -27.716132 99.745584 1.700974 7.029881 -0.000149 
1305 107.074622 0.000000 -27.716132 99.746033 1.602097 7.055020 -0.000161 
1306 107.074622 0.000000 -36.955368 99.725910 0.805075 7.347369 0.000011 
1307 116.513974 0.000000 -27.716132 99.745762 1.510005 7.080447 -0.000163 
1308 64.597536 0.000000 -13.857278 99.643129 7.425219 7.780855 -0.004443 
1309 64.597536 0.000000 -18.476896 99.719558 4.911052 6.898499 -0.001570 
1310 69.317213 0.000000 -13.857278 99.662890 7.205125 7.653352 -0.004318 
1311 74.036889 0.000000 -4.618042 99.258410 10.100632 12.830837 -0.011889 
1312 74.036889 0.000000 -9.237660 99.502109 9.617696 9.757165 -0.008837 
1313 78.756565 0.000000 -4.618042 99.280085 10.196294 12.654093 -0.012063 
1314 62.237698 0.000000 2.311385 99.652161 7.824618 7.224045 -0.004396 
1315 62.237698 0.000000 0.001576 99.386495 7.759751 10.685463 -0.005207 
1316 62.237698 0.000000 4.621194 99.868031 0.230494 4.407659 0.000690 
1317 66.957375 0.000000 6.931003 100.196984 3.037326 0.373751 -0.004880 
1318 64.597536 0.000000 6.931003 100.214945 3.003189 0.034239 -0.005206 
1319 66.957375 0.000000 9.240812 100.518761 1.489943 -3.790256 -0.012061 
1320 62.237698 0.000000 6.931003 100.231758 2.953881 -0.305683 -0.005522 
1321 59.877860 0.000000 6.931003 100.247211 2.890370 -0.645336 -0.005827 
1322 62.237698 0.000000 9.240812 100.545565 1.051681 -4.371266 -0.012962 
1323 71.677051 0.000000 2.311385 99.590991 7.661859 8.399303 -0.004762 
1324 71.677051 0.000000 0.001576 99.350910 7.942920 11.516651 -0.006633 
1325 74.036889 0.000000 2.311385 99.573993 7.646387 8.687935 -0.004893 
1326 76.396727 0.000000 2.311385 99.556763 7.637889 8.971485 -0.005037 
1327 76.396727 0.000000 0.001576 99.332958 8.069011 11.874411 -0.007315 
1328 78.756565 0.000000 2.311385 99.539461 7.635884 9.248970 -0.005195 
1329 83.476241 0.000000 -4.618042 99.302009 10.268983 12.452887 -0.012142 
1330 83.476241 0.000000 -9.237660 99.552316 9.260251 9.273922 -0.008242 
1331 88.195917 0.000000 -4.618042 99.324283 10.317581 12.230967 -0.012136 
1332 81.116403 0.000000 2.311385 99.522218 7.640151 9.519618 -0.005367 
1333 81.116403 0.000000 0.001576 99.316087 8.214774 12.191227 -0.007979 
1334 83.476241 0.000000 2.311385 99.505142 7.650610 9.782820 -0.005551 
1335 85.836079 0.000000 2.311385 99.488323 7.667251 10.038092 -0.005748 
1336 85.836079 0.000000 0.001576 99.300926 8.377088 12.465546 -0.008624 
1337 88.195917 0.000000 2.311385 99.471835 7.690081 10.285040 -0.005957 
1338 92.915593 0.000000 -4.618042 99.346902 10.341472 11.992131 -0.012056 
1339 92.915593 0.000000 -9.237660 99.594410 8.862371 8.836775 -0.007568 
1340 97.635269 0.000000 -4.618042 99.369790 10.340510 11.740130 -0.011911 
1341 90.555755 0.000000 2.311385 99.455744 7.719095 10.523337 -0.006177 
1342 90.555755 0.000000 0.001576 99.287950 8.552438 12.696086 -0.009243 
1343 92.915593 0.000000 2.311385 99.440104 7.754255 10.752701 -0.006408 
1344 95.275431 0.000000 2.311385 99.424964 7.795484 10.972878 -0.006650 
1345 95.275431 0.000000 0.001576 99.277508 8.737027 12.881931 -0.009830 
1346 97.635269 0.000000 2.311385 99.410367 7.842655 11.183636 -0.006900 
1347 125.953326 0.000000 -27.716132 99.745027 1.424266 7.105799 -0.000159 
1348 125.953326 0.000000 -36.955368 99.725450 0.729330 7.377746 -0.000013 
1349 135.392678 0.000000 -27.716132 99.743994 1.344428 7.130827 -0.000152 
1350 144.832030 0.000000 -27.716132 99.742773 1.270051 7.155362 -0.000143 
1351 144.832030 0.000000 -36.955368 99.724245 0.662044 7.406681 -0.000022 
1352 154.271383 0.000000 -27.716132 99.741436 1.200719 7.179285 -0.000134 
1353 102.354945 0.000000 -4.618042 99.392830 10.314989 11.478578 -0.011709 
1354 102.354945 0.000000 -9.237660 99.629953 8.437528 8.448892 -0.006870 
1355 107.074622 0.000000 -4.618042 99.415879 10.265585 11.210893 -0.011458 
1356 99.995107 0.000000 2.311385 99.396351 7.895598 11.384753 -0.007159 
1357 99.995107 0.000000 0.001576 99.269844 8.926875 13.022620 -0.010378 
1358 102.354945 0.000000 2.311385 99.382951 7.954095 11.576017 -0.007424 
1359 104.714783 0.000000 2.311385 99.370201 8.017884 11.757223 -0.007696 
1360 104.714783 0.000000 0.001576 99.265108 9.117928 13.118223 -0.010879 
1361 107.074622 0.000000 2.311385 99.358129 8.086665 11.928172 -0.007971 
1362 111.794298 0.000000 -4.618042 99.438785 10.193306 10.940239 -0.011166 
1363 111.794298 0.000000 -9.237660 99.659932 7.997547 8.110794 -0.006185 
1364 116.513974 0.000000 -4.618042 99.461399 10.099433 10.669491 -0.010841 
1365 109.434460 0.000000 2.311385 99.346764 8.160098 12.088672 -0.008250 
1366 109.434460 0.000000 0.001576 99.263368 9.306158 13.169386 -0.011325 
1367 111.794298 0.000000 2.311385 99.336130 8.237812 12.238543 -0.008531 
1368 114.154136 0.000000 2.311385 99.326250 8.319406 12.377617 -0.008812 
1369 114.154136 0.000000 0.001576 99.264619 9.487659 13.177355 -0.011712 
1370 116.513974 0.000000 2.311385 99.317145 8.404455 12.505742 -0.009092 
1371 121.233650 0.000000 -4.618042 99.483577 9.985463 10.401212 -0.010488 
1372 121.233650 0.000000 -9.237660 99.685070 7.552408 7.820967 -0.005532 
1373 125.953326 0.000000 -4.618042 99.505190 9.853051 10.137639 -0.010114 
1374 118.873812 0.000000 2.311385 99.308831 8.492509 12.622787 -0.009370 
1375 118.873812 0.000000 0.001576 99.268789 9.658742 13.143960 -0.012035 
1376 121.233650 0.000000 2.311385 99.301325 8.583104 12.728640 -0.009644 
1377 123.593488 0.000000 2.311385 99.294640 8.675759 12.823220 -0.009913 
1378 123.593488 0.000000 0.001576 99.275749 9.816018 13.071578 -0.012289 
1379 125.953326 0.000000 2.311385 99.288783 8.769982 12.906470 -0.010175 
1380 4.237304 0.000000 0.037666 104.806396 0.898487 -4.084464 -0.100187 
1381 4.274176 0.000000 0.037666 104.806396 0.898487 -4.084464 -0.100187 
1382 4.237304 0.000000 0.073757 104.806396 0.898487 -4.084464 -0.100187 
1383 4.495411 0.000000 -0.214969 104.888191 0.980148 -4.539919 -0.102310 
1384 4.495411 0.000000 -0.287150 104.888191 0.980148 -4.539919 -0.102310 
1385 4.569156 0.000000 -0.214969 104.888191 0.980148 -4.539919 -0.102310 
1386 4.642901 0.000000 -0.214969 104.888191 0.980148 -4.539919 -0.102310 
1387 4.642901 0.000000 -0.287150 104.888191 0.980148 -4.539919 -0.102310 
1388 4.716646 0.000000 -0.214969 104.955591 1.062853 -5.169778 -0.104353 
1389 4.311049 0.000000 -0.106697 104.806396 0.898487 -4.084464 -0.100187 
1390 4.311049 0.000000 -0.142787 104.806396 0.898487 -4.084464 -0.100187 
1391 4.347921 0.000000 -0.106697 104.888191 0.980148 -4.539919 -0.102310 
1392 4.218867 0.000000 -0.016470 104.543976 0.959528 -5.811885 -0.096414 
1393 4.237304 0.000000 -0.016470 104.806396 0.898487 -4.084464 -0.100187 
1394 4.218867 0.000000 0.001576 104.543976 0.959528 -5.811885 -0.096414 
1395 4.495411 0.000000 0.073757 104.888191 0.980148 -4.539919 -0.102310 
1396 4.569156 0.000000 0.073757 104.888191 0.980148 -4.539919 -0.102310 
1397 4.495411 0.000000 0.145939 104.888191 0.980148 -4.539919 -0.102310 
1398 4.642901 0.000000 0.073757 104.888191 0.980148 -4.539919 -0.102310 
1399 4.716646 0.000000 0.073757 104.888191 0.980148 -4.539919 -0.102310 
1400 4.642901 0.000000 0.145939 104.888191 0.980148 -4.539919 -0.102310 
1401 4.311049 0.000000 0.037666 104.806396 0.898487 -4.084464 -0.100187 
1402 4.347921 0.000000 0.037666 104.888191 0.980148 -4.539919 -0.102310 
1403 4.311049 0.000000 0.073757 104.806396 0.898487 -4.084464 -0.100187 
1404 5.896565 0.000000 -0.864603 104.893186 1.279826 -9.986319 -0.110395 
1405 5.896565 0.000000 -1.153329 104.893186 1.279826 -9.986319 -0.110395 
1406 6.191545 0.000000 -0.864603 104.633874 1.343994 -12.724100 -0.111196 
1407 6.486524 0.000000 -0.864603 104.172927 1.408350 -15.581418 -0.109676 
1408 6.486524 0.000000 -1.153329 103.536665 1.470793 -18.243543 -0.105483 
1409 6.781504 0.000000 -0.864603 102.775533 1.529078 -20.697686 -0.099354 
1410 5.159115 0.000000 -0.431513 104.996180 1.140984 -6.152954 -0.106336 
1411 5.159115 0.000000 -0.575877 104.996180 1.140984 -6.152954 -0.106336 
1412 5.306605 0.000000 -0.431513 104.996180 1.140984 -6.152954 -0.106336 
1413 5.454095 0.000000 -0.431513 104.996180 1.140984 -6.152954 -0.106336 
1414 5.454095 0.000000 -0.575877 104.996180 1.140984 -6.152954 -0.106336 
1415 5.601585 0.000000 -0.431513 104.989676 1.212276 -7.734314 -0.108412 
1416 4.790391 0.000000 -0.070606 104.955591 1.062853 -5.169778 -0.104353 
1417 4.790391 0.000000 -0.142787 104.955591 1.062853 -5.169778 -0.104353 
1418 4.790391 0.000000 0.001576 104.955591 1.062853 -5.169778 -0.104353 
1419 5.159115 0.000000 0.145939 104.996180 1.140984 -6.152954 -0.106336 
1420 5.306605 0.000000 0.145939 104.996180 1.140984 -6.152954 -0.106336 
1421 5.159115 0.000000 0.290302 104.996180 1.140984 -6.152954 -0.106336 
1422 5.454095 0.000000 0.145939 104.996180 1.140984 -6.152954 -0.106336 
1423 5.601585 0.000000 0.145939 104.989676 1.212276 -7.734314 -0.108412 
1424 5.454095 0.000000 0.290302 104.996180 1.140984 -6.152954 -0.106336 
1425 4.790391 0.000000 0.073757 104.955591 1.062853 -5.169778 -0.104353 
1426 4.864136 0.000000 0.073757 104.955591 1.062853 -5.169778 -0.104353 
1427 4.790391 0.000000 0.145939 104.955591 1.062853 -5.169778 -0.104353 
1428 4.937881 0.000000 0.073757 104.955591 1.062853 -5.169778 -0.104353 
1429 5.011626 0.000000 0.073757 104.955591 1.062853 -5.169778 -0.104353 
1430 4.937881 0.000000 0.145939 104.955591 1.062853 -5.169778 -0.104353 
1431 5.749075 0.000000 -0.431513 104.989676 1.212276 -7.734314 -0.108412 
1432 5.749075 0.000000 -0.575877 104.989676 1.212276 -7.734314 -0.108412 
1433 5.896565 0.000000 -0.431513 104.893186 1.279826 -9.986319 -0.110395 
1434 6.044055 0.000000 -0.431513 104.893186 1.279826 -9.986319 -0.110395 
1435 6.044055 0.000000 -0.575877 104.893186 1.279826 -9.986319 -0.110395 
1436 6.191545 0.000000 -0.431513 104.893186 1.279826 -9.986319 -0.110395 
1437 5.749075 0.000000 0.145939 104.989676 1.212276 -7.734314 -0.108412 
1438 5.896565 0.000000 0.145939 104.989676 1.212276 -7.734314 -0.108412 
1439 5.749075 0.000000 0.290302 104.989676 1.212276 -7.734314 -0.108412 
1440 6.044055 0.000000 0.145939 104.893186 1.279826 -9.986319 -0.110395 
1441 6.191545 0.000000 0.145939 104.893186 1.279826 -9.986319 -0.110395 
1442 6.044055 0.000000 0.290302 104.893186 1.279826 -9.986319 -0.110395 
1443 7.076484 0.000000 -0.864603 105.865318 7.421536 1.691215 -0.126540 
1444 7.076484 0.000000 -1.153329 105.536644 6.879435 2.297769 -0.119059 
1445 7.371464 0.000000 -0.864603 105.958705 7.578662 2.023348 -0.128878 
1446 7.666443 0.000000 -0.864603 106.022130 7.719439 2.328791 -0.130571 
1447 7.666443 0.000000 -1.153329 105.739776 7.162889 2.900324 -0.124062 
1448 7.961423 0.000000 -0.864603 106.062521 7.841834 2.615982 -0.131760 
1449 6.339034 0.000000 -0.142787 104.633874 1.343994 -12.724100 -0.111196 
1450 6.339034 0.000000 -0.287150 104.633874 1.343994 -12.724100 -0.111196 
1451 6.339034 0.000000 0.001576 104.633874 1.343994 -12.724100 -0.111196 
1452 7.666443 0.000000 0.290302 107.114360 -3.572674 -0.108862 -0.148626 
1453 7.666443 0.000000 0.579028 107.400786 -1.034047 0.398298 -0.153616 
1454 6.928994 0.000000 -0.142787 102.775533 1.529078 -20.697686 -0.099354 
1455 6.928994 0.000000 -0.287150 102.775533 1.529078 -20.697686 -0.099354 
1456 6.928994 0.000000 0.001576 102.775533 1.529078 -20.697686 -0.099354 
1457 6.339034 0.000000 0.145939 104.633874 1.343994 -12.724100 -0.111196 
1458 6.486524 0.000000 0.145939 104.633874 1.343994 -12.724100 -0.111196 
1459 6.339034 0.000000 0.290302 104.633874 1.343994 -12.724100 -0.111196 
1460 6.634014 0.000000 0.145939 104.172927 1.408350 -15.581418 -0.109676 
1461 6.781504 0.000000 0.145939 103.536665 1.470793 -18.243543 -0.105483 
1462 6.634014 0.000000 0.290302 104.172927 1.408350 -15.581418 -0.109676 
1463 8.256403 0.000000 -0.864603 106.081515 7.943261 2.894548 -0.132476 
1464 8.256403 0.000000 -1.153329 105.821962 7.391397 3.435421 -0.126472 
1465 8.551383 0.000000 -0.864603 106.076135 8.020960 3.169470 -0.132653 
1466 8.846362 0.000000 -0.864603 106.043232 8.074812 3.437645 -0.132219 
1467 8.846362 0.000000 -1.153329 105.807582 7.554444 3.922241 -0.126770 
1468 9.141342 0.000000 -0.864603 105.988813 8.103026 3.687972 -0.131289 
1469 6.928994 0.000000 0.145939 102.775533 1.529078 -20.697686 -0.099354 
1470 7.076484 0.000000 0.145939 106.981470 -7.584765 -2.607046 -0.150936 
1471 6.928994 0.000000 0.290302 107.220712 -4.066643 -1.023743 -0.151387 
1472 7.223974 0.000000 0.145939 106.989892 -7.462985 -2.356300 -0.150809 
1473 7.371464 0.000000 0.145939 106.992837 -7.354379 -2.139923 -0.150613 
1474 7.223974 0.000000 0.290302 107.191863 -3.844054 -0.608108 -0.150524 
1475 8.846362 0.000000 0.290302 106.600993 -3.910600 1.122510 -0.138032 
1476 8.846362 0.000000 0.579028 106.886364 -0.632328 1.461873 -0.142723 
1477 10.173771 0.000000 -0.142787 106.230768 14.941222 3.693791 -0.152186 
1478 10.173771 0.000000 -0.287150 106.055007 11.442179 3.739226 -0.139257 
1479 10.321261 0.000000 -0.142787 106.110765 14.325140 3.898099 -0.147990 
1480 -110.030480 0.000000 -110.869255 99.701966 0.017630 7.745832 -0.000048 
1481 -147.787889 0.000000 -110.869255 99.700902 0.011036 7.746508 -0.000028 
1482 -110.030480 0.000000 -147.826199 99.702407 0.018579 7.747704 -0.000060 
1483 -53.394366 0.000000 -55.433840 99.694278 0.009635 7.724073 0.000139 
1484 -72.273071 0.000000 -55.433840 99.696090 0.001457 7.731991 0.000091 
1485 -53.394366 0.000000 -73.912312 99.701127 0.008056 7.733013 -0.000011 
1486 -25.076310 0.000000 -27.716132 99.606947 0.103772 7.630903 0.002021 
1487 -34.515662 0.000000 -27.716132 99.638537 0.039027 7.670913 0.001332 
1488 -25.076310 0.000000 -36.955368 99.648915 0.090236 7.658073 0.001144 
1489 -10.917281 0.000000 -13.857278 99.404588 0.677618 7.321133 0.006467 
1490 -15.636957 0.000000 -13.857278 99.452757 0.337656 7.405529 0.005419 
1491 -10.917281 0.000000 -18.476896 99.480118 0.659459 7.354910 0.004918 
1492 -3.837767 0.000000 -6.927851 99.492585 1.372469 7.540507 0.004248 
1493 -6.197605 0.000000 -6.927851 99.471733 0.758441 7.472298 0.004896 
1494 -3.837767 0.000000 -9.237660 99.460154 1.601325 7.399415 0.005036 
1495 -0.298010 0.000000 -3.463138 99.021805 1.928759 8.107979 0.012522 
1496 -1.477929 0.000000 -3.463138 99.471810 1.270597 8.197819 0.003654 
1497 -0.298010 0.000000 -4.618042 99.382390 2.374446 7.877847 0.005544 
1498 1.471868 0.000000 -1.730781 104.450109 0.201210 2.936007 -0.091849 
1499 0.881909 0.000000 -1.730781 104.271541 0.069505 2.826129 -0.088055 
1500 1.471868 0.000000 -2.308233 104.271541 0.069505 2.826129 -0.088055 
1501 2.946767 0.000000 -0.864603 104.588571 0.538277 -1.102220 -0.094027 
1502 2.651788 0.000000 -0.864603 104.588571 0.538277 -1.102220 -0.094027 
1503 2.946767 0.000000 -1.153329 104.588571 0.538277 -1.102220 -0.094027 
1504 -2.657848 0.000000 -3.463138 99.634200 0.804121 8.096743 0.000682 
1505 -3.837767 0.000000 -3.463138 99.704864 0.525724 7.934838 -0.000430 
1506 -2.657848 0.000000 -4.618042 99.576531 1.222175 7.837598 0.002159 
1507 0.291949 0.000000 -1.730781 104.221551 0.013701 2.965338 -0.087093 
1508 -0.298010 0.000000 -1.730781 104.203345 -0.029842 3.317678 -0.086934 
1509 0.291949 0.000000 -2.308233 104.203345 -0.029842 3.317678 -0.086934 
1510 36.279480 0.000000 13.860430 100.329078 -9.937832 -4.675820 -0.018655 
1511 40.999156 0.000000 13.860430 100.428921 -9.609832 -5.161943 -0.020496 
1512 36.279480 0.000000 18.480048 99.798220 -11.383755 2.278890 -0.009447 
1513 11.501180 0.000000 3.466289 106.321397 1.918530 -1.098882 -0.130913 
1514 10.321261 0.000000 3.466289 107.192537 1.121307 -1.250918 -0.149306 
1515 11.501180 0.000000 4.621194 106.386725 0.972065 -2.640935 -0.132605 
1516 9.141342 0.000000 3.466289 107.964314 0.215496 -1.353034 -0.165817 
1517 7.961423 0.000000 3.466289 108.604589 -0.737228 -1.367268 -0.179737 
1518 9.141342 0.000000 4.621194 107.865638 -0.861169 -2.362425 -0.164132 
1519 9.436322 0.000000 -0.864603 105.908961 8.115802 3.919893 -0.129794 
1520 9.436322 0.000000 -1.153329 105.696314 7.663325 4.360851 -0.124945 
1521 9.731302 0.000000 -0.864603 105.808081 8.125930 4.139110 -0.127851 
1522 10.026281 0.000000 -0.864603 105.692247 8.130288 4.341421 -0.125580 
1523 10.026281 0.000000 -1.153329 105.508275 7.742980 4.752119 -0.121453 
1524 10.321261 0.000000 -0.864603 105.563681 8.131448 4.527977 -0.123031 
1525 10.616241 0.000000 -0.864603 105.424159 8.131130 4.700331 -0.120246 
1526 10.616241 0.000000 -1.153329 105.264882 7.799999 5.094909 -0.116749 
1527 10.911221 0.000000 -0.864603 105.275557 8.130475 4.859830 -0.117267 
1528 11.206200 0.000000 -0.287150 105.405311 10.248505 4.455311 -0.123516 
1529 11.206200 0.000000 -0.575877 105.260379 8.746935 4.664412 -0.117801 
1530 11.501180 0.000000 -0.287150 105.218479 10.036659 4.595237 -0.119278 
1531 14.450978 0.000000 1.733932 103.669055 3.015203 2.676018 -0.076353 
1532 13.861018 0.000000 1.733932 104.137475 2.905695 2.258494 -0.085816 
1533 14.450978 0.000000 2.311385 103.778455 3.409843 1.644570 -0.078430 
1534 13.271059 0.000000 1.733932 104.568442 2.801694 2.102700 -0.094683 
1535 12.681099 0.000000 1.733932 105.006568 2.668629 1.931741 -0.103723 
1536 13.271059 0.000000 2.311385 104.716208 3.073909 1.112782 -0.097617 
1537 11.796160 0.000000 -0.287150 105.030595 9.864736 4.720536 -0.115102 
1538 11.796160 0.000000 -0.575877 104.910336 8.658402 4.933529 -0.110549 
1539 12.091140 0.000000 -0.287150 104.841240 9.724974 4.834812 -0.110964 
1540 29.199966 0.000000 6.931003 100.285576 1.190669 -4.612330 -0.007989 
1541 31.559804 0.000000 6.931003 100.240442 1.324201 -4.358453 -0.006890 
1542 29.199966 0.000000 9.240812 100.440892 -2.723161 -6.938282 -0.014393 
1543 24.480290 0.000000 -6.927851 99.241896 9.189748 13.453834 -0.011441 
1544 24.480290 0.000000 -9.237660 99.264663 9.848860 12.683840 -0.011135 
1545 26.840128 0.000000 -6.927851 99.097646 9.380255 13.458542 -0.008946 
1546 29.199966 0.000000 -2.308233 99.208087 7.797732 10.589725 -0.001519 
1547 29.199966 0.000000 -4.618042 99.053194 8.471502 12.875459 -0.004908 
1548 31.559804 0.000000 -2.308233 99.160546 7.824830 10.802362 -0.001073 
1549 16.810816 0.000000 -1.730781 101.731189 7.827569 8.277480 -0.047902 
1550 16.810816 0.000000 -2.308233 101.624011 7.714800 9.157276 -0.047081 
1551 17.400775 0.000000 -1.730781 101.444954 7.825786 8.388740 -0.042269 
1552 17.990735 0.000000 -1.730781 101.178678 7.828138 8.470126 -0.037015 
1553 17.990735 0.000000 -2.308233 101.086924 7.712577 9.353149 -0.036553 
1554 18.580694 0.000000 -1.730781 100.935603 7.831595 8.552790 -0.032248 
1555 55.158184 0.000000 13.860430 100.653613 -8.140097 -6.377895 -0.023809 
1556 50.438508 0.000000 13.860430 100.596262 -8.688934 -6.020145 -0.023135 
1557 55.158184 0.000000 18.480048 100.142445 -11.917374 0.210816 -0.017058 
1558 45.718832 0.000000 13.860430 100.519481 -9.186143 -5.612062 -0.022005 
1559 45.718832 0.000000 18.480048 99.988434 -11.764373 1.288981 -0.013775 
1560 33.919642 0.000000 6.931003 100.240967 1.470401 -4.091034 -0.006715 
1561 36.279480 0.000000 6.931003 100.273586 1.643140 -3.878978 -0.007254 
1562 33.919642 0.000000 9.240812 100.432710 -2.239810 -6.758361 -0.013742 
1563 33.919642 0.000000 -2.308233 99.148300 7.857600 10.996803 -0.001306 
1564 33.919642 0.000000 -4.618042 99.011923 8.697330 13.025182 -0.004866 
1565 36.279480 0.000000 -2.308233 99.143314 7.888934 11.121836 -0.001533 
1566 57.518022 0.000000 6.931003 100.260990 2.813241 -0.984132 -0.006115 
1567 55.158184 0.000000 6.931003 100.262248 2.722467 -1.324664 -0.006168 
1568 57.518022 0.000000 9.240812 100.563854 0.566644 -4.913551 -0.013755 
1569 52.798346 0.000000 6.931003 100.280185 2.624356 -1.660884 -0.006576 
1570 50.438508 0.000000 6.931003 100.287061 2.510439 -1.993081 -0.006777 
1571 52.798346 0.000000 9.240812 100.569805 0.043854 -5.416336 -0.014362 
1572 74.036889 0.000000 -13.857278 99.679599 6.986433 7.537814 -0.004165 
1573 74.036889 0.000000 -18.476896 99.738932 4.586929 6.838839 -0.001566 
1574 78.756565 0.000000 -13.857278 99.693828 6.770120 7.433387 -0.003995 
1575 83.476241 0.000000 -13.857278 99.706017 6.556933 7.339291 -0.003815 
1576 83.476241 0.000000 -18.476896 99.751321 4.281506 6.799475 -0.001489 
1577 88.195917 0.000000 -13.857278 99.716508 6.347455 7.254800 -0.003630 
1578 92.915593 0.000000 -13.857278 99.725565 6.142148 7.179235 -0.003446 
1579 92.915593 0.000000 -18.476896 99.759246 3.995827 6.775923 -0.001379 
1580 97.635269 0.000000 -13.857278 99.733399 5.941374 7.111953 -0.003263 
1581 102.354945 0.000000 -13.857278 99.740179 5.745418 7.052347 -0.003085 
1582 102.354945 0.000000 -18.476896 99.764212 3.729672 6.764844 -0.001257 
1583 107.074622 0.000000 -13.857278 99.746043 5.554493 6.999842 -0.002912 
1584 111.794298 0.000000 -13.857278 99.751105 5.368756 6.953891 -0.002746 
1585 111.794298 0.000000 -18.476896 99.767149 3.482301 6.763644 -0.001136 
1586 116.513974 0.000000 -13.857278 99.755461 5.188315 6.913980 -0.002587 
1587 121.233650 0.000000 -13.857278 99.759194 5.013233 6.879625 -0.002436 
1588 121.233650 0.000000 -18.476896 99.768655 3.252742 6.770256 -0.001020 
1589 125.953326 0.000000 -13.857278 99.762372 4.843537 6.850366 -0.002292 
1590 130.673002 0.000000 -4.618042 99.526125 9.703958 9.880685 -0.009724 
1591 130.673002 0.000000 -9.237660 99.705958 7.110209 7.576493 -0.004924 
1592 135.392678 0.000000 -4.618042 99.546285 9.540003 9.631947 -0.009325 
1593 140.112354 0.000000 -4.618042 99.565594 9.363021 9.392718 -0.008920 
1594 140.112354 0.000000 -9.237660 99.723123 6.677270 7.373579 -0.004366 
1595 144.832030 0.000000 -4.618042 99.583990 9.174829 9.164011 -0.008513 
1596 4.790391 0.000000 -0.214969 104.955591 1.062853 -5.169778 -0.104353 
1597 4.790391 0.000000 -0.287150 104.955591 1.062853 -5.169778 -0.104353 
1598 4.864136 0.000000 -0.214969 104.955591 1.062853 -5.169778 -0.104353 
1599 4.937881 0.000000 -0.214969 104.955591 1.062853 -5.169778 -0.104353 
1600 4.937881 0.000000 -0.287150 104.955591 1.062853 -5.169778 -0.104353 
1601 5.011626 0.000000 -0.214969 104.955591 1.062853 -5.169778 -0.104353 
1602 6.339034 0.000000 -0.431513 104.633874 1.343994 -12.724100 -0.111196 
1603 6.339034 0.000000 -0.575877 104.633874 1.343994 -12.724100 -0.111196 
1604 6.486524 0.000000 -0.431513 104.172927 1.408350 -15.581418 -0.109676 
1605 6.634014 0.000000 -0.431513 104.172927 1.408350 -15.581418 -0.109676 
1606 6.634014 0.000000 -0.575877 103.536665 1.470793 -18.243543 -0.105483 
1607 6.781504 0.000000 -0.431513 103.536665 1.470793 -18.243543 -0.105483 
1608 6.928994 0.000000 -0.431513 106.368087 10.487440 -0.182706 -0.142419 
1609 6.928994 0.000000 -0.575877 106.174643 8.780389 0.657154 -0.135058 
1610 7.076484 0.000000 -0.431513 106.398976 10.609952 0.010823 -0.143331 
1611 7.223974 0.000000 -0.431513 106.421748 10.721270 0.193307 -0.144057 
1612 7.223974 0.000000 -0.575877 106.249737 8.973097 1.026308 -0.137058 
1613 7.371464 0.000000 -0.431513 106.438334 10.821203 0.364741 -0.144635 
1614 6.781504 0.000000 3.466289 109.114554 -1.654095 -1.226186 -0.191023 
1615 5.601585 0.000000 3.466289 109.493936 -2.452086 -0.810081 -0.199559 
1616 6.781504 0.000000 4.621194 108.661390 -2.717416 -1.489159 -0.181690 
1617 4.421666 0.000000 3.466289 109.695364 -3.035535 0.066382 -0.204229 
1618 3.241747 0.000000 3.466289 109.479202 -3.381274 1.436702 -0.199919 
1619 4.421666 0.000000 4.621194 108.551961 -3.955312 0.334719 -0.179928 
1620 2.061828 0.000000 3.466289 108.730127 -3.466760 3.102501 -0.184388 
1621 0.881909 0.000000 3.466289 107.444272 -3.360076 4.785385 -0.157846 
1622 2.061828 0.000000 4.621194 107.206579 -4.231590 3.053512 -0.152048 
1623 -0.298010 0.000000 3.466289 105.753189 -3.140948 6.146591 -0.123138 
1624 -1.477929 0.000000 3.466289 103.893766 -2.781550 6.768344 -0.084746 
1625 -0.298010 0.000000 4.621194 104.739312 -3.762476 5.543158 -0.101521 
1626 -2.657848 0.000000 3.466289 102.497809 -2.512649 7.097197 -0.056248 
1627 -3.837767 0.000000 3.466289 101.458025 -2.238295 7.232778 -0.035105 
1628 -2.657848 0.000000 4.621194 102.181387 -2.970152 6.619704 -0.049368 
1629 2.356808 0.000000 -0.864603 104.588571 0.538277 -1.102220 -0.094027 
1630 2.061828 0.000000 -0.864603 104.588571 0.538277 -1.102220 -0.094027 
1631 2.356808 0.000000 -1.153329 104.588571 0.538277 -1.102220 -0.094027 
1632 -0.887970 0.000000 -1.730781 104.306712 -0.081128 4.670073 -0.090171 
1633 -1.477929 0.000000 -1.730781 104.828267 -0.073673 8.075507 -0.105418 
1634 -0.887970 0.000000 -2.308233 105.283301 -0.037576 13.085174 -0.125580 
1635 12.091140 0.000000 1.733932 105.446956 2.503124 1.744823 -0.112837 
1636 11.501180 0.000000 1.733932 105.880521 2.314378 1.544603 -0.121843 
1637 12.091140 0.000000 2.311385 105.616904 2.657801 0.814082 -0.116266 
1638 10.911221 0.000000 1.733932 106.309005 2.076696 1.323532 -0.130767 
1639 10.321261 0.000000 1.733932 106.722465 1.799943 1.083950 -0.139410 
1640 10.911221 0.000000 2.311385 106.510712 2.083916 0.470668 -0.134910 
1641 11.206200 0.000000 -0.864603 105.119256 8.130061 5.007825 -0.114123 
1642 11.206200 0.000000 -1.153329 104.980448 7.843409 5.395867 -0.111153 
1643 11.501180 0.000000 -0.864603 104.956491 8.130399 5.145560 -0.110845 
1644 11.796160 0.000000 -0.864603 104.788410 8.131838 5.274361 -0.107456 
1645 11.796160 0.000000 -1.153329 104.666139 7.878366 5.661611 -0.104912 
1646 12.091140 0.000000 -0.864603 104.615962 8.134526 5.395196 -0.103978 
1647 12.386120 0.000000 -0.287150 104.650529 9.610909 4.940106 -0.106851 
1648 12.386120 0.000000 -0.575877 104.547137 8.600621 5.165251 -0.103075 
1649 12.681099 0.000000 -0.287150 104.458308 9.517241 5.037548 -0.102749 
1650 12.976079 0.000000 -0.287150 104.265332 9.439958 5.128117 -0.098667 
1651 12.976079 0.000000 -0.575877 104.175231 8.564818 5.367989 -0.095465 
1652 13.271059 0.000000 -0.287150 104.072133 9.376110 5.212491 -0.094609 
1653 29.199966 0.000000 -6.927851 99.027930 9.540697 13.430758 -0.007794 
1654 29.199966 0.000000 -9.237660 99.122672 10.137465 12.474180 -0.008368 
1655 31.559804 0.000000 -6.927851 99.014559 9.675580 13.376637 -0.007643 
1656 38.639318 0.000000 6.931003 100.278927 1.799858 -3.581825 -0.007193 
1657 40.999156 0.000000 6.931003 100.285205 1.955366 -3.276473 -0.007168 
1658 38.639318 0.000000 9.240812 100.508593 -1.672970 -6.584594 -0.014813 
1659 33.919642 0.000000 -6.927851 99.011066 9.786697 13.311558 -0.007617 
1660 33.919642 0.000000 -9.237660 99.124014 10.271714 12.213681 -0.008025 
1661 36.279480 0.000000 -6.927851 99.013427 9.869422 13.172068 -0.007457 
1662 38.639318 0.000000 -2.308233 99.157297 7.927853 11.319660 -0.002316 
1663 38.639318 0.000000 -4.618042 99.033893 8.888136 13.078603 -0.005776 
1664 40.999156 0.000000 -2.308233 99.168410 7.974393 11.508228 -0.003040 
1665 48.078670 0.000000 6.931003 100.291086 2.385425 -2.321507 -0.006938 
1666 45.718832 0.000000 6.931003 100.292059 2.250283 -2.645411 -0.007056 
1667 48.078670 0.000000 9.240812 100.563927 -0.514355 -5.864024 -0.014775 
1668 43.358994 0.000000 6.931003 100.289976 2.106310 -2.964019 -0.007130 
1669 43.358994 0.000000 9.240812 100.542972 -1.093062 -6.255278 -0.014921 
1670 43.358994 0.000000 -2.308233 99.179738 8.026742 11.688075 -0.003766 
1671 43.358994 0.000000 -4.618042 99.075229 9.079613 13.169666 -0.007178 
1672 45.718832 0.000000 -2.308233 99.190061 8.084972 11.858972 -0.004467 
1673 130.673002 0.000000 -13.857278 99.765057 4.679224 6.825776 -0.002155 
1674 130.673002 0.000000 -18.476896 99.769132 3.039927 6.783001 -0.000913 
1675 135.392678 0.000000 -13.857278 99.767302 4.520259 6.805452 -0.002026 
1676 140.112354 0.000000 -13.857278 99.769154 4.366591 6.789019 -0.001904 
1677 140.112354 0.000000 -18.476896 99.768858 2.842759 6.800513 -0.000815 
1678 144.832030 0.000000 -13.857278 99.770656 4.218143 6.776128 -0.001789 
1679 149.551707 0.000000 -4.618042 99.601430 8.977193 8.946579 -0.008108 
1680 149.551707 0.000000 -9.237660 99.737041 6.258311 7.207992 -0.003860 
1681 154.271383 0.000000 -4.618042 99.617885 8.771806 8.740945 -0.007707 
1 115 117 99 118 
2 116 115 118 100 
3 152 116 100 154 
4 153 152 154 108 
5 155 157 115 158 
6 156 155 158 116 
7 164 156 116 167 
8 165 164 167 152 
9 5 170 168 169 
10 170 123 171 168 
11 168 171 155 172 
12 169 168 172 156 
13 6 175 173 174 
14 175 18 45 173 
15 173 45 28 176 
16 174 173 176 29 
17 18 179 177 178 
18 179 34 61 177 
19 177 61 44 180 
20 178 177 180 45 
21 34 183 181 182 
22 183 50 77 181 
23 181 77 60 184 
24 182 181 184 61 
25 50 187 185 186 
26 187 66 93 185 
27 185 93 76 188 
28 186 185 188 77 
29 66 191 189 190 
30 190 189 192 93 
31 193 153 108 196 
32 194 193 196 109 
33 98 199 197 198 
34 199 114 165 197 
35 197 165 152 200 
36 198 197 200 153 
37 114 206 204 205 
38 206 166 207 204 
39 204 207 164 208 
40 205 204 208 165 
41 16 211 209 210 
42 211 15 32 209 
43 209 32 18 175 
44 210 209 175 6 
45 32 214 212 213 
46 214 31 48 212 
47 212 48 34 179 
48 213 212 179 18 
49 48 217 215 216 
50 217 47 64 215 
51 215 64 50 183 
52 216 215 183 34 
53 64 220 218 219 
54 220 63 80 218 
55 218 80 66 187 
56 219 218 187 50 
57 80 223 221 222 
58 222 221 191 66 
59 112 229 227 228 
60 229 111 202 227 
61 227 202 114 199 
62 228 227 199 98 
63 224 232 230 231 
64 232 112 228 230 
65 234 198 153 236 
66 235 234 236 193 
67 230 239 237 238 
68 239 228 240 237 
69 237 240 98 241 
70 221 244 242 243 
71 244 96 225 242 
72 242 225 82 245 
73 243 242 245 191 
74 225 248 246 247 
75 248 224 231 246 
76 247 246 249 82 
77 231 252 250 251 
78 252 230 238 250 
79 241 98 256 254 
80 254 256 198 257 
81 255 254 257 234 
82 238 260 258 259 
83 260 237 261 258 
84 258 261 241 262 
85 259 258 262 233 
86 191 245 263 264 
87 245 82 194 263 
88 263 194 109 265 
89 264 263 265 189 
90 82 249 266 267 
91 266 235 193 268 
92 267 266 268 194 
93 269 255 234 271 
94 270 269 271 235 
95 274 233 275 272 
96 272 275 255 276 
97 273 272 276 269 
98 249 279 277 278 
99 279 195 270 277 
100 277 270 235 280 
101 278 277 280 266 
102 195 283 281 282 
103 283 253 273 281 
104 281 273 269 284 
105 282 281 284 270 
106 250 287 285 286 
107 287 238 259 285 
108 285 259 233 274 
109 286 285 274 253 
110 253 290 288 289 
111 290 274 291 288 
112 288 291 272 292 
113 289 288 292 273 
114 120 295 293 294 
115 295 119 160 293 
116 293 160 123 170 
117 294 293 170 5 
118 311 312 101 313 
119 117 311 313 99 
120 314 315 117 316 
121 157 314 316 115 
122 317 318 157 319 
123 171 317 319 155 
124 160 322 320 321 
125 321 320 324 123 
126 123 324 333 334 
127 333 335 317 336 
128 334 333 336 171 
129 320 339 337 338 
130 339 323 340 337 
131 337 340 163 341 
132 338 337 341 324 
133 342 344 308 345 
134 312 342 345 101 
135 357 360 344 361 
136 358 357 361 342 
137 372 374 353 375 
138 360 372 375 344 
139 376 379 360 380 
140 377 376 380 357 
141 143 385 384 379 
142 385 373 386 384 
143 384 386 372 387 
144 379 384 387 360 
145 392 394 355 395 
146 374 392 395 353 
147 373 397 396 386 
148 397 354 398 396 
149 396 398 374 399 
150 386 396 399 372 
151 404 367 405 403 
152 354 407 406 398 
153 407 393 408 406 
154 406 408 392 409 
155 398 406 409 374 
156 410 412 388 413 
157 394 410 413 355 
158 393 415 414 408 
159 415 59 416 414 
160 414 416 394 417 
161 408 414 417 392 
162 367 419 418 405 
163 419 400 420 418 
164 418 420 389 411 
165 426 43 427 425 
166 425 427 306 428 
167 433 435 390 436 
168 412 433 436 388 
169 411 439 437 438 
170 439 389 440 437 
171 437 440 412 441 
172 438 437 441 410 
173 446 138 447 445 
174 445 447 43 426 
175 400 452 451 420 
176 452 402 453 451 
177 451 453 350 434 
178 420 451 434 389 
179 389 455 454 440 
180 455 434 456 454 
181 454 456 433 457 
182 440 454 457 412 
183 458 460 429 461 
184 435 458 461 390 
185 402 463 462 453 
186 463 448 464 462 
187 462 464 430 459 
188 453 462 459 350 
189 350 467 465 466 
190 467 459 468 465 
191 465 468 458 469 
192 466 465 469 435 
193 471 426 472 470 
194 470 472 425 473 
195 430 475 474 460 
196 475 139 476 474 
197 460 474 477 429 
198 459 479 478 468 
199 479 430 480 478 
200 478 480 460 481 
201 468 478 481 458 
202 483 445 484 482 
203 482 484 426 471 
204 139 486 485 476 
205 486 471 487 485 
206 485 487 470 488 
207 20 38 489 490 
208 38 19 491 489 
209 489 491 22 492 
210 490 489 492 9 
211 36 54 493 494 
212 54 35 495 493 
213 493 495 38 496 
214 494 493 496 20 
215 52 70 497 498 
216 70 51 499 497 
217 497 499 54 500 
218 498 497 500 36 
219 67 307 501 502 
220 307 69 503 501 
221 501 503 51 504 
222 502 501 504 70 
223 85 352 505 506 
224 352 305 507 505 
225 505 507 307 508 
226 506 505 508 67 
227 349 432 509 510 
228 432 351 511 509 
229 509 511 305 512 
230 510 509 512 352 
231 429 477 513 514 
232 477 431 515 513 
233 513 515 351 516 
234 514 513 516 432 
235 474 519 517 518 
236 519 476 520 517 
237 517 520 431 521 
238 518 517 521 477 
239 305 428 522 507 
240 428 306 523 522 
241 522 523 69 524 
242 507 522 524 307 
243 351 473 525 511 
244 473 425 526 525 
245 525 526 428 527 
246 511 525 527 305 
247 431 488 528 515 
248 488 470 529 528 
249 528 529 473 530 
250 515 528 530 351 
251 476 532 531 520 
252 532 485 533 531 
253 531 533 488 534 
254 520 531 534 431 
255 43 536 535 427 
256 536 422 537 535 
257 535 537 421 538 
258 427 535 538 306 
259 422 548 547 537 
260 548 135 549 547 
261 547 549 423 550 
262 537 547 550 421 
263 555 134 556 554 
264 135 558 557 549 
265 558 544 559 557 
266 557 559 543 560 
267 549 557 560 423 
268 544 566 565 559 
269 566 27 567 565 
270 565 567 545 568 
271 559 565 568 543 
272 134 570 569 556 
273 570 551 571 569 
274 569 571 540 562 
275 27 573 572 567 
276 573 562 574 572 
277 572 574 561 575 
278 567 572 575 545 
279 562 589 588 574 
280 589 540 590 588 
281 588 590 563 591 
282 574 588 591 561 
283 551 599 598 571 
284 599 553 600 598 
285 598 600 131 585 
286 571 598 585 540 
287 540 602 601 590 
288 602 585 603 601 
289 601 603 584 604 
290 590 601 604 563 
291 585 610 609 603 
292 610 131 611 609 
293 609 611 586 612 
294 603 609 612 584 
295 553 614 613 600 
296 614 595 615 613 
297 613 615 581 606 
298 600 613 606 131 
299 606 626 624 625 
300 626 581 627 624 
301 624 627 607 628 
302 625 624 628 605 
303 35 301 629 495 
304 301 37 630 629 
305 629 630 19 631 
306 495 629 631 38 
307 299 583 632 633 
308 583 300 634 632 
309 632 634 37 635 
310 633 632 635 301 
311 580 623 636 637 
312 623 582 638 636 
313 636 638 300 639 
314 637 636 639 583 
315 607 642 640 641 
316 642 620 643 640 
317 640 643 623 644 
318 641 640 644 580 
319 620 653 652 643 
320 653 622 654 652 
321 652 654 582 655 
322 643 652 655 623 
323 19 298 656 491 
324 298 21 657 656 
325 656 657 3 658 
326 491 656 658 22 
327 37 579 659 630 
328 579 296 660 659 
329 659 660 298 661 
330 630 659 661 19 
331 300 619 662 634 
332 619 576 663 662 
333 662 663 579 664 
334 634 662 664 37 
335 582 651 665 638 
336 651 616 666 665 
337 665 666 619 667 
338 638 665 667 300 
339 622 669 668 654 
340 669 648 670 668 
341 668 670 651 671 
342 654 668 671 582 
343 648 685 684 670 
344 685 650 686 684 
345 684 686 616 687 
346 670 684 687 651 
347 616 683 688 666 
348 683 618 689 688 
349 688 689 576 690 
350 666 688 690 619 
351 650 692 691 686 
352 692 680 693 691 
353 691 693 683 694 
354 686 691 694 616 
355 680 706 705 693 
356 706 682 707 705 
357 705 707 618 708 
358 693 705 708 683 
359 576 679 709 663 
360 679 578 710 709 
361 709 710 296 711 
362 663 709 711 579 
363 618 704 712 689 
364 704 676 713 712 
365 712 713 679 714 
366 689 712 714 576 
367 682 716 715 707 
368 716 701 717 715 
369 715 717 704 718 
370 707 715 718 618 
371 701 728 727 717 
372 728 703 729 727 
373 727 729 676 730 
374 717 727 730 704 
375 676 726 731 713 
376 726 678 732 731 
377 731 732 578 733 
378 713 731 733 679 
379 703 735 734 729 
380 735 723 736 734 
381 734 736 726 737 
382 729 734 737 676 
383 723 746 745 736 
384 746 725 747 745 
385 745 747 678 748 
386 736 745 748 726 
387 296 675 749 660 
388 675 297 750 749 
389 749 750 21 751 
390 660 749 751 298 
391 578 722 752 710 
392 722 672 753 752 
393 752 753 675 754 
394 710 752 754 296 
395 678 744 755 732 
396 744 719 756 755 
397 755 756 722 757 
398 732 755 757 578 
399 725 759 758 747 
400 759 741 760 758 
401 758 760 744 761 
402 747 758 761 678 
403 720 767 766 743 
404 767 673 768 766 
405 766 768 721 769 
406 743 766 769 719 
407 741 771 770 760 
408 771 743 772 770 
409 770 772 719 773 
410 760 770 773 744 
411 719 769 774 756 
412 769 721 775 774 
413 774 775 672 776 
414 756 774 776 722 
415 672 765 777 753 
416 765 674 778 777 
417 777 778 297 779 
418 753 777 779 675 
419 780 782 765 783 
420 775 780 783 672 
421 785 697 786 784 
422 673 788 787 768 
423 788 763 789 787 
424 787 789 762 781 
425 768 787 781 721 
426 721 792 790 791 
427 792 781 793 790 
428 790 793 780 794 
429 791 790 794 775 
430 795 797 674 798 
431 782 795 798 765 
432 781 800 799 793 
433 800 762 801 799 
434 799 801 782 802 
435 793 799 802 780 
436 763 804 803 789 
437 804 8 805 803 
438 803 805 764 796 
439 789 803 796 762 
440 762 807 806 801 
441 807 796 808 806 
442 806 808 795 809 
443 801 806 809 782 
444 796 811 810 808 
445 811 764 812 810 
446 810 812 797 813 
447 808 810 813 795 
448 814 815 314 816 
449 318 814 816 157 
450 817 818 318 819 
451 335 817 819 317 
452 824 826 817 827 
453 825 824 827 335 
454 340 830 828 829 
455 829 828 832 163 
456 7 835 833 834 
457 835 12 836 833 
458 833 836 10 25 
459 834 833 25 11 
460 11 839 837 838 
461 839 25 840 837 
462 837 840 23 41 
463 838 837 41 24 
464 24 843 841 842 
465 843 41 844 841 
466 841 844 39 57 
467 842 841 57 40 
468 40 847 845 846 
469 847 57 848 845 
470 845 848 55 73 
471 846 845 73 56 
472 56 851 849 850 
473 851 73 852 849 
474 849 852 71 89 
475 850 849 89 72 
476 72 855 853 854 
477 855 89 856 853 
478 853 856 87 105 
479 854 853 105 88 
480 88 859 857 858 
481 859 105 860 857 
482 857 860 103 121 
483 858 857 121 104 
484 121 863 861 862 
485 863 103 864 861 
486 861 864 122 161 
487 862 861 161 119 
488 161 867 865 866 
489 867 122 868 865 
490 865 868 162 330 
491 866 865 330 159 
492 159 871 869 870 
493 871 330 872 869 
494 869 872 329 821 
495 870 869 821 323 
496 323 875 873 874 
497 875 821 876 873 
498 873 876 820 830 
499 874 873 830 340 
500 882 331 883 881 
501 881 883 107 884 
502 886 822 887 885 
503 885 887 332 888 
504 830 891 889 890 
505 891 820 892 889 
506 890 889 893 828 
507 821 895 894 876 
508 895 329 896 894 
509 894 896 822 886 
510 876 894 886 820 
511 820 898 897 892 
512 898 886 899 897 
513 897 899 885 900 
514 892 897 900 831 
515 324 341 901 902 
516 341 163 825 901 
517 901 825 335 903 
518 902 901 903 333 
519 163 832 904 905 
520 832 823 906 904 
521 904 906 824 907 
522 905 904 907 825 
523 828 893 908 909 
524 893 831 910 908 
525 908 910 823 911 
526 909 908 911 832 
527 889 914 912 913 
528 914 892 915 912 
529 912 915 831 916 
530 913 912 916 893 
531 917 918 814 919 
532 818 917 919 318 
533 884 107 921 920 
534 920 921 818 922 
535 826 920 922 817 
536 822 924 923 887 
537 924 881 925 923 
538 923 925 884 926 
539 887 923 926 332 
540 331 928 927 883 
541 928 877 929 927 
542 927 929 880 930 
543 883 927 930 107 
544 877 944 943 929 
545 944 879 945 943 
546 943 945 328 946 
547 929 943 946 880 
548 947 948 311 949 
549 315 947 949 117 
550 950 951 315 952 
551 815 950 952 314 
552 327 954 953 941 
553 954 935 955 953 
554 953 955 938 956 
555 941 953 956 151 
556 957 958 815 959 
557 918 957 959 814 
558 939 962 960 961 
559 962 941 963 960 
560 960 963 151 964 
561 961 960 964 942 
562 935 970 969 955 
563 970 937 971 969 
564 969 971 91 972 
565 955 969 972 938 
566 973 974 947 975 
567 951 973 975 315 
568 937 977 976 971 
569 977 965 978 976 
570 976 978 968 979 
571 971 976 979 91 
572 965 989 988 978 
573 989 967 990 988 
574 988 990 934 991 
575 978 988 991 968 
576 992 993 312 994 
577 948 992 994 311 
578 999 1000 948 1001 
579 974 999 1001 947 
580 984 1004 1002 1003 
581 1004 986 1005 1002 
582 1002 1005 147 1006 
583 1003 1002 1006 987 
584 980 1011 1010 997 
585 1011 982 1012 1010 
586 1010 1012 75 1013 
587 997 1010 1013 983 
588 1014 1015 992 1016 
589 1000 1014 1016 948 
590 995 1019 1017 1018 
591 1019 997 1020 1017 
592 1017 1020 983 1021 
593 1018 1017 1021 998 
594 1022 358 342 1023 
595 993 1022 1023 312 
596 982 1025 1024 1012 
597 1025 1007 1026 1024 
598 1012 1024 1027 75 
599 1007 1029 1028 1026 
600 1029 369 1030 1028 
601 1028 1030 343 1031 
602 1026 1028 1031 1009 
603 75 1027 1032 1033 
604 1027 1009 1034 1032 
605 1032 1034 1022 1035 
606 1033 1032 1035 993 
607 1024 1038 1036 1037 
608 1038 1026 1039 1036 
609 1036 1039 1009 1040 
610 1037 1036 1040 1027 
611 343 1043 1041 1042 
612 1043 359 377 1041 
613 1041 377 357 1044 
614 1042 1041 1044 358 
615 368 1047 1045 1046 
616 1047 371 1048 1045 
617 359 1051 1049 1050 
618 1049 1052 376 1053 
619 1050 1049 1053 377 
620 369 1055 1054 1030 
621 1055 368 1046 1054 
622 1054 1046 359 1043 
623 1030 1054 1043 343 
624 1046 1058 1056 1057 
625 1058 1045 1059 1056 
626 1056 1059 378 1051 
627 1057 1056 1051 359 
628 378 1061 1060 1052 
629 1061 143 1062 1060 
630 1060 1062 379 1063 
631 1052 1060 1063 376 
632 1051 1066 1064 1065 
633 1066 378 1067 1064 
634 1064 1067 1052 1068 
635 1065 1064 1068 1049 
636 12 1070 1069 836 
637 1070 2 1071 1069 
638 1069 1071 13 125 
639 836 1069 125 10 
640 17 1074 1072 1073 
641 1074 7 834 1072 
642 1072 834 11 33 
643 1073 1072 33 15 
644 25 1076 1075 840 
645 1076 10 1077 1075 
646 1075 1077 26 129 
647 840 1075 129 23 
648 28 46 1078 1079 
649 46 20 490 1078 
650 1078 490 9 1080 
651 1079 1078 1080 30 
652 29 176 1081 1082 
653 176 28 1079 1081 
654 1081 1079 30 1083 
655 1082 1081 1083 4 
656 33 1086 1084 1085 
657 1086 11 838 1084 
658 1084 838 24 49 
659 1085 1084 49 31 
660 41 1088 1087 844 
661 1088 23 1089 1087 
662 1087 1089 42 133 
663 844 1087 133 39 
664 44 62 1090 1091 
665 62 36 494 1090 
666 1090 494 20 1092 
667 1091 1090 1092 46 
668 45 180 1093 1094 
669 180 44 1091 1093 
670 1093 1091 46 1095 
671 1094 1093 1095 28 
672 49 1098 1096 1097 
673 1098 24 842 1096 
674 1096 842 40 65 
675 1097 1096 65 47 
676 51 304 1099 499 
677 304 53 1100 1099 
678 1099 1100 35 1101 
679 499 1099 1101 54 
680 57 1103 1102 848 
681 1103 39 1104 1102 
682 1102 1104 58 137 
683 848 1102 137 55 
684 60 78 1105 1106 
685 78 52 498 1105 
686 1105 498 36 1107 
687 1106 1105 1107 62 
688 61 184 1108 1109 
689 184 60 1106 1108 
690 1108 1106 62 1110 
691 1109 1108 1110 44 
692 65 1113 1111 1112 
693 1113 40 846 1111 
694 1111 846 56 81 
695 1112 1111 81 63 
696 68 86 1114 1115 
697 86 67 502 1114 
698 1114 502 70 1116 
699 1115 1114 1116 52 
700 73 1118 1117 852 
701 1118 55 1119 1117 
702 1117 1119 74 141 
703 852 1117 141 71 
704 76 94 1120 1121 
705 94 68 1115 1120 
706 1120 1115 52 1122 
707 1121 1120 1122 78 
708 77 188 1123 1124 
709 188 76 1121 1123 
710 1123 1121 78 1125 
711 1124 1123 1125 60 
712 81 1128 1126 1127 
713 1128 56 850 1126 
714 1126 850 72 97 
715 1127 1126 97 79 
716 83 310 1129 1130 
717 310 85 506 1129 
718 1129 506 67 1131 
719 1130 1129 1131 86 
720 84 102 1132 1133 
721 102 83 1130 1132 
722 1132 1130 86 1134 
723 1133 1132 1134 68 
724 89 1136 1135 856 
725 1136 71 1137 1135 
726 1135 1137 90 145 
727 856 1135 145 87 
728 92 110 1138 1139 
729 110 84 1133 1138 
730 1138 1133 68 1140 
731 1139 1138 1140 94 
732 93 192 1141 1142 
733 192 92 1139 1141 
734 1141 1139 94 1143 
735 1142 1141 1143 76 
736 97 1146 1144 1145 
737 1146 72 854 1144 
738 1144 854 88 113 
739 1145 1144 113 95 
740 105 1148 1147 860 
741 1148 87 1149 1147 
742 1147 1149 106 149 
743 860 1147 149 103 
744 113 1152 1150 1151 
745 1152 88 858 1150 
746 1150 858 104 203 
747 1151 1150 203 111 
748 104 1155 1153 1154 
749 1155 121 862 1153 
750 1153 862 119 295 
751 1154 1153 295 120 
752 10 1157 1156 1077 
753 1157 125 1158 1156 
754 1156 1158 124 593 
755 1077 1156 593 26 
756 125 1160 1159 1158 
757 1160 13 1161 1159 
758 1159 1161 126 696 
759 1158 1159 696 124 
760 23 1163 1162 1089 
761 1163 129 1164 1162 
762 1162 1164 128 552 
763 1089 1162 552 42 
764 129 1166 1165 1164 
765 1166 26 1167 1165 
766 1165 1167 130 596 
767 1164 1165 596 128 
768 39 1169 1168 1104 
769 1169 133 1170 1168 
770 1168 1170 132 443 
771 1104 1168 443 58 
772 133 1172 1171 1170 
773 1172 42 1173 1171 
774 1171 1173 134 555 
775 1170 1171 555 132 
776 55 1175 1174 1119 
777 1175 137 1176 1174 
778 1174 1176 136 363 
779 1119 1174 363 74 
780 137 1178 1177 1176 
781 1178 58 1179 1177 
782 1177 1179 138 446 
783 1176 1177 446 136 
784 71 1181 1180 1137 
785 1181 141 1182 1180 
786 1180 1182 140 347 
787 1137 1180 347 90 
788 141 1184 1183 1182 
789 1184 74 1185 1183 
790 1183 1185 142 366 
791 1182 1183 366 140 
792 87 1187 1186 1149 
793 1187 145 1188 1186 
794 1186 1188 144 932 
795 1149 1186 932 106 
796 145 1190 1189 1188 
797 1190 90 1191 1189 
798 1189 1191 146 981 
799 1188 1189 981 144 
800 103 1193 1192 864 
801 1193 149 1194 1192 
802 1192 1194 148 326 
803 864 1192 326 122 
804 149 1196 1195 1194 
805 1196 106 1197 1195 
806 1195 1197 150 936 
807 1194 1195 936 148 
808 119 1200 1198 1199 
809 1200 161 866 1198 
810 1198 866 159 322 
811 1199 1198 322 160 
812 166 1202 1201 207 
813 1202 5 169 1201 
814 1201 169 156 1203 
815 207 1201 1203 164 
816 201 1206 1204 1205 
817 1206 120 294 1204 
818 1204 294 5 1202 
819 1205 1204 1202 166 
820 202 1209 1207 1208 
821 1209 201 1205 1207 
822 1207 1205 166 206 
823 1208 1207 206 114 
824 246 1212 1210 1211 
825 1212 231 251 1210 
826 1210 251 195 279 
827 1211 1210 279 249 
828 251 1215 1213 1214 
829 1215 250 286 1213 
830 1213 286 253 283 
831 1214 1213 283 195 
832 233 262 1216 275 
833 262 241 1217 1216 
834 1216 1217 254 1218 
835 275 1216 1218 255 
836 53 542 1219 1100 
837 542 299 633 1219 
838 1219 633 301 1220 
839 1100 1219 1220 35 
840 69 424 1221 503 
841 424 302 1222 1221 
842 1221 1222 304 1223 
843 503 1221 1223 51 
844 322 1226 1224 1225 
845 1226 159 870 1224 
846 1224 870 323 339 
847 1225 1224 339 320 
848 122 1228 1227 868 
849 1228 326 1229 1227 
850 1227 1229 325 878 
851 868 1227 878 162 
852 326 1231 1230 1229 
853 1231 148 1232 1230 
854 1230 1232 327 940 
855 1229 1230 940 325 
856 330 1234 1233 872 
857 1234 162 1235 1233 
858 1233 1235 331 882 
859 872 1233 882 329 
860 90 1237 1236 1191 
861 1237 347 1238 1236 
862 1236 1238 346 1008 
863 1191 1236 1008 146 
864 347 1240 1239 1238 
865 1240 140 1241 1239 
866 1239 1241 348 370 
867 1238 1239 370 346 
868 309 391 1242 1243 
869 391 349 510 1242 
870 1242 510 352 1244 
871 1243 1242 1244 85 
872 74 1246 1245 1185 
873 1246 363 1247 1245 
874 1245 1247 362 401 
875 1185 1245 401 142 
876 363 1249 1248 1247 
877 1249 136 1250 1248 
878 1248 1250 364 449 
879 1247 1248 449 362 
880 140 1252 1251 1241 
881 1252 366 1253 1251 
882 1251 1253 365 382 
883 1241 1251 382 348 
884 366 1255 1254 1253 
885 1255 142 1256 1254 
886 1254 1256 367 404 
887 1253 1254 404 365 
888 371 1258 1257 1048 
889 1258 381 1259 1257 
890 1257 1259 373 385 
891 1048 1257 385 143 
892 142 1261 1260 1256 
893 1261 401 1262 1260 
894 1260 1262 400 419 
895 1256 1260 419 367 
896 401 1264 1263 1262 
897 1264 362 1265 1263 
898 1263 1265 402 452 
899 1262 1263 452 400 
900 59 1267 1266 416 
901 1267 411 438 1266 
902 1266 438 410 1268 
903 416 1266 1268 394 
904 306 538 1269 523 
905 538 421 1270 1269 
906 1269 1270 424 1271 
907 523 1269 1271 69 
908 390 461 1272 1273 
909 461 429 514 1272 
910 1272 514 432 1274 
911 1273 1272 1274 349 
912 434 1276 1275 456 
913 1276 350 466 1275 
914 1275 466 435 1277 
915 456 1275 1277 433 
916 138 1279 1278 447 
917 1279 442 1280 1278 
918 1278 1280 422 536 
919 447 1278 536 43 
920 136 1282 1281 1250 
921 1282 446 1283 1281 
922 1281 1283 445 483 
923 1250 1281 483 364 
924 362 1285 1284 1265 
925 1285 449 1286 1284 
926 1284 1286 448 463 
927 1265 1284 463 402 
928 448 1288 1287 464 
929 1288 450 1289 1287 
930 1287 1289 139 475 
931 464 1287 475 430 
932 450 1291 1290 1289 
933 1291 482 1292 1290 
934 1290 1292 471 486 
935 1289 1290 486 139 
936 42 1294 1293 1173 
937 1294 552 1295 1293 
938 1293 1295 551 570 
939 1173 1293 570 134 
940 552 1297 1296 1295 
941 1297 128 1298 1296 
942 1296 1298 553 599 
943 1295 1296 599 551 
944 541 608 1299 1300 
945 608 580 637 1299 
946 1299 637 583 1301 
947 1300 1299 1301 299 
948 26 1303 1302 1167 
949 1303 593 1304 1302 
950 1302 1304 592 646 
951 1167 1302 646 130 
952 593 1306 1305 1304 
953 1306 124 1307 1305 
954 1305 1307 594 699 
955 1304 1305 699 592 
956 128 1309 1308 1298 
957 1309 596 1310 1308 
958 1308 1310 595 614 
959 1298 1308 614 553 
960 595 1312 1311 615 
961 1312 597 1313 1311 
962 1311 1313 14 621 
963 615 1311 621 581 
964 131 1315 1314 611 
965 1315 606 625 1314 
966 1314 625 605 1316 
967 611 1314 1316 586 
968 605 628 1317 1318 
969 628 607 641 1317 
970 1317 641 580 1319 
971 1318 1317 1319 608 
972 586 1316 1320 1321 
973 1316 605 1318 1320 
974 1320 1318 608 1322 
975 1321 1320 1322 541 
976 581 1324 1323 627 
977 1324 621 1325 1323 
978 1323 1325 620 642 
979 627 1323 642 607 
980 621 1327 1326 1325 
981 1327 14 1328 1326 
982 1326 1328 622 653 
983 1325 1326 653 620 
984 597 1330 1329 1313 
985 1330 645 1331 1329 
986 1329 1331 617 649 
987 1313 1329 649 14 
988 14 1333 1332 1328 
989 1333 649 1334 1332 
990 1332 1334 648 669 
991 1328 1332 669 622 
992 649 1336 1335 1334 
993 1336 617 1337 1335 
994 1335 1337 650 685 
995 1334 1335 685 648 
996 645 1339 1338 1331 
997 1339 647 1340 1338 
998 1338 1340 577 681 
999 1331 1338 681 617 
1000 617 1342 1341 1337 
1001 1342 681 1343 1341 
1002 1341 1343 680 692 
1003 1337 1341 692 650 
1004 681 1345 1344 1343 
1005 1345 577 1346 1344 
1006 1344 1346 682 706 
1007 1343 1344 706 680 
1008 124 1348 1347 1307 
1009 1348 696 1349 1347 
1010 1347 1349 695 739 
1011 1307 1347 739 594 
1012 696 1351 1350 1349 
1013 1351 126 1352 1350 
1014 1350 1352 697 785 
1015 1349 1350 785 695 
1016 647 1354 1353 1340 
1017 1354 698 1355 1353 
1018 1353 1355 677 702 
1019 1340 1353 702 577 
1020 577 1357 1356 1346 
1021 1357 702 1358 1356 
1022 1356 1358 701 716 
1023 1346 1356 716 682 
1024 702 1360 1359 1358 
1025 1360 677 1361 1359 
1026 1359 1361 703 728 
1027 1358 1359 728 701 
1028 698 1363 1362 1355 
1029 1363 700 1364 1362 
1030 1362 1364 127 724 
1031 1355 1362 724 677 
1032 677 1366 1365 1361 
1033 1366 724 1367 1365 
1034 1365 1367 723 735 
1035 1361 1365 735 703 
1036 724 1369 1368 1367 
1037 1369 127 1370 1368 
1038 1368 1370 725 746 
1039 1367 1368 746 723 
1040 700 1372 1371 1364 
1041 1372 738 1373 1371 
1042 1371 1373 720 742 
1043 1364 1371 742 127 
1044 127 1375 1374 1370 
1045 1375 742 1376 1374 
1046 1374 1376 741 759 
1047 1370 1374 759 725 
1048 742 1378 1377 1376 
1049 1378 720 1379 1377 
1050 1377 1379 743 771 
1051 1376 1377 771 741 
1052 823 888 1380 906 
1053 888 332 1381 1380 
1054 1380 1381 826 1382 
1055 906 1380 1382 824 
1056 162 1384 1383 1235 
1057 1384 878 1385 1383 
1058 1383 1385 877 928 
1059 1235 1383 928 331 
1060 878 1387 1386 1385 
1061 1387 325 1388 1386 
1062 1386 1388 879 944 
1063 1385 1386 944 877 
1064 329 1390 1389 896 
1065 1390 882 1391 1389 
1066 1389 1391 881 924 
1067 896 1389 924 822 
1068 831 900 1392 910 
1069 900 885 1393 1392 
1070 1392 1393 888 1394 
1071 910 1392 1394 823 
1072 107 930 1395 921 
1073 930 880 1396 1395 
1074 1395 1396 917 1397 
1075 921 1395 1397 818 
1076 880 946 1398 1396 
1077 946 328 1399 1398 
1078 1398 1399 918 1400 
1079 1396 1398 1400 917 
1080 332 926 1401 1381 
1081 926 884 1402 1401 
1082 1401 1402 920 1403 
1083 1381 1401 1403 826 
1084 106 1405 1404 1197 
1085 1405 932 1406 1404 
1086 1404 1406 931 966 
1087 1197 1404 966 150 
1088 932 1408 1407 1406 
1089 1408 144 1409 1407 
1090 1407 1409 933 985 
1091 1406 1407 985 931 
1092 148 1411 1410 1232 
1093 1411 936 1412 1410 
1094 1410 1412 935 954 
1095 1232 1410 954 327 
1096 936 1414 1413 1412 
1097 1414 150 1415 1413 
1098 1413 1415 937 970 
1099 1412 1413 970 935 
1100 879 1417 1416 945 
1101 1417 939 961 1416 
1102 1416 961 942 1418 
1103 945 1416 1418 328 
1104 151 956 1419 958 
1105 956 938 1420 1419 
1106 1419 1420 950 1421 
1107 958 1419 1421 815 
1108 938 972 1422 1420 
1109 972 91 1423 1422 
1110 1422 1423 951 1424 
1111 1420 1422 1424 950 
1112 328 1418 1425 1399 
1113 1418 942 1426 1425 
1114 1425 1426 957 1427 
1115 1399 1425 1427 918 
1116 942 964 1428 1426 
1117 964 151 1429 1428 
1118 1428 1429 958 1430 
1119 1426 1428 1430 957 
1120 150 1432 1431 1415 
1121 1432 966 1433 1431 
1122 1431 1433 965 977 
1123 1415 1431 977 937 
1124 966 1435 1434 1433 
1125 1435 931 1436 1434 
1126 1434 1436 967 989 
1127 1433 1434 989 965 
1128 91 979 1437 1423 
1129 979 968 1438 1437 
1130 1437 1438 973 1439 
1131 1423 1437 1439 951 
1132 968 991 1440 1438 
1133 991 934 1441 1440 
1134 1440 1441 974 1442 
1135 1438 1440 1442 973 
1136 144 1444 1443 1409 
1137 1444 981 1445 1443 
1138 1443 1445 980 996 
1139 1409 1443 996 933 
1140 981 1447 1446 1445 
1141 1447 146 1448 1446 
1142 1446 1448 982 1011 
1143 1445 1446 1011 980 
1144 967 1450 1449 990 
1145 1450 984 1003 1449 
1146 1449 1003 987 1451 
1147 990 1449 1451 934 
1148 983 1013 1452 1015 
1149 1013 75 1033 1452 
1150 1452 1033 993 1453 
1151 1015 1452 1453 992 
1152 986 1455 1454 1005 
1153 1455 995 1018 1454 
1154 1454 1018 998 1456 
1155 1005 1454 1456 147 
1156 934 1451 1457 1441 
1157 1451 987 1458 1457 
1158 1457 1458 999 1459 
1159 1441 1457 1459 974 
1160 987 1006 1460 1458 
1161 1006 147 1461 1460 
1162 1460 1461 1000 1462 
1163 1458 1460 1462 999 
1164 146 1464 1463 1448 
1165 1464 1008 1465 1463 
1166 1463 1465 1007 1025 
1167 1448 1463 1025 982 
1168 1008 1467 1466 1465 
1169 1467 346 1468 1466 
1170 1466 1468 369 1029 
1171 1465 1466 1029 1007 
1172 147 1456 1469 1461 
1173 1456 998 1470 1469 
1174 1469 1470 1014 1471 
1175 1461 1469 1471 1000 
1176 998 1021 1472 1470 
1177 1021 983 1473 1472 
1178 1472 1473 1015 1474 
1179 1470 1472 1474 1014 
1180 1009 1031 1475 1034 
1181 1031 343 1042 1475 
1182 1475 1042 358 1476 
1183 1034 1475 1476 1022 
1184 1045 1478 1477 1059 
1185 1478 1048 1479 1477 
1186 1477 1479 143 1061 
1187 1059 1477 1061 378 
1188 1 1482 1480 1481 
1189 1482 17 1073 1480 
1190 1480 1073 15 211 
1191 1481 1480 211 16 
1192 15 1485 1483 1484 
1193 1485 33 1085 1483 
1194 1483 1085 31 214 
1195 1484 1483 214 32 
1196 31 1488 1486 1487 
1197 1488 49 1097 1486 
1198 1486 1097 47 217 
1199 1487 1486 217 48 
1200 47 1491 1489 1490 
1201 1491 65 1112 1489 
1202 1489 1112 63 220 
1203 1490 1489 220 64 
1204 63 1494 1492 1493 
1205 1494 81 1127 1492 
1206 1492 1127 79 223 
1207 1493 1492 223 80 
1208 79 1497 1495 1496 
1209 1497 97 1145 1495 
1210 1495 1145 95 226 
1211 1496 1495 226 96 
1212 95 1500 1498 1499 
1213 1500 113 1151 1498 
1214 1498 1151 111 229 
1215 1499 1498 229 112 
1216 203 1503 1501 1502 
1217 1503 104 1154 1501 
1218 1501 1154 120 1206 
1219 1502 1501 1206 201 
1220 223 1506 1504 1505 
1221 1506 79 1496 1504 
1222 1504 1496 96 244 
1223 1505 1504 244 221 
1224 226 1509 1507 1508 
1225 1509 95 1499 1507 
1226 1507 1499 112 232 
1227 1508 1507 232 224 
1228 302 546 1510 1222 
1229 546 303 1511 1510 
1230 1510 1511 53 1512 
1231 1222 1510 1512 304 
1232 308 356 1513 1514 
1233 356 309 1243 1513 
1234 1513 1243 85 1515 
1235 1514 1513 1515 310 
1236 101 345 1516 1517 
1237 345 308 1514 1516 
1238 1516 1514 310 1518 
1239 1517 1516 1518 83 
1240 346 1520 1519 1468 
1241 1520 370 1521 1519 
1242 1519 1521 368 1055 
1243 1468 1519 1055 369 
1244 370 1523 1522 1521 
1245 1523 348 1524 1522 
1246 1522 1524 371 1047 
1247 1521 1522 1047 368 
1248 348 1526 1525 1524 
1249 1526 382 1527 1525 
1250 1525 1527 381 1258 
1251 1524 1525 1258 371 
1252 381 1529 1528 1259 
1253 1529 383 1530 1528 
1254 1528 1530 354 397 
1255 1259 1528 397 373 
1256 388 436 1531 1532 
1257 436 390 1273 1531 
1258 1531 1273 349 1533 
1259 1532 1531 1533 391 
1260 355 413 1534 1535 
1261 413 388 1532 1534 
1262 1534 1532 391 1536 
1263 1535 1534 1536 309 
1264 383 1538 1537 1530 
1265 1538 403 1539 1537 
1266 1537 1539 393 407 
1267 1530 1537 407 354 
1268 421 550 1540 1270 
1269 550 423 1541 1540 
1270 1540 1541 302 1542 
1271 1270 1540 1542 424 
1272 58 1544 1543 1179 
1273 1544 443 1545 1543 
1274 1543 1545 442 1279 
1275 1179 1543 1279 138 
1276 442 1547 1546 1280 
1277 1547 444 1548 1546 
1278 1546 1548 135 548 
1279 1280 1546 548 422 
1280 449 1550 1549 1286 
1281 1550 364 1551 1549 
1282 1549 1551 450 1288 
1283 1286 1549 1288 448 
1284 364 1553 1552 1551 
1285 1553 483 1554 1552 
1286 1552 1554 482 1291 
1287 1551 1552 1291 450 
1288 539 587 1555 1556 
1289 587 541 1300 1555 
1290 1555 1300 299 1557 
1291 1556 1555 1557 542 
1292 303 564 1558 1511 
1293 564 539 1556 1558 
1294 1558 1556 542 1559 
1295 1511 1558 1559 53 
1296 423 560 1560 1541 
1297 560 543 1561 1560 
1298 1560 1561 546 1562 
1299 1541 1560 1562 302 
1300 444 1564 1563 1548 
1301 1564 554 1565 1563 
1302 1563 1565 544 558 
1303 1548 1563 558 135 
1304 584 612 1566 1567 
1305 612 586 1321 1566 
1306 1566 1321 541 1568 
1307 1567 1566 1568 587 
1308 563 604 1569 1570 
1309 604 584 1567 1569 
1310 1569 1567 587 1571 
1311 1570 1569 1571 539 
1312 596 1573 1572 1310 
1313 1573 130 1574 1572 
1314 1572 1574 597 1312 
1315 1310 1572 1312 595 
1316 130 1576 1575 1574 
1317 1576 646 1577 1575 
1318 1575 1577 645 1330 
1319 1574 1575 1330 597 
1320 646 1579 1578 1577 
1321 1579 592 1580 1578 
1322 1578 1580 647 1339 
1323 1577 1578 1339 645 
1324 592 1582 1581 1580 
1325 1582 699 1583 1581 
1326 1581 1583 698 1354 
1327 1580 1581 1354 647 
1328 699 1585 1584 1583 
1329 1585 594 1586 1584 
1330 1584 1586 700 1363 
1331 1583 1584 1363 698 
1332 594 1588 1587 1586 
1333 1588 739 1589 1587 
1334 1587 1589 738 1372 
1335 1586 1587 1372 700 
1336 738 1591 1590 1373 
1337 1591 740 1592 1590 
1338 1590 1592 673 767 
1339 1373 1590 767 720 
1340 740 1594 1593 1592 
1341 1594 784 1595 1593 
1342 1593 1595 763 788 
1343 1592 1593 788 673 
1344 325 1597 1596 1388 
1345 1597 940 1598 1596 
1346 1596 1598 939 1417 
1347 1388 1596 1417 879 
1348 940 1600 1599 1598 
1349 1600 327 1601 1599 
1350 1599 1601 941 962 
1351 1598 1599 962 939 
1352 931 1603 1602 1436 
1353 1603 985 1604 1602 
1354 1602 1604 984 1450 
1355 1436 1602 1450 967 
1356 985 1606 1605 1604 
1357 1606 933 1607 1605 
1358 1605 1607 986 1004 
1359 1604 1605 1004 984 
1360 933 1609 1608 1607 
1361 1609 996 1610 1608 
1362 1608 1610 995 1455 
1363 1607 1608 1455 986 
1364 996 1612 1611 1610 
1365 1612 980 1613 1611 
1366 1611 1613 997 1019 
1367 1610 1611 1019 995 
1368 99 313 1614 1615 
1369 313 101 1517 1614 
1370 1614 1517 83 1616 
1371 1615 1614 1616 102 
1372 100 118 1617 1618 
1373 118 99 1615 1617 
1374 1617 1615 102 1619 
1375 1618 1617 1619 84 
1376 108 154 1620 1621 
1377 154 100 1618 1620 
1378 1620 1618 84 1622 
1379 1621 1620 1622 110 
1380 109 196 1623 1624 
1381 196 108 1621 1623 
1382 1623 1621 110 1625 
1383 1624 1623 1625 92 
1384 189 265 1626 1627 
1385 265 109 1624 1626 
1386 1626 1624 92 1628 
1387 1627 1626 1628 192 
1388 111 1631 1629 1630 
1389 1631 203 1502 1629 
1390 1629 1502 201 1209 
1391 1630 1629 1209 202 
1392 96 1634 1632 1633 
1393 1634 226 1508 1632 
1394 1632 1508 224 248 
1395 1633 1632 248 225 
1396 353 395 1635 1636 
1397 395 355 1535 1635 
1398 1635 1535 309 1637 
1399 1636 1635 1637 356 
1400 344 375 1638 1639 
1401 375 353 1636 1638 
1402 1638 1636 356 1640 
1403 1639 1638 1640 308 
1404 382 1642 1641 1527 
1405 1642 365 1643 1641 
1406 1641 1643 383 1529 
1407 1527 1641 1529 381 
1408 365 1645 1644 1643 
1409 1645 404 1646 1644 
1410 1644 1646 403 1538 
1411 1643 1644 1538 383 
1412 403 1648 1647 1539 
1413 1648 405 1649 1647 
1414 1647 1649 59 415 
1415 1539 1647 415 393 
1416 405 1651 1650 1649 
1417 1651 418 1652 1650 
1418 1650 1652 411 1267 
1419 1649 1650 1267 59 
1420 443 1654 1653 1545 
1421 1654 132 1655 1653 
1422 1653 1655 444 1547 
1423 1545 1653 1547 442 
1424 543 568 1656 1561 
1425 568 545 1657 1656 
1426 1656 1657 303 1658 
1427 1561 1656 1658 546 
1428 132 1660 1659 1655 
1429 1660 555 1661 1659 
1430 1659 1661 554 1564 
1431 1655 1659 1564 444 
1432 554 1663 1662 1565 
1433 1663 556 1664 1662 
1434 1662 1664 27 566 
1435 1565 1662 566 544 
1436 561 591 1665 1666 
1437 591 563 1570 1665 
1438 1665 1570 539 1667 
1439 1666 1665 1667 564 
1440 545 575 1668 1657 
1441 575 561 1666 1668 
1442 1668 1666 564 1669 
1443 1657 1668 1669 303 
1444 556 1671 1670 1664 
1445 1671 569 1672 1670 
1446 1670 1672 562 573 
1447 1664 1670 573 27 
1448 739 1674 1673 1589 
1449 1674 695 1675 1673 
1450 1673 1675 740 1591 
1451 1589 1673 1591 738 
1452 695 1677 1676 1675 
1453 1677 785 1678 1676 
1454 1676 1678 784 1594 
1455 1675 1676 1594 740 
1456 784 1680 1679 1595 
1457 1680 786 1681 1679 
1458 1679 1681 8 804 
1459 1595 1679 804 763 
