2 0.000000 100.000000 5791.461216
1589 1372 
1 -147.787889 0.000000 -147.826199 99.850550 -0.000494 5.808162 -0.000387 
2 154.271383 0.000000 -147.826199 99.847930 0.002862 5.917760 -0.000463 
3 154.271383 0.000000 147.829350 99.798144 0.007871 5.977940 0.000459 
4 -147.787889 0.000000 147.829350 99.806592 0.004054 5.810214 0.000489 
5 3.241747 0.000000 0.001576 103.418196 0.764701 -1.322991 -0.069766 
6 -147.787889 0.000000 0.001576 99.826479 0.002574 5.782618 0.000124 
7 3.241747 0.000000 -147.826199 99.888711 0.013804 5.867346 -0.001218 
8 154.271383 0.000000 0.001576 99.905124 4.854221 4.548079 -0.002528 
9 3.241747 0.000000 147.829350 99.756563 -0.003595 5.889630 0.001394 
10 78.756565 0.000000 -73.912312 99.897197 0.118019 6.189870 -0.001778 
11 3.241747 0.000000 -73.912312 100.043508 0.067683 5.986038 -0.004454 
12 78.756565 0.000000 -147.826199 99.871097 0.003330 5.907845 -0.000914 
13 154.271383 0.000000 -73.912312 99.835530 0.067420 6.137528 -0.000481 
14 78.756565 0.000000 0.001576 100.102058 7.661627 0.994082 -0.008011 
15 -72.273071 0.000000 -73.912312 99.902223 0.012491 5.790696 -0.001399 
16 -147.787889 0.000000 -73.912312 99.848687 0.001055 5.793802 -0.000333 
17 -72.273071 0.000000 -147.826199 99.871659 -0.000067 5.820289 -0.000822 
18 -72.273071 0.000000 0.001576 99.806267 0.005310 5.699674 0.000622 
19 78.756565 0.000000 73.915463 99.690222 -0.182292 6.518303 0.001934 
20 3.241747 0.000000 73.915463 99.524804 -0.073682 6.113076 0.005744 
21 154.271383 0.000000 73.915463 99.762989 -0.204651 6.583344 0.000396 
22 78.756565 0.000000 147.829350 99.773810 0.007080 5.950410 0.000978 
23 40.999156 0.000000 -36.955368 100.087894 0.522915 6.870041 -0.006506 
24 3.241747 0.000000 -36.955368 100.536409 0.290542 6.232864 -0.014650 
25 40.999156 0.000000 -73.912312 99.982681 0.105112 6.148448 -0.003435 
26 78.756565 0.000000 -36.955368 99.859944 0.508874 6.799439 -0.001850 
27 40.999156 0.000000 0.001576 100.165182 9.477423 -1.313937 -0.012461 
28 -72.273071 0.000000 73.915463 99.733100 -0.002306 5.802642 0.001964 
29 -147.787889 0.000000 73.915463 99.805833 0.003557 5.795556 0.000521 
30 -72.273071 0.000000 147.829350 99.780534 0.005898 5.827242 0.000989 
31 -34.515662 0.000000 -36.955368 100.066341 0.047308 5.704530 -0.004582 
32 -72.273071 0.000000 -36.955368 99.890888 0.013242 5.738197 -0.001112 
33 -34.515662 0.000000 -73.912312 99.977958 0.029655 5.832617 -0.002961 
34 -34.515662 0.000000 0.001576 99.711879 -0.036923 5.394740 0.002844 
35 40.999156 0.000000 36.958519 99.276601 -1.956519 8.031810 0.007582 
36 3.241747 0.000000 36.958519 98.680204 -0.784538 6.761964 0.021588 
37 78.756565 0.000000 36.958519 99.587447 -2.507933 8.204024 0.000874 
38 40.999156 0.000000 73.915463 99.588306 -0.141942 6.393156 0.004128 
39 22.120451 0.000000 -18.476896 101.092598 1.796158 7.883608 -0.028509 
40 3.241747 0.000000 -18.476896 102.269516 0.975759 6.011225 -0.049614 
41 22.120451 0.000000 -36.955368 100.368233 0.466038 6.728297 -0.011927 
42 40.999156 0.000000 -18.476896 100.016747 1.703622 7.534930 -0.006303 
43 22.120451 0.000000 0.001576 100.661694 12.408387 -1.001235 -0.028775 
44 -34.515662 0.000000 36.958519 99.455468 -0.062303 5.761838 0.007541 
45 -72.273071 0.000000 36.958519 99.729716 -0.002345 5.747945 0.002094 
46 -34.515662 0.000000 73.915463 99.627855 -0.019540 5.873107 0.003980 
47 -15.636957 0.000000 -18.476896 100.721376 0.158415 5.039121 -0.017021 
48 -34.515662 0.000000 -18.476896 100.011671 0.026224 5.522858 -0.003284 
49 -15.636957 0.000000 -36.955368 100.312084 0.120727 5.805383 -0.009623 
50 -15.636957 0.000000 0.001576 99.597781 -0.367602 3.979321 0.006431 
51 22.120451 0.000000 18.480048 98.389310 -8.391461 4.318832 0.023047 
52 3.241747 0.000000 18.480048 96.872733 -4.047391 5.711209 0.056667 
53 40.999156 0.000000 18.480048 99.585038 -9.780683 2.411021 -0.001865 
54 22.120451 0.000000 36.958519 98.889098 -1.501274 7.647935 0.016020 
55 12.681099 0.000000 -9.237660 103.044788 3.955861 6.822471 -0.068042 
56 3.241747 0.000000 -9.237660 103.829033 1.539655 4.627737 -0.080425 
57 12.681099 0.000000 -18.476896 102.000755 1.571984 7.324824 -0.046028 
58 22.120451 0.000000 -9.237660 101.087623 4.410230 6.992943 -0.028706 
59 12.681099 0.000000 0.001576 104.707574 10.446945 -14.230233 -0.127531 
60 -15.636957 0.000000 18.480048 98.421322 -0.611980 5.184236 0.028599 
61 -34.515662 0.000000 18.480048 99.443505 -0.082730 5.561952 0.008005 
62 -15.636957 0.000000 36.958519 99.058426 -0.249987 6.000116 0.015136 
63 -6.197605 0.000000 -9.237660 101.701598 0.146354 3.827638 -0.035789 
64 -15.636957 0.000000 -9.237660 100.456244 0.001639 4.379203 -0.011063 
65 -6.197605 0.000000 -18.476896 101.502973 0.411714 5.138592 -0.032943 
66 -6.197605 0.000000 0.001576 100.225352 -1.054344 2.519759 -0.005258 
67 12.681099 0.000000 9.240812 101.506183 -1.601567 -6.004858 -0.034213 
68 3.241747 0.000000 9.240812 99.169784 -4.643234 0.426966 0.014361 
69 22.120451 0.000000 9.240812 99.978361 0.346186 -9.157429 -0.007965 
70 12.681099 0.000000 18.480048 97.610202 -6.698400 5.307856 0.039921 
71 7.961423 0.000000 -4.618042 103.939725 5.069236 2.393462 -0.083489 
72 3.241747 0.000000 -4.618042 103.046641 2.163184 2.323073 -0.062869 
73 7.961423 0.000000 -9.237660 103.920908 2.937530 5.800529 -0.084183 
74 12.681099 0.000000 -4.618042 102.876351 7.000145 3.292713 -0.064339 
75 7.961423 0.000000 0.001576 105.393956 3.791703 -4.643642 -0.114383 
76 -6.197605 0.000000 9.240812 97.862852 -2.153400 3.404225 0.040664 
77 -15.636957 0.000000 9.240812 98.685455 -0.655513 4.412719 0.024128 
78 -6.197605 0.000000 18.480048 97.447695 -1.691530 5.313833 0.047285 
79 -1.477929 0.000000 -4.618042 102.453069 0.159771 2.585729 -0.050334 
80 -6.197605 0.000000 -4.618042 101.179272 -0.351774 3.036922 -0.024659 
81 -1.477929 0.000000 -9.237660 102.722941 0.535205 3.947984 -0.056788 
82 -1.477929 0.000000 0.001576 102.250744 -0.259304 3.977473 -0.047110 
83 7.961423 0.000000 4.621194 105.256561 2.372537 -5.493382 -0.111475 
84 3.241747 0.000000 4.621194 103.822191 -1.928335 -1.888326 -0.078633 
85 12.681099 0.000000 4.621194 103.979211 7.219749 -6.832041 -0.091048 
86 7.961423 0.000000 9.240812 101.041685 -4.005122 -2.817713 -0.023340 
87 5.601585 0.000000 -2.308233 103.608007 4.337165 -1.121093 -0.075469 
88 3.241747 0.000000 -2.308233 103.827079 1.340689 -4.846730 -0.080535 
89 5.601585 0.000000 -4.618042 103.688531 3.621872 2.097762 -0.076883 
90 7.961423 0.000000 -2.308233 104.468159 6.315592 -0.672213 -0.095393 
91 5.601585 0.000000 0.001576 103.861267 1.698144 -8.026975 -0.085448 
92 -1.477929 0.000000 4.621194 100.207545 -2.555701 1.070575 -0.004923 
93 -6.197605 0.000000 4.621194 98.967826 -1.764307 2.647287 0.019525 
94 -1.477929 0.000000 9.240812 98.045611 -3.492334 2.450157 0.036886 
95 0.881909 0.000000 -2.308233 102.671067 -0.101057 2.378525 -0.054702 
96 -1.477929 0.000000 -2.308233 101.622799 -0.240781 2.789544 -0.033503 
97 0.881909 0.000000 -4.618042 102.474530 0.977166 2.800021 -0.050982 
98 0.881909 0.000000 0.001576 103.054837 0.141200 1.940835 -0.062409 
99 5.601585 0.000000 2.311385 106.440836 1.694776 -4.649614 -0.135414 
100 3.241747 0.000000 2.311385 103.827079 1.340689 -4.846730 -0.080535 
101 7.961423 0.000000 2.311385 105.911864 4.511500 -5.032415 -0.126300 
102 5.601585 0.000000 4.621194 104.920080 -0.168824 -3.992643 -0.102419 
103 4.421666 0.000000 -1.153329 103.827079 1.340689 -4.846730 -0.080535 
104 3.241747 0.000000 -1.153329 103.611199 0.907839 -3.536478 -0.074861 
105 4.421666 0.000000 -2.308233 103.861267 1.698144 -8.026975 -0.085448 
106 5.601585 0.000000 -1.153329 103.861267 1.698144 -8.026975 -0.085448 
107 4.421666 0.000000 0.001576 103.827079 1.340689 -4.846730 -0.080535 
108 0.881909 0.000000 2.311385 102.671067 -0.101057 2.378525 -0.054702 
109 -1.477929 0.000000 2.311385 101.746058 -1.824215 1.893148 -0.035917 
110 0.881909 0.000000 4.621194 102.182629 -2.640731 0.173208 -0.044829 
111 2.061828 0.000000 -1.153329 103.265677 0.681182 -1.546207 -0.066665 
112 0.881909 0.000000 -1.153329 102.908324 0.071004 2.342253 -0.059561 
113 2.061828 0.000000 -2.308233 103.030964 0.171505 2.394466 -0.062114 
114 2.061828 0.000000 0.001576 103.320032 0.673954 -1.210920 -0.067695 
115 4.421666 0.000000 1.156480 103.827079 1.340689 -4.846730 -0.080535 
116 3.241747 0.000000 1.156480 103.611199 0.907839 -3.536478 -0.074861 
117 5.601585 0.000000 1.156480 103.861267 1.698144 -8.026975 -0.085448 
118 4.421666 0.000000 2.311385 103.861267 1.698144 -8.026975 -0.085448 
119 3.831707 0.000000 -0.575877 103.727010 1.108675 -4.056971 -0.077698 
120 3.241747 0.000000 -0.575877 103.265677 0.681182 -1.546207 -0.066665 
121 3.831707 0.000000 -1.153329 103.781097 1.222090 -4.407255 -0.079143 
122 4.421666 0.000000 -0.575877 103.827079 1.340689 -4.846730 -0.080535 
123 3.831707 0.000000 0.001576 103.815787 1.221494 -5.015779 -0.080437 
124 116.513974 0.000000 -36.955368 99.810806 0.466593 6.709686 -0.000743 
125 116.513974 0.000000 -73.912312 99.853328 0.117767 6.178853 -0.000888 
126 154.271383 0.000000 -36.955368 99.797934 0.424859 6.640406 -0.000390 
127 116.513974 0.000000 0.001576 99.993608 6.126144 3.004263 -0.004528 
128 59.877860 0.000000 -18.476896 99.848013 1.577438 7.401326 -0.002689 
129 59.877860 0.000000 -36.955368 99.930866 0.524766 6.849924 -0.003337 
130 78.756565 0.000000 -18.476896 99.794109 1.468526 7.327144 -0.001471 
131 59.877860 0.000000 0.001576 100.146145 8.493117 -0.179626 -0.010142 
132 31.559804 0.000000 -9.237660 100.287473 4.054086 6.699433 -0.011890 
133 31.559804 0.000000 -18.476896 100.256897 1.760591 7.614682 -0.011253 
134 40.999156 0.000000 -9.237660 99.951012 3.747717 6.275991 -0.004364 
135 31.559804 0.000000 0.001576 100.195867 10.330884 -1.237103 -0.014747 
136 17.400775 0.000000 -4.618042 101.813250 7.467353 4.460084 -0.044159 
137 17.400775 0.000000 -9.237660 101.897267 4.472210 7.024228 -0.045239 
138 22.120451 0.000000 -4.618042 100.855241 7.314892 4.251129 -0.024336 
139 17.400775 0.000000 0.001576 101.801456 15.205263 -0.914595 -0.059557 
140 10.321261 0.000000 -2.308233 104.123532 7.857478 0.013420 -0.090345 
141 10.321261 0.000000 -4.618042 103.583562 6.237561 2.885341 -0.077679 
142 12.681099 0.000000 -2.308233 103.256996 8.848305 0.567986 -0.074062 
143 10.321261 0.000000 0.001576 104.934881 4.827101 -5.173308 -0.106139 
144 6.781504 0.000000 -1.153329 104.589520 6.304727 -3.161595 -0.098871 
145 6.781504 0.000000 -2.308233 104.243480 5.359027 -0.979547 -0.089638 
146 7.961423 0.000000 -1.153329 104.831809 7.446336 -2.852405 -0.105329 
147 6.781504 0.000000 0.001576 102.597661 2.043239 -18.523752 -0.087358 
148 5.011626 0.000000 -0.575877 103.860287 1.463421 -5.470939 -0.081903 
149 5.011626 0.000000 -1.153329 103.875347 1.584462 -6.462699 -0.083436 
150 5.601585 0.000000 -0.575877 103.861267 1.698144 -8.026975 -0.085448 
151 5.011626 0.000000 0.001576 103.860287 1.463421 -5.470939 -0.081903 
152 2.061828 0.000000 1.156480 103.265677 0.681182 -1.546207 -0.066665 
153 0.881909 0.000000 1.156480 102.908324 0.071004 2.342253 -0.059561 
154 2.061828 0.000000 2.311385 103.030964 0.171505 2.394466 -0.062114 
155 3.831707 0.000000 0.579028 103.727010 1.108675 -4.056971 -0.077698 
156 3.241747 0.000000 0.579028 103.265677 0.681182 -1.546207 -0.066665 
157 4.421666 0.000000 0.579028 103.827079 1.340689 -4.846730 -0.080535 
158 3.831707 0.000000 1.156480 103.781097 1.222090 -4.407255 -0.079143 
159 4.126686 0.000000 -0.287150 103.781097 1.222090 -4.407255 -0.079143 
160 3.831707 0.000000 -0.287150 103.727010 1.108675 -4.056971 -0.077698 
161 4.126686 0.000000 -0.575877 103.781097 1.222090 -4.407255 -0.079143 
162 4.421666 0.000000 -0.287150 103.827079 1.340689 -4.846730 -0.080535 
163 4.126686 0.000000 0.001576 103.469775 1.368974 -7.166277 -0.075922 
164 2.651788 0.000000 0.579028 103.265677 0.681182 -1.546207 -0.066665 
165 2.061828 0.000000 0.579028 103.265677 0.681182 -1.546207 -0.066665 
166 2.651788 0.000000 0.001576 103.342805 0.705758 -1.049633 -0.068134 
167 2.651788 0.000000 1.156480 103.265677 0.681182 -1.546207 -0.066665 
168 3.536727 0.000000 0.290302 103.696712 0.951407 -3.384885 -0.076537 
169 3.241747 0.000000 0.290302 103.336421 0.720401 -1.317627 -0.068067 
170 3.536727 0.000000 0.001576 103.766041 1.006930 -3.625540 -0.078155 
171 3.831707 0.000000 0.290302 103.727010 1.108675 -4.056971 -0.077698 
172 3.536727 0.000000 0.579028 103.669660 1.003941 -3.763900 -0.076257 
173 -110.030480 0.000000 36.958519 99.793197 0.002245 5.773804 0.000798 
174 -147.787889 0.000000 36.958519 99.813263 0.003114 5.786841 0.000383 
175 -110.030480 0.000000 0.001576 99.821677 0.004340 5.761898 0.000243 
176 -110.030480 0.000000 73.915463 99.783547 0.001155 5.794215 0.000967 
177 -53.394366 0.000000 18.480048 99.680507 -0.012187 5.660718 0.003175 
178 -72.273071 0.000000 18.480048 99.757367 0.000383 5.715697 0.001580 
179 -53.394366 0.000000 0.001576 99.783164 0.000902 5.617113 0.001177 
180 -53.394366 0.000000 36.958519 99.643880 -0.015197 5.736285 0.003819 
181 -25.076310 0.000000 9.240812 99.321943 -0.202514 5.259468 0.010745 
182 -34.515662 0.000000 9.240812 99.544885 -0.069315 5.449808 0.006111 
183 -25.076310 0.000000 0.001576 99.645891 -0.118020 5.089248 0.004478 
184 -25.076310 0.000000 18.480048 99.168553 -0.211121 5.503284 0.013527 
185 -10.917281 0.000000 4.621194 98.921107 -1.029293 3.398345 0.020201 
186 -15.636957 0.000000 4.621194 99.085843 -0.550087 4.097819 0.016490 
187 -10.917281 0.000000 0.001576 99.741737 -0.656944 3.279663 0.004040 
188 -10.917281 0.000000 9.240812 98.265140 -1.210361 3.961467 0.032680 
189 -3.837767 0.000000 2.311385 100.225169 -1.688579 1.862495 -0.005140 
190 -6.197605 0.000000 2.311385 99.618609 -1.436176 2.483626 0.006790 
191 -3.837767 0.000000 0.001576 100.879227 -1.129331 2.065984 -0.018216 
192 -3.837767 0.000000 4.621194 99.405154 -2.203819 1.979879 0.010984 
193 -0.298010 0.000000 1.156480 102.671067 -0.101057 2.378525 -0.054702 
194 -1.477929 0.000000 1.156480 102.053730 -0.287097 5.106870 -0.044113 
195 -0.298010 0.000000 0.001576 102.671067 -0.101057 2.378525 -0.054702 
196 -0.298010 0.000000 2.311385 102.250744 -0.259304 3.977473 -0.047110 
197 1.471868 0.000000 0.579028 103.288574 0.382341 1.738262 -0.067170 
198 0.881909 0.000000 0.579028 103.030964 0.171505 2.394466 -0.062114 
199 1.471868 0.000000 0.001576 103.324952 0.379207 1.526086 -0.067852 
200 1.471868 0.000000 1.156480 103.164912 0.276617 2.233488 -0.064806 
201 2.651788 0.000000 -0.575877 103.265677 0.681182 -1.546207 -0.066665 
202 2.061828 0.000000 -0.575877 103.265677 0.681182 -1.546207 -0.066665 
203 2.651788 0.000000 -1.153329 103.265677 0.681182 -1.546207 -0.066665 
204 2.356808 0.000000 0.290302 103.301416 0.688150 -1.316878 -0.067339 
205 2.061828 0.000000 0.290302 103.320032 0.673954 -1.210920 -0.067695 
206 2.356808 0.000000 0.001576 103.342805 0.705758 -1.049633 -0.068134 
207 2.651788 0.000000 0.290302 103.342805 0.705758 -1.049633 -0.068134 
208 2.356808 0.000000 0.579028 103.265677 0.681182 -1.546207 -0.066665 
209 -110.030480 0.000000 -36.955368 99.851725 0.006064 5.771046 -0.000367 
210 -147.787889 0.000000 -36.955368 99.840136 0.001888 5.785810 -0.000153 
211 -110.030480 0.000000 -73.912312 99.864953 0.006200 5.789985 -0.000653 
212 -53.394366 0.000000 -18.476896 99.892314 0.016028 5.647409 -0.001037 
213 -72.273071 0.000000 -18.476896 99.857383 0.010359 5.710123 -0.000410 
214 -53.394366 0.000000 -36.955368 99.945360 0.022925 5.714421 -0.002173 
215 -25.076310 0.000000 -9.237660 99.975336 -0.010035 5.219807 -0.002231 
216 -34.515662 0.000000 -9.237660 99.885194 0.001624 5.426018 -0.000649 
217 -25.076310 0.000000 -18.476896 100.160919 0.052382 5.420914 -0.006160 
218 -10.917281 0.000000 -4.618042 100.482648 -0.254421 3.497875 -0.010906 
219 -15.636957 0.000000 -4.618042 100.091358 -0.164433 4.094685 -0.003507 
220 -10.917281 0.000000 -9.237660 100.899838 0.049582 4.017596 -0.019692 
221 -3.837767 0.000000 -2.308233 101.376734 -0.614806 2.347340 -0.028313 
222 -6.197605 0.000000 -2.308233 100.749941 -0.677106 2.714018 -0.015837 
223 -3.837767 0.000000 -4.618042 101.732369 -0.225304 2.773680 -0.035722 
224 -0.298010 0.000000 -1.153329 102.671067 -0.101057 2.378525 -0.054702 
225 -1.477929 0.000000 -1.153329 102.053730 -0.287097 5.106870 -0.044113 
226 -0.298010 0.000000 -2.308233 102.250744 -0.259304 3.977473 -0.047110 
227 1.471868 0.000000 -0.575877 103.288574 0.382341 1.738262 -0.067170 
228 0.881909 0.000000 -0.575877 103.030964 0.171505 2.394466 -0.062114 
229 1.471868 0.000000 -1.153329 103.164912 0.276617 2.233488 -0.064806 
230 0.291949 0.000000 -0.575877 102.791490 -0.021370 2.277731 -0.057128 
231 -0.298010 0.000000 -0.575877 102.671067 -0.101057 2.378525 -0.054702 
232 0.291949 0.000000 -1.153329 102.791490 -0.021370 2.277731 -0.057128 
233 0.291949 0.000000 0.001576 102.908549 0.018273 1.817309 -0.059347 
234 0.291949 0.000000 0.579028 102.908324 0.071004 2.342253 -0.059561 
235 -0.298010 0.000000 0.579028 102.671067 -0.101057 2.378525 -0.054702 
236 0.291949 0.000000 1.156480 102.791490 -0.021370 2.277731 -0.057128 
237 0.586929 0.000000 -0.287150 102.908324 0.071004 2.342253 -0.059561 
238 0.291949 0.000000 -0.287150 102.908324 0.071004 2.342253 -0.059561 
239 0.586929 0.000000 -0.575877 102.908324 0.071004 2.342253 -0.059561 
240 0.881909 0.000000 -0.287150 103.049066 0.159241 2.144305 -0.062373 
241 0.586929 0.000000 0.001576 102.930070 0.034482 1.861859 -0.059807 
242 -2.657848 0.000000 -1.153329 101.461034 -0.775053 2.117679 -0.029943 
243 -3.837767 0.000000 -1.153329 101.133027 -0.860561 2.197797 -0.023346 
244 -2.657848 0.000000 -2.308233 101.671353 -0.494767 2.239586 -0.034232 
245 -2.657848 0.000000 0.001576 101.303367 -1.094108 1.981723 -0.026750 
246 -0.887970 0.000000 -0.575877 102.543875 -0.166757 2.697322 -0.052255 
247 -1.477929 0.000000 -0.575877 102.250744 -0.259304 3.977473 -0.047110 
248 -0.887970 0.000000 -1.153329 102.406644 -0.220332 3.222205 -0.049755 
249 -0.887970 0.000000 0.001576 102.543875 -0.166757 2.697322 -0.052255 
250 -0.003030 0.000000 -0.287150 102.791490 -0.021370 2.277731 -0.057128 
251 -0.298010 0.000000 -0.287150 102.671067 -0.101057 2.378525 -0.054702 
252 -0.003030 0.000000 -0.575877 102.791490 -0.021370 2.277731 -0.057128 
253 -0.003030 0.000000 0.001576 102.603697 -0.073492 3.077680 -0.053700 
254 0.586929 0.000000 0.290302 102.908324 0.071004 2.342253 -0.059561 
255 0.291949 0.000000 0.290302 102.908324 0.071004 2.342253 -0.059561 
256 0.881909 0.000000 0.290302 103.049066 0.159241 2.144305 -0.062373 
257 0.586929 0.000000 0.579028 102.908324 0.071004 2.342253 -0.059561 
258 0.439439 0.000000 -0.142787 102.930070 0.034482 1.861859 -0.059807 
259 0.291949 0.000000 -0.142787 102.912432 0.044461 2.076647 -0.059528 
260 0.439439 0.000000 -0.287150 102.908324 0.071004 2.342253 -0.059561 
261 0.586929 0.000000 -0.142787 102.927939 0.057705 2.083793 -0.059851 
262 0.439439 0.000000 0.001576 102.930070 0.034482 1.861859 -0.059807 
263 -2.657848 0.000000 1.156480 101.093346 -1.434370 1.771735 -0.022506 
264 -3.837767 0.000000 1.156480 100.585464 -1.409839 1.945158 -0.012321 
265 -2.657848 0.000000 2.311385 100.730095 -1.774747 1.575757 -0.015218 
266 -0.887970 0.000000 0.579028 102.543875 -0.166757 2.697322 -0.052255 
267 -1.477929 0.000000 0.579028 102.250744 -0.259304 3.977473 -0.047110 
268 -0.887970 0.000000 1.156480 102.406644 -0.220332 3.222205 -0.049755 
269 -0.003030 0.000000 0.290302 102.791490 -0.021370 2.277731 -0.057128 
270 -0.298010 0.000000 0.290302 102.671067 -0.101057 2.378525 -0.054702 
271 -0.003030 0.000000 0.579028 102.791490 -0.021370 2.277731 -0.057128 
272 0.144460 0.000000 0.145939 102.791490 -0.021370 2.277731 -0.057128 
273 -0.003030 0.000000 0.145939 102.791490 -0.021370 2.277731 -0.057128 
274 0.144460 0.000000 0.001576 102.799671 -0.070381 1.456699 -0.056990 
275 0.291949 0.000000 0.145939 102.912432 0.044461 2.076647 -0.059528 
276 0.144460 0.000000 0.290302 102.791490 -0.021370 2.277731 -0.057128 
277 -0.592990 0.000000 0.290302 102.671067 -0.101057 2.378525 -0.054702 
278 -0.887970 0.000000 0.290302 102.543875 -0.166757 2.697322 -0.052255 
279 -0.592990 0.000000 0.001576 102.671067 -0.101057 2.378525 -0.054702 
280 -0.592990 0.000000 0.579028 102.671067 -0.101057 2.378525 -0.054702 
281 -0.150520 0.000000 0.145939 102.791490 -0.021370 2.277731 -0.057128 
282 -0.298010 0.000000 0.145939 102.671067 -0.101057 2.378525 -0.054702 
283 -0.150520 0.000000 0.001576 102.791490 -0.021370 2.277731 -0.057128 
284 -0.150520 0.000000 0.290302 102.791490 -0.021370 2.277731 -0.057128 
285 0.144460 0.000000 -0.142787 102.791490 -0.021370 2.277731 -0.057128 
286 -0.003030 0.000000 -0.142787 102.791490 -0.021370 2.277731 -0.057128 
287 0.144460 0.000000 -0.287150 102.791490 -0.021370 2.277731 -0.057128 
288 0.070715 0.000000 0.073757 102.793054 -0.050439 1.705909 -0.056932 
289 -0.003030 0.000000 0.073757 102.791490 -0.021370 2.277731 -0.057128 
290 0.070715 0.000000 0.001576 102.799671 -0.070381 1.456699 -0.056990 
291 0.144460 0.000000 0.073757 102.799671 -0.070381 1.456699 -0.056990 
292 0.070715 0.000000 0.145939 102.791490 -0.021370 2.277731 -0.057128 
293 3.536727 0.000000 -0.287150 103.611199 0.907839 -3.536478 -0.074861 
294 3.241747 0.000000 -0.287150 103.336421 0.720401 -1.317627 -0.068067 
295 3.536727 0.000000 -0.575877 103.669660 1.003941 -3.763900 -0.076257 
296 116.513974 0.000000 36.958519 99.654111 -3.087739 8.260917 -0.000872 
297 154.271383 0.000000 36.958519 99.674552 -3.807377 8.250984 -0.001759 
298 116.513974 0.000000 73.915463 99.740611 -0.210072 6.574828 0.000854 
299 59.877860 0.000000 18.480048 99.971634 -10.128288 0.603441 -0.009727 
300 78.756565 0.000000 18.480048 100.180628 -10.023607 -1.399575 -0.013859 
301 59.877860 0.000000 36.958519 99.488818 -2.247128 8.153182 0.003045 
302 31.559804 0.000000 9.240812 100.116382 0.839549 -10.129340 -0.012660 
303 40.999156 0.000000 9.240812 100.490599 1.861085 -10.835367 -0.021923 
304 31.559804 0.000000 18.480048 99.215997 -9.310237 3.225103 0.005910 
305 17.400775 0.000000 4.621194 101.552090 9.231518 -6.270427 -0.043737 
306 22.120451 0.000000 4.621194 100.431433 9.316390 -6.608795 -0.021694 
307 17.400775 0.000000 9.240812 100.619740 -0.087124 -8.155617 -0.019085 
308 10.321261 0.000000 2.311385 105.134498 7.104216 -4.968928 -0.112842 
309 12.681099 0.000000 2.311385 103.998699 8.927780 -4.780663 -0.091829 
310 10.321261 0.000000 4.621194 104.902092 5.040500 -6.380739 -0.107057 
311 6.781504 0.000000 1.156480 106.061156 3.441807 -4.954523 -0.128536 
312 7.961423 0.000000 1.156480 105.786589 4.806271 -4.627871 -0.123532 
313 6.781504 0.000000 2.311385 106.162149 3.083701 -4.950225 -0.130442 
314 5.011626 0.000000 0.579028 103.860287 1.463421 -5.470939 -0.081903 
315 5.601585 0.000000 0.579028 103.861267 1.698144 -8.026975 -0.085448 
316 5.011626 0.000000 1.156480 103.875347 1.584462 -6.462699 -0.083436 
317 4.126686 0.000000 0.290302 103.781097 1.222090 -4.407255 -0.079143 
318 4.421666 0.000000 0.290302 103.827079 1.340689 -4.846730 -0.080535 
319 4.126686 0.000000 0.579028 103.781097 1.222090 -4.407255 -0.079143 
320 3.979196 0.000000 -0.142787 103.727010 1.108675 -4.056971 -0.077698 
321 3.831707 0.000000 -0.142787 103.811146 1.164973 -4.301783 -0.079662 
322 3.979196 0.000000 -0.287150 103.727010 1.108675 -4.056971 -0.077698 
323 4.126686 0.000000 -0.142787 103.781097 1.222090 -4.407255 -0.079143 
324 3.979196 0.000000 0.001576 103.658572 1.243199 -5.907609 -0.078154 
325 4.716646 0.000000 -0.287150 103.860287 1.463421 -5.470939 -0.081903 
326 4.716646 0.000000 -0.575877 103.860287 1.463421 -5.470939 -0.081903 
327 5.011626 0.000000 -0.287150 103.860287 1.463421 -5.470939 -0.081903 
328 4.716646 0.000000 0.001576 103.827079 1.340689 -4.846730 -0.080535 
329 4.274176 0.000000 -0.142787 103.781097 1.222090 -4.407255 -0.079143 
330 4.274176 0.000000 -0.287150 103.781097 1.222090 -4.407255 -0.079143 
331 4.421666 0.000000 -0.142787 103.827079 1.340689 -4.846730 -0.080535 
332 4.274176 0.000000 0.001576 103.781097 1.222090 -4.407255 -0.079143 
333 3.979196 0.000000 0.145939 103.739049 1.174597 -4.850868 -0.078670 
334 3.831707 0.000000 0.145939 103.815787 1.221494 -5.015779 -0.080437 
335 4.126686 0.000000 0.145939 103.781097 1.222090 -4.407255 -0.079143 
336 3.979196 0.000000 0.290302 103.727010 1.108675 -4.056971 -0.077698 
337 4.052941 0.000000 -0.070606 103.697941 1.348922 -6.353732 -0.079545 
338 3.979196 0.000000 -0.070606 103.658572 1.243199 -5.907609 -0.078154 
339 4.052941 0.000000 -0.142787 103.781097 1.222090 -4.407255 -0.079143 
340 4.126686 0.000000 -0.070606 103.469775 1.368974 -7.166277 -0.075922 
341 4.052941 0.000000 0.001576 103.697941 1.348922 -6.353732 -0.079545 
342 26.840128 0.000000 4.621194 100.183302 9.101417 -6.751004 -0.016511 
343 26.840128 0.000000 0.001576 100.304979 11.092331 -1.171172 -0.018550 
344 31.559804 0.000000 4.621194 100.199193 8.977905 -6.795470 -0.016666 
345 26.840128 0.000000 9.240812 99.954721 0.517401 -9.731399 -0.008591 
346 19.760613 0.000000 2.311385 100.990598 10.185177 -3.704738 -0.031656 
347 17.400775 0.000000 2.311385 101.677335 10.260474 -3.521686 -0.045596 
348 19.760613 0.000000 0.001576 101.093221 13.554105 -0.912676 -0.040439 
349 22.120451 0.000000 2.311385 100.555220 9.976365 -3.757843 -0.022500 
350 19.760613 0.000000 4.621194 100.863119 9.345294 -6.520939 -0.030323 
351 15.040937 0.000000 2.311385 102.586431 9.928620 -3.591434 -0.063545 
352 15.040937 0.000000 0.001576 102.807352 17.233440 -2.815599 -0.087427 
353 15.040937 0.000000 4.621194 102.444175 8.623896 -6.125592 -0.060670 
354 26.840128 0.000000 -4.618042 100.423508 6.941993 4.060550 -0.014956 
355 26.840128 0.000000 -9.237660 100.582047 4.236668 6.845430 -0.018156 
356 31.559804 0.000000 -4.618042 100.198510 6.597757 3.936936 -0.009877 
357 19.760613 0.000000 -2.308233 101.173019 9.389772 1.901813 -0.032776 
358 17.400775 0.000000 -2.308233 101.766540 9.439945 2.041605 -0.044971 
359 19.760613 0.000000 -4.618042 101.270055 7.473341 4.297923 -0.032995 
360 22.120451 0.000000 -2.308233 100.754110 9.191312 1.885086 -0.023942 
361 18.580694 0.000000 1.156480 101.341503 9.279516 -2.221283 -0.036114 
362 17.400775 0.000000 1.156480 101.700892 9.361604 -2.207353 -0.043558 
363 18.580694 0.000000 0.001576 101.415663 14.425056 -0.727750 -0.049375 
364 19.760613 0.000000 1.156480 101.042954 9.103520 -2.365825 -0.029815 
365 18.580694 0.000000 2.311385 101.297754 10.266072 -3.582505 -0.037946 
366 15.040937 0.000000 -2.308233 102.541138 9.318735 1.920131 -0.060521 
367 15.040937 0.000000 -4.618042 102.550161 7.330963 4.416367 -0.058978 
368 16.220856 0.000000 1.156480 102.084678 9.356103 -2.267420 -0.051396 
369 15.040937 0.000000 1.156480 102.581072 9.226892 -2.370820 -0.061363 
370 16.220856 0.000000 0.001576 102.216451 16.099266 -1.448644 -0.070949 
371 16.220856 0.000000 2.311385 102.075243 10.165346 -3.533319 -0.053517 
372 18.580694 0.000000 -1.153329 101.419487 10.493025 0.561009 -0.039633 
373 17.400775 0.000000 -1.153329 101.764377 10.528000 0.563459 -0.046714 
374 18.580694 0.000000 -2.308233 101.440155 9.428999 2.004021 -0.038303 
375 19.760613 0.000000 -1.153329 101.137500 10.424215 0.428043 -0.033764 
376 17.990735 0.000000 0.579028 101.502749 6.767905 -1.508221 -0.035089 
377 17.400775 0.000000 0.579028 101.692610 6.976918 -1.574952 -0.039254 
378 17.990735 0.000000 0.001576 101.599501 14.824090 -0.795371 -0.054284 
379 18.580694 0.000000 0.579028 101.326548 6.471943 -1.431409 -0.031100 
380 17.990735 0.000000 1.156480 101.515433 9.328998 -2.212353 -0.039731 
381 16.220856 0.000000 -1.153329 102.117805 10.525898 0.512541 -0.053910 
382 15.040937 0.000000 -1.153329 102.581439 10.424728 0.391738 -0.063178 
383 16.220856 0.000000 -2.308233 102.153716 9.404157 2.005740 -0.052784 
384 16.810816 0.000000 0.579028 101.843881 7.163648 -1.654810 -0.042623 
385 16.220856 0.000000 0.579028 102.063311 7.297231 -1.744219 -0.047321 
386 16.810816 0.000000 0.001576 101.976009 15.630188 -1.124826 -0.064467 
387 16.810816 0.000000 1.156480 101.861124 9.377014 -2.233392 -0.046861 
388 17.990735 0.000000 -0.575877 101.576955 11.378505 -0.167750 -0.044738 
389 17.400775 0.000000 -0.575877 101.763348 11.413596 -0.177581 -0.048608 
390 17.990735 0.000000 -1.153329 101.583738 10.516925 0.566756 -0.043018 
391 18.580694 0.000000 -0.575877 101.413109 11.319720 -0.179058 -0.041279 
392 17.695755 0.000000 0.290302 101.285329 -16.992892 0.156932 -0.054750 
393 17.400775 0.000000 0.290302 101.488456 -12.116073 -1.732150 -0.044971 
394 17.695755 0.000000 0.001576 101.697903 15.012127 -0.856110 -0.056856 
395 17.990735 0.000000 0.290302 101.004676 -24.026833 4.282835 -0.079758 
396 17.695755 0.000000 0.579028 101.595804 6.878514 -1.550619 -0.037143 
397 16.810816 0.000000 -0.575877 101.966290 11.431712 -0.215963 -0.052786 
398 16.220856 0.000000 -0.575877 102.133809 11.448826 -0.262208 -0.056246 
399 16.810816 0.000000 -1.153329 101.923903 10.532540 0.548321 -0.049972 
400 17.105796 0.000000 0.290302 101.611241 -8.588438 -2.696951 -0.040588 
401 16.810816 0.000000 0.290302 101.749411 -5.948119 -3.215870 -0.039866 
402 17.105796 0.000000 0.001576 101.872829 15.416520 -0.997688 -0.061674 
403 17.105796 0.000000 0.579028 101.755592 7.076069 -1.606726 -0.040685 
404 17.695755 0.000000 -0.287150 101.644417 12.295974 -0.537937 -0.048307 
405 17.400775 0.000000 -0.287150 101.740573 12.335785 -0.542957 -0.050361 
406 17.695755 0.000000 -0.575877 101.638924 11.397224 -0.179221 -0.046040 
407 17.990735 0.000000 -0.287150 101.552713 12.251870 -0.518747 -0.046333 
408 17.548265 0.000000 0.145939 101.792999 22.504494 -0.997782 -0.086926 
409 17.400775 0.000000 0.145939 101.860722 23.133633 -1.214647 -0.091225 
410 17.548265 0.000000 0.001576 101.719266 15.106944 -0.892912 -0.057583 
411 17.695755 0.000000 0.145939 101.730733 21.925051 -0.805910 -0.083050 
412 17.548265 0.000000 0.290302 101.360947 -14.337587 -0.968496 -0.048055 
413 24.480290 0.000000 2.311385 100.352281 9.707524 -3.832818 -0.017951 
414 24.480290 0.000000 0.001576 100.446116 11.645560 -1.093600 -0.022624 
415 26.840128 0.000000 2.311385 100.238907 9.438587 -3.911406 -0.015222 
416 24.480290 0.000000 4.621194 100.263685 9.203798 -6.685033 -0.018221 
417 50.438508 0.000000 9.240812 100.626249 3.046096 -10.893340 -0.025359 
418 50.438508 0.000000 0.001576 100.161953 8.945834 -0.776929 -0.011305 
419 59.877860 0.000000 9.240812 100.692346 4.222384 -10.742720 -0.027218 
420 50.438508 0.000000 18.480048 99.817614 -10.019902 1.530235 -0.006630 
421 36.279480 0.000000 4.621194 100.312721 8.952562 -7.070461 -0.019278 
422 36.279480 0.000000 0.001576 100.170766 9.834436 -1.526573 -0.013323 
423 40.999156 0.000000 4.621194 100.367023 8.967463 -6.870155 -0.020115 
424 36.279480 0.000000 9.240812 100.376073 1.313750 -10.712760 -0.019185 
425 29.199966 0.000000 2.311385 100.205079 9.183125 -3.966927 -0.014112 
426 29.199966 0.000000 0.001576 100.237977 10.666421 -1.219540 -0.016291 
427 31.559804 0.000000 2.311385 100.184107 8.940114 -3.994517 -0.013274 
428 29.199966 0.000000 4.621194 100.180773 9.024855 -6.785431 -0.016368 
429 50.438508 0.000000 -9.237660 99.875491 3.520441 6.318645 -0.002743 
430 50.438508 0.000000 -18.476896 99.899625 1.632320 7.460402 -0.003826 
431 59.877860 0.000000 -9.237660 99.846133 3.325329 6.403334 -0.002131 
432 36.279480 0.000000 -4.618042 100.043060 6.309190 3.553001 -0.006104 
433 36.279480 0.000000 -9.237660 100.026500 3.883552 6.283629 -0.005987 
434 40.999156 0.000000 -4.618042 99.997879 6.072133 3.637160 -0.004968 
435 33.919642 0.000000 2.311385 100.193277 8.702502 -3.999733 -0.013042 
436 33.919642 0.000000 0.001576 100.168207 10.057288 -1.222386 -0.013631 
437 36.279480 0.000000 2.311385 100.236882 8.458888 -4.318180 -0.013763 
438 33.919642 0.000000 4.621194 100.222752 8.952769 -6.777832 -0.017069 
439 45.718832 0.000000 4.621194 100.400945 8.986816 -6.633953 -0.020512 
440 45.718832 0.000000 0.001576 100.164404 9.192982 -1.058422 -0.011854 
441 50.438508 0.000000 4.621194 100.422573 8.990244 -6.375140 -0.020616 
442 45.718832 0.000000 9.240812 100.570040 2.446902 -10.893249 -0.023898 
443 38.639318 0.000000 2.311385 100.256958 8.184349 -4.237508 -0.013640 
444 38.639318 0.000000 0.001576 100.166278 9.643966 -1.427431 -0.012833 
445 40.999156 0.000000 2.311385 100.267923 7.849166 -4.140040 -0.013241 
446 38.639318 0.000000 4.621194 100.345581 8.958344 -6.975642 -0.019815 
447 45.718832 0.000000 -4.618042 99.972796 5.864392 3.751480 -0.004302 
448 45.718832 0.000000 -9.237660 99.905184 3.628165 6.289826 -0.003377 
449 50.438508 0.000000 -4.618042 99.956345 5.675969 3.884532 -0.003858 
450 43.358994 0.000000 2.311385 100.277396 7.403010 -4.024413 -0.012656 
451 43.358994 0.000000 0.001576 100.164732 9.328933 -1.190510 -0.012142 
452 45.718832 0.000000 2.311385 100.284135 6.735006 -3.881914 -0.011734 
453 43.358994 0.000000 4.621194 100.385585 8.978020 -6.755622 -0.020351 
454 97.635269 0.000000 18.480048 100.340035 -9.468177 -3.533731 -0.017026 
455 97.635269 0.000000 0.001576 100.046239 6.865952 2.058909 -0.006063 
456 116.513974 0.000000 18.480048 100.481534 -8.393665 -5.693916 -0.019941 
457 97.635269 0.000000 36.958519 99.632145 -2.783401 8.238118 -0.000218 
458 69.317213 0.000000 9.240812 100.713107 5.321387 -10.438829 -0.028042 
459 69.317213 0.000000 0.001576 100.129245 8.074535 0.418163 -0.009124 
460 78.756565 0.000000 9.240812 100.710246 6.302262 -10.007516 -0.028242 
461 69.317213 0.000000 18.480048 100.086872 -10.128328 -0.377594 -0.012011 
462 55.158184 0.000000 4.621194 100.430482 8.956412 -6.100525 -0.020372 
463 55.158184 0.000000 0.001576 100.153428 8.709586 -0.479633 -0.010680 
464 59.877860 0.000000 4.621194 100.442553 8.898063 -5.818423 -0.020174 
465 55.158184 0.000000 9.240812 100.660230 3.634292 -10.840749 -0.026321 
466 48.078670 0.000000 2.311385 100.285745 5.546810 -3.677057 -0.010152 
467 48.078670 0.000000 0.001576 100.163549 9.066141 -0.920015 -0.011578 
468 50.438508 0.000000 2.311385 100.269208 2.640317 -3.187307 -0.007104 
469 48.078670 0.000000 4.621194 100.413185 8.991488 -6.506709 -0.020599 
470 97.635269 0.000000 -18.476896 99.774104 1.368666 7.278055 -0.000972 
471 97.635269 0.000000 -36.955368 99.827037 0.488204 6.751449 -0.001126 
472 116.513974 0.000000 -18.476896 99.765601 1.277026 7.238031 -0.000719 
473 69.317213 0.000000 -9.237660 99.823394 3.155752 6.501453 -0.001694 
474 69.317213 0.000000 -18.476896 99.813906 1.521765 7.359357 -0.001929 
475 78.756565 0.000000 -9.237660 99.808062 3.000469 6.600963 -0.001422 
476 55.158184 0.000000 -4.618042 99.941444 5.492617 4.030645 -0.003471 
477 55.158184 0.000000 -9.237660 99.853362 3.413501 6.359136 -0.002278 
478 59.877860 0.000000 -4.618042 99.938747 5.331980 4.180526 -0.003366 
479 52.798346 0.000000 2.311385 99.767388 -16.545839 5.609049 -0.025876 
480 52.798346 0.000000 0.001576 100.159564 8.830190 -0.630521 -0.011031 
481 55.158184 0.000000 2.311385 100.196664 21.069480 -1.658821 -0.048605 
482 52.798346 0.000000 4.621194 100.429446 8.981675 -6.240251 -0.020568 
483 64.597536 0.000000 4.621194 100.440349 8.787772 -5.534654 -0.019612 
484 64.597536 0.000000 0.001576 100.141881 8.284132 0.121602 -0.009704 
485 69.317213 0.000000 4.621194 100.434412 8.616933 -5.247133 -0.018886 
486 64.597536 0.000000 9.240812 100.706496 4.784799 -10.608733 -0.027724 
487 57.518022 0.000000 2.311385 100.283778 14.104884 -3.004483 -0.026481 
488 57.518022 0.000000 0.001576 100.150274 8.600726 -0.330430 -0.010416 
489 59.877860 0.000000 2.311385 100.300474 12.211477 -3.043863 -0.021857 
490 57.518022 0.000000 4.621194 100.434232 8.930898 -5.961884 -0.020234 
491 64.597536 0.000000 -4.618042 99.927593 5.174816 4.332031 -0.003107 
492 64.597536 0.000000 -9.237660 99.833476 3.238507 6.451626 -0.001883 
493 69.317213 0.000000 -4.618042 99.917265 5.023933 4.483264 -0.002880 
494 88.195917 0.000000 9.240812 100.692998 7.142767 -9.479161 -0.027995 
495 88.195917 0.000000 0.001576 100.074007 7.257908 1.541588 -0.006986 
496 97.635269 0.000000 9.240812 100.666780 7.829256 -8.881715 -0.027398 
497 88.195917 0.000000 18.480048 100.263423 -9.806697 -2.455379 -0.015495 
498 74.036889 0.000000 4.621194 100.425637 8.359009 -4.955036 -0.017973 
499 74.036889 0.000000 0.001576 100.115866 7.867058 0.709396 -0.008558 
500 78.756565 0.000000 4.621194 100.414460 7.949749 -4.654263 -0.016792 
501 74.036889 0.000000 9.240812 100.713929 5.828226 -10.237134 -0.028206 
502 66.957375 0.000000 2.311385 100.293254 10.408696 -2.673899 -0.017423 
503 64.597536 0.000000 2.311385 100.297654 10.773909 -2.820501 -0.018365 
504 66.957375 0.000000 0.001576 100.135679 8.179044 0.270443 -0.009412 
505 69.317213 0.000000 2.311385 100.287796 10.137875 -2.518137 -0.016676 
506 66.957375 0.000000 4.621194 100.437781 8.711110 -5.391359 -0.019270 
507 88.195917 0.000000 -9.237660 99.796687 2.856849 6.695652 -0.001237 
508 88.195917 0.000000 -18.476896 99.781908 1.417527 7.300811 -0.001174 
509 97.635269 0.000000 -9.237660 99.787760 2.723367 6.782638 -0.001102 
510 74.036889 0.000000 -4.618042 99.907507 4.878652 4.632534 -0.002677 
511 74.036889 0.000000 -9.237660 99.815087 3.076527 6.551528 -0.001544 
512 78.756565 0.000000 -4.618042 99.898201 4.738558 4.778680 -0.002494 
513 71.677051 0.000000 2.311385 100.281531 9.923831 -2.356308 -0.016042 
514 71.677051 0.000000 0.001576 100.122626 7.970547 0.564538 -0.008839 
515 74.036889 0.000000 2.311385 100.274622 9.746037 -2.190132 -0.015478 
516 71.677051 0.000000 4.621194 100.430341 8.501484 -5.101806 -0.018456 
517 83.476241 0.000000 4.621194 100.400504 7.192510 -4.329942 -0.015074 
518 83.476241 0.000000 0.001576 100.088051 7.458466 1.271577 -0.007486 
519 88.195917 0.000000 4.621194 100.378016 5.129870 -3.877269 -0.011709 
520 83.476241 0.000000 9.240812 100.703022 6.741077 -9.753672 -0.028167 
521 76.396727 0.000000 2.311385 100.267189 9.592296 -2.020766 -0.014960 
522 76.396727 0.000000 0.001576 100.108999 7.764077 0.852608 -0.008282 
523 78.756565 0.000000 2.311385 100.259331 9.454898 -1.849113 -0.014475 
524 76.396727 0.000000 4.621194 100.420342 8.180288 -4.806216 -0.017426 
525 83.476241 0.000000 -4.618042 99.889294 4.603375 4.920893 -0.002328 
526 83.476241 0.000000 -9.237660 99.802000 2.927311 6.649144 -0.001322 
527 88.195917 0.000000 -4.618042 99.880760 4.472904 5.058616 -0.002176 
528 81.116403 0.000000 2.311385 100.251131 9.328740 -1.675932 -0.014012 
529 81.116403 0.000000 0.001576 100.095068 7.559743 1.133753 -0.007746 
530 83.476241 0.000000 2.311385 100.242662 9.210341 -1.501898 -0.013568 
531 81.116403 0.000000 4.621194 100.407923 7.639208 -4.497074 -0.016033 
532 135.392678 0.000000 18.480048 100.607447 -6.765783 -7.720633 -0.022724 
533 135.392678 0.000000 0.001576 99.946327 5.453943 3.833384 -0.003371 
534 154.271383 0.000000 18.480048 100.710997 -4.622928 -9.424506 -0.025290 
535 135.392678 0.000000 36.958519 99.666300 -3.427524 8.267741 -0.001347 
536 107.074622 0.000000 9.240812 100.635105 8.354057 -8.240900 -0.026513 
537 107.074622 0.000000 0.001576 100.019336 6.488126 2.546283 -0.005245 
538 116.513974 0.000000 9.240812 100.600431 8.713533 -7.579682 -0.025382 
539 107.074622 0.000000 18.480048 100.412540 -8.999297 -4.619468 -0.018501 
540 92.915593 0.000000 4.621194 97.915690 -31.322777 38.452016 -0.204716 
541 92.915593 0.000000 0.001576 100.060042 7.060297 1.804026 -0.006511 
542 97.635269 0.000000 4.621194 100.344264 13.568089 -3.202702 -0.026332 
543 92.915593 0.000000 9.240812 100.680759 7.505861 -9.187411 -0.027736 
544 85.836079 0.000000 2.311385 100.233987 9.097271 -1.327608 -0.013138 
545 85.836079 0.000000 0.001576 100.081025 7.357840 1.407527 -0.007233 
546 88.195917 0.000000 2.311385 100.225163 8.987822 -1.153600 -0.012719 
547 85.836079 0.000000 4.621194 100.391487 6.480637 -4.139875 -0.013759 
548 135.392678 0.000000 -18.476896 99.761930 1.192956 7.200930 -0.000572 
549 135.392678 0.000000 -36.955368 99.802394 0.445321 6.673108 -0.000525 
550 154.271383 0.000000 -18.476896 99.760611 1.115811 7.164480 -0.000475 
551 107.074622 0.000000 -9.237660 99.780527 2.598945 6.860756 -0.000998 
552 107.074622 0.000000 -18.476896 99.768989 1.321859 7.257428 -0.000827 
553 116.513974 0.000000 -9.237660 99.774568 2.482717 6.929744 -0.000915 
554 92.915593 0.000000 -4.618042 99.872587 4.346989 5.191475 -0.002038 
555 92.915593 0.000000 -9.237660 99.791975 2.788915 6.740209 -0.001165 
556 97.635269 0.000000 -4.618042 99.864767 4.225493 5.319227 -0.001912 
557 90.555755 0.000000 2.311385 100.216237 8.880789 -0.980343 -0.012312 
558 90.555755 0.000000 0.001576 100.067009 7.158713 1.673754 -0.006745 
559 92.915593 0.000000 2.311385 100.207251 8.775329 -0.808243 -0.011915 
560 90.555755 0.000000 4.621194 100.339344 1.437464 -3.185411 -0.008020 
561 102.354945 0.000000 4.621194 100.338226 11.175446 -3.064931 -0.020204 
562 102.354945 0.000000 0.001576 100.032655 6.675151 2.306303 -0.005641 
563 107.074622 0.000000 4.621194 100.321964 10.343853 -2.757984 -0.017910 
564 102.354945 0.000000 9.240812 100.651452 8.112165 -8.565220 -0.026989 
565 116.513974 0.000000 110.872407 99.771040 0.034844 6.115903 0.000833 
566 78.756565 0.000000 110.872407 99.743594 -0.032933 6.094587 0.001407 
567 154.271383 0.000000 110.872407 99.787631 -0.017339 6.126733 0.000489 
568 116.513974 0.000000 147.829350 99.787537 0.007498 5.967690 0.000683 
569 97.635269 0.000000 55.436991 99.686014 -0.615628 7.148327 0.001122 
570 78.756565 0.000000 55.436991 99.646489 -0.565953 7.098010 0.001988 
571 116.513974 0.000000 55.436991 99.707522 -0.666875 7.195756 0.000619 
572 97.635269 0.000000 73.915463 99.720877 -0.196623 6.549700 0.001281 
573 88.195917 0.000000 27.719283 99.667337 -6.345090 7.499434 -0.003008 
574 78.756565 0.000000 27.719283 99.630528 -6.029983 7.684735 -0.002166 
575 97.635269 0.000000 27.719283 99.697105 -6.668376 7.286653 -0.003708 
576 88.195917 0.000000 36.958519 99.613953 -2.642636 8.222407 0.000247 
577 92.915593 0.000000 13.860430 100.749242 -2.224344 -10.520249 -0.026603 
578 88.195917 0.000000 13.860430 100.727754 -2.878795 -10.259241 -0.025962 
579 97.635269 0.000000 13.860430 100.767182 -1.557775 -10.741001 -0.027182 
580 92.915593 0.000000 18.480048 100.302327 -9.653224 -2.992596 -0.016270 
581 95.275431 0.000000 6.931003 100.516315 8.927399 -6.253721 -0.022234 
582 92.915593 0.000000 6.931003 100.523863 8.937274 -6.411846 -0.022603 
583 95.275431 0.000000 4.621194 100.302293 18.531999 -2.502065 -0.041025 
584 97.635269 0.000000 6.931003 100.508648 8.905831 -6.096468 -0.021847 
585 95.275431 0.000000 9.240812 100.673961 7.672576 -9.036106 -0.027577 
586 107.074622 0.000000 27.719283 99.723266 -6.999342 7.042614 -0.004332 
587 116.513974 0.000000 27.719283 99.747970 -7.336517 6.763272 -0.004922 
588 107.074622 0.000000 36.958519 99.644911 -2.931475 8.251122 -0.000578 
589 102.354945 0.000000 13.860430 100.781788 -0.883080 -10.920590 -0.027701 
590 107.074622 0.000000 13.860430 100.793229 -0.204367 -11.058477 -0.028161 
591 102.354945 0.000000 18.480048 100.376738 -9.250503 -4.076767 -0.017768 
592 99.995107 0.000000 6.931003 100.500883 8.871984 -5.940095 -0.021442 
593 99.995107 0.000000 4.621194 100.344154 11.975083 -3.182864 -0.022248 
594 102.354945 0.000000 6.931003 100.493035 8.825026 -5.784553 -0.021019 
595 99.995107 0.000000 9.240812 100.659263 7.975810 -8.724627 -0.027202 
596 125.953326 0.000000 9.240812 100.564526 8.905591 -6.917208 -0.024038 
597 125.953326 0.000000 0.001576 99.969236 5.781164 3.433229 -0.003906 
598 135.392678 0.000000 9.240812 100.528567 8.925125 -6.266961 -0.022493 
599 125.953326 0.000000 18.480048 100.546757 -7.648522 -6.735498 -0.021352 
600 111.794298 0.000000 4.621194 100.303574 9.883762 -2.419545 -0.016435 
601 111.794298 0.000000 0.001576 100.006312 6.305071 2.778918 -0.004874 
602 116.513974 0.000000 4.621194 100.284195 9.563355 -2.068099 -0.015265 
603 111.794298 0.000000 9.240812 100.618018 8.554590 -7.911538 -0.025976 
604 104.714783 0.000000 6.931003 100.485112 8.763759 -5.629734 -0.020576 
605 104.714783 0.000000 4.621194 100.330507 10.684142 -2.917833 -0.018888 
606 107.074622 0.000000 6.931003 100.477117 8.686437 -5.475458 -0.020109 
607 104.714783 0.000000 9.240812 100.643387 8.238263 -8.403859 -0.026759 
608 111.794298 0.000000 13.860430 100.801648 0.474189 -11.154514 -0.028562 
609 116.513974 0.000000 13.860430 100.807176 1.148398 -11.208955 -0.028905 
610 111.794298 0.000000 18.480048 100.447477 -8.713845 -5.159393 -0.019225 
611 109.434460 0.000000 6.931003 100.469046 8.590458 -5.321464 -0.019614 
612 109.434460 0.000000 4.621194 100.312934 10.088080 -2.591043 -0.017117 
613 111.794298 0.000000 6.931003 100.460887 8.471869 -5.167383 -0.019086 
614 109.434460 0.000000 9.240812 100.626638 8.459509 -8.076684 -0.026252 
615 125.953326 0.000000 -9.237660 99.769616 2.373945 6.989818 -0.000847 
616 125.953326 0.000000 -18.476896 99.763366 1.234085 7.219310 -0.000637 
617 135.392678 0.000000 -9.237660 99.765493 2.271978 7.041446 -0.000790 
618 121.233650 0.000000 4.621194 100.264294 9.305308 -1.710891 -0.014244 
619 121.233650 0.000000 0.001576 99.981245 5.951473 3.222357 -0.004205 
620 125.953326 0.000000 4.621194 100.244197 9.076623 -1.352894 -0.013311 
621 121.233650 0.000000 9.240812 100.582545 8.830658 -7.247598 -0.024736 
622 114.154136 0.000000 6.931003 100.452620 8.324469 -5.012687 -0.018515 
623 114.154136 0.000000 4.621194 100.293974 9.712535 -2.244909 -0.015825 
624 116.513974 0.000000 6.931003 100.444204 8.138162 -4.856575 -0.017885 
625 114.154136 0.000000 9.240812 100.609274 8.639274 -7.745773 -0.025686 
626 135.392678 0.000000 55.436991 99.719022 -0.722058 7.244806 0.000311 
627 154.271383 0.000000 55.436991 99.724835 -0.782455 7.296796 0.000110 
628 135.392678 0.000000 73.915463 99.753041 -0.223676 6.598165 0.000574 
629 125.953326 0.000000 27.719283 99.772632 -7.677628 6.444441 -0.005505 
630 135.392678 0.000000 27.719283 99.798244 -8.019612 6.081866 -0.006099 
631 125.953326 0.000000 36.958519 99.660966 -3.252890 8.266755 -0.001123 
632 121.233650 0.000000 13.860430 100.809942 1.814112 -11.222457 -0.029188 
633 125.953326 0.000000 13.860430 100.810078 2.467275 -11.196071 -0.029411 
634 121.233650 0.000000 18.480048 100.514655 -8.038533 -6.220255 -0.020651 
635 118.873812 0.000000 6.931003 100.435569 7.895629 -4.697724 -0.017171 
636 118.873812 0.000000 4.621194 100.274288 9.429176 -1.889876 -0.014741 
637 121.233650 0.000000 6.931003 100.426576 7.564954 -4.533617 -0.016328 
638 118.873812 0.000000 9.240812 100.591514 8.777341 -7.413539 -0.025065 
639 144.832030 0.000000 9.240812 100.493087 8.751416 -5.633832 -0.020719 
640 144.832030 0.000000 0.001576 99.924946 5.144912 4.204904 -0.002915 
641 154.271383 0.000000 9.240812 100.457761 8.293128 -5.009542 -0.018563 
642 144.832030 0.000000 18.480048 100.662572 -5.752826 -8.624908 -0.024044 
643 130.673002 0.000000 4.621194 100.224161 8.861512 -0.998055 -0.012440 
644 130.673002 0.000000 0.001576 99.957593 5.615300 3.636898 -0.003628 
645 135.392678 0.000000 4.621194 100.204387 8.652218 -0.649419 -0.011620 
646 130.673002 0.000000 9.240812 100.546503 8.937587 -6.590008 -0.023291 
647 123.593488 0.000000 6.931003 100.416896 7.081005 -4.358554 -0.015269 
648 123.593488 0.000000 4.621194 100.254252 9.188538 -1.531723 -0.013769 
649 125.953326 0.000000 6.931003 100.405580 6.288598 -4.156117 -0.013810 
650 123.593488 0.000000 9.240812 100.573543 8.873433 -7.082087 -0.024393 
651 144.832030 0.000000 -9.237660 99.762067 2.176234 7.085219 -0.000741 
652 144.832030 0.000000 -18.476896 99.761063 1.153558 7.182691 -0.000519 
653 154.271383 0.000000 -9.237660 99.759237 2.086192 7.121778 -0.000698 
654 140.112354 0.000000 4.621194 100.185017 8.445117 -0.309135 -0.010845 
655 140.112354 0.000000 0.001576 99.935443 5.297138 4.022710 -0.003133 
656 144.832030 0.000000 4.621194 100.166144 8.238781 0.021456 -0.010113 
657 140.112354 0.000000 9.240812 100.510764 8.865145 -5.948389 -0.021639 
658 130.673002 0.000000 13.860430 100.807723 3.103979 -11.131224 -0.029574 
659 135.392678 0.000000 13.860430 100.803023 3.720515 -11.029687 -0.029675 
660 130.673002 0.000000 18.480048 100.577729 -7.224026 -7.236644 -0.022044 
661 133.032840 0.000000 6.931003 97.723532 49.273920 41.913499 -0.373455 
662 130.673002 0.000000 6.931003 100.330757 -0.188539 -2.857139 -0.007446 
663 133.032840 0.000000 4.621194 100.214231 8.756433 -0.822807 -0.012024 
664 135.392678 0.000000 6.931003 100.332407 16.879385 -2.873331 -0.035976 
665 133.032840 0.000000 9.240812 100.537520 8.937055 -6.427929 -0.022898 
666 144.832030 0.000000 27.719283 99.825533 -8.358571 5.671295 -0.006717 
667 154.271383 0.000000 27.719283 99.855061 -8.689696 5.208573 -0.007367 
668 144.832030 0.000000 36.958519 99.670689 -3.612185 8.262859 -0.001557 
669 140.112354 0.000000 13.860430 100.796135 4.313409 -10.893544 -0.029714 
670 144.832030 0.000000 13.860430 100.787226 4.879467 -10.725152 -0.029690 
671 140.112354 0.000000 18.480048 100.635775 -6.274893 -8.184398 -0.023392 
672 137.752516 0.000000 6.931003 100.355084 13.143992 -3.257301 -0.025452 
673 137.752516 0.000000 4.621194 100.194645 8.548519 -0.478132 -0.011227 
674 140.112354 0.000000 6.931003 100.352206 11.782646 -3.202943 -0.021965 
675 137.752516 0.000000 9.240812 100.519648 8.901361 -6.107125 -0.022073 
676 149.551707 0.000000 4.621194 100.147819 8.032932 0.341672 -0.009423 
677 149.551707 0.000000 0.001576 99.914839 4.997275 4.380009 -0.002713 
678 154.271383 0.000000 4.621194 100.130062 7.827844 0.651314 -0.008773 
679 149.551707 0.000000 9.240812 100.475471 8.570750 -5.321852 -0.019710 
680 142.472192 0.000000 6.931003 100.344991 11.064251 -3.074475 -0.020099 
681 142.472192 0.000000 4.621194 100.175515 8.341889 -0.142572 -0.010474 
682 144.832030 0.000000 6.931003 100.336355 10.610455 -2.921966 -0.018850 
683 142.472192 0.000000 9.240812 100.501912 8.815591 -5.790673 -0.021188 
684 149.551707 0.000000 13.860430 100.776468 5.415797 -10.527090 -0.029605 
685 154.271383 0.000000 13.860430 100.764041 5.919836 -10.302121 -0.029457 
686 149.551707 0.000000 18.480048 100.687692 -5.201430 -9.039214 -0.024677 
687 147.191868 0.000000 6.931003 100.327059 10.290381 -2.758428 -0.017902 
688 147.191868 0.000000 4.621194 100.156911 8.135787 0.182882 -0.009763 
689 149.551707 0.000000 6.931003 100.317379 10.046607 -2.588595 -0.017121 
690 147.191868 0.000000 9.240812 100.484278 8.670740 -5.477657 -0.020228 
691 151.911545 0.000000 6.931003 100.307446 9.849871 -2.414676 -0.016443 
692 151.911545 0.000000 4.621194 100.138869 7.930264 0.497813 -0.009093 
693 154.271383 0.000000 6.931003 100.297336 9.683634 -2.237958 -0.015834 
694 151.911545 0.000000 9.240812 100.466643 8.447143 -5.166008 -0.019159 
695 4.716646 0.000000 0.290302 103.860287 1.463421 -5.470939 -0.081903 
696 5.011626 0.000000 0.290302 103.860287 1.463421 -5.470939 -0.081903 
697 4.716646 0.000000 0.579028 103.860287 1.463421 -5.470939 -0.081903 
698 4.274176 0.000000 0.145939 103.781097 1.222090 -4.407255 -0.079143 
699 4.421666 0.000000 0.145939 103.827079 1.340689 -4.846730 -0.080535 
700 4.274176 0.000000 0.290302 103.781097 1.222090 -4.407255 -0.079143 
701 4.200431 0.000000 -0.070606 103.540404 1.305570 -6.127892 -0.075987 
702 4.200431 0.000000 -0.142787 103.781097 1.222090 -4.407255 -0.079143 
703 4.274176 0.000000 -0.070606 103.781097 1.222090 -4.407255 -0.079143 
704 4.200431 0.000000 0.001576 103.540404 1.305570 -6.127892 -0.075987 
705 4.200431 0.000000 0.073757 103.781097 1.222090 -4.407255 -0.079143 
706 4.126686 0.000000 0.073757 103.682166 1.298847 -5.696459 -0.078413 
707 4.274176 0.000000 0.073757 103.781097 1.222090 -4.407255 -0.079143 
708 4.200431 0.000000 0.145939 103.781097 1.222090 -4.407255 -0.079143 
709 4.163559 0.000000 -0.034515 103.469775 1.368974 -7.166277 -0.075922 
710 4.126686 0.000000 -0.034515 103.469775 1.368974 -7.166277 -0.075922 
711 4.163559 0.000000 -0.070606 103.540404 1.305570 -6.127892 -0.075987 
712 4.200431 0.000000 -0.034515 103.540404 1.305570 -6.127892 -0.075987 
713 4.163559 0.000000 0.001576 103.469775 1.368974 -7.166277 -0.075922 
714 40.999156 0.000000 -110.869255 99.915751 0.037320 5.961111 -0.001869 
715 3.241747 0.000000 -110.869255 99.930988 0.026907 5.902428 -0.002104 
716 40.999156 0.000000 -147.826199 99.883573 0.038495 5.892940 -0.001146 
717 78.756565 0.000000 -110.869255 99.885219 0.043523 5.991895 -0.001296 
718 22.120451 0.000000 -55.433840 100.141431 0.180015 6.272771 -0.006769 
719 3.241747 0.000000 -55.433840 100.186115 0.126501 6.075531 -0.007419 
720 22.120451 0.000000 -73.912312 100.026848 0.089157 6.081207 -0.004236 
721 40.999156 0.000000 -55.433840 100.036967 0.212607 6.382968 -0.004818 
722 12.681099 0.000000 -27.716132 101.203788 0.754250 6.894155 -0.029030 
723 3.241747 0.000000 -27.716132 101.304021 0.536846 6.248154 -0.030183 
724 12.681099 0.000000 -36.955368 100.500139 0.390434 6.515503 -0.014288 
725 22.120451 0.000000 -27.716132 100.546269 0.848937 7.150898 -0.016141 
726 7.961423 0.000000 -13.857278 103.050679 1.880818 6.636984 -0.066703 
727 3.241747 0.000000 -13.857278 103.002029 1.156936 5.667621 -0.064288 
728 7.961423 0.000000 -18.476896 102.290204 1.308560 6.700426 -0.050989 
729 12.681099 0.000000 -13.857278 102.537500 2.465175 7.335220 -0.057382 
730 5.601585 0.000000 -6.927851 103.496130 2.888941 3.909559 -0.073508 
731 3.241747 0.000000 -6.927851 103.149349 1.873251 3.703452 -0.065701 
732 5.601585 0.000000 -9.237660 104.063701 2.235522 5.277711 -0.086211 
733 7.961423 0.000000 -6.927851 103.528251 3.897295 4.303839 -0.075181 
734 4.421666 0.000000 -3.463138 103.156196 3.091505 0.925746 -0.065162 
735 3.241747 0.000000 -3.463138 102.695397 2.256697 1.385283 -0.055336 
736 4.421666 0.000000 -4.618042 103.378537 2.875664 2.145688 -0.070000 
737 5.601585 0.000000 -3.463138 103.674843 3.972448 0.719541 -0.076477 
738 3.831707 0.000000 -1.730781 103.827079 1.340689 -4.846730 -0.080535 
739 3.241747 0.000000 -1.730781 103.727010 1.108675 -4.056971 -0.077698 
740 3.831707 0.000000 -2.308233 103.875347 1.584462 -6.462699 -0.083436 
741 4.421666 0.000000 -1.730781 103.860287 1.463421 -5.470939 -0.081903 
742 4.126686 0.000000 -0.864603 103.781097 1.222090 -4.407255 -0.079143 
743 3.831707 0.000000 -0.864603 103.727010 1.108675 -4.056971 -0.077698 
744 4.126686 0.000000 -1.153329 103.827079 1.340689 -4.846730 -0.080535 
745 4.421666 0.000000 -0.864603 103.827079 1.340689 -4.846730 -0.080535 
746 4.274176 0.000000 -0.431513 103.781097 1.222090 -4.407255 -0.079143 
747 4.126686 0.000000 -0.431513 103.781097 1.222090 -4.407255 -0.079143 
748 4.274176 0.000000 -0.575877 103.781097 1.222090 -4.407255 -0.079143 
749 4.421666 0.000000 -0.431513 103.827079 1.340689 -4.846730 -0.080535 
750 4.200431 0.000000 -0.214969 103.781097 1.222090 -4.407255 -0.079143 
751 4.126686 0.000000 -0.214969 103.781097 1.222090 -4.407255 -0.079143 
752 4.200431 0.000000 -0.287150 103.781097 1.222090 -4.407255 -0.079143 
753 4.274176 0.000000 -0.214969 103.781097 1.222090 -4.407255 -0.079143 
754 4.163559 0.000000 -0.106697 103.540404 1.305570 -6.127892 -0.075987 
755 4.126686 0.000000 -0.106697 103.540404 1.305570 -6.127892 -0.075987 
756 4.163559 0.000000 -0.142787 103.781097 1.222090 -4.407255 -0.079143 
757 4.200431 0.000000 -0.106697 103.781097 1.222090 -4.407255 -0.079143 
758 4.569156 0.000000 -0.142787 103.827079 1.340689 -4.846730 -0.080535 
759 4.569156 0.000000 -0.287150 103.827079 1.340689 -4.846730 -0.080535 
760 4.716646 0.000000 -0.142787 103.860287 1.463421 -5.470939 -0.081903 
761 4.569156 0.000000 0.001576 103.827079 1.340689 -4.846730 -0.080535 
762 4.347921 0.000000 -0.070606 103.827079 1.340689 -4.846730 -0.080535 
763 4.347921 0.000000 -0.142787 103.827079 1.340689 -4.846730 -0.080535 
764 4.421666 0.000000 -0.070606 103.827079 1.340689 -4.846730 -0.080535 
765 4.347921 0.000000 0.001576 103.827079 1.340689 -4.846730 -0.080535 
766 4.237304 0.000000 -0.034515 103.781097 1.222090 -4.407255 -0.079143 
767 4.237304 0.000000 -0.070606 103.781097 1.222090 -4.407255 -0.079143 
768 4.274176 0.000000 -0.034515 103.781097 1.222090 -4.407255 -0.079143 
769 4.237304 0.000000 0.001576 103.781097 1.222090 -4.407255 -0.079143 
770 4.181995 0.000000 -0.052560 103.540404 1.305570 -6.127892 -0.075987 
771 4.163559 0.000000 -0.052560 103.540404 1.305570 -6.127892 -0.075987 
772 4.181995 0.000000 -0.070606 103.540404 1.305570 -6.127892 -0.075987 
773 4.200431 0.000000 -0.052560 103.540404 1.305570 -6.127892 -0.075987 
774 4.181995 0.000000 -0.034515 103.540404 1.305570 -6.127892 -0.075987 
775 4.237304 0.000000 -0.106697 103.781097 1.222090 -4.407255 -0.079143 
776 4.237304 0.000000 -0.142787 103.781097 1.222090 -4.407255 -0.079143 
777 4.274176 0.000000 -0.106697 103.781097 1.222090 -4.407255 -0.079143 
778 4.218867 0.000000 -0.052560 103.540404 1.305570 -6.127892 -0.075987 
779 4.218867 0.000000 -0.070606 103.781097 1.222090 -4.407255 -0.079143 
780 4.237304 0.000000 -0.052560 103.781097 1.222090 -4.407255 -0.079143 
781 4.218867 0.000000 -0.034515 103.540404 1.305570 -6.127892 -0.075987 
782 4.052941 0.000000 0.073757 103.697941 1.348922 -6.353732 -0.079545 
783 3.979196 0.000000 0.073757 103.658572 1.243199 -5.907609 -0.078154 
784 4.052941 0.000000 0.145939 103.781097 1.222090 -4.407255 -0.079143 
785 4.163559 0.000000 0.037666 103.540404 1.305570 -6.127892 -0.075987 
786 4.126686 0.000000 0.037666 103.469775 1.368974 -7.166277 -0.075922 
787 4.200431 0.000000 0.037666 103.781097 1.222090 -4.407255 -0.079143 
788 4.163559 0.000000 0.073757 103.781097 1.222090 -4.407255 -0.079143 
789 4.181995 0.000000 -0.016470 103.540404 1.305570 -6.127892 -0.075987 
790 4.163559 0.000000 -0.016470 103.469775 1.368974 -7.166277 -0.075922 
791 4.200431 0.000000 -0.016470 103.540404 1.305570 -6.127892 -0.075987 
792 4.181995 0.000000 0.001576 103.540404 1.305570 -6.127892 -0.075987 
793 4.191213 0.000000 -0.043538 103.540404 1.305570 -6.127892 -0.075987 
794 4.181995 0.000000 -0.043538 103.540404 1.305570 -6.127892 -0.075987 
795 4.191213 0.000000 -0.052560 103.540404 1.305570 -6.127892 -0.075987 
796 4.200431 0.000000 -0.043538 103.540404 1.305570 -6.127892 -0.075987 
797 4.191213 0.000000 -0.034515 103.540404 1.305570 -6.127892 -0.075987 
798 4.569156 0.000000 0.145939 103.827079 1.340689 -4.846730 -0.080535 
799 4.716646 0.000000 0.145939 103.860287 1.463421 -5.470939 -0.081903 
800 4.569156 0.000000 0.290302 103.827079 1.340689 -4.846730 -0.080535 
801 4.347921 0.000000 0.073757 103.827079 1.340689 -4.846730 -0.080535 
802 4.421666 0.000000 0.073757 103.827079 1.340689 -4.846730 -0.080535 
803 4.347921 0.000000 0.145939 103.827079 1.340689 -4.846730 -0.080535 
804 4.311049 0.000000 -0.034515 103.781097 1.222090 -4.407255 -0.079143 
805 4.311049 0.000000 -0.070606 103.781097 1.222090 -4.407255 -0.079143 
806 4.347921 0.000000 -0.034515 103.827079 1.340689 -4.846730 -0.080535 
807 4.311049 0.000000 0.001576 103.781097 1.222090 -4.407255 -0.079143 
808 4.495411 0.000000 -0.070606 103.827079 1.340689 -4.846730 -0.080535 
809 4.495411 0.000000 -0.142787 103.827079 1.340689 -4.846730 -0.080535 
810 4.569156 0.000000 -0.070606 103.827079 1.340689 -4.846730 -0.080535 
811 4.495411 0.000000 0.001576 103.827079 1.340689 -4.846730 -0.080535 
812 6.191545 0.000000 -0.575877 103.567973 1.894874 -12.885294 -0.089595 
813 6.191545 0.000000 -1.153329 103.567973 1.894874 -12.885294 -0.089595 
814 6.781504 0.000000 -0.575877 101.913162 2.103397 -20.961386 -0.083010 
815 6.191545 0.000000 0.001576 103.782047 1.802470 -10.215688 -0.087832 
816 5.306605 0.000000 -0.287150 103.875347 1.584462 -6.462699 -0.083436 
817 5.306605 0.000000 -0.575877 103.875347 1.584462 -6.462699 -0.083436 
818 5.601585 0.000000 -0.287150 103.861267 1.698144 -8.026975 -0.085448 
819 5.306605 0.000000 0.001576 103.875347 1.584462 -6.462699 -0.083436 
820 4.864136 0.000000 -0.142787 103.860287 1.463421 -5.470939 -0.081903 
821 4.864136 0.000000 -0.287150 103.860287 1.463421 -5.470939 -0.081903 
822 5.011626 0.000000 -0.142787 103.860287 1.463421 -5.470939 -0.081903 
823 4.864136 0.000000 0.001576 103.860287 1.463421 -5.470939 -0.081903 
824 4.642901 0.000000 -0.070606 103.827079 1.340689 -4.846730 -0.080535 
825 4.642901 0.000000 -0.142787 103.827079 1.340689 -4.846730 -0.080535 
826 4.716646 0.000000 -0.070606 103.827079 1.340689 -4.846730 -0.080535 
827 4.642901 0.000000 0.001576 103.827079 1.340689 -4.846730 -0.080535 
828 5.011626 0.000000 -1.730781 103.861267 1.698144 -8.026975 -0.085448 
829 5.011626 0.000000 -2.308233 103.567973 1.894874 -12.885294 -0.089595 
830 5.601585 0.000000 -1.730781 103.567973 1.894874 -12.885294 -0.089595 
831 4.716646 0.000000 -0.864603 103.860287 1.463421 -5.470939 -0.081903 
832 4.716646 0.000000 -1.153329 103.860287 1.463421 -5.470939 -0.081903 
833 5.011626 0.000000 -0.864603 103.875347 1.584462 -6.462699 -0.083436 
834 4.864136 0.000000 -0.431513 103.860287 1.463421 -5.470939 -0.081903 
835 4.716646 0.000000 -0.431513 103.860287 1.463421 -5.470939 -0.081903 
836 4.864136 0.000000 -0.575877 103.860287 1.463421 -5.470939 -0.081903 
837 5.011626 0.000000 -0.431513 103.860287 1.463421 -5.470939 -0.081903 
838 6.191545 0.000000 0.579028 103.567973 1.894874 -12.885294 -0.089595 
839 6.781504 0.000000 0.579028 101.913162 2.103397 -20.961386 -0.083010 
840 6.191545 0.000000 1.156480 103.567973 1.894874 -12.885294 -0.089595 
841 5.306605 0.000000 0.290302 103.875347 1.584462 -6.462699 -0.083436 
842 5.601585 0.000000 0.290302 103.861267 1.698144 -8.026975 -0.085448 
843 5.306605 0.000000 0.579028 103.875347 1.584462 -6.462699 -0.083436 
844 5.159115 0.000000 -0.142787 103.875347 1.584462 -6.462699 -0.083436 
845 5.159115 0.000000 -0.287150 103.875347 1.584462 -6.462699 -0.083436 
846 5.306605 0.000000 -0.142787 103.875347 1.584462 -6.462699 -0.083436 
847 5.159115 0.000000 0.001576 103.875347 1.584462 -6.462699 -0.083436 
848 4.937881 0.000000 -0.214969 103.860287 1.463421 -5.470939 -0.081903 
849 4.864136 0.000000 -0.214969 103.860287 1.463421 -5.470939 -0.081903 
850 4.937881 0.000000 -0.287150 103.860287 1.463421 -5.470939 -0.081903 
851 5.011626 0.000000 -0.214969 103.860287 1.463421 -5.470939 -0.081903 
852 4.937881 0.000000 -0.142787 103.860287 1.463421 -5.470939 -0.081903 
853 5.896565 0.000000 -0.287150 103.861267 1.698144 -8.026975 -0.085448 
854 5.896565 0.000000 -0.575877 103.782047 1.802470 -10.215688 -0.087832 
855 6.191545 0.000000 -0.287150 103.782047 1.802470 -10.215688 -0.087832 
856 5.896565 0.000000 0.001576 103.861267 1.698144 -8.026975 -0.085448 
857 5.454095 0.000000 -0.142787 103.875347 1.584462 -6.462699 -0.083436 
858 5.454095 0.000000 -0.287150 103.875347 1.584462 -6.462699 -0.083436 
859 5.601585 0.000000 -0.142787 103.861267 1.698144 -8.026975 -0.085448 
860 5.454095 0.000000 0.001576 103.875347 1.584462 -6.462699 -0.083436 
861 5.896565 0.000000 0.290302 103.861267 1.698144 -8.026975 -0.085448 
862 6.191545 0.000000 0.290302 103.782047 1.802470 -10.215688 -0.087832 
863 5.896565 0.000000 0.579028 103.782047 1.802470 -10.215688 -0.087832 
864 5.749075 0.000000 -0.142787 103.861267 1.698144 -8.026975 -0.085448 
865 5.749075 0.000000 -0.287150 103.861267 1.698144 -8.026975 -0.085448 
866 5.896565 0.000000 -0.142787 103.861267 1.698144 -8.026975 -0.085448 
867 5.749075 0.000000 0.001576 103.861267 1.698144 -8.026975 -0.085448 
868 6.781504 0.000000 -3.463138 104.046643 4.850577 0.784799 -0.084985 
869 6.781504 0.000000 -4.618042 103.893445 4.364750 2.195984 -0.081772 
870 7.961423 0.000000 -3.463138 104.178750 5.677910 1.006675 -0.088646 
871 6.191545 0.000000 -1.730781 101.913162 2.103397 -20.961386 -0.083010 
872 6.191545 0.000000 -2.308233 103.983732 4.850532 -1.086443 -0.083732 
873 6.781504 0.000000 -1.730781 104.394133 5.681614 -1.993034 -0.093439 
874 5.896565 0.000000 -0.864603 103.782047 1.802470 -10.215688 -0.087832 
875 5.601585 0.000000 -0.864603 103.861267 1.698144 -8.026975 -0.085448 
876 5.896565 0.000000 -1.153329 103.782047 1.802470 -10.215688 -0.087832 
877 6.191545 0.000000 -0.864603 103.567973 1.894874 -12.885294 -0.089595 
878 9.141342 0.000000 -1.153329 104.817216 8.297292 -2.346691 -0.106100 
879 9.141342 0.000000 -2.308233 104.399206 7.151957 -0.325731 -0.095045 
880 10.321261 0.000000 -1.153329 104.489008 8.953366 -1.800387 -0.100136 
881 9.141342 0.000000 0.001576 105.217155 4.710015 -4.449126 -0.111263 
882 7.371464 0.000000 -0.575877 104.627386 7.806172 -7.478577 -0.106376 
883 7.371464 0.000000 -1.153329 104.738865 6.883267 -3.009934 -0.102667 
884 7.961423 0.000000 -0.575877 104.825823 7.351296 -7.669685 -0.110132 
885 7.371464 0.000000 0.001576 105.405483 3.066512 -4.979615 -0.114452 
886 6.486524 0.000000 -0.287150 103.166460 1.976158 -15.778909 -0.089620 
887 6.486524 0.000000 -0.575877 103.166460 1.976158 -15.778909 -0.089620 
888 6.781504 0.000000 -0.287150 102.597661 2.043239 -18.523752 -0.087358 
889 6.486524 0.000000 0.001576 103.567973 1.894874 -12.885294 -0.089595 
890 6.044055 0.000000 -0.431513 103.782047 1.802470 -10.215688 -0.087832 
891 5.896565 0.000000 -0.431513 103.782047 1.802470 -10.215688 -0.087832 
892 6.044055 0.000000 -0.575877 103.782047 1.802470 -10.215688 -0.087832 
893 6.191545 0.000000 -0.431513 103.782047 1.802470 -10.215688 -0.087832 
894 6.044055 0.000000 -0.287150 103.782047 1.802470 -10.215688 -0.087832 
895 6.486524 0.000000 -0.864603 103.166460 1.976158 -15.778909 -0.089620 
896 6.486524 0.000000 -1.153329 102.597661 2.043239 -18.523752 -0.087358 
897 6.781504 0.000000 -0.864603 101.913162 2.103397 -20.961386 -0.083010 
898 9.141342 0.000000 1.156480 105.433763 6.066816 -4.358327 -0.117208 
899 10.321261 0.000000 1.156480 104.987481 7.097978 -4.131118 -0.108982 
900 9.141342 0.000000 2.311385 105.571397 5.887770 -5.023293 -0.120522 
901 7.371464 0.000000 0.579028 105.694337 3.991806 -4.630770 -0.120867 
902 7.961423 0.000000 0.579028 105.598243 4.652918 -4.401422 -0.119201 
903 7.371464 0.000000 1.156480 105.904157 4.174387 -4.767348 -0.125584 
904 7.076484 0.000000 -0.287150 104.959625 2.148990 -7.979539 -0.108481 
905 7.076484 0.000000 -0.575877 104.562535 7.980239 -7.201466 -0.104887 
906 7.371464 0.000000 -0.287150 105.057908 2.524948 -7.228743 -0.109579 
907 7.076484 0.000000 0.001576 105.410241 2.627579 -5.197886 -0.114524 
908 6.634014 0.000000 -0.431513 103.166460 1.976158 -15.778909 -0.089620 
909 6.486524 0.000000 -0.431513 103.166460 1.976158 -15.778909 -0.089620 
910 6.634014 0.000000 -0.575877 102.597661 2.043239 -18.523752 -0.087358 
911 6.781504 0.000000 -0.431513 102.597661 2.043239 -18.523752 -0.087358 
912 6.634014 0.000000 -0.287150 103.166460 1.976158 -15.778909 -0.089620 
913 7.371464 0.000000 -1.730781 104.565908 6.211471 -1.812829 -0.097590 
914 7.371464 0.000000 -2.308233 104.400060 5.846955 -0.834345 -0.093426 
915 7.961423 0.000000 -1.730781 104.643509 6.710359 -1.628537 -0.099794 
916 7.076484 0.000000 -0.864603 104.718255 7.296217 -4.090516 -0.103588 
917 7.076484 0.000000 -1.153329 104.672362 6.590676 -3.085649 -0.100926 
918 7.371464 0.000000 -0.864603 104.773917 7.597034 -4.108974 -0.105217 
919 8.551383 0.000000 -0.575877 105.415497 7.829970 -7.312198 -0.122720 
920 8.551383 0.000000 -1.153329 104.868899 7.898579 -2.647143 -0.106688 
921 9.141342 0.000000 -0.575877 105.474403 9.369877 -6.183485 -0.125088 
922 8.551383 0.000000 0.001576 105.306884 4.369522 -4.449436 -0.112843 
923 7.666443 0.000000 -0.287150 105.114247 2.898316 -6.668365 -0.110187 
924 7.666443 0.000000 -0.575877 104.702148 7.573635 -7.633930 -0.107818 
925 7.961423 0.000000 -0.287150 105.163239 3.240461 -6.253027 -0.110891 
926 7.666443 0.000000 0.001576 105.389784 3.463870 -4.793524 -0.114198 
927 7.223974 0.000000 -0.431513 104.616181 5.030299 -9.439821 -0.105896 
928 7.076484 0.000000 -0.431513 104.533120 5.333554 -9.711454 -0.104993 
929 7.223974 0.000000 -0.575877 104.594086 7.904473 -7.354482 -0.105649 
930 7.371464 0.000000 -0.431513 104.691262 4.802038 -9.142000 -0.106690 
931 7.223974 0.000000 -0.287150 105.011798 2.329319 -7.579703 -0.109036 
932 8.551383 0.000000 0.579028 105.465874 5.244681 -4.218347 -0.116835 
933 9.141342 0.000000 0.579028 105.301208 5.764548 -4.063231 -0.113808 
934 8.551383 0.000000 1.156480 105.613385 5.476709 -4.482123 -0.120427 
935 8.256403 0.000000 -0.287150 105.245566 3.543961 -6.022328 -0.112546 
936 8.256403 0.000000 -0.575877 105.096681 7.327203 -7.585433 -0.115654 
937 8.551383 0.000000 -0.287150 105.351437 3.834663 -6.065929 -0.115043 
938 8.256403 0.000000 0.001576 105.339477 4.122154 -4.519224 -0.113382 
939 10.321261 0.000000 -6.927851 103.195476 4.735865 4.747093 -0.069427 
940 10.321261 0.000000 -9.237660 103.553954 3.524724 6.436690 -0.077728 
941 12.681099 0.000000 -6.927851 103.222371 5.262027 5.866577 -0.071696 
942 9.141342 0.000000 -3.463138 104.089503 6.415470 1.287072 -0.087744 
943 9.141342 0.000000 -4.618042 103.826723 5.698155 2.638850 -0.081942 
944 10.321261 0.000000 -3.463138 103.833340 7.039060 1.570523 -0.083338 
945 8.551383 0.000000 -1.730781 104.646756 7.169913 -1.434476 -0.100441 
946 8.551383 0.000000 -2.308233 104.464711 6.748771 -0.500703 -0.095867 
947 9.141342 0.000000 -1.730781 104.582542 7.586643 -1.231808 -0.099658 
948 8.256403 0.000000 -0.864603 104.962729 8.345835 -4.100589 -0.110364 
949 7.961423 0.000000 -0.864603 104.876493 8.117579 -4.152622 -0.108222 
950 8.256403 0.000000 -1.153329 104.854610 7.672151 -2.770628 -0.106103 
951 8.551383 0.000000 -0.864603 105.043491 8.574614 -3.916183 -0.112300 
952 8.108913 0.000000 -0.431513 105.053614 4.463411 -7.803316 -0.111708 
953 7.961423 0.000000 -0.431513 104.953216 4.443442 -8.004521 -0.109899 
954 8.108913 0.000000 -0.575877 104.941174 7.289265 -7.646603 -0.112425 
955 8.256403 0.000000 -0.431513 105.181887 4.557929 -7.677993 -0.114296 
956 8.108913 0.000000 -0.287150 105.199140 3.396057 -6.108466 -0.111571 
957 11.501180 0.000000 -1.153329 104.022245 9.491997 -1.387051 -0.091265 
958 11.501180 0.000000 -2.308233 103.720819 8.417912 0.314163 -0.082897 
959 12.681099 0.000000 -1.153329 103.499921 9.918582 -1.070091 -0.081176 
960 11.501180 0.000000 0.001576 104.686741 4.622927 -8.095262 -0.104622 
961 9.731302 0.000000 -0.575877 105.211403 10.245475 -4.862286 -0.119805 
962 9.731302 0.000000 -1.153329 104.678607 8.642818 -2.055753 -0.103654 
963 10.321261 0.000000 -0.575877 104.894965 10.609244 -3.809543 -0.113002 
964 9.731302 0.000000 0.001576 105.083805 4.855661 -4.660322 -0.108790 
965 8.846362 0.000000 -0.287150 105.433012 4.154931 -6.384650 -0.117415 
966 8.846362 0.000000 -0.575877 105.528772 8.647010 -6.817428 -0.125757 
967 9.141342 0.000000 -0.287150 105.489093 4.564328 -6.902155 -0.119642 
968 8.846362 0.000000 0.001576 105.271991 4.568808 -4.420342 -0.112261 
969 11.501180 0.000000 1.156480 104.444732 7.919267 -3.918741 -0.098677 
970 12.681099 0.000000 1.156480 103.850523 8.534730 -3.718630 -0.087160 
971 11.501180 0.000000 2.311385 104.596463 8.121824 -4.885202 -0.103025 
972 9.731302 0.000000 0.579028 105.103151 6.212306 -3.929008 -0.110070 
973 10.321261 0.000000 0.579028 104.873019 6.590689 -3.809832 -0.105630 
974 9.731302 0.000000 1.156480 105.224720 6.608218 -4.242149 -0.113391 
975 9.436322 0.000000 -0.287150 105.554512 5.182125 -7.552215 -0.122565 
976 9.436322 0.000000 -0.575877 105.357534 9.896421 -5.506473 -0.122847 
977 9.731302 0.000000 -0.287150 105.611725 6.134697 -8.254925 -0.125961 
978 9.436322 0.000000 0.001576 105.153600 4.805107 -4.526001 -0.110085 
979 10.911221 0.000000 -0.575877 104.573827 10.761353 -3.115414 -0.106120 
980 10.911221 0.000000 -1.153329 104.266474 9.236155 -1.579296 -0.095930 
981 11.501180 0.000000 -0.575877 104.264866 10.882157 -2.642527 -0.099657 
982 10.911221 0.000000 0.001576 104.783490 4.659653 -6.191965 -0.103963 
983 10.026281 0.000000 -0.287150 105.636198 7.512401 -8.764263 -0.129225 
984 10.026281 0.000000 -0.575877 105.052487 10.464001 -4.295858 -0.116397 
985 10.321261 0.000000 -0.287150 105.570649 9.167019 -8.777190 -0.130624 
986 10.026281 0.000000 0.001576 105.010538 4.861373 -4.868852 -0.107455 
987 10.911221 0.000000 0.579028 104.615596 6.901413 -3.699525 -0.100574 
988 11.501180 0.000000 0.579028 104.337904 7.146712 -3.594028 -0.095039 
989 10.911221 0.000000 1.156480 104.725653 7.534963 -4.023486 -0.104043 
990 10.616241 0.000000 -0.287150 105.393750 10.697833 -8.201275 -0.128955 
991 10.616241 0.000000 -0.575877 104.732841 10.689978 -3.428605 -0.109500 
992 10.911221 0.000000 -0.287150 105.154371 11.794903 -7.268579 -0.124939 
993 10.616241 0.000000 0.001576 104.856919 4.751303 -5.603785 -0.104895 
994 13.861018 0.000000 -1.153329 103.038975 10.189763 -0.839141 -0.072157 
995 13.861018 0.000000 -2.308233 102.841619 9.114160 0.750522 -0.066003 
996 13.861018 0.000000 0.001576 103.697348 18.226880 -8.056958 -0.115027 
997 12.091140 0.000000 -0.575877 103.961956 10.995267 -2.302160 -0.093428 
998 12.091140 0.000000 -1.153329 103.764289 9.720135 -1.218309 -0.086299 
999 12.681099 0.000000 -0.575877 103.664124 11.102926 -2.044901 -0.087371 
1000 12.091140 0.000000 0.001576 104.700751 5.795164 -11.328203 -0.112416 
1001 11.206200 0.000000 -0.287150 104.902906 12.427328 -6.274352 -0.119843 
1002 11.206200 0.000000 -0.575877 104.418216 10.823616 -2.857907 -0.102848 
1003 11.501180 0.000000 -0.287150 104.658337 12.742773 -5.379758 -0.114469 
1004 11.206200 0.000000 0.001576 104.724326 4.588189 -6.996800 -0.103719 
1005 13.861018 0.000000 1.156480 103.257546 8.951186 -3.539154 -0.075477 
1006 13.861018 0.000000 2.311385 103.384616 9.518473 -4.675468 -0.080084 
1007 12.091140 0.000000 0.579028 104.046946 7.329131 -3.490944 -0.089167 
1008 12.681099 0.000000 0.579028 103.753477 7.441057 -3.391319 -0.083165 
1009 12.091140 0.000000 1.156480 104.150945 8.251822 -3.817007 -0.093008 
1010 11.796160 0.000000 -0.287150 104.430500 12.862565 -4.646582 -0.109277 
1011 11.796160 0.000000 -0.575877 104.112969 10.939020 -2.459709 -0.096522 
1012 12.091140 0.000000 -0.287150 104.219928 12.882178 -4.066519 -0.104428 
1013 11.796160 0.000000 0.001576 104.679934 4.920471 -9.553150 -0.107336 
1014 13.271059 0.000000 0.579028 103.456299 7.510392 -3.287786 -0.077042 
1015 13.271059 0.000000 0.001576 104.305490 16.308425 -12.269636 -0.129614 
1016 13.861018 0.000000 0.579028 103.164154 7.531870 -3.181989 -0.070970 
1017 13.271059 0.000000 1.156480 103.553858 8.758750 -3.627946 -0.081328 
1018 13.271059 0.000000 -0.575877 103.372156 11.202024 -1.841660 -0.081468 
1019 13.271059 0.000000 -1.153329 103.234365 10.088083 -0.938751 -0.075998 
1020 13.861018 0.000000 -0.575877 103.091829 11.278857 -1.683946 -0.075797 
1021 14.450978 0.000000 0.579028 102.881235 7.485245 -1.903211 -0.064420 
1022 14.450978 0.000000 0.001576 103.261422 17.854843 -5.307910 -0.100989 
1023 15.040937 0.000000 0.579028 102.614613 7.443602 -1.946232 -0.058895 
1024 14.450978 0.000000 1.156480 102.918811 9.078073 -2.440024 -0.068065 
1025 13.566039 0.000000 0.290302 103.285911 4.795401 -4.273607 -0.070924 
1026 13.271059 0.000000 0.290302 103.433090 5.132461 -4.190917 -0.074231 
1027 13.566039 0.000000 0.001576 103.995569 17.748203 -10.076919 -0.123162 
1028 13.861018 0.000000 0.290302 103.138854 4.389844 -4.366922 -0.067596 
1029 13.566039 0.000000 0.579028 103.309737 7.527085 -3.234593 -0.074002 
1030 14.450978 0.000000 -0.575877 102.948447 11.308705 -0.384840 -0.072642 
1031 14.450978 0.000000 -1.153329 102.897468 10.297825 0.280653 -0.069401 
1032 15.040937 0.000000 -0.575877 102.675444 11.370623 -0.425169 -0.067172 
1033 14.155998 0.000000 0.290302 102.991256 3.908271 -4.468940 -0.064244 
1034 14.155998 0.000000 0.001576 103.497888 18.129937 -6.472926 -0.108241 
1035 14.450978 0.000000 0.290302 102.909379 3.315667 -4.573084 -0.062225 
1036 14.155998 0.000000 0.579028 103.020488 7.526506 -3.128705 -0.067966 
1037 15.630897 0.000000 0.579028 102.362814 7.367308 -1.848130 -0.053584 
1038 15.630897 0.000000 0.001576 102.515453 16.618104 -1.962028 -0.078943 
1039 15.630897 0.000000 1.156480 102.383676 9.284360 -2.311790 -0.057396 
1040 14.745958 0.000000 0.290302 102.730692 2.691505 -3.629416 -0.057401 
1041 14.745958 0.000000 0.001576 103.056830 17.519263 -3.450214 -0.093954 
1042 15.040937 0.000000 0.290302 102.585952 1.982105 -3.688577 -0.054141 
1043 14.745958 0.000000 0.579028 102.749100 7.466703 -1.999938 -0.061713 
1044 15.630897 0.000000 -0.575877 102.385089 11.430616 -0.318571 -0.061347 
1045 15.630897 0.000000 -1.153329 102.363798 10.474830 0.456646 -0.058828 
1046 15.925877 0.000000 0.290302 102.143858 -0.910966 -3.708147 -0.044795 
1047 15.630897 0.000000 0.290302 102.316363 0.198666 -3.745846 -0.048271 
1048 15.925877 0.000000 0.001576 102.372382 16.344964 -1.671186 -0.075006 
1049 16.220856 0.000000 0.290302 102.009445 -2.260206 -3.641899 -0.042430 
1050 15.925877 0.000000 0.579028 102.201538 7.343095 -1.783695 -0.050226 
1051 116.513974 0.000000 -110.869255 99.860845 0.082632 5.996086 -0.000815 
1052 116.513974 0.000000 -147.826199 99.858051 0.003257 5.915959 -0.000663 
1053 154.271383 0.000000 -110.869255 99.845962 0.017105 5.986067 -0.000505 
1054 -34.515662 0.000000 -110.869255 99.915019 0.016251 5.844977 -0.001718 
1055 -72.273071 0.000000 -110.869255 99.886630 0.009136 5.814541 -0.001115 
1056 -34.515662 0.000000 -147.826199 99.883599 0.000695 5.837964 -0.001082 
1057 40.999156 0.000000 110.872407 99.710427 -0.025352 6.037436 0.002138 
1058 3.241747 0.000000 110.872407 99.697004 -0.014754 5.948859 0.002512 
1059 40.999156 0.000000 147.829350 99.760878 0.032709 5.924358 0.001267 
1060 59.877860 0.000000 -55.433840 99.947725 0.224952 6.412405 -0.003072 
1061 59.877860 0.000000 -73.912312 99.935033 0.114161 6.180984 -0.002523 
1062 78.756565 0.000000 -55.433840 99.891207 0.226327 6.405270 -0.001933 
1063 -34.515662 0.000000 110.872407 99.721579 -0.005480 5.867401 0.002118 
1064 -72.273071 0.000000 110.872407 99.759291 -0.000737 5.824270 0.001416 
1065 -34.515662 0.000000 147.829350 99.765095 0.022001 5.851953 0.001268 
1066 -110.030480 0.000000 110.872407 99.787573 0.004735 5.807052 0.000872 
1067 -147.787889 0.000000 110.872407 99.804484 0.003883 5.804081 0.000538 
1068 -110.030480 0.000000 147.829350 99.795419 0.004977 5.815176 0.000706 
1069 -15.636957 0.000000 -55.433840 100.125117 0.073657 5.891392 -0.005975 
1070 -34.515662 0.000000 -55.433840 100.026043 0.039808 5.797511 -0.003882 
1071 -15.636957 0.000000 -73.912312 100.021600 0.046184 5.894255 -0.003906 
1072 59.877860 0.000000 55.436991 99.575633 -0.512457 7.030950 0.003500 
1073 40.999156 0.000000 55.436991 99.460792 -0.442838 6.910428 0.005960 
1074 59.877860 0.000000 73.915463 99.645281 -0.165098 6.471326 0.002891 
1075 22.120451 0.000000 55.436991 99.327923 -0.338644 6.673394 0.008931 
1076 3.241747 0.000000 55.436991 99.287105 -0.205351 6.319977 0.010209 
1077 22.120451 0.000000 73.915463 99.537366 -0.110418 6.269729 0.005299 
1078 31.559804 0.000000 -27.716132 100.266011 0.902433 7.260309 -0.010680 
1079 31.559804 0.000000 -36.955368 100.211191 0.500637 6.841086 -0.008933 
1080 40.999156 0.000000 -27.716132 100.073994 0.899557 7.259018 -0.006831 
1081 -15.636957 0.000000 55.436991 99.395757 -0.095089 6.009992 0.008435 
1082 -34.515662 0.000000 55.436991 99.546933 -0.036288 5.849818 0.005619 
1083 -15.636957 0.000000 73.915463 99.563394 -0.041179 5.968968 0.005150 
1084 -53.394366 0.000000 55.436991 99.657995 -0.012003 5.793317 0.003472 
1085 -72.273071 0.000000 55.436991 99.724758 -0.002879 5.779685 0.002157 
1086 -53.394366 0.000000 73.915463 99.688223 -0.007866 5.823686 0.002834 
1087 -6.197605 0.000000 -27.716132 100.742496 0.313402 5.834676 -0.018319 
1088 -15.636957 0.000000 -27.716132 100.427918 0.139875 5.655535 -0.011777 
1089 -6.197605 0.000000 -36.955368 100.453998 0.185488 5.980351 -0.012680 
1090 17.400775 0.000000 -13.857278 101.799245 2.688988 7.775077 -0.043077 
1091 17.400775 0.000000 -18.476896 101.545861 1.731568 7.709514 -0.037400 
1092 22.120451 0.000000 -13.857278 101.152258 2.732255 7.888580 -0.030147 
1093 -1.477929 0.000000 -13.857278 102.417664 0.709548 4.846208 -0.051337 
1094 -6.197605 0.000000 -13.857278 101.686224 0.398627 4.542004 -0.036088 
1095 -1.477929 0.000000 -18.476896 101.954212 0.656279 5.455971 -0.042486 
1096 0.881909 0.000000 -6.927851 103.406475 0.975832 3.380045 -0.070528 
1097 -1.477929 0.000000 -6.927851 102.757623 0.404820 3.292694 -0.057013 
1098 0.881909 0.000000 -9.237660 103.283136 0.989141 4.238969 -0.068635 
1099 2.061828 0.000000 -3.463138 102.390060 1.504170 1.903762 -0.048961 
1100 0.881909 0.000000 -3.463138 102.174236 0.868100 2.350454 -0.044585 
1101 2.061828 0.000000 -4.618042 102.743603 1.523869 2.562829 -0.056514 
1102 2.651788 0.000000 -1.730781 103.265677 0.681182 -1.546207 -0.066665 
1103 2.061828 0.000000 -1.730781 103.288574 0.382341 1.738262 -0.067170 
1104 2.651788 0.000000 -2.308233 103.817889 0.659418 0.987785 -0.077956 
1105 3.536727 0.000000 -0.864603 103.669660 1.003941 -3.763900 -0.076257 
1106 3.241747 0.000000 -0.864603 103.555863 0.822213 -3.443725 -0.073635 
1107 3.536727 0.000000 -1.153329 103.727010 1.108675 -4.056971 -0.077698 
1108 97.635269 0.000000 -55.433840 99.858333 0.222795 6.386842 -0.001253 
1109 97.635269 0.000000 -73.912312 99.870833 0.118753 6.186838 -0.001247 
1110 116.513974 0.000000 -55.433840 99.839289 0.217169 6.366443 -0.000846 
1111 135.392678 0.000000 -55.433840 99.828011 0.210690 6.346866 -0.000596 
1112 135.392678 0.000000 -73.912312 99.841814 0.115863 6.169226 -0.000646 
1113 154.271383 0.000000 -55.433840 99.821883 0.276535 6.318306 -0.000441 
1114 50.438508 0.000000 -27.716132 99.966401 0.891619 7.214001 -0.004612 
1115 50.438508 0.000000 -36.955368 99.994165 0.527601 6.868790 -0.004629 
1116 59.877860 0.000000 -27.716132 99.897365 0.873498 7.169526 -0.003165 
1117 69.317213 0.000000 -27.716132 99.855489 0.852422 7.127233 -0.002264 
1118 69.317213 0.000000 -36.955368 99.888466 0.517872 6.825157 -0.002456 
1119 78.756565 0.000000 -27.716132 99.829358 0.830278 7.089291 -0.001685 
1120 26.840128 0.000000 -13.857278 100.695880 2.685657 7.828431 -0.020816 
1121 26.840128 0.000000 -18.476896 100.723276 1.802641 7.913404 -0.021105 
1122 31.559804 0.000000 -13.857278 100.390287 2.610067 7.725847 -0.014471 
1123 36.279480 0.000000 -13.857278 100.066342 2.519782 7.355420 -0.007372 
1124 36.279480 0.000000 -18.476896 100.114688 1.734353 7.577287 -0.008337 
1125 40.999156 0.000000 -13.857278 99.973754 2.452279 7.310540 -0.005421 
1126 15.040937 0.000000 -6.927851 102.488348 5.587363 6.119090 -0.057252 
1127 15.040937 0.000000 -9.237660 102.421155 4.233682 7.069184 -0.055799 
1128 17.400775 0.000000 -6.927851 101.856898 5.824395 5.990733 -0.044464 
1129 19.760613 0.000000 -6.927851 101.389754 5.778927 5.961774 -0.034882 
1130 19.760613 0.000000 -9.237660 101.457256 4.456251 7.028246 -0.036283 
1131 22.120451 0.000000 -6.927851 100.999943 5.687267 5.901587 -0.026816 
1132 11.501180 0.000000 -3.463138 103.469105 7.539036 1.827199 -0.076603 
1133 11.501180 0.000000 -4.618042 103.305123 6.624717 3.063301 -0.072522 
1134 12.681099 0.000000 -3.463138 103.108879 7.877401 2.009243 -0.069753 
1135 5.306605 0.000000 -0.864603 103.875347 1.584462 -6.462699 -0.083436 
1136 5.306605 0.000000 -1.153329 103.861267 1.698144 -8.026975 -0.085448 
1137 3.979196 0.000000 -0.431513 103.727010 1.108675 -4.056971 -0.077698 
1138 3.831707 0.000000 -0.431513 103.727010 1.108675 -4.056971 -0.077698 
1139 3.979196 0.000000 -0.575877 103.781097 1.222090 -4.407255 -0.079143 
1140 2.946767 0.000000 0.290302 103.375865 0.736218 -1.050341 -0.068821 
1141 2.946767 0.000000 0.001576 103.375865 0.736218 -1.050341 -0.068821 
1142 2.946767 0.000000 0.579028 103.265677 0.681182 -1.546207 -0.066665 
1143 2.946767 0.000000 -0.287150 103.311603 0.700236 -1.249752 -0.067534 
1144 2.651788 0.000000 -0.287150 103.342805 0.705758 -1.049633 -0.068134 
1145 2.946767 0.000000 -0.575877 103.265677 0.681182 -1.546207 -0.066665 
1146 2.356808 0.000000 -0.287150 103.301416 0.688150 -1.316878 -0.067339 
1147 2.061828 0.000000 -0.287150 103.320032 0.673954 -1.210920 -0.067695 
1148 2.356808 0.000000 -0.575877 103.265677 0.681182 -1.546207 -0.066665 
1149 -0.592990 0.000000 -0.287150 102.671067 -0.101057 2.378525 -0.054702 
1150 -0.887970 0.000000 -0.287150 102.543875 -0.166757 2.697322 -0.052255 
1151 -0.592990 0.000000 -0.575877 102.671067 -0.101057 2.378525 -0.054702 
1152 -0.150520 0.000000 -0.142787 102.791490 -0.021370 2.277731 -0.057128 
1153 -0.298010 0.000000 -0.142787 102.671067 -0.101057 2.378525 -0.054702 
1154 -0.150520 0.000000 -0.287150 102.791490 -0.021370 2.277731 -0.057128 
1155 0.439439 0.000000 0.145939 102.930070 0.034482 1.861859 -0.059807 
1156 0.586929 0.000000 0.145939 102.927939 0.057705 2.083793 -0.059851 
1157 0.439439 0.000000 0.290302 102.908324 0.071004 2.342253 -0.059561 
1158 69.317213 0.000000 27.719283 99.580929 -5.722078 7.845726 -0.001066 
1159 59.877860 0.000000 27.719283 99.508601 -5.417581 7.984023 0.000494 
1160 69.317213 0.000000 36.958519 99.548091 -2.377286 8.182000 0.001758 
1161 50.438508 0.000000 27.719283 99.394563 -5.112183 8.091090 0.002912 
1162 40.999156 0.000000 27.719283 99.226765 -4.765153 8.163149 0.006471 
1163 50.438508 0.000000 36.958519 99.399198 -2.110676 8.109658 0.004958 
1164 4.052941 0.000000 -0.214969 103.781097 1.222090 -4.407255 -0.079143 
1165 3.979196 0.000000 -0.214969 103.727010 1.108675 -4.056971 -0.077698 
1166 4.052941 0.000000 -0.287150 103.781097 1.222090 -4.407255 -0.079143 
1167 4.569156 0.000000 -0.431513 103.827079 1.340689 -4.846730 -0.080535 
1168 4.569156 0.000000 -0.575877 103.827079 1.340689 -4.846730 -0.080535 
1169 4.347921 0.000000 -0.214969 103.827079 1.340689 -4.846730 -0.080535 
1170 4.347921 0.000000 -0.287150 103.827079 1.340689 -4.846730 -0.080535 
1171 4.421666 0.000000 -0.214969 103.827079 1.340689 -4.846730 -0.080535 
1172 24.480290 0.000000 -2.308233 100.522670 8.950203 1.816979 -0.018821 
1173 24.480290 0.000000 -4.618042 100.614872 7.127753 4.148253 -0.019137 
1174 26.840128 0.000000 -2.308233 100.353797 8.718923 1.751785 -0.014997 
1175 13.861018 0.000000 -3.463138 103.021431 8.122028 3.135914 -0.068922 
1176 13.861018 0.000000 -4.618042 102.943727 7.182453 4.331090 -0.066776 
1177 15.040937 0.000000 -3.463138 102.534527 8.315112 3.297534 -0.059334 
1178 16.220856 0.000000 -3.463138 102.118151 8.404078 3.372326 -0.051012 
1179 16.220856 0.000000 -4.618042 102.131582 7.423770 4.498569 -0.050621 
1180 17.400775 0.000000 -3.463138 101.754099 8.435887 3.385699 -0.043652 
1181 16.515836 0.000000 0.290302 101.880280 -3.898689 -3.495524 -0.040701 
1182 16.515836 0.000000 0.001576 102.107126 15.851085 -1.262343 -0.067872 
1183 16.515836 0.000000 0.579028 101.968809 7.225020 -1.693669 -0.045271 
1184 17.105796 0.000000 -0.287150 101.840924 12.372036 -0.569704 -0.052497 
1185 16.810816 0.000000 -0.287150 101.940435 12.414569 -0.588517 -0.054632 
1186 17.105796 0.000000 -0.575877 101.831248 11.425204 -0.193974 -0.050018 
1187 16.515836 0.000000 -0.287150 102.050158 12.444053 -0.624896 -0.056948 
1188 16.220856 0.000000 -0.287150 102.164446 12.470030 -0.667088 -0.059352 
1189 16.515836 0.000000 -0.575877 102.040162 11.436061 -0.239010 -0.054304 
1190 45.718832 0.000000 -13.857278 99.913309 2.390029 7.277132 -0.004134 
1191 45.718832 0.000000 -18.476896 99.948786 1.671903 7.494664 -0.004873 
1192 50.438508 0.000000 -13.857278 99.870715 2.323524 7.256267 -0.003221 
1193 55.158184 0.000000 -13.857278 99.843206 2.271519 7.240044 -0.002624 
1194 55.158184 0.000000 -18.476896 99.873579 1.606109 7.426726 -0.003247 
1195 59.877860 0.000000 -13.857278 99.830557 2.224726 7.230152 -0.002336 
1196 88.195917 0.000000 -27.716132 99.812569 0.807914 7.055526 -0.001298 
1197 88.195917 0.000000 -36.955368 99.840503 0.498798 6.774673 -0.001427 
1198 97.635269 0.000000 -27.716132 99.801504 0.785745 7.025222 -0.001031 
1199 107.074622 0.000000 -27.716132 99.794063 0.763987 6.997662 -0.000841 
1200 107.074622 0.000000 -36.955368 99.817563 0.477406 6.729830 -0.000906 
1201 116.513974 0.000000 -27.716132 99.788992 0.742756 6.972259 -0.000701 
1202 64.597536 0.000000 -13.857278 99.814790 2.177059 7.225868 -0.001995 
1203 64.597536 0.000000 -18.476896 99.828440 1.549263 7.378714 -0.002256 
1204 69.317213 0.000000 -13.857278 99.802896 2.131234 7.224559 -0.001735 
1205 74.036889 0.000000 -13.857278 99.793718 2.086988 7.225277 -0.001535 
1206 74.036889 0.000000 -18.476896 99.802764 1.494858 7.342328 -0.001674 
1207 78.756565 0.000000 -13.857278 99.786496 2.044165 7.227312 -0.001376 
1208 62.237698 0.000000 2.311385 100.300508 11.311143 -2.950894 -0.019684 
1209 62.237698 0.000000 0.001576 100.147802 8.389926 -0.028054 -0.009997 
1210 62.237698 0.000000 4.621194 100.441993 8.849496 -5.677035 -0.019914 
1211 83.476241 0.000000 13.860430 100.702432 -3.517283 -9.959215 -0.025254 
1212 78.756565 0.000000 13.860430 100.672873 -4.136143 -9.621693 -0.024471 
1213 83.476241 0.000000 18.480048 100.223013 -9.929756 -1.923860 -0.014695 
1214 83.476241 0.000000 -13.857278 99.780719 2.002648 7.230132 -0.001248 
1215 83.476241 0.000000 -18.476896 99.787307 1.442753 7.313411 -0.001307 
1216 88.195917 0.000000 -13.857278 99.776031 1.962348 7.233346 -0.001143 
1217 92.915593 0.000000 -13.857278 99.772181 1.923196 7.236664 -0.001056 
1218 92.915593 0.000000 -18.476896 99.777586 1.392835 7.289093 -0.001064 
1219 97.635269 0.000000 -13.857278 99.768987 1.885134 7.239876 -0.000982 
1220 95.275431 0.000000 2.311385 100.198241 8.670862 -0.637646 -0.011528 
1221 95.275431 0.000000 0.001576 100.053116 6.962698 1.932408 -0.006284 
1222 97.635269 0.000000 2.311385 100.189238 8.566999 -0.468835 -0.011150 
1223 90.555755 0.000000 6.931003 100.531266 8.935871 -6.570787 -0.022956 
1224 88.195917 0.000000 6.931003 100.538490 8.923489 -6.730436 -0.023292 
1225 90.555755 0.000000 9.240812 100.687123 7.329215 -9.335231 -0.027876 
1226 125.953326 0.000000 -27.716132 99.785514 0.722114 6.948562 -0.000595 
1227 125.953326 0.000000 -36.955368 99.805933 0.455874 6.690837 -0.000620 
1228 135.392678 0.000000 -27.716132 99.783136 0.702090 6.926237 -0.000514 
1229 144.832030 0.000000 -27.716132 99.781533 0.682696 6.905033 -0.000450 
1230 144.832030 0.000000 -36.955368 99.799813 0.434974 6.656341 -0.000450 
1231 154.271383 0.000000 -27.716132 99.780488 0.663931 6.884763 -0.000399 
1232 102.354945 0.000000 -4.618042 99.857297 4.108292 5.441730 -0.001797 
1233 102.354945 0.000000 -9.237660 99.783963 2.660081 6.822837 -0.001047 
1234 107.074622 0.000000 -4.618042 99.850172 3.995264 5.558915 -0.001692 
1235 99.995107 0.000000 2.311385 100.180265 8.463495 -0.302037 -0.010781 
1236 99.995107 0.000000 0.001576 100.039416 6.770093 2.183537 -0.005849 
1237 102.354945 0.000000 2.311385 100.171344 8.360204 -0.137430 -0.010421 
1238 104.714783 0.000000 2.311385 100.162491 8.257057 0.024855 -0.010070 
1239 104.714783 0.000000 0.001576 100.025960 6.581154 2.427215 -0.005440 
1240 107.074622 0.000000 2.311385 100.153719 8.154035 0.184726 -0.009729 
1241 111.794298 0.000000 -4.618042 99.843386 3.886286 5.670771 -0.001596 
1242 111.794298 0.000000 -9.237660 99.777408 2.539855 6.896385 -0.000954 
1243 116.513974 0.000000 -4.618042 99.836933 3.781235 5.777333 -0.001509 
1244 109.434460 0.000000 2.311385 100.145038 8.051157 0.342124 -0.009397 
1245 109.434460 0.000000 0.001576 100.012785 6.396092 2.663515 -0.005056 
1246 111.794298 0.000000 2.311385 100.136456 7.948464 0.497018 -0.009073 
1247 114.154136 0.000000 2.311385 100.127978 7.846013 0.649401 -0.008759 
1248 114.154136 0.000000 0.001576 99.999919 6.215083 2.892499 -0.004698 
1249 116.513974 0.000000 2.311385 100.119608 7.743869 0.799280 -0.008454 
1250 121.233650 0.000000 -4.618042 99.830805 3.679987 5.878667 -0.001429 
1251 121.233650 0.000000 -9.237660 99.771978 2.427441 6.960870 -0.000879 
1252 125.953326 0.000000 -4.618042 99.824994 3.582414 5.974867 -0.001356 
1253 118.873812 0.000000 2.311385 100.111349 7.642102 0.946679 -0.008158 
1254 118.873812 0.000000 0.001576 99.987383 6.038269 3.114214 -0.004364 
1255 121.233650 0.000000 2.311385 100.103203 7.540780 1.091629 -0.007871 
1256 123.593488 0.000000 2.311385 100.095170 7.439971 1.234169 -0.007592 
1257 123.593488 0.000000 0.001576 99.975195 5.865768 3.328695 -0.004053 
1258 125.953326 0.000000 2.311385 100.087250 7.339739 1.374342 -0.007322 
1259 128.313164 0.000000 6.931003 100.388657 4.708793 -3.858107 -0.011494 
1260 128.313164 0.000000 4.621194 100.234157 8.967984 -1.174868 -0.012869 
1261 128.313164 0.000000 9.240812 100.555508 8.927027 -6.753135 -0.023671 
1262 4.864136 0.000000 0.145939 103.860287 1.463421 -5.470939 -0.081903 
1263 5.011626 0.000000 0.145939 103.860287 1.463421 -5.470939 -0.081903 
1264 4.864136 0.000000 0.290302 103.860287 1.463421 -5.470939 -0.081903 
1265 4.237304 0.000000 0.037666 103.781097 1.222090 -4.407255 -0.079143 
1266 4.274176 0.000000 0.037666 103.781097 1.222090 -4.407255 -0.079143 
1267 4.237304 0.000000 0.073757 103.781097 1.222090 -4.407255 -0.079143 
1268 4.495411 0.000000 -0.214969 103.827079 1.340689 -4.846730 -0.080535 
1269 4.495411 0.000000 -0.287150 103.827079 1.340689 -4.846730 -0.080535 
1270 4.569156 0.000000 -0.214969 103.827079 1.340689 -4.846730 -0.080535 
1271 4.642901 0.000000 -0.214969 103.827079 1.340689 -4.846730 -0.080535 
1272 4.642901 0.000000 -0.287150 103.827079 1.340689 -4.846730 -0.080535 
1273 4.716646 0.000000 -0.214969 103.860287 1.463421 -5.470939 -0.081903 
1274 4.311049 0.000000 -0.106697 103.781097 1.222090 -4.407255 -0.079143 
1275 4.311049 0.000000 -0.142787 103.781097 1.222090 -4.407255 -0.079143 
1276 4.347921 0.000000 -0.106697 103.827079 1.340689 -4.846730 -0.080535 
1277 4.218867 0.000000 -0.016470 103.540404 1.305570 -6.127892 -0.075987 
1278 4.237304 0.000000 -0.016470 103.781097 1.222090 -4.407255 -0.079143 
1279 4.218867 0.000000 0.001576 103.540404 1.305570 -6.127892 -0.075987 
1280 4.495411 0.000000 0.073757 103.827079 1.340689 -4.846730 -0.080535 
1281 4.569156 0.000000 0.073757 103.827079 1.340689 -4.846730 -0.080535 
1282 4.495411 0.000000 0.145939 103.827079 1.340689 -4.846730 -0.080535 
1283 4.642901 0.000000 0.073757 103.827079 1.340689 -4.846730 -0.080535 
1284 4.716646 0.000000 0.073757 103.827079 1.340689 -4.846730 -0.080535 
1285 4.642901 0.000000 0.145939 103.827079 1.340689 -4.846730 -0.080535 
1286 4.311049 0.000000 0.037666 103.781097 1.222090 -4.407255 -0.079143 
1287 4.347921 0.000000 0.037666 103.827079 1.340689 -4.846730 -0.080535 
1288 4.311049 0.000000 0.073757 103.781097 1.222090 -4.407255 -0.079143 
1289 5.159115 0.000000 -0.431513 103.875347 1.584462 -6.462699 -0.083436 
1290 5.159115 0.000000 -0.575877 103.875347 1.584462 -6.462699 -0.083436 
1291 5.306605 0.000000 -0.431513 103.875347 1.584462 -6.462699 -0.083436 
1292 5.454095 0.000000 -0.431513 103.875347 1.584462 -6.462699 -0.083436 
1293 5.454095 0.000000 -0.575877 103.875347 1.584462 -6.462699 -0.083436 
1294 5.601585 0.000000 -0.431513 103.861267 1.698144 -8.026975 -0.085448 
1295 4.790391 0.000000 -0.214969 103.860287 1.463421 -5.470939 -0.081903 
1296 4.790391 0.000000 -0.287150 103.860287 1.463421 -5.470939 -0.081903 
1297 4.790391 0.000000 -0.142787 103.860287 1.463421 -5.470939 -0.081903 
1298 4.790391 0.000000 -0.070606 103.860287 1.463421 -5.470939 -0.081903 
1299 4.864136 0.000000 -0.070606 103.860287 1.463421 -5.470939 -0.081903 
1300 4.790391 0.000000 0.001576 103.860287 1.463421 -5.470939 -0.081903 
1301 6.486524 0.000000 0.290302 103.567973 1.894874 -12.885294 -0.089595 
1302 6.781504 0.000000 0.290302 102.597661 2.043239 -18.523752 -0.087358 
1303 6.486524 0.000000 0.579028 103.166460 1.976158 -15.778909 -0.089620 
1304 5.159115 0.000000 0.145939 103.875347 1.584462 -6.462699 -0.083436 
1305 5.306605 0.000000 0.145939 103.875347 1.584462 -6.462699 -0.083436 
1306 5.159115 0.000000 0.290302 103.875347 1.584462 -6.462699 -0.083436 
1307 5.454095 0.000000 0.145939 103.875347 1.584462 -6.462699 -0.083436 
1308 5.601585 0.000000 0.145939 103.861267 1.698144 -8.026975 -0.085448 
1309 5.454095 0.000000 0.290302 103.875347 1.584462 -6.462699 -0.083436 
1310 5.749075 0.000000 -0.431513 103.861267 1.698144 -8.026975 -0.085448 
1311 5.749075 0.000000 -0.575877 103.861267 1.698144 -8.026975 -0.085448 
1312 6.044055 0.000000 -0.142787 103.782047 1.802470 -10.215688 -0.087832 
1313 6.191545 0.000000 -0.142787 103.782047 1.802470 -10.215688 -0.087832 
1314 6.044055 0.000000 0.001576 103.782047 1.802470 -10.215688 -0.087832 
1315 5.749075 0.000000 0.145939 103.861267 1.698144 -8.026975 -0.085448 
1316 5.896565 0.000000 0.145939 103.861267 1.698144 -8.026975 -0.085448 
1317 5.749075 0.000000 0.290302 103.861267 1.698144 -8.026975 -0.085448 
1318 6.044055 0.000000 0.145939 103.782047 1.802470 -10.215688 -0.087832 
1319 6.191545 0.000000 0.145939 103.782047 1.802470 -10.215688 -0.087832 
1320 6.044055 0.000000 0.290302 103.782047 1.802470 -10.215688 -0.087832 
1321 9.731302 0.000000 -1.730781 104.459325 7.964205 -1.032254 -0.097624 
1322 9.731302 0.000000 -2.308233 104.282115 7.520635 -0.152937 -0.093134 
1323 10.321261 0.000000 -1.730781 104.290561 8.305274 -0.843988 -0.094621 
1324 7.666443 0.000000 -0.864603 104.820458 7.871424 -4.136441 -0.106640 
1325 7.666443 0.000000 -1.153329 104.787319 7.162917 -2.938951 -0.104033 
1326 6.339034 0.000000 -0.431513 103.567973 1.894874 -12.885294 -0.089595 
1327 6.339034 0.000000 -0.575877 103.567973 1.894874 -12.885294 -0.089595 
1328 6.339034 0.000000 -0.287150 103.567973 1.894874 -12.885294 -0.089595 
1329 6.339034 0.000000 -0.142787 103.567973 1.894874 -12.885294 -0.089595 
1330 6.486524 0.000000 -0.142787 103.567973 1.894874 -12.885294 -0.089595 
1331 6.339034 0.000000 0.001576 103.567973 1.894874 -12.885294 -0.089595 
1332 7.076484 0.000000 0.290302 105.594948 3.324049 -4.783917 -0.118423 
1333 7.371464 0.000000 0.290302 105.565796 3.689722 -4.632308 -0.117921 
1334 7.076484 0.000000 0.579028 105.740695 3.646827 -4.759931 -0.121705 
1335 7.666443 0.000000 0.290302 105.529597 4.035945 -4.498486 -0.117302 
1336 7.961423 0.000000 0.290302 105.485780 4.360134 -4.379868 -0.116544 
1337 7.666443 0.000000 0.579028 105.644374 4.325200 -4.515432 -0.119983 
1338 6.928994 0.000000 -0.431513 104.444751 5.713759 -9.930984 -0.103998 
1339 6.928994 0.000000 -0.575877 104.532596 8.025719 -7.024729 -0.104082 
1340 6.928994 0.000000 -0.287150 101.913162 2.103397 -20.961386 -0.083010 
1341 8.846362 0.000000 -0.864603 105.058394 8.790933 -3.638993 -0.112779 
1342 8.846362 0.000000 -1.153329 104.856729 8.106374 -2.500302 -0.106690 
1343 9.141342 0.000000 -0.864603 105.017681 8.985671 -3.344128 -0.112064 
1344 8.256403 0.000000 0.290302 105.434278 4.658613 -4.275792 -0.115637 
1345 8.551383 0.000000 0.290302 105.383125 4.936745 -4.175804 -0.114741 
1346 8.256403 0.000000 0.579028 105.535913 4.957481 -4.305916 -0.118095 
1347 8.846362 0.000000 0.290302 105.314031 5.177562 -4.100111 -0.113466 
1348 9.141342 0.000000 0.290302 105.235555 5.390102 -4.037294 -0.111987 
1349 8.846362 0.000000 0.579028 105.387685 5.513739 -4.137738 -0.115409 
1350 10.911221 0.000000 -1.730781 104.088414 8.611656 -0.670001 -0.090901 
1351 10.911221 0.000000 -2.308233 103.933745 8.153514 0.169227 -0.086873 
1352 11.501180 0.000000 -1.730781 103.862745 8.883916 -0.510851 -0.086665 
1353 12.091140 0.000000 -1.730781 103.621670 9.122866 -0.366089 -0.082081 
1354 12.091140 0.000000 -2.308233 103.492693 8.648764 0.447178 -0.078574 
1355 12.681099 0.000000 -1.730781 103.372583 9.327973 -0.235718 -0.077296 
1356 9.436322 0.000000 -0.864603 104.942084 9.145475 -3.078796 -0.110596 
1357 9.436322 0.000000 -1.153329 104.755913 8.475220 -2.197077 -0.105046 
1358 9.731302 0.000000 -0.864603 104.848532 9.287652 -2.841524 -0.108755 
1359 10.026281 0.000000 -0.864603 104.743127 9.418351 -2.631513 -0.106675 
1360 10.026281 0.000000 -1.153329 104.588835 8.801820 -1.923524 -0.102000 
1361 10.321261 0.000000 -0.864603 104.628878 9.541522 -2.446066 -0.104423 
1362 9.436322 0.000000 0.290302 105.147883 5.575354 -3.985910 -0.110305 
1363 9.731302 0.000000 0.290302 105.050819 5.734276 -3.945348 -0.108412 
1364 9.436322 0.000000 0.579028 105.206485 5.997151 -3.993837 -0.112032 
1365 10.026281 0.000000 0.290302 104.945114 5.866317 -3.915254 -0.106322 
1366 10.321261 0.000000 0.290302 104.830951 5.970609 -3.895031 -0.104035 
1367 10.026281 0.000000 0.579028 104.991888 6.410168 -3.867955 -0.107935 
1368 10.616241 0.000000 -0.864603 104.508015 9.659647 -2.282246 -0.102044 
1369 10.616241 0.000000 -1.153329 104.381053 9.098055 -1.685874 -0.098102 
1370 10.911221 0.000000 -0.864603 104.382166 9.773869 -2.136736 -0.099573 
1371 11.206200 0.000000 -0.864603 104.256860 9.893074 -1.993520 -0.097134 
1372 11.206200 0.000000 -1.153329 104.146497 9.367508 -1.479929 -0.093643 
1373 11.501180 0.000000 -0.864603 104.123633 9.999375 -1.875504 -0.094524 
1374 10.616241 0.000000 0.290302 104.709004 6.046485 -3.883837 -0.101562 
1375 10.911221 0.000000 0.290302 104.580392 6.093187 -3.880841 -0.098925 
1376 10.616241 0.000000 0.579028 104.747308 6.754365 -3.753881 -0.103171 
1377 11.206200 0.000000 0.290302 104.446461 6.109120 -3.886151 -0.096149 
1378 11.501180 0.000000 0.290302 104.308125 6.092466 -3.900360 -0.093252 
1379 11.206200 0.000000 0.579028 104.478830 7.032027 -3.646355 -0.097857 
1380 13.271059 0.000000 -1.730781 103.122064 9.502790 -0.117432 -0.072448 
1381 13.271059 0.000000 -2.308233 103.081324 8.971286 0.650648 -0.070667 
1382 13.861018 0.000000 -1.730781 102.936465 9.607845 -0.032990 -0.068823 
1383 14.450978 0.000000 -1.730781 102.863848 9.711792 1.067706 -0.067643 
1384 14.450978 0.000000 -2.308233 102.835052 9.207064 1.829778 -0.066317 
1385 15.040937 0.000000 -1.730781 102.617270 9.805113 1.147032 -0.062776 
1386 11.796160 0.000000 -0.864603 103.987792 10.101395 -1.767817 -0.091862 
1387 11.796160 0.000000 -1.153329 103.894395 9.609869 -1.299793 -0.088808 
1388 12.091140 0.000000 -0.864603 103.850379 10.197860 -1.669616 -0.089169 
1389 11.796160 0.000000 0.290302 104.166071 6.040595 -3.923862 -0.090246 
1390 12.091140 0.000000 0.290302 104.021151 5.950830 -3.956796 -0.087147 
1391 11.796160 0.000000 0.579028 104.193648 7.245598 -3.542332 -0.092136 
1392 15.335917 0.000000 0.290302 102.451603 1.155521 -3.732973 -0.051160 
1393 15.335917 0.000000 0.001576 102.708300 16.888848 -2.350039 -0.083975 
1394 15.335917 0.000000 0.579028 102.484083 7.413708 -1.893626 -0.056154 
1395 15.925877 0.000000 -0.287150 102.286500 12.496073 -0.713345 -0.061919 
1396 15.630897 0.000000 -0.287150 102.410135 12.516493 -0.768907 -0.064509 
1397 15.925877 0.000000 -0.575877 102.265600 11.441713 -0.282482 -0.058925 
1398 15.335917 0.000000 -0.287150 102.577399 12.512422 -0.852089 -0.067941 
1399 15.040937 0.000000 -0.287150 102.710444 12.526465 -0.927081 -0.070721 
1400 15.335917 0.000000 -0.575877 102.547394 11.393600 -0.378592 -0.064593 
1401 -110.030480 0.000000 -110.869255 99.864834 0.000711 5.802824 -0.000666 
1402 -147.787889 0.000000 -110.869255 99.851400 0.000214 5.802018 -0.000397 
1403 -110.030480 0.000000 -147.826199 99.859687 -0.000409 5.811459 -0.000573 
1404 -53.394366 0.000000 -55.433840 99.949883 0.022360 5.769496 -0.002327 
1405 -72.273071 0.000000 -55.433840 99.903344 0.013623 5.767910 -0.001395 
1406 -53.394366 0.000000 -73.912312 99.934959 0.018949 5.802034 -0.002066 
1407 -25.076310 0.000000 -27.716132 100.206068 0.069915 5.612285 -0.007276 
1408 -34.515662 0.000000 -27.716132 100.059466 0.044257 5.623459 -0.004352 
1409 -25.076310 0.000000 -36.955368 100.170737 0.073366 5.729353 -0.006701 
1410 31.559804 0.000000 27.719283 98.955586 -4.339456 8.160112 0.012237 
1411 22.120451 0.000000 27.719283 98.578531 -3.730462 8.003517 0.020430 
1412 31.559804 0.000000 36.958519 99.099812 -1.762689 7.895012 0.011379 
1413 12.681099 0.000000 27.719283 97.823769 -2.879173 7.686892 0.036313 
1414 3.241747 0.000000 27.719283 97.676129 -1.807975 6.856427 0.040909 
1415 12.681099 0.000000 36.958519 98.713476 -1.160072 7.256004 0.020165 
1416 -6.197605 0.000000 27.719283 98.341517 -0.924739 6.211157 0.028951 
1417 -15.636957 0.000000 27.719283 98.822929 -0.397416 5.859184 0.019954 
1418 -6.197605 0.000000 36.958519 98.824668 -0.464120 6.307268 0.019369 
1419 -25.076310 0.000000 27.719283 99.185630 -0.175045 5.713103 0.012954 
1420 -34.515662 0.000000 27.719283 99.432890 -0.074552 5.675076 0.008089 
1421 -25.076310 0.000000 36.958519 99.288855 -0.130959 5.828585 0.010773 
1422 -10.917281 0.000000 -13.857278 101.081205 0.200029 4.574378 -0.023837 
1423 -15.636957 0.000000 -13.857278 100.656698 0.106807 4.722460 -0.015408 
1424 -10.917281 0.000000 -18.476896 101.068797 0.252673 5.027008 -0.024024 
1425 -3.837767 0.000000 -6.927851 102.060140 0.082766 3.350356 -0.042750 
1426 -6.197605 0.000000 -6.927851 101.523065 -0.088092 3.491438 -0.031913 
1427 -3.837767 0.000000 -9.237660 102.191477 0.251991 3.911188 -0.045846 
1428 -0.298010 0.000000 -3.463138 101.998348 0.366710 2.691749 -0.041104 
1429 -1.477929 0.000000 -3.463138 102.137040 -0.081575 2.271657 -0.043714 
1430 -0.298010 0.000000 -4.618042 102.176402 0.484464 2.952074 -0.044897 
1431 1.471868 0.000000 -1.730781 103.030964 0.171505 2.394466 -0.062114 
1432 0.881909 0.000000 -1.730781 102.791490 -0.021370 2.277731 -0.057128 
1433 1.471868 0.000000 -2.308233 102.791490 -0.021370 2.277731 -0.057128 
1434 2.946767 0.000000 -0.864603 103.265677 0.681182 -1.546207 -0.066665 
1435 2.651788 0.000000 -0.864603 103.265677 0.681182 -1.546207 -0.066665 
1436 2.946767 0.000000 -1.153329 103.265677 0.681182 -1.546207 -0.066665 
1437 -2.657848 0.000000 -3.463138 101.890380 -0.266278 2.420323 -0.038758 
1438 -3.837767 0.000000 -3.463138 101.592840 -0.400794 2.535736 -0.032770 
1439 -2.657848 0.000000 -4.618042 102.118344 -0.072567 2.666208 -0.043527 
1440 0.291949 0.000000 -1.730781 102.671067 -0.101057 2.378525 -0.054702 
1441 -0.298010 0.000000 -1.730781 102.543875 -0.166757 2.697322 -0.052255 
1442 0.291949 0.000000 -2.308233 102.543875 -0.166757 2.697322 -0.052255 
1443 24.480290 0.000000 -6.927851 100.713061 5.562419 5.814921 -0.020787 
1444 24.480290 0.000000 -9.237660 100.802157 4.327326 6.924361 -0.022775 
1445 26.840128 0.000000 -6.927851 100.505885 5.424389 5.728370 -0.016367 
1446 29.199966 0.000000 -2.308233 100.247122 8.500404 1.707591 -0.012466 
1447 29.199966 0.000000 -4.618042 100.291632 6.761858 3.991180 -0.012006 
1448 31.559804 0.000000 -2.308233 100.178478 8.303688 1.680109 -0.010750 
1449 18.580694 0.000000 -3.463138 101.439657 8.469506 3.221826 -0.037212 
1450 18.580694 0.000000 -4.618042 101.488078 7.516051 4.329158 -0.037506 
1451 19.760613 0.000000 -3.463138 101.182194 8.408800 3.222570 -0.031893 
1452 15.630897 0.000000 -1.730781 102.347155 9.889471 1.232048 -0.057426 
1453 15.630897 0.000000 -2.308233 102.334698 9.375071 1.983530 -0.056422 
1454 16.220856 0.000000 -1.730781 102.124109 9.928370 1.277879 -0.052954 
1455 16.810816 0.000000 -1.730781 101.919723 9.952253 1.313852 -0.048840 
1456 16.810816 0.000000 -2.308233 101.919293 9.435354 2.055234 -0.048079 
1457 17.400775 0.000000 -1.730781 101.730688 9.958947 1.338660 -0.045011 
1458 33.919642 0.000000 -2.308233 100.134790 8.126876 1.674481 -0.009583 
1459 33.919642 0.000000 -4.618042 100.142830 6.449601 3.898944 -0.008539 
1460 36.279480 0.000000 -2.308233 100.089256 7.966219 1.349149 -0.008314 
1461 74.036889 0.000000 13.860430 100.638505 -4.731880 -9.248424 -0.023603 
1462 69.317213 0.000000 13.860430 100.598494 -5.301138 -8.841306 -0.022633 
1463 74.036889 0.000000 18.480048 100.135579 -10.089439 -0.883809 -0.012971 
1464 64.597536 0.000000 13.860430 100.551621 -5.840607 -8.402303 -0.021534 
1465 59.877860 0.000000 13.860430 100.496105 -6.346799 -7.933336 -0.020269 
1466 64.597536 0.000000 18.480048 100.033081 -10.141105 0.118282 -0.010947 
1467 85.836079 0.000000 6.931003 100.545495 8.900345 -6.890643 -0.023609 
1468 83.476241 0.000000 6.931003 100.552233 8.866600 -7.051216 -0.023909 
1469 85.836079 0.000000 9.240812 100.698320 6.946664 -9.618782 -0.028093 
1470 81.116403 0.000000 6.931003 100.558647 8.822376 -7.211923 -0.024189 
1471 78.756565 0.000000 6.931003 100.564670 8.767771 -7.372494 -0.024448 
1472 81.116403 0.000000 9.240812 100.707026 6.526202 -9.883396 -0.028218 
1473 102.354945 0.000000 -13.857278 99.766317 1.848113 7.242829 -0.000919 
1474 102.354945 0.000000 -18.476896 99.771282 1.345011 7.267542 -0.000894 
1475 107.074622 0.000000 -13.857278 99.764071 1.812089 7.245415 -0.000865 
1476 111.794298 0.000000 -13.857278 99.762172 1.777023 7.247558 -0.000818 
1477 111.794298 0.000000 -18.476896 99.767122 1.299201 7.247617 -0.000769 
1478 116.513974 0.000000 -13.857278 99.760564 1.742879 7.249209 -0.000776 
1479 121.233650 0.000000 -13.857278 99.759198 1.709624 7.250337 -0.000739 
1480 121.233650 0.000000 -18.476896 99.764365 1.255324 7.228611 -0.000676 
1481 125.953326 0.000000 -13.857278 99.758040 1.677226 7.250924 -0.000706 
1482 130.673002 0.000000 -4.618042 99.819493 3.488389 6.066048 -0.001290 
1483 130.673002 0.000000 -9.237660 99.767460 2.322148 7.016653 -0.000817 
1484 135.392678 0.000000 -4.618042 99.814290 3.397782 6.152339 -0.001229 
1485 128.313164 0.000000 2.311385 100.079444 7.240145 1.512193 -0.007060 
1486 128.313164 0.000000 0.001576 99.963368 5.697672 3.535963 -0.003764 
1487 130.673002 0.000000 2.311385 100.071751 7.141244 1.647767 -0.006807 
1488 133.032840 0.000000 2.311385 100.064171 7.043088 1.781109 -0.006562 
1489 133.032840 0.000000 0.001576 99.951913 5.534055 3.736038 -0.003497 
1490 135.392678 0.000000 2.311385 100.056701 6.945723 1.912262 -0.006324 
1491 140.112354 0.000000 -4.618042 99.809378 3.310466 6.233881 -0.001173 
1492 140.112354 0.000000 -9.237660 99.763700 2.223362 7.064275 -0.000764 
1493 144.832030 0.000000 -4.618042 99.804745 3.226312 6.310826 -0.001122 
1494 137.752516 0.000000 2.311385 100.049343 6.849192 2.041266 -0.006095 
1495 137.752516 0.000000 0.001576 99.940837 5.374969 3.928940 -0.003250 
1496 140.112354 0.000000 2.311385 100.042094 6.753531 2.168158 -0.005873 
1497 142.472192 0.000000 2.311385 100.034954 6.658777 2.292974 -0.005659 
1498 142.472192 0.000000 0.001576 99.930146 5.220451 4.114696 -0.003022 
1499 144.832030 0.000000 2.311385 100.027922 6.564959 2.415744 -0.005452 
1500 149.551707 0.000000 -4.618042 99.800381 3.145194 6.383328 -0.001076 
1501 149.551707 0.000000 -9.237660 99.760583 2.130531 7.104360 -0.000719 
1502 154.271383 0.000000 -4.618042 99.796277 3.066988 6.451549 -0.001033 
1503 147.191868 0.000000 2.311385 100.020998 6.472105 2.536497 -0.005252 
1504 147.191868 0.000000 0.001576 99.919844 5.070520 4.293340 -0.002812 
1505 149.551707 0.000000 2.311385 100.014181 6.380240 2.655258 -0.005059 
1506 151.911545 0.000000 2.311385 100.007470 6.289385 2.772049 -0.004873 
1507 151.911545 0.000000 0.001576 99.909933 4.925176 4.464920 -0.002619 
1508 154.271383 0.000000 2.311385 100.000866 6.199562 2.886889 -0.004694 
1509 4.937881 0.000000 -0.070606 103.860287 1.463421 -5.470939 -0.081903 
1510 5.011626 0.000000 -0.070606 103.860287 1.463421 -5.470939 -0.081903 
1511 4.937881 0.000000 0.001576 103.860287 1.463421 -5.470939 -0.081903 
1512 6.634014 0.000000 -0.142787 103.166460 1.976158 -15.778909 -0.089620 
1513 6.781504 0.000000 -0.142787 102.597661 2.043239 -18.523752 -0.087358 
1514 6.634014 0.000000 0.001576 103.166460 1.976158 -15.778909 -0.089620 
1515 6.928994 0.000000 -0.142787 101.913162 2.103397 -20.961386 -0.083010 
1516 7.076484 0.000000 -0.142787 105.261852 2.109301 -5.999224 -0.112050 
1517 6.928994 0.000000 0.001576 101.913162 2.103397 -20.961386 -0.083010 
1518 14.745958 0.000000 -0.287150 102.848026 12.540253 -1.013356 -0.073600 
1519 14.450978 0.000000 -0.287150 102.961237 12.558542 -2.138306 -0.076331 
1520 14.745958 0.000000 -0.575877 102.807077 11.342794 -0.477358 -0.069818 
1521 14.155998 0.000000 -0.287150 103.104328 12.587622 -2.248977 -0.079401 
1522 13.861018 0.000000 -0.287150 103.186831 12.653668 -2.375987 -0.081328 
1523 14.155998 0.000000 -0.575877 103.020354 11.279028 -1.624468 -0.074305 
1524 4.790391 0.000000 0.073757 103.860287 1.463421 -5.470939 -0.081903 
1525 4.864136 0.000000 0.073757 103.860287 1.463421 -5.470939 -0.081903 
1526 4.790391 0.000000 0.145939 103.860287 1.463421 -5.470939 -0.081903 
1527 4.937881 0.000000 0.073757 103.860287 1.463421 -5.470939 -0.081903 
1528 5.011626 0.000000 0.073757 103.860287 1.463421 -5.470939 -0.081903 
1529 4.937881 0.000000 0.145939 103.860287 1.463421 -5.470939 -0.081903 
1530 6.339034 0.000000 0.145939 103.567973 1.894874 -12.885294 -0.089595 
1531 6.486524 0.000000 0.145939 103.567973 1.894874 -12.885294 -0.089595 
1532 6.339034 0.000000 0.290302 103.567973 1.894874 -12.885294 -0.089595 
1533 6.634014 0.000000 0.145939 103.166460 1.976158 -15.778909 -0.089620 
1534 6.781504 0.000000 0.145939 102.597661 2.043239 -18.523752 -0.087358 
1535 6.634014 0.000000 0.290302 103.166460 1.976158 -15.778909 -0.089620 
1536 6.928994 0.000000 0.145939 101.913162 2.103397 -20.961386 -0.083010 
1537 7.076484 0.000000 0.145939 105.510967 3.039963 -4.894348 -0.116576 
1538 6.928994 0.000000 0.290302 105.607256 3.134378 -4.867779 -0.118641 
1539 2.356808 0.000000 -0.864603 103.265677 0.681182 -1.546207 -0.066665 
1540 2.061828 0.000000 -0.864603 103.265677 0.681182 -1.546207 -0.066665 
1541 2.356808 0.000000 -1.153329 103.265677 0.681182 -1.546207 -0.066665 
1542 -0.887970 0.000000 -1.730781 102.250744 -0.259304 3.977473 -0.047110 
1543 -1.477929 0.000000 -1.730781 101.768415 -0.301001 7.078297 -0.040700 
1544 -0.887970 0.000000 -2.308233 101.234380 -0.306037 11.736417 -0.038624 
1545 29.199966 0.000000 -6.927851 100.351242 5.290865 5.648229 -0.013027 
1546 29.199966 0.000000 -9.237660 100.414584 4.143790 6.768779 -0.014608 
1547 31.559804 0.000000 -6.927851 100.238110 5.165372 5.582373 -0.010552 
1548 17.990735 0.000000 -1.730781 101.556188 9.954543 1.318086 -0.041449 
1549 17.990735 0.000000 -2.308233 101.565046 9.441211 2.050841 -0.040880 
1550 18.580694 0.000000 -1.730781 101.397858 9.939284 1.288906 -0.038198 
1551 55.158184 0.000000 13.860430 100.423189 -6.820595 -7.441540 -0.018671 
1552 50.438508 0.000000 13.860430 100.345785 -7.239599 -6.921659 -0.016960 
1553 55.158184 0.000000 18.480048 99.896806 -10.093832 1.071478 -0.008241 
1554 45.718832 0.000000 13.860430 100.243989 -7.615670 -6.375495 -0.014750 
1555 40.999156 0.000000 13.860430 100.115573 -7.929051 -5.805370 -0.011970 
1556 45.718832 0.000000 18.480048 99.714028 -9.920583 1.977495 -0.004522 
1557 33.919642 0.000000 -6.927851 100.162767 5.050854 5.527532 -0.008864 
1558 33.919642 0.000000 -9.237660 100.211154 3.967501 6.685064 -0.010271 
1559 36.279480 0.000000 -6.927851 100.024302 4.937622 5.173250 -0.005600 
1560 38.639318 0.000000 -2.308233 100.073082 7.821225 1.420163 -0.007781 
1561 38.639318 0.000000 -4.618042 100.016644 6.186216 3.590310 -0.005449 
1562 40.999156 0.000000 -2.308233 100.062664 7.686678 1.501189 -0.007388 
1563 43.358994 0.000000 -2.308233 100.055210 7.560473 1.589739 -0.007073 
1564 43.358994 0.000000 -4.618042 99.983772 5.965320 3.691375 -0.004597 
1565 45.718832 0.000000 -2.308233 100.049467 7.440788 1.684153 -0.006810 
1566 76.396727 0.000000 6.931003 100.570225 8.702870 -7.532623 -0.024685 
1567 74.036889 0.000000 6.931003 100.575221 8.627756 -7.691970 -0.024898 
1568 76.396727 0.000000 9.240812 100.712585 6.069509 -10.125581 -0.028239 
1569 71.677051 0.000000 6.931003 100.579551 8.542515 -7.850158 -0.025085 
1570 69.317213 0.000000 6.931003 100.583093 8.447249 -8.006772 -0.025242 
1571 71.677051 0.000000 9.240812 100.714152 5.578733 -10.341709 -0.028141 
1572 130.673002 0.000000 -13.857278 99.757060 1.645655 7.250964 -0.000676 
1573 130.673002 0.000000 -18.476896 99.762565 1.213299 7.210093 -0.000603 
1574 135.392678 0.000000 -13.857278 99.756234 1.614882 7.250461 -0.000648 
1575 140.112354 0.000000 -13.857278 99.755542 1.584882 7.249421 -0.000623 
1576 140.112354 0.000000 -18.476896 99.761436 1.173046 7.191802 -0.000544 
1577 144.832030 0.000000 -13.857278 99.754968 1.555628 7.247859 -0.000601 
1578 149.551707 0.000000 -13.857278 99.754498 1.527095 7.245791 -0.000579 
1579 149.551707 0.000000 -18.476896 99.760792 1.134483 7.173587 -0.000496 
1580 154.271383 0.000000 -13.857278 99.754121 1.499261 7.243234 -0.000560 
1581 7.223974 0.000000 -0.142787 105.275023 2.368775 -5.809701 -0.112219 
1582 7.371464 0.000000 -0.142787 105.283284 2.612410 -5.640649 -0.112321 
1583 7.223974 0.000000 0.001576 105.409370 2.852363 -5.084328 -0.114512 
1584 13.566039 0.000000 -0.287150 103.341228 12.687032 -2.536986 -0.084681 
1585 13.271059 0.000000 -0.287150 103.500541 12.724615 -2.730250 -0.088173 
1586 13.566039 0.000000 -0.575877 103.232314 11.238067 -1.761976 -0.078631 
1587 7.223974 0.000000 0.145939 105.502758 3.239206 -4.805634 -0.116442 
1588 7.371464 0.000000 0.145939 105.492319 3.431693 -4.722828 -0.116271 
1589 7.223974 0.000000 0.290302 105.581185 3.509209 -4.705648 -0.118184 
1 67 69 51 70 
2 68 67 70 52 
3 76 68 52 78 
4 77 76 78 60 
5 83 85 67 86 
6 84 83 86 68 
7 92 84 68 94 
8 93 92 94 76 
9 99 101 83 102 
10 100 99 102 84 
11 108 100 84 110 
12 109 108 110 92 
13 115 117 99 118 
14 116 115 118 100 
15 152 116 100 154 
16 153 152 154 108 
17 155 157 115 158 
18 156 155 158 116 
19 164 156 116 167 
20 165 164 167 152 
21 5 170 168 169 
22 170 123 171 168 
23 168 171 155 172 
24 169 168 172 156 
25 6 175 173 174 
26 175 18 45 173 
27 173 45 28 176 
28 174 173 176 29 
29 18 179 177 178 
30 179 34 61 177 
31 177 61 44 180 
32 178 177 180 45 
33 34 183 181 182 
34 183 50 77 181 
35 181 77 60 184 
36 182 181 184 61 
37 50 187 185 186 
38 187 66 93 185 
39 185 93 76 188 
40 186 185 188 77 
41 66 191 189 190 
42 189 109 92 192 
43 190 189 192 93 
44 193 153 108 196 
45 194 193 196 109 
46 98 199 197 198 
47 199 114 165 197 
48 197 165 152 200 
49 198 197 200 153 
50 114 206 204 205 
51 206 166 207 204 
52 204 207 164 208 
53 205 204 208 165 
54 16 211 209 210 
55 211 15 32 209 
56 209 32 18 175 
57 210 209 175 6 
58 32 214 212 213 
59 214 31 48 212 
60 212 48 34 179 
61 213 212 179 18 
62 48 217 215 216 
63 217 47 64 215 
64 215 64 50 183 
65 216 215 183 34 
66 64 220 218 219 
67 220 63 80 218 
68 218 80 66 187 
69 219 218 187 50 
70 80 223 221 222 
71 222 221 191 66 
72 112 229 227 228 
73 229 111 202 227 
74 227 202 114 199 
75 228 227 199 98 
76 224 232 230 231 
77 232 112 228 230 
78 234 198 153 236 
79 235 234 236 193 
80 230 239 237 238 
81 239 228 240 237 
82 237 240 98 241 
83 221 244 242 243 
84 244 96 225 242 
85 242 225 82 245 
86 243 242 245 191 
87 225 248 246 247 
88 248 224 231 246 
89 247 246 249 82 
90 231 252 250 251 
91 252 230 238 250 
92 241 98 256 254 
93 254 256 198 257 
94 255 254 257 234 
95 238 260 258 259 
96 260 237 261 258 
97 258 261 241 262 
98 259 258 262 233 
99 191 245 263 264 
100 245 82 194 263 
101 263 194 109 265 
102 264 263 265 189 
103 82 249 266 267 
104 266 235 193 268 
105 267 266 268 194 
106 269 255 234 271 
107 270 269 271 235 
108 274 233 275 272 
109 272 275 255 276 
110 273 272 276 269 
111 249 279 277 278 
112 279 195 270 277 
113 277 270 235 280 
114 278 277 280 266 
115 195 283 281 282 
116 283 253 273 281 
117 281 273 269 284 
118 282 281 284 270 
119 250 287 285 286 
120 287 238 259 285 
121 285 259 233 274 
122 286 285 274 253 
123 253 290 288 289 
124 290 274 291 288 
125 288 291 272 292 
126 289 288 292 273 
127 120 295 293 294 
128 295 119 160 293 
129 293 160 123 170 
130 294 293 170 5 
131 302 303 53 304 
132 69 302 304 51 
133 305 306 69 307 
134 85 305 307 67 
135 308 309 85 310 
136 101 308 310 83 
137 311 312 101 313 
138 117 311 313 99 
139 314 315 117 316 
140 157 314 316 115 
141 317 318 157 319 
142 171 317 319 155 
143 160 322 320 321 
144 321 320 324 123 
145 123 324 333 334 
146 333 335 317 336 
147 334 333 336 171 
148 320 339 337 338 
149 339 323 340 337 
150 337 340 163 341 
151 338 337 341 324 
152 342 344 302 345 
153 306 342 345 69 
154 348 43 349 346 
155 346 349 306 350 
156 347 346 350 305 
157 351 347 305 353 
158 309 351 353 85 
159 359 138 360 357 
160 357 360 43 348 
161 363 348 364 361 
162 361 364 346 365 
163 362 361 365 347 
164 368 362 347 371 
165 369 368 371 351 
166 374 357 375 372 
167 372 375 348 363 
168 378 363 379 376 
169 376 379 361 380 
170 377 376 380 362 
171 384 377 362 387 
172 385 384 387 368 
173 373 390 388 389 
174 390 372 391 388 
175 388 391 363 378 
176 394 378 395 392 
177 392 395 376 396 
178 393 392 396 377 
179 381 399 397 398 
180 399 373 389 397 
181 386 402 400 401 
182 402 139 393 400 
183 400 393 377 403 
184 401 400 403 384 
185 389 406 404 405 
186 406 388 407 404 
187 404 407 378 394 
188 405 404 394 139 
189 139 410 408 409 
190 410 394 411 408 
191 408 411 392 412 
192 409 408 412 393 
193 43 414 413 349 
194 414 343 415 413 
195 413 415 342 416 
196 349 413 416 306 
197 421 423 303 424 
198 344 421 424 302 
199 343 426 425 415 
200 426 135 427 425 
201 425 427 344 428 
202 415 425 428 342 
203 433 134 434 432 
204 135 436 435 427 
205 436 422 437 435 
206 435 437 421 438 
207 427 435 438 344 
208 439 441 417 442 
209 423 439 442 303 
210 422 444 443 437 
211 444 27 445 443 
212 443 445 423 446 
213 437 443 446 421 
214 134 448 447 434 
215 448 429 449 447 
216 447 449 418 440 
217 27 451 450 445 
218 451 440 452 450 
219 450 452 439 453 
220 445 450 453 423 
221 462 464 419 465 
222 441 462 465 417 
223 440 467 466 452 
224 467 418 468 466 
225 466 468 441 469 
226 452 466 469 439 
227 429 477 476 449 
228 477 431 478 476 
229 476 478 131 463 
230 449 476 463 418 
231 418 480 479 468 
232 480 463 481 479 
233 479 481 462 482 
234 468 479 482 441 
235 483 485 458 486 
236 464 483 486 419 
237 463 488 487 481 
238 488 131 489 487 
239 487 489 464 490 
240 481 487 490 462 
241 431 492 491 478 
242 492 473 493 491 
243 491 493 459 484 
244 478 491 484 131 
245 484 504 502 503 
246 504 459 505 502 
247 502 505 485 506 
248 503 502 506 483 
249 473 511 510 493 
250 511 475 512 510 
251 510 512 14 499 
252 493 510 499 459 
253 459 514 513 505 
254 514 499 515 513 
255 513 515 498 516 
256 505 513 516 485 
257 499 522 521 515 
258 522 14 523 521 
259 521 523 500 524 
260 515 521 524 498 
261 475 526 525 512 
262 526 507 527 525 
263 525 527 495 518 
264 512 525 518 14 
265 14 529 528 523 
266 529 518 530 528 
267 528 530 517 531 
268 523 528 531 500 
269 518 545 544 530 
270 545 495 546 544 
271 544 546 519 547 
272 530 544 547 517 
273 507 555 554 527 
274 555 509 556 554 
275 554 556 455 541 
276 527 554 541 495 
277 495 558 557 546 
278 558 541 559 557 
279 557 559 540 560 
280 546 557 560 519 
281 19 298 565 566 
282 298 21 567 565 
283 565 567 3 568 
284 566 565 568 22 
285 37 457 569 570 
286 457 296 571 569 
287 569 571 298 572 
288 570 569 572 19 
289 300 497 573 574 
290 497 454 575 573 
291 573 575 457 576 
292 574 573 576 37 
293 494 543 577 578 
294 543 496 579 577 
295 577 579 454 580 
296 578 577 580 497 
297 540 583 581 582 
298 583 542 584 581 
299 581 584 496 585 
300 582 581 585 543 
301 454 539 586 575 
302 539 456 587 586 
303 586 587 296 588 
304 575 586 588 457 
305 496 564 589 579 
306 564 536 590 589 
307 589 590 539 591 
308 579 589 591 454 
309 542 593 592 584 
310 593 561 594 592 
311 592 594 564 595 
312 584 592 595 496 
313 561 605 604 594 
314 605 563 606 604 
315 604 606 536 607 
316 594 604 607 564 
317 536 603 608 590 
318 603 538 609 608 
319 608 609 456 610 
320 590 608 610 539 
321 563 612 611 606 
322 612 600 613 611 
323 611 613 603 614 
324 606 611 614 536 
325 600 623 622 613 
326 623 602 624 622 
327 622 624 538 625 
328 613 622 625 603 
329 296 535 626 571 
330 535 297 627 626 
331 626 627 21 628 
332 571 626 628 298 
333 456 599 629 587 
334 599 532 630 629 
335 629 630 535 631 
336 587 629 631 296 
337 538 621 632 609 
338 621 596 633 632 
339 632 633 599 634 
340 609 632 634 456 
341 602 636 635 624 
342 636 618 637 635 
343 635 637 621 638 
344 624 635 638 538 
345 618 648 647 637 
346 648 620 649 647 
347 647 649 596 650 
348 637 647 650 621 
349 596 646 658 633 
350 646 598 659 658 
351 658 659 532 660 
352 633 658 660 599 
353 643 663 661 662 
354 663 645 664 661 
355 661 664 598 665 
356 662 661 665 646 
357 532 642 666 630 
358 642 534 667 666 
359 666 667 297 668 
360 630 666 668 535 
361 598 657 669 659 
362 657 639 670 669 
363 669 670 642 671 
364 659 669 671 532 
365 645 673 672 664 
366 673 654 674 672 
367 672 674 657 675 
368 664 672 675 598 
369 654 681 680 674 
370 681 656 682 680 
371 680 682 639 683 
372 674 680 683 657 
373 639 679 684 670 
374 679 641 685 684 
375 684 685 534 686 
376 670 684 686 642 
377 656 688 687 682 
378 688 676 689 687 
379 687 689 679 690 
380 682 687 690 639 
381 676 692 691 689 
382 692 678 693 691 
383 691 693 641 694 
384 689 691 694 679 
385 695 696 314 697 
386 318 695 697 157 
387 698 699 318 700 
388 335 698 700 317 
389 705 707 698 708 
390 706 705 708 335 
391 340 711 709 710 
392 710 709 713 163 
393 7 716 714 715 
394 716 12 717 714 
395 714 717 10 25 
396 715 714 25 11 
397 11 720 718 719 
398 720 25 721 718 
399 718 721 23 41 
400 719 718 41 24 
401 24 724 722 723 
402 724 41 725 722 
403 722 725 39 57 
404 723 722 57 40 
405 40 728 726 727 
406 728 57 729 726 
407 726 729 55 73 
408 727 726 73 56 
409 56 732 730 731 
410 732 73 733 730 
411 730 733 71 89 
412 731 730 89 72 
413 72 736 734 735 
414 736 89 737 734 
415 734 737 87 105 
416 735 734 105 88 
417 88 740 738 739 
418 740 105 741 738 
419 738 741 103 121 
420 739 738 121 104 
421 121 744 742 743 
422 744 103 745 742 
423 742 745 122 161 
424 743 742 161 119 
425 161 748 746 747 
426 748 122 749 746 
427 746 749 162 330 
428 747 746 330 159 
429 159 752 750 751 
430 752 330 753 750 
431 750 753 329 702 
432 751 750 702 323 
433 323 756 754 755 
434 756 702 757 754 
435 754 757 701 711 
436 755 754 711 340 
437 763 331 764 762 
438 762 764 107 765 
439 767 703 768 766 
440 766 768 332 769 
441 711 772 770 771 
442 772 701 773 770 
443 771 770 774 709 
444 702 776 775 757 
445 776 329 777 775 
446 775 777 703 767 
447 757 775 767 701 
448 701 779 778 773 
449 779 767 780 778 
450 778 780 766 781 
451 773 778 781 712 
452 324 341 782 783 
453 341 163 706 782 
454 782 706 335 784 
455 783 782 784 333 
456 163 713 785 786 
457 713 704 787 785 
458 785 787 705 788 
459 786 785 788 706 
460 709 774 789 790 
461 774 712 791 789 
462 789 791 704 792 
463 790 789 792 713 
464 770 795 793 794 
465 795 773 796 793 
466 793 796 712 797 
467 794 793 797 774 
468 798 799 695 800 
469 699 798 800 318 
470 765 107 802 801 
471 801 802 699 803 
472 707 801 803 698 
473 703 805 804 768 
474 805 762 806 804 
475 804 806 765 807 
476 768 804 807 332 
477 331 809 808 764 
478 809 758 810 808 
479 808 810 761 811 
480 764 808 811 107 
481 758 825 824 810 
482 825 760 826 824 
483 824 826 328 827 
484 810 824 827 761 
485 105 829 828 741 
486 829 87 830 828 
487 828 830 106 149 
488 741 828 149 103 
489 103 832 831 745 
490 832 149 833 831 
491 831 833 148 326 
492 745 831 326 122 
493 326 836 834 835 
494 836 148 837 834 
495 834 837 327 821 
496 835 834 821 325 
497 838 839 311 840 
498 315 838 840 117 
499 841 842 315 843 
500 696 841 843 314 
501 327 845 844 822 
502 845 816 846 844 
503 844 846 819 847 
504 822 844 847 151 
505 821 850 848 849 
506 850 327 851 848 
507 848 851 822 852 
508 849 848 852 820 
509 816 858 857 846 
510 858 818 859 857 
511 857 859 91 860 
512 846 857 860 819 
513 861 862 838 863 
514 842 861 863 315 
515 818 865 864 859 
516 865 853 866 864 
517 864 866 856 867 
518 859 864 867 91 
519 89 869 868 737 
520 869 71 870 868 
521 868 870 90 145 
522 737 868 145 87 
523 87 872 871 830 
524 872 145 873 871 
525 871 873 144 813 
526 830 871 813 106 
527 106 876 874 875 
528 876 813 877 874 
529 874 877 812 854 
530 875 874 854 150 
531 854 892 890 891 
532 892 812 893 890 
533 890 893 855 894 
534 891 890 894 853 
535 813 896 895 877 
536 896 144 897 895 
537 895 897 814 887 
538 877 895 887 812 
539 898 899 308 900 
540 312 898 900 101 
541 901 902 312 903 
542 839 901 903 311 
543 887 910 908 909 
544 910 814 911 908 
545 908 911 888 912 
546 909 908 912 886 
547 145 914 913 873 
548 914 90 915 913 
549 913 915 146 883 
550 873 913 883 144 
551 144 917 916 897 
552 917 883 918 916 
553 916 918 882 905 
554 897 916 905 814 
555 882 924 923 906 
556 924 884 925 923 
557 923 925 75 926 
558 906 923 926 885 
559 905 929 927 928 
560 929 882 930 927 
561 927 930 906 931 
562 928 927 931 904 
563 932 933 898 934 
564 902 932 934 312 
565 936 919 937 935 
566 935 937 922 938 
567 925 935 938 75 
568 73 940 939 733 
569 940 55 941 939 
570 939 941 74 141 
571 733 939 141 71 
572 71 943 942 870 
573 943 141 944 942 
574 942 944 140 879 
575 870 942 879 90 
576 90 946 945 915 
577 946 879 947 945 
578 945 947 878 920 
579 915 945 920 146 
580 146 950 948 949 
581 950 920 951 948 
582 948 951 919 936 
583 949 948 936 884 
584 884 954 952 953 
585 954 936 955 952 
586 952 955 935 956 
587 953 952 956 925 
588 919 966 965 937 
589 966 921 967 965 
590 965 967 881 968 
591 937 965 968 922 
592 969 970 309 971 
593 899 969 971 308 
594 972 973 899 974 
595 933 972 974 898 
596 921 976 975 967 
597 976 961 977 975 
598 975 977 964 978 
599 967 975 978 881 
600 961 984 983 977 
601 984 963 985 983 
602 983 985 143 986 
603 977 983 986 964 
604 987 988 969 989 
605 973 987 989 899 
606 963 991 990 985 
607 991 979 992 990 
608 990 992 982 993 
609 985 990 993 143 
610 998 959 999 997 
611 997 999 59 1000 
612 979 1002 1001 992 
613 1002 981 1003 1001 
614 1001 1003 960 1004 
615 992 1001 1004 982 
616 1005 369 351 1006 
617 970 1005 1006 309 
618 1000 59 1008 1007 
619 1007 1008 970 1009 
620 988 1007 1009 969 
621 981 1011 1010 1003 
622 1011 997 1012 1010 
623 1010 1012 1000 1013 
624 1003 1010 1013 960 
625 59 1015 1014 1008 
626 1014 1016 1005 1017 
627 1008 1014 1017 970 
628 959 1019 1018 999 
629 1019 994 1020 1018 
630 999 1018 1015 59 
631 1021 1023 369 1024 
632 1016 1021 1024 1005 
633 1015 1027 1025 1026 
634 1027 996 1028 1025 
635 1025 1028 1016 1029 
636 1026 1025 1029 1014 
637 994 1031 1030 1020 
638 1031 382 1032 1030 
639 996 1034 1033 1028 
640 1034 1022 1035 1033 
641 1033 1035 1021 1036 
642 1028 1033 1036 1016 
643 1037 385 368 1039 
644 1023 1037 1039 369 
645 1022 1041 1040 1035 
646 1041 352 1042 1040 
647 1040 1042 1023 1043 
648 1035 1040 1043 1021 
649 382 1045 1044 1032 
650 1045 381 398 1044 
651 1038 1048 1046 1047 
652 1048 370 1049 1046 
653 1046 1049 385 1050 
654 1047 1046 1050 1037 
655 12 1052 1051 717 
656 1052 2 1053 1051 
657 1051 1053 13 125 
658 717 1051 125 10 
659 17 1056 1054 1055 
660 1056 7 715 1054 
661 1054 715 11 33 
662 1055 1054 33 15 
663 20 38 1057 1058 
664 38 19 566 1057 
665 1057 566 22 1059 
666 1058 1057 1059 9 
667 25 1061 1060 721 
668 1061 10 1062 1060 
669 1060 1062 26 129 
670 721 1060 129 23 
671 28 46 1063 1064 
672 46 20 1058 1063 
673 1063 1058 9 1065 
674 1064 1063 1065 30 
675 29 176 1066 1067 
676 176 28 1064 1066 
677 1066 1064 30 1068 
678 1067 1066 1068 4 
679 33 1071 1069 1070 
680 1071 11 719 1069 
681 1069 719 24 49 
682 1070 1069 49 31 
683 35 301 1072 1073 
684 301 37 570 1072 
685 1072 570 19 1074 
686 1073 1072 1074 38 
687 36 54 1075 1076 
688 54 35 1073 1075 
689 1075 1073 38 1077 
690 1076 1075 1077 20 
691 41 1079 1078 725 
692 1079 23 1080 1078 
693 1078 1080 42 133 
694 725 1078 133 39 
695 44 62 1081 1082 
696 62 36 1076 1081 
697 1081 1076 20 1083 
698 1082 1081 1083 46 
699 45 180 1084 1085 
700 180 44 1082 1084 
701 1084 1082 46 1086 
702 1085 1084 1086 28 
703 49 1089 1087 1088 
704 1089 24 723 1087 
705 1087 723 40 65 
706 1088 1087 65 47 
707 57 1091 1090 729 
708 1091 39 1092 1090 
709 1090 1092 58 137 
710 729 1090 137 55 
711 65 1095 1093 1094 
712 1095 40 727 1093 
713 1093 727 56 81 
714 1094 1093 81 63 
715 81 1098 1096 1097 
716 1098 56 731 1096 
717 1096 731 72 97 
718 1097 1096 97 79 
719 97 1101 1099 1100 
720 1101 72 735 1099 
721 1099 735 88 113 
722 1100 1099 113 95 
723 113 1104 1102 1103 
724 1104 88 739 1102 
725 1102 739 104 203 
726 1103 1102 203 111 
727 104 1107 1105 1106 
728 1107 121 743 1105 
729 1105 743 119 295 
730 1106 1105 295 120 
731 10 1109 1108 1062 
732 1109 125 1110 1108 
733 1108 1110 124 471 
734 1062 1108 471 26 
735 125 1112 1111 1110 
736 1112 13 1113 1111 
737 1111 1113 126 549 
738 1110 1111 549 124 
739 23 1115 1114 1080 
740 1115 129 1116 1114 
741 1114 1116 128 430 
742 1080 1114 430 42 
743 129 1118 1117 1116 
744 1118 26 1119 1117 
745 1117 1119 130 474 
746 1116 1117 474 128 
747 39 1121 1120 1092 
748 1121 133 1122 1120 
749 1120 1122 132 355 
750 1092 1120 355 58 
751 133 1124 1123 1122 
752 1124 42 1125 1123 
753 1123 1125 134 433 
754 1122 1123 433 132 
755 55 1127 1126 941 
756 1127 137 1128 1126 
757 1126 1128 136 367 
758 941 1126 367 74 
759 137 1130 1129 1128 
760 1130 58 1131 1129 
761 1129 1131 138 359 
762 1128 1129 359 136 
763 141 1133 1132 944 
764 1133 74 1134 1132 
765 1132 1134 142 958 
766 944 1132 958 140 
767 149 1136 1135 833 
768 1136 106 875 1135 
769 1135 875 150 817 
770 833 1135 817 148 
771 119 1139 1137 1138 
772 1139 161 747 1137 
773 1137 747 159 322 
774 1138 1137 322 160 
775 166 1141 1140 207 
776 1141 5 169 1140 
777 1140 169 156 1142 
778 207 1140 1142 164 
779 201 1145 1143 1144 
780 1145 120 294 1143 
781 1143 294 5 1141 
782 1144 1143 1141 166 
783 202 1148 1146 1147 
784 1148 201 1144 1146 
785 1146 1144 166 206 
786 1147 1146 206 114 
787 246 1151 1149 1150 
788 1151 231 251 1149 
789 1149 251 195 279 
790 1150 1149 279 249 
791 251 1154 1152 1153 
792 1154 250 286 1152 
793 1152 286 253 283 
794 1153 1152 283 195 
795 233 262 1155 275 
796 262 241 1156 1155 
797 1155 1156 254 1157 
798 275 1155 1157 255 
799 299 461 1158 1159 
800 461 300 574 1158 
801 1158 574 37 1160 
802 1159 1158 1160 301 
803 53 420 1161 1162 
804 420 299 1159 1161 
805 1161 1159 301 1163 
806 1162 1161 1163 35 
807 322 1166 1164 1165 
808 1166 159 751 1164 
809 1164 751 323 339 
810 1165 1164 339 320 
811 122 1168 1167 749 
812 1168 326 835 1167 
813 1167 835 325 759 
814 749 1167 759 162 
815 330 1170 1169 753 
816 1170 162 1171 1169 
817 1169 1171 331 763 
818 753 1169 763 329 
819 138 1173 1172 360 
820 1173 354 1174 1172 
821 1172 1174 343 414 
822 360 1172 414 43 
823 74 1176 1175 1134 
824 1176 367 1177 1175 
825 1175 1177 366 995 
826 1134 1175 995 142 
827 367 1179 1178 1177 
828 1179 136 1180 1178 
829 1178 1180 358 383 
830 1177 1178 383 366 
831 370 1182 1181 1049 
832 1182 386 401 1181 
833 1181 401 384 1183 
834 1049 1181 1183 385 
835 397 1186 1184 1185 
836 1186 389 405 1184 
837 1184 405 139 402 
838 1185 1184 402 386 
839 398 1189 1187 1188 
840 1189 397 1185 1187 
841 1187 1185 386 1182 
842 1188 1187 1182 370 
843 42 1191 1190 1125 
844 1191 430 1192 1190 
845 1190 1192 429 448 
846 1125 1190 448 134 
847 430 1194 1193 1192 
848 1194 128 1195 1193 
849 1193 1195 431 477 
850 1192 1193 477 429 
851 26 1197 1196 1119 
852 1197 471 1198 1196 
853 1196 1198 470 508 
854 1119 1196 508 130 
855 471 1200 1199 1198 
856 1200 124 1201 1199 
857 1199 1201 472 552 
858 1198 1199 552 470 
859 128 1203 1202 1195 
860 1203 474 1204 1202 
861 1202 1204 473 492 
862 1195 1202 492 431 
863 474 1206 1205 1204 
864 1206 130 1207 1205 
865 1205 1207 475 511 
866 1204 1205 511 473 
867 131 1209 1208 489 
868 1209 484 503 1208 
869 1208 503 483 1210 
870 489 1208 1210 464 
871 460 520 1211 1212 
872 520 494 578 1211 
873 1211 578 497 1213 
874 1212 1211 1213 300 
875 130 1215 1214 1207 
876 1215 508 1216 1214 
877 1214 1216 507 526 
878 1207 1214 526 475 
879 508 1218 1217 1216 
880 1218 470 1219 1217 
881 1217 1219 509 555 
882 1216 1217 555 507 
883 541 1221 1220 559 
884 1221 455 1222 1220 
885 1220 1222 542 583 
886 559 1220 583 540 
887 519 560 1223 1224 
888 560 540 582 1223 
889 1223 582 543 1225 
890 1224 1223 1225 494 
891 124 1227 1226 1201 
892 1227 549 1228 1226 
893 1226 1228 548 616 
894 1201 1226 616 472 
895 549 1230 1229 1228 
896 1230 126 1231 1229 
897 1229 1231 550 652 
898 1228 1229 652 548 
899 509 1233 1232 556 
900 1233 551 1234 1232 
901 1232 1234 537 562 
902 556 1232 562 455 
903 455 1236 1235 1222 
904 1236 562 1237 1235 
905 1235 1237 561 593 
906 1222 1235 593 542 
907 562 1239 1238 1237 
908 1239 537 1240 1238 
909 1238 1240 563 605 
910 1237 1238 605 561 
911 551 1242 1241 1234 
912 1242 553 1243 1241 
913 1241 1243 127 601 
914 1234 1241 601 537 
915 537 1245 1244 1240 
916 1245 601 1246 1244 
917 1244 1246 600 612 
918 1240 1244 612 563 
919 601 1248 1247 1246 
920 1248 127 1249 1247 
921 1247 1249 602 623 
922 1246 1247 623 600 
923 553 1251 1250 1243 
924 1251 615 1252 1250 
925 1250 1252 597 619 
926 1243 1250 619 127 
927 127 1254 1253 1249 
928 1254 619 1255 1253 
929 1253 1255 618 636 
930 1249 1253 636 602 
931 619 1257 1256 1255 
932 1257 597 1258 1256 
933 1256 1258 620 648 
934 1255 1256 648 618 
935 620 1260 1259 649 
936 1260 643 662 1259 
937 1259 662 646 1261 
938 649 1259 1261 596 
939 1262 1263 696 1264 
940 799 1262 1264 695 
941 704 769 1265 787 
942 769 332 1266 1265 
943 1265 1266 707 1267 
944 787 1265 1267 705 
945 162 1269 1268 1171 
946 1269 759 1270 1268 
947 1268 1270 758 809 
948 1171 1268 809 331 
949 759 1272 1271 1270 
950 1272 325 1273 1271 
951 1271 1273 760 825 
952 1270 1271 825 758 
953 329 1275 1274 777 
954 1275 763 1276 1274 
955 1274 1276 762 805 
956 777 1274 805 703 
957 712 781 1277 791 
958 781 766 1278 1277 
959 1277 1278 769 1279 
960 791 1277 1279 704 
961 107 811 1280 802 
962 811 761 1281 1280 
963 1280 1281 798 1282 
964 802 1280 1282 699 
965 761 827 1283 1281 
966 827 328 1284 1283 
967 1283 1284 799 1285 
968 1281 1283 1285 798 
969 332 807 1286 1266 
970 807 765 1287 1286 
971 1286 1287 801 1288 
972 1266 1286 1288 707 
973 148 1290 1289 837 
974 1290 817 1291 1289 
975 1289 1291 816 845 
976 837 1289 845 327 
977 817 1293 1292 1291 
978 1293 150 1294 1292 
979 1292 1294 818 858 
980 1291 1292 858 816 
981 325 1296 1295 1273 
982 1296 821 849 1295 
983 1295 849 820 1297 
984 1273 1295 1297 760 
985 760 1297 1298 826 
986 1297 820 1299 1298 
987 1298 1299 823 1300 
988 826 1298 1300 328 
989 1301 1302 839 1303 
990 862 1301 1303 838 
991 151 847 1304 1263 
992 847 819 1305 1304 
993 1304 1305 841 1306 
994 1263 1304 1306 696 
995 819 860 1307 1305 
996 860 91 1308 1307 
997 1307 1308 842 1309 
998 1305 1307 1309 841 
999 150 1311 1310 1294 
1000 1311 854 891 1310 
1001 1310 891 853 865 
1002 1294 1310 865 818 
1003 853 894 1312 866 
1004 894 855 1313 1312 
1005 1312 1313 815 1314 
1006 866 1312 1314 856 
1007 91 867 1315 1308 
1008 867 856 1316 1315 
1009 1315 1316 861 1317 
1010 1308 1315 1317 842 
1011 856 1314 1318 1316 
1012 1314 815 1319 1318 
1013 1318 1319 862 1320 
1014 1316 1318 1320 861 
1015 879 1322 1321 947 
1016 1322 140 1323 1321 
1017 1321 1323 880 962 
1018 947 1321 962 878 
1019 883 1325 1324 918 
1020 1325 146 949 1324 
1021 1324 949 884 924 
1022 918 1324 924 882 
1023 812 1327 1326 893 
1024 1327 887 909 1326 
1025 1326 909 886 1328 
1026 893 1326 1328 855 
1027 855 1328 1329 1313 
1028 1328 886 1330 1329 
1029 1329 1330 889 1331 
1030 1313 1329 1331 815 
1031 1332 1333 901 1334 
1032 1302 1332 1334 839 
1033 885 926 1335 1333 
1034 926 75 1336 1335 
1035 1335 1336 902 1337 
1036 1333 1335 1337 901 
1037 814 1339 1338 911 
1038 1339 905 928 1338 
1039 1338 928 904 1340 
1040 911 1338 1340 888 
1041 920 1342 1341 951 
1042 1342 878 1343 1341 
1043 1341 1343 921 966 
1044 951 1341 966 919 
1045 75 938 1344 1336 
1046 938 922 1345 1344 
1047 1344 1345 932 1346 
1048 1336 1344 1346 902 
1049 922 968 1347 1345 
1050 968 881 1348 1347 
1051 1347 1348 933 1349 
1052 1345 1347 1349 932 
1053 140 1351 1350 1323 
1054 1351 958 1352 1350 
1055 1350 1352 957 980 
1056 1323 1350 980 880 
1057 958 1354 1353 1352 
1058 1354 142 1355 1353 
1059 1353 1355 959 998 
1060 1352 1353 998 957 
1061 878 1357 1356 1343 
1062 1357 962 1358 1356 
1063 1356 1358 961 976 
1064 1343 1356 976 921 
1065 962 1360 1359 1358 
1066 1360 880 1361 1359 
1067 1359 1361 963 984 
1068 1358 1359 984 961 
1069 881 978 1362 1348 
1070 978 964 1363 1362 
1071 1362 1363 972 1364 
1072 1348 1362 1364 933 
1073 964 986 1365 1363 
1074 986 143 1366 1365 
1075 1365 1366 973 1367 
1076 1363 1365 1367 972 
1077 880 1369 1368 1361 
1078 1369 980 1370 1368 
1079 1368 1370 979 991 
1080 1361 1368 991 963 
1081 980 1372 1371 1370 
1082 1372 957 1373 1371 
1083 1371 1373 981 1002 
1084 1370 1371 1002 979 
1085 143 993 1374 1366 
1086 993 982 1375 1374 
1087 1374 1375 987 1376 
1088 1366 1374 1376 973 
1089 982 1004 1377 1375 
1090 1004 960 1378 1377 
1091 1377 1378 988 1379 
1092 1375 1377 1379 987 
1093 142 1381 1380 1355 
1094 1381 995 1382 1380 
1095 1380 1382 994 1019 
1096 1355 1380 1019 959 
1097 995 1384 1383 1382 
1098 1384 366 1385 1383 
1099 1383 1385 382 1031 
1100 1382 1383 1031 994 
1101 957 1387 1386 1373 
1102 1387 998 1388 1386 
1103 1386 1388 997 1011 
1104 1373 1386 1011 981 
1105 960 1013 1389 1378 
1106 1013 1000 1390 1389 
1107 1389 1390 1007 1391 
1108 1378 1389 1391 988 
1109 352 1393 1392 1042 
1110 1393 1038 1047 1392 
1111 1392 1047 1037 1394 
1112 1042 1392 1394 1023 
1113 1044 1397 1395 1396 
1114 1397 398 1188 1395 
1115 1395 1188 370 1048 
1116 1396 1395 1048 1038 
1117 1032 1400 1398 1399 
1118 1400 1044 1396 1398 
1119 1398 1396 1038 1393 
1120 1399 1398 1393 352 
1121 1 1403 1401 1402 
1122 1403 17 1055 1401 
1123 1401 1055 15 211 
1124 1402 1401 211 16 
1125 15 1406 1404 1405 
1126 1406 33 1070 1404 
1127 1404 1070 31 214 
1128 1405 1404 214 32 
1129 31 1409 1407 1408 
1130 1409 49 1088 1407 
1131 1407 1088 47 217 
1132 1408 1407 217 48 
1133 51 304 1410 1411 
1134 304 53 1162 1410 
1135 1410 1162 35 1412 
1136 1411 1410 1412 54 
1137 52 70 1413 1414 
1138 70 51 1411 1413 
1139 1413 1411 54 1415 
1140 1414 1413 1415 36 
1141 60 78 1416 1417 
1142 78 52 1414 1416 
1143 1416 1414 36 1418 
1144 1417 1416 1418 62 
1145 61 184 1419 1420 
1146 184 60 1417 1419 
1147 1419 1417 62 1421 
1148 1420 1419 1421 44 
1149 47 1424 1422 1423 
1150 1424 65 1094 1422 
1151 1422 1094 63 220 
1152 1423 1422 220 64 
1153 63 1427 1425 1426 
1154 1427 81 1097 1425 
1155 1425 1097 79 223 
1156 1426 1425 223 80 
1157 79 1430 1428 1429 
1158 1430 97 1100 1428 
1159 1428 1100 95 226 
1160 1429 1428 226 96 
1161 95 1433 1431 1432 
1162 1433 113 1103 1431 
1163 1431 1103 111 229 
1164 1432 1431 229 112 
1165 203 1436 1434 1435 
1166 1436 104 1106 1434 
1167 1434 1106 120 1145 
1168 1435 1434 1145 201 
1169 223 1439 1437 1438 
1170 1439 79 1429 1437 
1171 1437 1429 96 244 
1172 1438 1437 244 221 
1173 226 1442 1440 1441 
1174 1442 95 1432 1440 
1175 1440 1432 112 232 
1176 1441 1440 232 224 
1177 58 1444 1443 1131 
1178 1444 355 1445 1443 
1179 1443 1445 354 1173 
1180 1131 1443 1173 138 
1181 354 1447 1446 1174 
1182 1447 356 1448 1446 
1183 1446 1448 135 426 
1184 1174 1446 426 343 
1185 136 1450 1449 1180 
1186 1450 359 1451 1449 
1187 1449 1451 357 374 
1188 1180 1449 374 358 
1189 366 1453 1452 1385 
1190 1453 383 1454 1452 
1191 1452 1454 381 1045 
1192 1385 1452 1045 382 
1193 383 1456 1455 1454 
1194 1456 358 1457 1455 
1195 1455 1457 373 399 
1196 1454 1455 399 381 
1197 356 1459 1458 1448 
1198 1459 432 1460 1458 
1199 1458 1460 422 436 
1200 1448 1458 436 135 
1201 458 501 1461 1462 
1202 501 460 1212 1461 
1203 1461 1212 300 1463 
1204 1462 1461 1463 461 
1205 419 486 1464 1465 
1206 486 458 1462 1464 
1207 1464 1462 461 1466 
1208 1465 1464 1466 299 
1209 517 547 1467 1468 
1210 547 519 1224 1467 
1211 1467 1224 494 1469 
1212 1468 1467 1469 520 
1213 500 531 1470 1471 
1214 531 517 1468 1470 
1215 1470 1468 520 1472 
1216 1471 1470 1472 460 
1217 470 1474 1473 1219 
1218 1474 552 1475 1473 
1219 1473 1475 551 1233 
1220 1219 1473 1233 509 
1221 552 1477 1476 1475 
1222 1477 472 1478 1476 
1223 1476 1478 553 1242 
1224 1475 1476 1242 551 
1225 472 1480 1479 1478 
1226 1480 616 1481 1479 
1227 1479 1481 615 1251 
1228 1478 1479 1251 553 
1229 615 1483 1482 1252 
1230 1483 617 1484 1482 
1231 1482 1484 533 644 
1232 1252 1482 644 597 
1233 597 1486 1485 1258 
1234 1486 644 1487 1485 
1235 1485 1487 643 1260 
1236 1258 1485 1260 620 
1237 644 1489 1488 1487 
1238 1489 533 1490 1488 
1239 1488 1490 645 663 
1240 1487 1488 663 643 
1241 617 1492 1491 1484 
1242 1492 651 1493 1491 
1243 1491 1493 640 655 
1244 1484 1491 655 533 
1245 533 1495 1494 1490 
1246 1495 655 1496 1494 
1247 1494 1496 654 673 
1248 1490 1494 673 645 
1249 655 1498 1497 1496 
1250 1498 640 1499 1497 
1251 1497 1499 656 681 
1252 1496 1497 681 654 
1253 651 1501 1500 1493 
1254 1501 653 1502 1500 
1255 1500 1502 8 677 
1256 1493 1500 677 640 
1257 640 1504 1503 1499 
1258 1504 677 1505 1503 
1259 1503 1505 676 688 
1260 1499 1503 688 656 
1261 677 1507 1506 1505 
1262 1507 8 1508 1506 
1263 1506 1508 678 692 
1264 1505 1506 692 676 
1265 820 852 1509 1299 
1266 852 822 1510 1509 
1267 1509 1510 151 1511 
1268 1299 1509 1511 823 
1269 886 912 1512 1330 
1270 912 888 1513 1512 
1271 1512 1513 147 1514 
1272 1330 1512 1514 889 
1273 888 1340 1515 1513 
1274 1340 904 1516 1515 
1275 1515 1516 907 1517 
1276 1513 1515 1517 147 
1277 1030 1520 1518 1519 
1278 1520 1032 1399 1518 
1279 1518 1399 352 1041 
1280 1519 1518 1041 1022 
1281 1020 1523 1521 1522 
1282 1523 1030 1519 1521 
1283 1521 1519 1022 1034 
1284 1522 1521 1034 996 
1285 328 1300 1524 1284 
1286 1300 823 1525 1524 
1287 1524 1525 1262 1526 
1288 1284 1524 1526 799 
1289 823 1511 1527 1525 
1290 1511 151 1528 1527 
1291 1527 1528 1263 1529 
1292 1525 1527 1529 1262 
1293 815 1331 1530 1319 
1294 1331 889 1531 1530 
1295 1530 1531 1301 1532 
1296 1319 1530 1532 862 
1297 889 1514 1533 1531 
1298 1514 147 1534 1533 
1299 1533 1534 1302 1535 
1300 1531 1533 1535 1301 
1301 147 1517 1536 1534 
1302 1517 907 1537 1536 
1303 1536 1537 1332 1538 
1304 1534 1536 1538 1302 
1305 111 1541 1539 1540 
1306 1541 203 1435 1539 
1307 1539 1435 201 1148 
1308 1540 1539 1148 202 
1309 96 1544 1542 1543 
1310 1544 226 1441 1542 
1311 1542 1441 224 248 
1312 1543 1542 248 225 
1313 355 1546 1545 1445 
1314 1546 132 1547 1545 
1315 1545 1547 356 1447 
1316 1445 1545 1447 354 
1317 358 1549 1548 1457 
1318 1549 374 1550 1548 
1319 1548 1550 372 390 
1320 1457 1548 390 373 
1321 417 465 1551 1552 
1322 465 419 1465 1551 
1323 1551 1465 299 1553 
1324 1552 1551 1553 420 
1325 303 442 1554 1555 
1326 442 417 1552 1554 
1327 1554 1552 420 1556 
1328 1555 1554 1556 53 
1329 132 1558 1557 1547 
1330 1558 433 1559 1557 
1331 1557 1559 432 1459 
1332 1547 1557 1459 356 
1333 432 1561 1560 1460 
1334 1561 434 1562 1560 
1335 1560 1562 27 444 
1336 1460 1560 444 422 
1337 434 1564 1563 1562 
1338 1564 447 1565 1563 
1339 1563 1565 440 451 
1340 1562 1563 451 27 
1341 498 524 1566 1567 
1342 524 500 1471 1566 
1343 1566 1471 460 1568 
1344 1567 1566 1568 501 
1345 485 516 1569 1570 
1346 516 498 1567 1569 
1347 1569 1567 501 1571 
1348 1570 1569 1571 458 
1349 616 1573 1572 1481 
1350 1573 548 1574 1572 
1351 1572 1574 617 1483 
1352 1481 1572 1483 615 
1353 548 1576 1575 1574 
1354 1576 652 1577 1575 
1355 1575 1577 651 1492 
1356 1574 1575 1492 617 
1357 652 1579 1578 1577 
1358 1579 550 1580 1578 
1359 1578 1580 653 1501 
1360 1577 1578 1501 651 
1361 904 931 1581 1516 
1362 931 906 1582 1581 
1363 1581 1582 885 1583 
1364 1516 1581 1583 907 
1365 1018 1586 1584 1585 
1366 1586 1020 1522 1584 
1367 1584 1522 996 1027 
1368 1585 1584 1027 1015 
1369 907 1583 1587 1537 
1370 1583 885 1588 1587 
1371 1587 1588 1333 1589 
1372 1537 1587 1589 1332 
