2 0.000000 100.000000 5791.461216
1829 1591 
1 -147.787889 0.000000 -147.826199 98.477155 0.019325 17.363953 0.000074 
2 154.271383 0.000000 -147.826199 98.480398 0.127801 17.338168 0.000098 
3 154.271383 0.000000 147.829350 98.486261 -0.225153 17.342880 -0.000037 
4 -147.787889 0.000000 147.829350 98.483899 -0.033033 17.364545 -0.000061 
5 3.241747 0.000000 0.001576 99.539525 -0.380184 -0.900709 0.009093 
6 -147.787889 0.000000 0.001576 98.479578 -0.008425 17.367572 0.000014 
7 3.241747 0.000000 -147.826199 98.469666 0.004705 17.351245 0.000266 
8 154.271383 0.000000 0.001576 98.778210 1.796130 15.648061 -0.000522 
9 3.241747 0.000000 147.829350 98.488768 -0.006618 17.359625 -0.000139 
10 78.756565 0.000000 -73.912312 98.474835 0.051548 17.249105 0.000517 
11 3.241747 0.000000 -73.912312 98.428162 0.035065 17.295809 0.001275 
12 78.756565 0.000000 -147.826199 98.475591 0.113189 17.338586 0.000192 
13 154.271383 0.000000 -73.912312 98.491704 0.274115 17.264192 0.000126 
14 78.756565 0.000000 0.001576 98.905999 6.223583 14.737673 -0.003833 
15 -72.273071 0.000000 -73.912312 98.461725 0.004049 17.364127 0.000378 
16 -147.787889 0.000000 -73.912312 98.476636 0.010819 17.365592 0.000079 
17 -72.273071 0.000000 -147.826199 98.473265 0.040217 17.359636 0.000166 
18 -72.273071 0.000000 0.001576 98.467270 -0.001904 17.384629 0.000197 
19 78.756565 0.000000 73.915463 98.476661 -0.152550 17.394718 -0.000025 
20 3.241747 0.000000 73.915463 98.497316 -0.053794 17.363405 -0.000321 
21 154.271383 0.000000 73.915463 98.479123 -0.886477 17.372911 -0.000074 
22 78.756565 0.000000 147.829350 98.487966 -0.175038 17.346807 -0.000082 
23 40.999156 0.000000 -36.955368 98.439775 0.398866 16.777347 0.002797 
24 3.241747 0.000000 -36.955368 98.229018 0.248367 17.044496 0.006048 
25 40.999156 0.000000 -73.912312 98.450319 0.052449 17.251218 0.000993 
26 78.756565 0.000000 -36.955368 98.522645 0.290600 16.901159 0.000755 
27 40.999156 0.000000 0.001576 98.773337 6.690082 14.167697 -0.000165 
28 -72.273071 0.000000 73.915463 98.489057 -0.005725 17.371125 -0.000185 
29 -147.787889 0.000000 73.915463 98.483346 -0.026627 17.366312 -0.000056 
30 -72.273071 0.000000 147.829350 98.486962 -0.061388 17.361843 -0.000112 
31 -34.515662 0.000000 -36.955368 98.388904 0.027569 17.353907 0.001846 
32 -72.273071 0.000000 -36.955368 98.456835 0.003695 17.373257 0.000442 
33 -34.515662 0.000000 -73.912312 98.441935 0.013132 17.346454 0.000829 
34 -34.515662 0.000000 0.001576 98.404250 -0.015569 17.442928 0.001235 
35 40.999156 0.000000 36.958519 98.392981 -1.132322 17.643787 0.000624 
36 3.241747 0.000000 36.958519 98.474824 -0.393111 17.406579 -0.000043 
37 78.756565 0.000000 36.958519 98.394471 -2.186150 17.779981 -0.000238 
38 40.999156 0.000000 73.915463 98.485660 -0.102421 17.371636 -0.000121 
39 22.120451 0.000000 -18.476896 98.158100 2.408659 15.488638 0.011929 
40 3.241747 0.000000 -18.476896 97.616249 1.261497 16.370771 0.020147 
41 22.120451 0.000000 -36.955368 98.317566 0.394004 16.818173 0.005065 
42 40.999156 0.000000 -18.476896 98.562922 2.009617 15.517477 0.004052 
43 22.120451 0.000000 0.001576 98.953417 4.669882 11.121643 0.006272 
44 -34.515662 0.000000 36.958519 98.495862 -0.044081 17.396205 -0.000406 
45 -72.273071 0.000000 36.958519 98.484186 -0.006662 17.380151 -0.000120 
46 -34.515662 0.000000 73.915463 98.496278 -0.018738 17.369583 -0.000322 
47 -15.636957 0.000000 -18.476896 98.118189 0.187432 17.277522 0.007427 
48 -34.515662 0.000000 -18.476896 98.364058 0.022865 17.393403 0.002198 
49 -15.636957 0.000000 -36.955368 98.298472 0.089905 17.272437 0.003907 
50 -15.636957 0.000000 0.001576 98.232669 -0.080872 17.606912 0.004033 
51 22.120451 0.000000 18.480048 98.288412 -4.821161 16.497232 0.004399 
52 3.241747 0.000000 18.480048 98.489070 -1.908243 17.005407 0.000708 
53 40.999156 0.000000 18.480048 98.728265 -6.614899 15.164733 -0.002100 
54 22.120451 0.000000 36.958519 98.410328 -0.765397 17.507763 0.000830 
55 12.681099 0.000000 -9.237660 97.566632 4.906546 14.618488 0.024298 
56 3.241747 0.000000 -9.237660 96.254309 2.351554 15.351355 0.049391 
57 12.681099 0.000000 -18.476896 97.817102 2.085310 15.770791 0.017875 
58 22.120451 0.000000 -9.237660 98.016174 5.902147 14.871537 0.013683 
59 12.681099 0.000000 0.001576 99.838977 3.610183 8.417144 -0.005170 
60 -15.636957 0.000000 18.480048 98.485520 -0.296109 17.430971 -0.000332 
61 -34.515662 0.000000 18.480048 98.471993 -0.049208 17.428584 -0.000049 
62 -15.636957 0.000000 36.958519 98.505428 -0.137040 17.399291 -0.000607 
63 -6.197605 0.000000 -9.237660 97.280779 0.563881 17.305388 0.023666 
64 -15.636957 0.000000 -9.237660 98.046296 0.138873 17.430356 0.008309 
65 -6.197605 0.000000 -18.476896 97.817888 0.521486 17.003587 0.014227 
66 -6.197605 0.000000 0.001576 98.123763 -0.223431 18.684036 0.002258 
67 12.681099 0.000000 9.240812 99.449332 -6.185396 12.019612 -0.007290 
68 3.241747 0.000000 9.240812 100.097959 -3.350553 15.052441 -0.025740 
69 22.120451 0.000000 9.240812 99.259989 -6.401133 10.298374 0.000042 
70 12.681099 0.000000 18.480048 98.271423 -3.479310 16.733000 0.005063 
71 7.961423 0.000000 -4.618042 96.948234 4.249908 11.540839 0.044979 
72 3.241747 0.000000 -4.618042 93.642809 2.471454 12.968572 0.105673 
73 7.961423 0.000000 -9.237660 96.951068 3.790289 14.551427 0.037438 
74 12.681099 0.000000 -4.618042 98.167008 5.414955 12.786158 0.017043 
75 7.961423 0.000000 0.001576 99.811029 9.569305 5.961001 -0.008935 
76 -6.197605 0.000000 9.240812 98.968849 -0.959100 17.445203 -0.010009 
77 -15.636957 0.000000 9.240812 98.456395 -0.284410 17.527085 -0.000094 
78 -6.197605 0.000000 18.480048 98.544820 -0.783208 17.337127 -0.001227 
79 -1.477929 0.000000 -4.618042 94.865726 0.899864 17.617538 0.068931 
80 -6.197605 0.000000 -4.618042 97.154625 0.290376 18.000182 0.023689 
81 -1.477929 0.000000 -9.237660 96.464031 1.188237 16.674934 0.041523 
82 -1.477929 0.000000 0.001576 101.946550 -0.463745 4.675040 -0.041517 
83 7.961423 0.000000 4.621194 101.372505 -4.733776 9.264578 -0.038463 
84 3.241747 0.000000 4.621194 103.668413 -3.311453 12.182225 -0.090651 
85 12.681099 0.000000 4.621194 100.396602 -4.754739 8.758980 -0.017881 
86 7.961423 0.000000 9.240812 99.766013 -5.081490 13.274017 -0.015528 
87 5.601585 0.000000 -2.308233 95.217666 2.891830 7.142713 0.087422 
88 3.241747 0.000000 -2.308233 98.438402 -0.337823 -4.486263 0.028964 
89 5.601585 0.000000 -4.618042 95.368194 3.421878 11.537021 0.076010 
90 7.961423 0.000000 -2.308233 97.788868 3.545938 8.472589 0.035298 
91 5.601585 0.000000 0.001576 98.279224 -0.330348 -7.576669 0.028368 
92 -1.477929 0.000000 4.621194 101.585572 -1.579869 17.521517 -0.062913 
93 -6.197605 0.000000 4.621194 99.072585 -0.726009 18.063253 -0.014219 
94 -1.477929 0.000000 9.240812 99.690767 -1.842053 16.790815 -0.022357 
95 0.881909 0.000000 -2.308233 100.681117 -0.425867 2.944138 -0.014554 
96 -1.477929 0.000000 -2.308233 93.818090 0.451664 19.980364 0.079875 
97 0.881909 0.000000 -4.618042 93.336431 1.594085 15.683603 0.103979 
98 0.881909 0.000000 0.001576 99.949191 -0.400943 2.381012 0.000433 
99 5.601585 0.000000 2.311385 103.272467 -3.394742 6.103306 -0.071398 
100 3.241747 0.000000 2.311385 98.438402 -0.337823 -4.486263 0.028964 
101 7.961423 0.000000 2.311385 101.259848 -3.666544 6.937465 -0.031513 
102 5.601585 0.000000 4.621194 102.490326 -4.175635 10.084456 -0.062340 
103 4.421666 0.000000 -1.153329 98.438402 -0.337823 -4.486263 0.028964 
104 3.241747 0.000000 -1.153329 98.454171 -0.347381 -3.189214 0.029648 
105 4.421666 0.000000 -2.308233 98.279224 -0.330348 -7.576669 0.028368 
106 5.601585 0.000000 -1.153329 98.279224 -0.330348 -7.576669 0.028368 
107 4.421666 0.000000 0.001576 98.438402 -0.337823 -4.486263 0.028964 
108 0.881909 0.000000 2.311385 100.681117 -0.425867 2.944138 -0.014554 
109 -1.477929 0.000000 2.311385 102.778853 -1.127272 19.901169 -0.096082 
110 0.881909 0.000000 4.621194 103.467465 -2.389097 15.342323 -0.094661 
111 2.061828 0.000000 -1.153329 99.548035 -0.380725 -1.076968 0.008888 
112 0.881909 0.000000 -1.153329 100.309321 -0.410951 2.822852 -0.007010 
113 2.061828 0.000000 -2.308233 100.208902 -0.406763 2.848111 -0.005010 
114 2.061828 0.000000 0.001576 99.457049 -0.377300 -0.779712 0.010755 
115 4.421666 0.000000 1.156480 98.438402 -0.337823 -4.486263 0.028964 
116 3.241747 0.000000 1.156480 98.454171 -0.347381 -3.189214 0.029648 
117 5.601585 0.000000 1.156480 98.279224 -0.330348 -7.576669 0.028368 
118 4.421666 0.000000 2.311385 98.279224 -0.330348 -7.576669 0.028368 
119 3.831707 0.000000 -0.575877 98.457800 -0.342989 -3.691517 0.029232 
120 3.241747 0.000000 -0.575877 99.548035 -0.380725 -1.076968 0.008888 
121 3.831707 0.000000 -1.153329 98.451502 -0.340394 -4.041866 0.029085 
122 4.421666 0.000000 -0.575877 98.438402 -0.337823 -4.486263 0.028964 
123 3.831707 0.000000 0.001576 98.479122 -0.342159 -4.654108 0.028008 
124 116.513974 0.000000 -36.955368 98.527167 0.204315 17.017897 0.000275 
125 116.513974 0.000000 -73.912312 98.485504 0.044357 17.262928 0.000259 
126 154.271383 0.000000 -36.955368 98.520547 0.147814 17.099671 0.000128 
127 116.513974 0.000000 0.001576 98.897823 3.480555 14.932761 -0.001588 
128 59.877860 0.000000 -18.476896 98.661334 1.493770 15.819744 0.001345 
129 59.877860 0.000000 -36.955368 98.501060 0.346653 16.831344 0.001413 
130 78.756565 0.000000 -18.476896 98.661000 1.113711 16.099778 0.000556 
131 59.877860 0.000000 0.001576 98.826382 7.123364 14.905230 -0.003956 
132 31.559804 0.000000 -9.237660 98.443126 5.690182 14.751391 0.005897 
133 31.559804 0.000000 -18.476896 98.404248 2.275437 15.413509 0.007385 
134 40.999156 0.000000 -9.237660 98.676978 5.066485 14.664918 0.002212 
135 31.559804 0.000000 0.001576 98.757511 5.899157 13.028287 0.004242 
136 17.400775 0.000000 -4.618042 98.236094 6.102043 13.921153 0.011864 
137 17.400775 0.000000 -9.237660 97.848155 5.662629 14.811012 0.017431 
138 22.120451 0.000000 -4.618042 98.162785 6.628162 14.538463 0.010877 
139 17.400775 0.000000 0.001576 99.349671 3.960688 9.912924 0.001569 
140 10.321261 0.000000 -2.308233 98.702712 4.099808 9.737955 0.014614 
141 10.321261 0.000000 -4.618042 97.822580 4.913168 12.121841 0.025966 
142 12.681099 0.000000 -2.308233 98.938319 4.587845 10.749535 0.007461 
143 10.321261 0.000000 0.001576 99.868453 4.388104 7.557138 -0.005007 
144 6.781504 0.000000 -1.153329 97.867246 2.900018 5.636189 0.038183 
145 6.781504 0.000000 -2.308233 96.821400 3.237594 7.748944 0.055509 
146 7.961423 0.000000 -1.153329 98.633148 3.047424 6.851898 0.021527 
147 6.781504 0.000000 0.001576 96.523378 -0.268110 -17.410431 0.038004 
148 5.011626 0.000000 -0.575877 98.414952 -0.335583 -5.098075 0.028839 
149 5.011626 0.000000 -1.153329 98.370065 -0.333539 -6.054705 0.028656 
150 5.601585 0.000000 -0.575877 98.279224 -0.330348 -7.576669 0.028368 
151 5.011626 0.000000 0.001576 98.414952 -0.335583 -5.098075 0.028839 
152 2.061828 0.000000 1.156480 99.548035 -0.380725 -1.076968 0.008888 
153 0.881909 0.000000 1.156480 100.309321 -0.410951 2.822852 -0.007010 
154 2.061828 0.000000 2.311385 100.208902 -0.406763 2.848111 -0.005010 
155 3.831707 0.000000 0.579028 98.457800 -0.342989 -3.691517 0.029232 
156 3.241747 0.000000 0.579028 99.548035 -0.380725 -1.076968 0.008888 
157 4.421666 0.000000 0.579028 98.438402 -0.337823 -4.486263 0.028964 
158 3.831707 0.000000 1.156480 98.451502 -0.340394 -4.041866 0.029085 
159 4.126686 0.000000 -0.287150 98.451502 -0.340394 -4.041866 0.029085 
160 3.831707 0.000000 -0.287150 98.457800 -0.342989 -3.691517 0.029232 
161 4.126686 0.000000 -0.575877 98.451502 -0.340394 -4.041866 0.029085 
162 4.421666 0.000000 -0.287150 98.438402 -0.337823 -4.486263 0.028964 
163 4.126686 0.000000 0.001576 97.997385 -0.324271 -6.649430 0.035219 
164 2.651788 0.000000 0.579028 99.548035 -0.380725 -1.076968 0.008888 
165 2.061828 0.000000 0.579028 99.548035 -0.380725 -1.076968 0.008888 
166 2.651788 0.000000 0.001576 99.477710 -0.377609 -0.615407 0.010366 
167 2.651788 0.000000 1.156480 99.548035 -0.380725 -1.076968 0.008888 
168 3.536727 0.000000 0.290302 98.533081 -0.349733 -3.068899 0.028169 
169 3.241747 0.000000 0.290302 99.538384 -0.380177 -0.865174 0.009122 
170 3.536727 0.000000 0.001576 98.574421 -0.350069 -3.337434 0.027182 
171 3.831707 0.000000 0.290302 98.457800 -0.342989 -3.691517 0.029232 
172 3.536727 0.000000 0.579028 98.457938 -0.345336 -3.406906 0.029431 
173 -110.030480 0.000000 36.958519 98.482001 -0.001671 17.372740 -0.000052 
174 -147.787889 0.000000 36.958519 98.481828 -0.018837 17.367298 -0.000029 
175 -110.030480 0.000000 0.001576 98.476574 -0.000447 17.373685 0.000052 
176 -110.030480 0.000000 73.915463 98.484930 -0.001962 17.369710 -0.000099 
177 -53.394366 0.000000 18.480048 98.474200 -0.013705 17.397961 0.000014 
178 -72.273071 0.000000 18.480048 98.476905 -0.005107 17.384290 0.000009 
179 -53.394366 0.000000 0.001576 98.451893 -0.004810 17.399876 0.000447 
180 -53.394366 0.000000 36.958519 98.487653 -0.015876 17.387171 -0.000213 
181 -25.076310 0.000000 9.240812 98.436710 -0.092325 17.505473 0.000376 
182 -34.515662 0.000000 9.240812 98.444152 -0.036343 17.442675 0.000450 
183 -25.076310 0.000000 0.001576 98.345551 -0.033731 17.507368 0.002164 
184 -25.076310 0.000000 18.480048 98.483295 -0.108375 17.459487 -0.000380 
185 -10.917281 0.000000 4.621194 98.480912 -0.388122 17.743550 -0.001347 
186 -15.636957 0.000000 4.621194 98.372983 -0.204474 17.590918 0.001327 
187 -10.917281 0.000000 0.001576 98.158453 -0.134489 17.848544 0.004633 
188 -10.917281 0.000000 9.240812 98.583505 -0.528516 17.557729 -0.002726 
189 -3.837767 0.000000 2.311385 99.666057 -0.728311 19.165227 -0.030116 
190 -6.197605 0.000000 2.311385 98.767591 -0.503077 18.481848 -0.009687 
191 -3.837767 0.000000 0.001576 98.173969 -0.280940 19.910466 -0.003463 
192 -3.837767 0.000000 4.621194 99.942156 -1.069929 18.118091 -0.031784 
193 -0.298010 0.000000 1.156480 100.681117 -0.425867 2.944138 -0.014554 
194 -1.477929 0.000000 1.156480 102.818326 -0.486891 5.912844 -0.060681 
195 -0.298010 0.000000 0.001576 100.681117 -0.425867 2.944138 -0.014554 
196 -0.298010 0.000000 2.311385 101.946550 -0.463745 4.675040 -0.041517 
197 1.471868 0.000000 0.579028 100.086570 -0.401368 2.118287 -0.002197 
198 0.881909 0.000000 0.579028 100.208902 -0.406763 2.848111 -0.005010 
199 1.471868 0.000000 0.001576 99.891828 -0.395284 1.890280 0.001789 
200 1.471868 0.000000 1.156480 100.147447 -0.404187 2.653216 -0.003671 
201 2.651788 0.000000 -0.575877 99.548035 -0.380725 -1.076968 0.008888 
202 2.061828 0.000000 -0.575877 99.548035 -0.380725 -1.076968 0.008888 
203 2.651788 0.000000 -1.153329 99.548035 -0.380725 -1.076968 0.008888 
204 2.356808 0.000000 0.290302 99.504314 -0.378742 -0.867953 0.009799 
205 2.061828 0.000000 0.290302 99.457049 -0.377300 -0.779712 0.010755 
206 2.356808 0.000000 0.001576 99.477710 -0.377609 -0.615407 0.010366 
207 2.651788 0.000000 0.290302 99.477710 -0.377609 -0.615407 0.010366 
208 2.356808 0.000000 0.579028 99.548035 -0.380725 -1.076968 0.008888 
209 -110.030480 0.000000 -36.955368 98.472299 0.000889 17.370964 0.000146 
210 -147.787889 0.000000 -36.955368 98.477577 0.002272 17.366824 0.000056 
211 -110.030480 0.000000 -73.912312 98.471706 0.001414 17.367322 0.000170 
212 -53.394366 0.000000 -18.476896 98.435678 0.005044 17.387007 0.000811 
213 -72.273071 0.000000 -18.476896 98.459521 0.001543 17.380029 0.000366 
214 -53.394366 0.000000 -36.955368 98.435602 0.009307 17.371214 0.000867 
215 -25.076310 0.000000 -9.237660 98.271595 0.030606 17.461760 0.003778 
216 -34.515662 0.000000 -9.237660 98.373097 0.007800 17.422331 0.001920 
217 -25.076310 0.000000 -18.476896 98.268872 0.057824 17.387417 0.004090 
218 -10.917281 0.000000 -4.618042 97.843139 0.127002 17.673971 0.011433 
219 -15.636957 0.000000 -4.618042 98.101629 0.046988 17.540296 0.006841 
220 -10.917281 0.000000 -9.237660 97.769544 0.290637 17.418046 0.013764 
221 -3.837767 0.000000 -2.308233 96.658168 0.167756 19.165936 0.028984 
222 -6.197605 0.000000 -2.308233 97.474648 0.058146 18.454032 0.015814 
223 -3.837767 0.000000 -4.618042 96.322422 0.515522 18.093177 0.039436 
224 -0.298010 0.000000 -1.153329 100.681117 -0.425867 2.944138 -0.014554 
225 -1.477929 0.000000 -1.153329 102.818326 -0.486891 5.912844 -0.060681 
226 -0.298010 0.000000 -2.308233 101.946550 -0.463745 4.675040 -0.041517 
227 1.471868 0.000000 -0.575877 100.086570 -0.401368 2.118287 -0.002197 
228 0.881909 0.000000 -0.575877 100.208902 -0.406763 2.848111 -0.005010 
229 1.471868 0.000000 -1.153329 100.147447 -0.404187 2.653216 -0.003671 
230 0.291949 0.000000 -0.575877 100.464233 -0.417425 2.794605 -0.010105 
231 -0.298010 0.000000 -0.575877 100.681117 -0.425867 2.944138 -0.014554 
232 0.291949 0.000000 -1.153329 100.464233 -0.417425 2.794605 -0.010105 
233 0.291949 0.000000 0.001576 99.992596 -0.404445 2.256225 -0.000377 
234 0.291949 0.000000 0.579028 100.309321 -0.410951 2.822852 -0.007010 
235 -0.298010 0.000000 0.579028 100.681117 -0.425867 2.944138 -0.014554 
236 0.291949 0.000000 1.156480 100.464233 -0.417425 2.794605 -0.010105 
237 0.586929 0.000000 -0.287150 100.309321 -0.410951 2.822852 -0.007010 
238 0.291949 0.000000 -0.287150 100.309321 -0.410951 2.822852 -0.007010 
239 0.586929 0.000000 -0.575877 100.309321 -0.410951 2.822852 -0.007010 
240 0.881909 0.000000 -0.287150 100.069853 -0.403564 2.595712 -0.002088 
241 0.586929 0.000000 0.001576 100.001009 -0.404319 2.306347 -0.000568 
242 -2.657848 0.000000 -1.153329 96.550610 -0.004151 20.755529 0.024719 
243 -3.837767 0.000000 -1.153329 97.273526 -0.048209 19.689416 0.015019 
244 -2.657848 0.000000 -2.308233 95.704431 0.270211 19.650590 0.045444 
245 -2.657848 0.000000 0.001576 98.240791 -0.309016 21.313789 -0.010563 
246 -0.887970 0.000000 -0.575877 100.974705 -0.435886 3.306410 -0.020701 
247 -1.477929 0.000000 -0.575877 101.946550 -0.463745 4.675040 -0.041517 
248 -0.887970 0.000000 -1.153329 101.375589 -0.447944 3.864528 -0.029215 
249 -0.887970 0.000000 0.001576 100.974705 -0.435886 3.306410 -0.020701 
250 -0.003030 0.000000 -0.287150 100.464233 -0.417425 2.794605 -0.010105 
251 -0.298010 0.000000 -0.287150 100.681117 -0.425867 2.944138 -0.014554 
252 -0.003030 0.000000 -0.575877 100.464233 -0.417425 2.794605 -0.010105 
253 -0.003030 0.000000 0.001576 101.282955 -0.447135 3.676985 -0.027196 
254 0.586929 0.000000 0.290302 100.309321 -0.410951 2.822852 -0.007010 
255 0.291949 0.000000 0.290302 100.309321 -0.410951 2.822852 -0.007010 
256 0.881909 0.000000 0.290302 100.069853 -0.403564 2.595712 -0.002088 
257 0.586929 0.000000 0.579028 100.309321 -0.410951 2.822852 -0.007010 
258 0.439439 0.000000 -0.142787 100.001009 -0.404319 2.306347 -0.000568 
259 0.291949 0.000000 -0.142787 100.137351 -0.407486 2.533778 -0.003408 
260 0.439439 0.000000 -0.287150 100.309321 -0.410951 2.822852 -0.007010 
261 0.586929 0.000000 -0.142787 100.144951 -0.407182 2.548467 -0.003567 
262 0.439439 0.000000 0.001576 100.001009 -0.404319 2.306347 -0.000568 
263 -2.657848 0.000000 1.156480 99.921678 -0.614166 20.735550 -0.041468 
264 -3.837767 0.000000 1.156480 99.068311 -0.513379 19.687234 -0.020238 
265 -2.657848 0.000000 2.311385 100.740357 -0.889097 19.615960 -0.053420 
266 -0.887970 0.000000 0.579028 100.974705 -0.435886 3.306410 -0.020701 
267 -1.477929 0.000000 0.579028 101.946550 -0.463745 4.675040 -0.041517 
268 -0.887970 0.000000 1.156480 101.375589 -0.447944 3.864528 -0.029215 
269 -0.003030 0.000000 0.290302 100.464233 -0.417425 2.794605 -0.010105 
270 -0.298010 0.000000 0.290302 100.681117 -0.425867 2.944138 -0.014554 
271 -0.003030 0.000000 0.579028 100.464233 -0.417425 2.794605 -0.010105 
272 0.144460 0.000000 0.145939 100.464233 -0.417425 2.794605 -0.010105 
273 -0.003030 0.000000 0.145939 100.464233 -0.417425 2.794605 -0.010105 
274 0.144460 0.000000 0.001576 100.459386 -0.439318 1.907940 -0.009592 
275 0.291949 0.000000 0.145939 100.137351 -0.407486 2.533778 -0.003408 
276 0.144460 0.000000 0.290302 100.464233 -0.417425 2.794605 -0.010105 
277 -0.592990 0.000000 0.290302 100.681117 -0.425867 2.944138 -0.014554 
278 -0.887970 0.000000 0.290302 100.974705 -0.435886 3.306410 -0.020701 
279 -0.592990 0.000000 0.001576 100.681117 -0.425867 2.944138 -0.014554 
280 -0.592990 0.000000 0.579028 100.681117 -0.425867 2.944138 -0.014554 
281 -0.150520 0.000000 0.145939 100.464233 -0.417425 2.794605 -0.010105 
282 -0.298010 0.000000 0.145939 100.681117 -0.425867 2.944138 -0.014554 
283 -0.150520 0.000000 0.001576 100.464233 -0.417425 2.794605 -0.010105 
284 -0.150520 0.000000 0.290302 100.464233 -0.417425 2.794605 -0.010105 
285 0.144460 0.000000 -0.142787 100.464233 -0.417425 2.794605 -0.010105 
286 -0.003030 0.000000 -0.142787 100.464233 -0.417425 2.794605 -0.010105 
287 0.144460 0.000000 -0.287150 100.464233 -0.417425 2.794605 -0.010105 
288 0.070715 0.000000 0.073757 100.665295 -0.446150 2.178419 -0.013845 
289 -0.003030 0.000000 0.073757 100.464233 -0.417425 2.794605 -0.010105 
290 0.070715 0.000000 0.001576 100.459386 -0.439318 1.907940 -0.009592 
291 0.144460 0.000000 0.073757 100.459386 -0.439318 1.907940 -0.009592 
292 0.070715 0.000000 0.145939 100.464233 -0.417425 2.794605 -0.010105 
293 3.536727 0.000000 -0.287150 98.454171 -0.347381 -3.189214 0.029648 
294 3.241747 0.000000 -0.287150 99.538384 -0.380177 -0.865174 0.009122 
295 3.536727 0.000000 -0.575877 98.457938 -0.345336 -3.406906 0.029431 
296 116.513974 0.000000 36.958519 98.487037 -4.312800 17.299820 -0.001758 
297 154.271383 0.000000 36.958519 99.030185 -7.149182 14.234040 -0.006070 
298 116.513974 0.000000 73.915463 98.469917 -0.219573 17.426159 -0.000004 
299 59.877860 0.000000 18.480048 99.251910 -7.376209 12.672195 -0.006593 
300 78.756565 0.000000 18.480048 99.737117 -6.260740 10.092014 -0.008854 
301 59.877860 0.000000 36.958519 98.391376 -1.571048 17.740872 0.000193 
302 31.559804 0.000000 9.240812 99.497426 -5.562428 9.454716 -0.002007 
303 40.999156 0.000000 9.240812 99.738425 -4.303900 9.018967 -0.004762 
304 31.559804 0.000000 18.480048 98.502002 -5.813936 15.976241 0.000831 
305 17.400775 0.000000 4.621194 99.861807 -3.942722 8.660781 -0.006293 
306 22.120451 0.000000 4.621194 99.522678 -3.239083 8.703364 0.000900 
307 17.400775 0.000000 9.240812 99.319258 -6.582409 11.027304 -0.002924 
308 10.321261 0.000000 2.311385 100.647003 -3.641538 7.584755 -0.020061 
309 12.681099 0.000000 2.311385 100.348489 -3.377749 7.944028 -0.014434 
310 10.321261 0.000000 4.621194 100.750025 -4.915309 8.949337 -0.025482 
311 6.781504 0.000000 1.156480 101.107670 -3.298553 4.927033 -0.025792 
312 7.961423 0.000000 1.156480 100.613887 -3.448836 6.026768 -0.017137 
313 6.781504 0.000000 2.311385 101.974902 -3.567372 6.476550 -0.045355 
314 5.011626 0.000000 0.579028 98.414952 -0.335583 -5.098075 0.028839 
315 5.601585 0.000000 0.579028 98.279224 -0.330348 -7.576669 0.028368 
316 5.011626 0.000000 1.156480 98.370065 -0.333539 -6.054705 0.028656 
317 4.126686 0.000000 0.290302 98.451502 -0.340394 -4.041866 0.029085 
318 4.421666 0.000000 0.290302 98.438402 -0.337823 -4.486263 0.028964 
319 4.126686 0.000000 0.579028 98.451502 -0.340394 -4.041866 0.029085 
320 3.979196 0.000000 -0.142787 98.457800 -0.342989 -3.691517 0.029232 
321 3.831707 0.000000 -0.142787 98.515748 -0.343971 -3.975302 0.027873 
322 3.979196 0.000000 -0.287150 98.457800 -0.342989 -3.691517 0.029232 
323 4.126686 0.000000 -0.142787 98.451502 -0.340394 -4.041866 0.029085 
324 3.979196 0.000000 0.001576 98.282748 -0.335231 -5.451839 0.031067 
325 4.716646 0.000000 -0.287150 98.414952 -0.335583 -5.098075 0.028839 
326 4.716646 0.000000 -0.575877 98.414952 -0.335583 -5.098075 0.028839 
327 5.011626 0.000000 -0.287150 98.414952 -0.335583 -5.098075 0.028839 
328 4.716646 0.000000 0.001576 98.438402 -0.337823 -4.486263 0.028964 
329 4.274176 0.000000 -0.142787 98.451502 -0.340394 -4.041866 0.029085 
330 4.274176 0.000000 -0.287150 98.451502 -0.340394 -4.041866 0.029085 
331 4.421666 0.000000 -0.142787 98.438402 -0.337823 -4.486263 0.028964 
332 4.274176 0.000000 0.001576 98.451502 -0.340394 -4.041866 0.029085 
333 3.979196 0.000000 0.145939 98.422951 -0.341108 -4.450539 0.029300 
334 3.831707 0.000000 0.145939 98.479122 -0.342159 -4.654108 0.028008 
335 4.126686 0.000000 0.145939 98.451502 -0.340394 -4.041866 0.029085 
336 3.979196 0.000000 0.290302 98.457800 -0.342989 -3.691517 0.029232 
337 4.052941 0.000000 -0.070606 98.262911 -0.332422 -5.890490 0.030959 
338 3.979196 0.000000 -0.070606 98.282748 -0.335231 -5.451839 0.031067 
339 4.052941 0.000000 -0.142787 98.451502 -0.340394 -4.041866 0.029085 
340 4.126686 0.000000 -0.070606 97.997385 -0.324271 -6.649430 0.035219 
341 4.052941 0.000000 0.001576 98.262911 -0.332422 -5.890490 0.030959 
342 9.141342 0.000000 1.156480 100.421758 -3.642462 6.761468 -0.014351 
343 9.141342 0.000000 0.001576 99.790647 5.855695 6.995397 -0.004140 
344 10.321261 0.000000 1.156480 100.322194 -3.931795 7.283023 -0.013304 
345 9.141342 0.000000 2.311385 100.876350 -3.685338 7.314962 -0.024313 
346 9.141342 0.000000 -1.153329 99.054106 3.203318 7.724043 0.011836 
347 9.141342 0.000000 -2.308233 98.369059 3.826699 9.139037 0.022536 
348 10.321261 0.000000 -1.153329 99.290748 3.392352 8.401132 0.005926 
349 8.551383 0.000000 0.579028 100.075067 -6.379648 6.434862 -0.009713 
350 7.961423 0.000000 0.579028 100.107413 -5.522154 5.838590 -0.008608 
351 8.551383 0.000000 0.001576 99.766151 7.351814 6.634312 -0.005135 
352 9.141342 0.000000 0.579028 100.041126 -7.974374 7.026129 -0.012118 
353 8.551383 0.000000 1.156480 100.497163 -3.539218 6.428093 -0.015353 
354 7.371464 0.000000 0.579028 100.181866 -4.975593 5.148980 -0.008767 
355 6.781504 0.000000 0.579028 95.726798 -0.243656 -19.687253 0.044873 
356 7.371464 0.000000 0.001576 99.973923 13.055599 4.269444 -0.018346 
357 7.371464 0.000000 1.156480 100.804438 -3.371891 5.531817 -0.020351 
358 8.551383 0.000000 -0.575877 99.309899 3.245219 6.756485 0.008136 
359 7.961423 0.000000 -0.575877 99.161871 3.304692 6.243034 0.011703 
360 8.551383 0.000000 -1.153329 98.870967 3.123374 7.319912 0.016120 
361 9.141342 0.000000 -0.575877 99.428459 3.202921 7.175886 0.005223 
362 8.256403 0.000000 0.290302 99.357711 -27.104845 8.342490 -0.067622 
363 7.961423 0.000000 0.290302 99.594951 -19.288465 6.110809 -0.032854 
364 8.256403 0.000000 0.001576 99.780598 8.362876 6.362653 -0.006659 
365 8.551383 0.000000 0.290302 97.989607 -49.321579 18.830396 -0.238917 
366 8.256403 0.000000 0.579028 100.088125 -5.890078 6.144855 -0.009009 
367 15.040937 0.000000 2.311385 100.035139 -3.064214 8.320215 -0.008564 
368 15.040937 0.000000 0.001576 99.626437 3.677502 9.256096 -0.002463 
369 17.400775 0.000000 2.311385 99.753485 -3.124488 8.584872 -0.003422 
370 15.040937 0.000000 4.621194 100.084565 -4.360376 8.737962 -0.011228 
371 11.501180 0.000000 1.156480 100.227143 -4.451065 7.709263 -0.012472 
372 11.501180 0.000000 0.001576 99.890369 3.812211 8.016767 -0.005689 
373 12.681099 0.000000 1.156480 100.092852 -5.649290 8.217101 -0.011801 
374 11.501180 0.000000 2.311385 100.486590 -3.529280 7.788733 -0.017068 
375 9.731302 0.000000 0.579028 99.958466 -11.075112 7.914285 -0.017699 
376 9.731302 0.000000 0.001576 99.832574 4.948935 7.291789 -0.004420 
377 10.321261 0.000000 0.579028 99.594862 -18.882356 10.719833 -0.039059 
378 9.731302 0.000000 1.156480 100.367652 -3.771546 7.040356 -0.013746 
379 8.846362 0.000000 0.290302 79.675764 32.361082 162.431984 -2.377962 
380 8.846362 0.000000 0.001576 99.770435 6.515664 6.830095 -0.004324 
381 9.141342 0.000000 0.290302 98.519477 40.685910 19.374030 -0.173678 
382 8.846362 0.000000 0.579028 100.061699 -7.053104 6.720156 -0.010725 
383 15.040937 0.000000 -2.308233 98.898020 4.996493 11.697990 0.005737 
384 15.040937 0.000000 -4.618042 98.284347 5.775125 13.480966 0.012510 
385 17.400775 0.000000 -2.308233 98.717946 5.361523 12.345607 0.007361 
386 11.501180 0.000000 -1.153329 99.402102 3.618236 8.973908 0.002560 
387 11.501180 0.000000 -2.308233 98.879969 4.356139 10.272027 0.009826 
388 12.681099 0.000000 -1.153329 99.403463 3.856203 9.478495 0.001424 
389 9.731302 0.000000 -0.575877 99.520717 3.192309 7.533693 0.002868 
390 9.731302 0.000000 -1.153329 99.190577 3.292903 8.079856 0.008510 
391 10.321261 0.000000 -0.575877 99.591713 3.214994 7.851220 0.000951 
392 9.436322 0.000000 0.290302 99.561920 22.340045 10.862968 -0.052966 
393 9.436322 0.000000 0.001576 99.812076 5.346161 7.148218 -0.004213 
394 9.731302 0.000000 0.290302 99.795004 15.354367 9.046383 -0.027664 
395 9.436322 0.000000 0.579028 100.013786 -9.245131 7.397051 -0.014295 
396 40.999156 0.000000 110.872407 98.490011 -0.025341 17.355801 -0.000151 
397 3.241747 0.000000 110.872407 98.492532 -0.015885 17.358914 -0.000211 
398 78.756565 0.000000 110.872407 98.486527 -0.034719 17.356364 -0.000084 
399 40.999156 0.000000 147.829350 98.487868 -0.033571 17.358750 -0.000119 
400 22.120451 0.000000 55.436991 98.479116 -0.202604 17.393783 -0.000072 
401 3.241747 0.000000 55.436991 98.495845 -0.125604 17.375648 -0.000336 
402 40.999156 0.000000 55.436991 98.465842 -0.279202 17.428261 0.000066 
403 22.120451 0.000000 73.915463 98.491932 -0.078036 17.364767 -0.000220 
404 12.681099 0.000000 27.719283 98.313792 -1.356353 17.443998 0.002827 
405 3.241747 0.000000 27.719283 98.402435 -0.848214 17.375321 0.001434 
406 22.120451 0.000000 27.719283 98.318286 -1.840903 17.543997 0.002233 
407 12.681099 0.000000 36.958519 98.438712 -0.577071 17.443697 0.000520 
408 7.961423 0.000000 13.860430 98.719792 -3.989796 15.730043 -0.000895 
409 3.241747 0.000000 13.860430 98.861264 -2.635534 16.377271 -0.004871 
410 12.681099 0.000000 13.860430 98.563094 -5.260277 15.147531 0.002820 
411 7.961423 0.000000 18.480048 98.370316 -2.683782 16.843183 0.003239 
412 10.321261 0.000000 6.931003 100.299512 -5.699918 10.700823 -0.020699 
413 7.961423 0.000000 6.931003 100.675909 -5.242089 11.419727 -0.029353 
414 12.681099 0.000000 6.931003 99.988751 -5.800419 10.240858 -0.013627 
415 10.321261 0.000000 9.240812 99.571305 -5.740684 12.605893 -0.010631 
416 9.141342 0.000000 3.466289 101.059277 -4.320375 8.144672 -0.029798 
417 7.961423 0.000000 3.466289 101.478255 -4.253668 8.092635 -0.038142 
418 10.321261 0.000000 3.466289 100.784581 -4.299096 8.200431 -0.024326 
419 9.141342 0.000000 4.621194 101.009217 -4.872331 9.080240 -0.030905 
420 8.551383 0.000000 1.733932 100.810139 -3.441047 6.725494 -0.021976 
421 7.961423 0.000000 1.733932 100.993741 -3.416049 6.423618 -0.025267 
422 9.141342 0.000000 1.733932 100.683014 -3.452641 6.978637 -0.019769 
423 8.551383 0.000000 2.311385 101.040524 -3.684880 7.140411 -0.027375 
424 8.846362 0.000000 0.867754 100.280550 -4.260044 6.559203 -0.011736 
425 8.551383 0.000000 0.867754 100.306350 -4.112660 6.359265 -0.011872 
426 9.141342 0.000000 0.867754 100.262027 -4.434096 6.744573 -0.011762 
427 8.846362 0.000000 1.156480 100.454239 -3.589199 6.601910 -0.014752 
428 8.993852 0.000000 0.434665 99.774429 -15.211188 8.014471 -0.025055 
429 8.846362 0.000000 0.434665 99.833999 -13.281815 7.485691 -0.019927 
430 8.993852 0.000000 0.290302 95.645910 64.521073 42.265616 -0.509749 
431 9.141342 0.000000 0.434665 99.676090 -17.833073 8.806878 -0.033090 
432 8.993852 0.000000 0.579028 100.052634 -7.478118 6.868326 -0.011363 
433 10.911221 0.000000 0.579028 93.880925 -44.601392 54.669499 -0.379167 
434 10.911221 0.000000 0.001576 99.887500 4.033115 7.796196 -0.005456 
435 11.501180 0.000000 0.579028 98.753727 27.614833 18.664322 -0.086323 
436 10.911221 0.000000 1.156480 100.278811 -4.144335 7.502886 -0.012931 
437 10.026281 0.000000 0.290302 99.882589 11.732338 8.420636 -0.018509 
438 10.026281 0.000000 0.001576 99.853395 4.637622 7.428683 -0.004739 
439 10.321261 0.000000 0.290302 99.927000 9.529307 8.166159 -0.014290 
440 10.026281 0.000000 0.579028 99.850858 -13.916636 8.789556 -0.024112 
441 10.911221 0.000000 -0.575877 99.636120 3.263347 8.136728 -0.000421 
442 10.911221 0.000000 -1.153329 99.359019 3.500923 8.696486 0.003990 
443 11.501180 0.000000 -0.575877 99.658080 3.332670 8.399637 -0.001339 
444 10.616241 0.000000 0.290302 99.953386 8.069406 8.067336 -0.012088 
445 10.616241 0.000000 0.001576 99.879878 4.189972 7.679221 -0.005252 
446 10.911221 0.000000 0.290302 99.968453 7.048260 8.045495 -0.010810 
447 10.616241 0.000000 0.579028 98.751469 -29.037733 17.011066 -0.088442 
448 13.861018 0.000000 1.156480 99.797648 -9.572603 9.592611 -0.014322 
449 13.861018 0.000000 0.001576 99.750019 3.594620 8.786023 -0.004018 
450 15.040937 0.000000 1.156480 92.988061 -18.272094 53.067319 -0.179679 
451 13.861018 0.000000 2.311385 100.204095 -3.212601 8.077523 -0.011643 
452 12.091140 0.000000 0.579028 99.786981 13.204646 10.220108 -0.023625 
453 12.091140 0.000000 0.001576 99.872143 3.673446 8.217409 -0.005546 
454 12.681099 0.000000 0.579028 99.905038 8.674081 9.030686 -0.013781 
455 12.091140 0.000000 1.156480 100.171268 -4.910110 7.934989 -0.012136 
456 11.501180 0.000000 3.466289 100.589578 -4.200602 8.242574 -0.020385 
457 12.681099 0.000000 3.466289 100.423141 -4.032959 8.276793 -0.016958 
458 11.501180 0.000000 4.621194 100.557448 -4.874680 8.846844 -0.021383 
459 10.911221 0.000000 1.733932 100.446956 -3.424465 7.525063 -0.015794 
460 10.321261 0.000000 1.733932 100.511913 -3.442796 7.371147 -0.016883 
461 11.501180 0.000000 1.733932 100.382638 -3.408438 7.653186 -0.014686 
462 10.911221 0.000000 2.311385 100.561721 -3.592556 7.694773 -0.018478 
463 11.206200 0.000000 0.867754 100.104248 -7.314248 8.032322 -0.013888 
464 10.911221 0.000000 0.867754 100.140100 -6.568839 7.791178 -0.013189 
465 11.206200 0.000000 0.579028 94.088046 41.492301 55.625961 -0.366842 
466 11.501180 0.000000 0.867754 100.054389 -8.330180 8.352282 -0.015003 
467 11.206200 0.000000 1.156480 100.256124 -4.280478 7.608900 -0.012751 
468 13.861018 0.000000 -1.153329 99.349352 4.093634 9.933601 0.001427 
469 13.861018 0.000000 -2.308233 98.927843 4.808983 11.184356 0.006507 
470 15.040937 0.000000 -1.153329 99.267259 4.307943 10.467297 0.001789 
471 13.271059 0.000000 0.579028 99.910684 6.601463 8.737818 -0.010207 
472 13.271059 0.000000 0.001576 99.799764 3.585606 8.604435 -0.004689 
473 13.861018 0.000000 0.579028 99.878805 5.479268 8.686134 -0.008125 
474 13.271059 0.000000 1.156480 99.989215 -6.960830 8.648366 -0.012109 
475 12.091140 0.000000 1.733932 100.323592 -3.391536 7.773334 -0.013675 
476 12.681099 0.000000 1.733932 100.256387 -3.380465 7.887707 -0.012499 
477 12.091140 0.000000 2.311385 100.416461 -3.456456 7.870718 -0.015736 
478 12.386120 0.000000 0.867754 99.570091 -15.699272 11.406309 -0.029077 
479 12.091140 0.000000 0.867754 99.843876 -12.012743 9.652251 -0.020627 
480 12.386120 0.000000 0.579028 99.869844 10.442749 9.415792 -0.017169 
481 12.681099 0.000000 0.867754 98.831947 -22.529665 16.377543 -0.054356 
482 12.386120 0.000000 1.156480 100.131381 -5.227758 8.067450 -0.011871 
483 17.400775 0.000000 13.860430 98.546131 -6.132210 14.597835 0.003796 
484 22.120451 0.000000 13.860430 98.636479 -6.726561 14.053126 0.002811 
485 17.400775 0.000000 18.480048 98.247950 -4.197904 16.636452 0.005295 
486 15.040937 0.000000 6.931003 99.835229 -5.709266 9.817268 -0.009605 
487 17.400775 0.000000 6.931003 99.683983 -5.565641 9.479288 -0.005773 
488 15.040937 0.000000 9.240812 99.388856 -6.431022 11.472959 -0.005113 
489 13.861018 0.000000 3.466289 100.235500 -3.802633 8.414928 -0.013243 
490 15.040937 0.000000 3.466289 100.098751 -3.586432 8.446799 -0.010397 
491 13.861018 0.000000 4.621194 100.207905 -4.554025 8.790045 -0.013963 
492 13.271059 0.000000 1.733932 100.192405 -3.402268 7.994314 -0.011400 
493 13.861018 0.000000 1.733932 100.123832 -3.463628 8.101564 -0.010241 
494 13.271059 0.000000 2.311385 100.273501 -3.290059 8.013987 -0.012982 
495 12.976079 0.000000 0.867754 95.661815 -32.363354 38.231148 -0.166019 
496 12.976079 0.000000 0.579028 99.914889 7.465800 8.835477 -0.011679 
497 13.271059 0.000000 0.867754 92.479817 22.088294 61.083481 -0.277160 
498 12.976079 0.000000 1.156480 100.046814 -6.206133 8.402100 -0.011848 
499 26.840128 0.000000 4.621194 99.466627 -2.756251 8.830039 0.002082 
500 26.840128 0.000000 0.001576 98.789578 5.347052 12.170462 0.006391 
501 31.559804 0.000000 4.621194 99.489433 -3.369081 9.167287 0.000646 
502 26.840128 0.000000 9.240812 99.358639 -6.056240 9.813511 -0.000512 
503 19.760613 0.000000 2.311385 99.471520 -4.887851 9.265494 -0.000432 
504 19.760613 0.000000 0.001576 99.125896 4.303896 10.530300 0.004465 
505 22.120451 0.000000 2.311385 94.729814 20.046760 35.584388 -0.064186 
506 19.760613 0.000000 4.621194 99.661269 -3.592092 8.682779 -0.002066 
507 16.220856 0.000000 1.156480 99.422760 10.906309 10.937503 -0.012346 
508 16.220856 0.000000 0.001576 99.486844 3.808482 9.590995 -0.000412 
509 17.400775 0.000000 1.156480 99.546791 6.030996 9.440375 -0.003506 
510 16.220856 0.000000 2.311385 99.891176 -3.016974 8.453151 -0.005880 
511 14.450978 0.000000 0.579028 99.820006 4.823657 8.875743 -0.006608 
512 14.450978 0.000000 0.001576 99.691549 3.627716 8.963170 -0.003190 
513 15.040937 0.000000 0.579028 99.761026 4.414693 8.925156 -0.005141 
514 14.450978 0.000000 1.156480 99.160188 -16.103718 13.396517 -0.027154 
515 13.566039 0.000000 0.867754 98.052382 25.900305 22.226364 -0.077911 
516 13.566039 0.000000 0.579028 99.897756 5.962677 8.695263 -0.009072 
517 13.861018 0.000000 0.867754 99.251285 17.339751 13.566043 -0.033552 
518 13.566039 0.000000 1.156480 99.912134 -8.018979 9.007149 -0.012787 
519 14.450978 0.000000 1.733932 100.028946 -3.571418 8.333375 -0.008799 
520 15.040937 0.000000 1.733932 99.950601 -3.791191 8.463900 -0.007613 
521 14.450978 0.000000 2.311385 100.106078 -3.120341 8.257624 -0.009915 
522 14.155998 0.000000 0.867754 99.583163 12.750078 11.021925 -0.020085 
523 14.155998 0.000000 0.579028 99.855381 5.107295 8.698475 -0.007285 
524 14.450978 0.000000 0.867754 99.687377 10.109276 10.150464 -0.014280 
525 14.155998 0.000000 1.156480 99.600748 -12.000948 10.699856 -0.017882 
526 16.220856 0.000000 3.466289 99.965078 -3.369260 8.485047 -0.007636 
527 17.400775 0.000000 3.466289 99.848421 -3.164665 8.507237 -0.005210 
528 16.220856 0.000000 4.621194 99.970104 -4.146384 8.704672 -0.008699 
529 15.630897 0.000000 1.733932 99.865824 -4.162838 8.628440 -0.006496 
530 15.630897 0.000000 1.156480 98.456041 19.888721 17.693121 -0.040220 
531 16.220856 0.000000 1.733932 99.768469 -4.798433 8.859378 -0.005526 
532 15.630897 0.000000 2.311385 99.963104 -3.026976 8.384697 -0.007209 
533 26.840128 0.000000 -4.618042 98.255439 6.928114 14.800688 0.007881 
534 26.840128 0.000000 -9.237660 98.250528 5.884775 14.811737 0.009282 
535 31.559804 0.000000 -4.618042 98.403189 7.043658 14.898935 0.004522 
536 19.760613 0.000000 -2.308233 98.573956 5.704767 12.914299 0.008385 
537 19.760613 0.000000 -4.618042 98.196984 6.414821 14.285149 0.011214 
538 22.120451 0.000000 -2.308233 98.466607 5.988758 13.363233 0.008989 
539 16.220856 0.000000 -1.153329 99.149601 4.519051 10.847080 0.003128 
540 16.220856 0.000000 -2.308233 98.813013 5.185910 12.052960 0.006382 
541 17.400775 0.000000 -1.153329 99.029635 4.714442 11.195964 0.004556 
542 15.630897 0.000000 0.579028 99.694566 4.159876 9.026540 -0.003779 
543 15.630897 0.000000 0.001576 99.557505 3.738954 9.425286 -0.001451 
544 16.220856 0.000000 0.579028 99.625314 4.004174 9.139932 -0.002477 
545 18.580694 0.000000 1.156480 99.464380 4.628410 9.325896 -0.000156 
546 18.580694 0.000000 0.001576 99.230632 4.131598 10.203236 0.003211 
547 19.760613 0.000000 1.156480 99.376806 4.099064 9.461352 0.001793 
548 18.580694 0.000000 2.311385 99.623475 -3.565177 8.808022 -0.001513 
549 16.810816 0.000000 1.733932 99.643980 -5.926117 9.254597 -0.004969 
550 16.810816 0.000000 1.156480 99.543759 7.604110 9.770669 -0.006225 
551 17.400775 0.000000 1.733932 99.439794 -8.139456 10.159674 -0.005774 
552 16.810816 0.000000 2.311385 99.819974 -3.044073 8.527528 -0.004601 
553 15.925877 0.000000 1.445206 99.437747 -10.550610 10.849681 -0.011690 
554 15.630897 0.000000 1.445206 99.626361 -8.503530 9.871027 -0.009516 
555 15.925877 0.000000 1.156480 99.187014 14.165241 12.690949 -0.019978 
556 16.220856 0.000000 1.445206 99.054110 -13.912541 13.012140 -0.017459 
557 15.925877 0.000000 1.733932 99.819166 -4.437886 8.731702 -0.005980 
558 16.810816 0.000000 0.579028 99.557742 3.916798 9.262345 -0.001288 
559 16.810816 0.000000 0.001576 99.417754 3.881825 9.753082 0.000592 
560 17.400775 0.000000 0.579028 99.491192 3.872331 9.387510 -0.000162 
561 19.760613 0.000000 6.931003 99.572206 -5.261755 9.249599 -0.002787 
562 22.120451 0.000000 6.931003 99.470174 -4.950883 9.082765 -0.000132 
563 19.760613 0.000000 9.240812 99.281268 -6.517031 10.625941 -0.001215 
564 18.580694 0.000000 3.466289 99.724308 -3.034153 8.580535 -0.002777 
565 19.760613 0.000000 3.466289 99.633645 -2.887020 8.639550 -0.000984 
566 18.580694 0.000000 4.621194 99.751051 -3.791742 8.677852 -0.003995 
567 17.990735 0.000000 1.733932 98.806557 -13.409798 13.550570 -0.012618 
568 17.990735 0.000000 1.156480 99.512243 5.157898 9.324185 -0.001623 
569 18.580694 0.000000 1.733932 92.973766 -13.933332 43.515595 -0.073187 
570 17.990735 0.000000 2.311385 99.690842 -3.280693 8.686094 -0.002448 
571 17.105796 0.000000 1.445206 94.318303 19.879749 42.031862 -0.105782 
572 16.810816 0.000000 1.445206 94.309033 -19.982759 41.858709 -0.104566 
573 17.105796 0.000000 1.156480 99.548725 6.690702 9.557957 -0.004607 
574 17.400775 0.000000 1.445206 97.921861 19.700146 19.740675 -0.036648 
575 17.105796 0.000000 1.733932 99.557751 -6.830769 9.596622 -0.005050 
576 18.580694 0.000000 -1.153329 98.930034 4.901473 11.495238 0.005668 
577 18.580694 0.000000 -2.308233 98.645484 5.533718 12.630349 0.007892 
578 19.760613 0.000000 -1.153329 98.835385 5.085930 11.816740 0.006606 
579 17.990735 0.000000 0.579028 99.432713 3.865634 9.490939 0.000811 
580 17.990735 0.000000 0.001576 99.291917 4.047676 10.045748 0.002381 
581 18.580694 0.000000 0.579028 99.371404 3.879564 9.624155 0.001765 
582 17.695755 0.000000 1.445206 98.898374 14.218408 13.490748 -0.016505 
583 17.695755 0.000000 1.156480 99.532562 5.535778 9.351848 -0.002483 
584 17.990735 0.000000 1.445206 99.211308 10.913081 11.369702 -0.009125 
585 17.695755 0.000000 1.733932 99.236672 -10.149332 11.186289 -0.007606 
586 24.480290 0.000000 2.311385 99.246469 5.380328 9.672483 0.002763 
587 24.480290 0.000000 0.001576 98.823048 5.022981 11.668032 0.007263 
588 26.840128 0.000000 2.311385 99.261743 4.132280 9.757041 0.003483 
589 24.480290 0.000000 4.621194 99.462241 -2.953521 8.757586 0.002184 
590 50.438508 0.000000 9.240812 99.840958 -3.045023 8.961013 -0.005779 
591 50.438508 0.000000 0.001576 98.793705 7.100746 14.750462 -0.002819 
592 59.877860 0.000000 9.240812 99.611139 -7.265223 10.535220 -0.008615 
593 50.438508 0.000000 18.480048 98.981640 -7.179576 14.032262 -0.004582 
594 36.279480 0.000000 4.621194 99.293136 9.034134 10.882804 -0.005918 
595 36.279480 0.000000 0.001576 98.765301 6.341931 13.655122 0.001873 
596 40.999156 0.000000 4.621194 99.534133 4.070482 9.988168 -0.002338 
597 36.279480 0.000000 9.240812 99.642868 -4.954289 9.161520 -0.003718 
598 29.199966 0.000000 2.311385 99.232775 4.096309 10.134871 0.003336 
599 29.199966 0.000000 0.001576 98.762565 5.637951 12.623609 0.005481 
600 31.559804 0.000000 2.311385 99.211561 4.335992 10.594248 0.002603 
601 29.199966 0.000000 4.621194 99.477927 -2.744485 8.933871 0.001680 
602 50.438508 0.000000 -9.237660 98.790225 4.381271 14.723196 0.000452 
603 50.438508 0.000000 -18.476896 98.634294 1.736480 15.665658 0.002285 
604 59.877860 0.000000 -9.237660 98.829497 3.736066 14.848519 -0.000171 
605 45.718832 0.000000 4.621194 99.448346 4.483756 10.848515 -0.002777 
606 45.718832 0.000000 0.001576 98.783810 6.943715 14.525612 -0.001745 
607 50.438508 0.000000 4.621194 99.325775 5.112201 11.797639 -0.003093 
608 45.718832 0.000000 9.240812 99.803282 -3.645819 8.958218 -0.005424 
609 31.559804 0.000000 27.719283 98.324055 -2.320214 17.627026 0.001628 
610 40.999156 0.000000 27.719283 98.352829 -2.813041 17.641698 0.000758 
611 31.559804 0.000000 36.958519 98.396990 -0.947354 17.579108 0.000811 
612 36.279480 0.000000 13.860430 99.166785 -7.299241 12.148456 -0.003492 
613 31.559804 0.000000 13.860430 98.966134 -7.286392 12.841249 -0.001228 
614 40.999156 0.000000 13.860430 99.340966 -7.167300 11.485705 -0.005192 
615 36.279480 0.000000 18.480048 98.609517 -6.239592 15.612275 -0.000651 
616 38.639318 0.000000 6.931003 99.703680 -2.897700 8.901866 -0.002846 
617 36.279480 0.000000 6.931003 99.669512 -3.148963 8.867863 -0.002257 
618 38.639318 0.000000 4.621194 99.536589 4.535750 9.742587 -0.002302 
619 40.999156 0.000000 6.931003 99.732049 -2.749516 8.959663 -0.003432 
620 38.639318 0.000000 9.240812 99.693175 -4.632652 9.078614 -0.004261 
621 59.877860 0.000000 55.436991 98.457891 -0.359037 17.467735 0.000079 
622 78.756565 0.000000 55.436991 98.451257 -0.454887 17.510151 0.000054 
623 59.877860 0.000000 73.915463 98.480569 -0.126605 17.382138 -0.000058 
624 50.438508 0.000000 27.719283 98.389361 -3.362687 17.570515 -0.000050 
625 59.877860 0.000000 27.719283 98.437578 -3.996769 17.394388 -0.000850 
626 50.438508 0.000000 36.958519 98.390968 -1.336870 17.697355 0.000423 
627 45.718832 0.000000 13.860430 99.494562 -6.889010 10.848592 -0.006432 
628 50.438508 0.000000 13.860430 99.626204 -6.477550 10.276139 -0.007294 
629 45.718832 0.000000 18.480048 98.852086 -6.933674 14.634743 -0.003399 
630 43.358994 0.000000 6.931003 99.743933 -2.907174 9.079367 -0.003974 
631 43.358994 0.000000 4.621194 99.500473 4.199911 10.389319 -0.002592 
632 45.718832 0.000000 6.931003 99.695802 -4.389810 9.503429 -0.004884 
633 43.358994 0.000000 9.240812 99.775234 -3.972355 8.979878 -0.005152 
634 97.635269 0.000000 18.480048 99.933980 -3.720272 9.042951 -0.008242 
635 97.635269 0.000000 0.001576 98.931083 4.791768 14.698305 -0.002636 
636 116.513974 0.000000 18.480048 99.791334 5.035046 9.883386 -0.008134 
637 97.635269 0.000000 36.958519 98.415146 -3.074181 17.691870 -0.000799 
638 69.317213 0.000000 9.240812 99.659172 4.176083 10.410672 -0.005777 
639 69.317213 0.000000 0.001576 98.868954 6.797221 14.844739 -0.004164 
640 78.756565 0.000000 9.240812 99.352025 5.377131 12.238834 -0.004953 
641 69.317213 0.000000 18.480048 99.517421 -7.079500 11.273982 -0.008094 
642 55.158184 0.000000 4.621194 99.204296 5.673180 12.667413 -0.003414 
643 55.158184 0.000000 0.001576 98.807961 7.159782 14.867784 -0.003533 
644 59.877860 0.000000 4.621194 99.098475 6.145203 13.397853 -0.003777 
645 55.158184 0.000000 9.240812 99.851941 -2.764091 9.055309 -0.006005 
646 48.078670 0.000000 6.931003 92.982029 -8.189327 47.707072 -0.098869 
647 48.078670 0.000000 4.621194 99.388436 4.801225 11.326138 -0.002939 
648 50.438508 0.000000 6.931003 99.661960 5.749612 9.931536 -0.006420 
649 48.078670 0.000000 9.240812 99.824992 -3.331686 8.952109 -0.005627 
650 55.158184 0.000000 13.860430 99.732993 -5.954101 9.799257 -0.007815 
651 59.877860 0.000000 13.860430 99.811787 -5.347354 9.437077 -0.008005 
652 55.158184 0.000000 18.480048 99.115902 -7.333787 13.371422 -0.005654 
653 52.798346 0.000000 6.931003 99.687337 4.187592 9.879249 -0.005270 
654 52.798346 0.000000 4.621194 99.263685 5.403880 12.247734 -0.003249 
655 55.158184 0.000000 6.931003 99.643341 4.094163 10.206509 -0.004973 
656 52.798346 0.000000 9.240812 99.850865 -2.821605 8.989384 -0.005897 
657 97.635269 0.000000 -18.476896 98.640376 0.844691 16.328334 0.000275 
658 97.635269 0.000000 -36.955368 98.527974 0.242986 16.964416 0.000439 
659 116.513974 0.000000 -18.476896 98.617543 0.652670 16.509979 0.000157 
660 69.317213 0.000000 -9.237660 98.834601 3.167928 15.012802 -0.000370 
661 69.317213 0.000000 -18.476896 98.665941 1.287416 15.965906 0.000846 
662 78.756565 0.000000 -9.237660 98.821683 2.680637 15.195901 -0.000383 
663 64.597536 0.000000 4.621194 99.013863 6.530605 13.973250 -0.004165 
664 64.597536 0.000000 0.001576 98.846694 6.999652 14.889729 -0.004137 
665 69.317213 0.000000 4.621194 98.951977 6.829157 14.395489 -0.004536 
666 64.597536 0.000000 9.240812 99.749897 4.665598 9.832426 -0.006849 
667 57.518022 0.000000 6.931003 99.579974 4.318839 10.632059 -0.004786 
668 57.518022 0.000000 4.621194 99.148948 5.920093 13.051650 -0.003591 
669 59.877860 0.000000 6.931003 99.507983 4.626479 11.096879 -0.004638 
670 57.518022 0.000000 9.240812 99.831069 -3.258821 9.235205 -0.006215 
671 69.317213 0.000000 27.719283 98.505307 -4.711635 17.074454 -0.001703 
672 78.756565 0.000000 27.719283 98.602892 -5.485599 16.562853 -0.002695 
673 69.317213 0.000000 36.958519 98.392030 -1.850524 17.770156 -0.000019 
674 64.597536 0.000000 13.860430 99.868921 -4.690771 9.195029 -0.008035 
675 69.317213 0.000000 13.860430 99.902560 -4.017765 9.059253 -0.007873 
676 64.597536 0.000000 18.480048 99.387814 -7.295809 11.963117 -0.007428 
677 62.237698 0.000000 11.550621 99.894022 -3.201627 8.988328 -0.006986 
678 59.877860 0.000000 11.550621 99.886274 -3.506306 8.993784 -0.007045 
679 62.237698 0.000000 9.240812 99.395140 10.684649 11.795901 -0.013270 
680 64.597536 0.000000 11.550621 99.899851 -2.935940 9.000413 -0.006961 
681 62.237698 0.000000 13.860430 99.843464 -5.024340 9.301559 -0.008048 
682 88.195917 0.000000 9.240812 99.104263 6.330980 13.696957 -0.004934 
683 88.195917 0.000000 0.001576 98.927445 5.521580 14.678709 -0.003259 
684 97.635269 0.000000 9.240812 98.959460 6.935417 14.552433 -0.005285 
685 88.195917 0.000000 18.480048 99.876945 -5.058360 9.339585 -0.008822 
686 74.036889 0.000000 13.860430 99.919226 -3.368280 9.007119 -0.007633 
687 74.036889 0.000000 9.240812 99.506499 4.770240 11.325147 -0.005256 
688 78.756565 0.000000 13.860430 99.921711 -2.841880 9.026081 -0.007389 
689 74.036889 0.000000 18.480048 99.635567 -6.730355 10.639725 -0.008575 
690 66.957375 0.000000 11.550621 99.898869 -2.765694 9.037716 -0.006911 
691 66.957375 0.000000 9.240812 99.720805 4.075184 10.031465 -0.006148 
692 69.317213 0.000000 11.550621 99.886893 -2.868973 9.133363 -0.006904 
693 66.957375 0.000000 13.860430 99.888184 -4.354104 9.115092 -0.007969 
694 74.036889 0.000000 4.621194 98.911611 7.035695 14.678456 -0.004846 
695 74.036889 0.000000 0.001576 98.888996 6.533837 14.789315 -0.004045 
696 78.756565 0.000000 4.621194 98.889900 7.146188 14.843206 -0.005060 
697 71.677051 0.000000 11.550621 99.830754 -4.077981 9.476011 -0.007260 
698 71.677051 0.000000 9.240812 99.585189 4.453003 10.856161 -0.005490 
699 74.036889 0.000000 11.550621 96.860706 -19.789864 26.341298 -0.046750 
700 71.677051 0.000000 13.860430 99.912706 -3.686765 9.024251 -0.007758 
701 116.513974 0.000000 110.872407 98.483116 -0.091860 17.364464 -0.000046 
702 154.271383 0.000000 110.872407 98.486937 -0.365965 17.335982 -0.000035 
703 116.513974 0.000000 147.829350 98.486942 -0.201342 17.344549 -0.000055 
704 97.635269 0.000000 55.436991 98.443759 -0.580099 17.558033 0.000021 
705 116.513974 0.000000 55.436991 98.434667 -0.750602 17.613666 -0.000019 
706 97.635269 0.000000 73.915463 98.473294 -0.182706 17.409189 -0.000010 
707 88.195917 0.000000 27.719283 98.740947 -6.258911 15.807809 -0.003884 
708 97.635269 0.000000 27.719283 98.926200 -6.924548 14.776333 -0.005268 
709 88.195917 0.000000 36.958519 98.401041 -2.590095 17.759642 -0.000488 
710 83.476241 0.000000 13.860430 99.889333 -3.153050 9.235807 -0.007312 
711 83.476241 0.000000 9.240812 99.215682 5.897955 13.041596 -0.004862 
712 88.195917 0.000000 13.860430 99.155310 13.167427 13.419526 -0.018524 
713 83.476241 0.000000 18.480048 99.818165 -5.693365 9.654840 -0.008930 
714 76.396727 0.000000 11.550621 99.733420 6.187350 10.068112 -0.008641 
715 76.396727 0.000000 9.240812 99.427791 5.083080 11.791501 -0.005076 
716 78.756565 0.000000 11.550621 99.766856 4.239064 9.895096 -0.006931 
717 76.396727 0.000000 13.860430 99.922406 -3.075910 9.006607 -0.007507 
718 88.195917 0.000000 -9.237660 98.800632 2.270483 15.382869 -0.000335 
719 88.195917 0.000000 -18.476896 98.651565 0.967668 16.220433 0.000383 
720 97.635269 0.000000 -9.237660 98.776366 1.928475 15.564247 -0.000274 
721 83.476241 0.000000 4.621194 98.882936 7.160101 14.915236 -0.005157 
722 83.476241 0.000000 0.001576 98.918970 5.881594 14.699081 -0.003562 
723 88.195917 0.000000 4.621194 98.886417 7.081768 14.921279 -0.005132 
724 81.116403 0.000000 11.550621 99.715562 4.082509 10.200736 -0.006392 
725 81.116403 0.000000 9.240812 99.280980 5.648797 12.657377 -0.004883 
726 83.476241 0.000000 11.550621 99.644726 4.290669 10.615582 -0.006017 
727 81.116403 0.000000 13.860430 99.914436 -2.757333 9.081138 -0.007296 
728 135.392678 0.000000 18.480048 99.248266 5.849931 12.979885 -0.005292 
729 135.392678 0.000000 0.001576 98.839163 2.491027 15.288984 -0.000914 
730 154.271383 0.000000 18.480048 98.934832 7.087362 14.767091 -0.005640 
731 135.392678 0.000000 36.958519 98.670059 -5.839115 16.270869 -0.003462 
732 107.074622 0.000000 9.240812 98.903144 7.165595 14.894932 -0.005504 
733 107.074622 0.000000 0.001576 98.919692 4.100092 14.789911 -0.002066 
734 116.513974 0.000000 9.240812 98.902249 7.019872 14.916181 -0.005343 
735 107.074622 0.000000 18.480048 99.930048 -2.753190 9.083654 -0.007611 
736 92.915593 0.000000 13.860430 99.758043 4.088189 10.018126 -0.006874 
737 92.915593 0.000000 9.240812 99.019234 6.677861 14.198068 -0.005099 
738 97.635269 0.000000 13.860430 99.618340 4.422482 10.824205 -0.006054 
739 92.915593 0.000000 18.480048 99.914388 -4.389100 9.141966 -0.008572 
740 107.074622 0.000000 27.719283 99.155344 -7.330239 13.490296 -0.006750 
741 116.513974 0.000000 27.719283 99.408220 -7.312728 12.065941 -0.008106 
742 107.074622 0.000000 36.958519 98.441608 -3.647693 17.550767 -0.001209 
743 92.915593 0.000000 23.099665 99.470634 -7.217117 11.669332 -0.008267 
744 88.195917 0.000000 23.099665 99.343222 -7.360120 12.379366 -0.007650 
745 97.635269 0.000000 23.099665 99.591063 -6.939666 10.996730 -0.008747 
746 92.915593 0.000000 27.719283 98.827559 -6.613842 15.327047 -0.004555 
747 90.555755 0.000000 16.170239 99.933621 -2.960319 9.020094 -0.007685 
748 88.195917 0.000000 16.170239 99.933345 -3.232539 9.013348 -0.007836 
749 90.555755 0.000000 13.860430 99.784647 4.831231 9.859251 -0.007752 
750 92.915593 0.000000 16.170239 99.929394 -2.775322 9.051562 -0.007552 
751 90.555755 0.000000 18.480048 99.898167 -4.725900 9.226966 -0.008711 
752 102.354945 0.000000 13.860430 99.455874 5.052702 11.756957 -0.005523 
753 102.354945 0.000000 9.240812 98.922094 7.098902 14.776978 -0.005433 
754 107.074622 0.000000 13.860430 99.304227 5.622881 12.626453 -0.005237 
755 102.354945 0.000000 18.480048 99.939986 -3.103778 9.018917 -0.007898 
756 95.275431 0.000000 16.170239 99.915710 -2.833461 9.135957 -0.007464 
757 95.275431 0.000000 13.860430 99.694664 4.154709 10.384795 -0.006413 
758 97.635269 0.000000 16.170239 99.866179 -3.823400 9.423023 -0.007667 
759 95.275431 0.000000 18.480048 99.926127 -4.052271 9.081731 -0.008413 
760 102.354945 0.000000 23.099665 99.698732 -6.533812 10.394774 -0.009058 
761 107.074622 0.000000 23.099665 99.788653 -6.016692 9.892083 -0.009183 
762 102.354945 0.000000 27.719283 99.036087 -7.170532 14.160448 -0.006008 
763 99.995107 0.000000 16.170239 98.594278 -15.455030 16.641930 -0.023664 
764 99.995107 0.000000 13.860430 99.537129 4.738470 11.290725 -0.005757 
765 102.354945 0.000000 16.170239 99.726882 6.754453 10.223714 -0.009560 
766 99.995107 0.000000 18.480048 99.938505 -3.399913 9.022532 -0.008067 
767 135.392678 0.000000 -18.476896 98.597048 0.513306 16.653720 0.000101 
768 135.392678 0.000000 -36.955368 98.524172 0.173106 17.062480 0.000183 
769 154.271383 0.000000 -18.476896 98.579723 0.410293 16.767868 0.000071 
770 125.953326 0.000000 9.240812 98.922825 6.566539 14.811166 -0.004822 
771 125.953326 0.000000 0.001576 98.869844 2.944717 15.104983 -0.001208 
772 135.392678 0.000000 9.240812 98.941468 5.919900 14.714084 -0.004096 
773 125.953326 0.000000 18.480048 99.552326 4.706158 11.248375 -0.005934 
774 111.794298 0.000000 13.860430 99.175657 6.103717 13.363542 -0.005165 
775 111.794298 0.000000 9.240812 98.898050 7.137061 14.932594 -0.005474 
776 116.513974 0.000000 13.860430 99.073757 6.498133 13.948161 -0.005239 
777 111.794298 0.000000 18.480048 99.782388 -5.534720 9.928135 -0.008573 
778 104.714783 0.000000 16.170239 99.786947 4.304703 9.887729 -0.007373 
779 104.714783 0.000000 13.860430 99.377629 5.348920 12.205649 -0.005350 
780 107.074622 0.000000 16.170239 99.737321 4.074347 10.173435 -0.006763 
781 104.714783 0.000000 18.480048 99.937965 -2.861126 9.034751 -0.007741 
782 135.392678 0.000000 55.436991 98.423986 -0.989027 17.677126 -0.000074 
783 154.271383 0.000000 55.436991 98.412708 -1.329595 17.743127 -0.000165 
784 135.392678 0.000000 73.915463 98.466136 -0.266017 17.446596 -0.000003 
785 125.953326 0.000000 27.719283 99.646536 -6.772610 10.721628 -0.009025 
786 135.392678 0.000000 27.719283 99.826145 -5.755066 9.708507 -0.009264 
787 125.953326 0.000000 36.958519 98.559947 -5.056572 16.891415 -0.002495 
788 111.794298 0.000000 23.099665 99.857579 -5.414763 9.507342 -0.009125 
789 116.513974 0.000000 23.099665 99.904766 -4.760088 9.244975 -0.008909 
790 111.794298 0.000000 27.719283 99.280846 -7.383179 12.783803 -0.007462 
791 109.434460 0.000000 16.170239 99.666293 4.263292 10.580167 -0.006349 
792 109.434460 0.000000 13.860430 99.236715 5.874283 13.013470 -0.005178 
793 111.794298 0.000000 16.170239 99.586606 4.562775 11.035685 -0.006010 
794 109.434460 0.000000 18.480048 99.906679 -3.064851 9.219865 -0.007574 
795 121.233650 0.000000 23.099665 99.932265 -4.086438 9.093516 -0.008585 
796 121.233650 0.000000 18.480048 99.710042 4.134714 10.349526 -0.006630 
797 125.953326 0.000000 23.099665 99.944221 -3.431668 9.029589 -0.008216 
798 121.233650 0.000000 27.719283 99.532077 -7.109213 11.367396 -0.008639 
799 121.233650 0.000000 13.860430 98.998484 6.805430 14.380769 -0.005382 
800 121.233650 0.000000 9.240812 98.911630 6.825026 14.869271 -0.005119 
801 125.953326 0.000000 13.860430 98.947740 7.021229 14.673450 -0.005526 
802 118.873812 0.000000 20.789857 99.938471 -2.787088 9.053865 -0.007744 
803 116.513974 0.000000 20.789857 99.942902 -2.985212 9.026243 -0.007897 
804 118.873812 0.000000 18.480048 99.772111 4.107610 9.995056 -0.007125 
805 121.233650 0.000000 20.789857 99.925535 -2.805676 9.129542 -0.007633 
806 118.873812 0.000000 23.099665 99.920748 -4.423500 9.156672 -0.008757 
807 144.832030 0.000000 27.719283 99.922218 -4.457879 9.167882 -0.008837 
808 144.832030 0.000000 18.480048 99.040429 6.647349 14.164003 -0.005381 
809 154.271383 0.000000 27.719283 99.947763 -3.161023 9.026340 -0.008102 
810 144.832030 0.000000 36.958519 98.825952 -6.579770 15.389843 -0.004671 
811 130.673002 0.000000 23.099665 99.943511 -2.881682 9.036980 -0.007868 
812 130.673002 0.000000 18.480048 99.391215 5.319988 12.165875 -0.005492 
813 135.392678 0.000000 23.099665 99.914951 -2.992315 9.201884 -0.007663 
814 130.673002 0.000000 27.719283 99.746010 -6.314006 10.160412 -0.009237 
815 123.593488 0.000000 20.789857 99.882792 -3.616356 9.374090 -0.007752 
816 123.593488 0.000000 18.480048 99.633907 4.391905 10.783590 -0.006249 
817 125.953326 0.000000 20.789857 99.219381 -11.780042 13.138472 -0.015587 
818 123.593488 0.000000 23.099665 99.939903 -3.753662 9.052211 -0.008402 
819 144.832030 0.000000 9.240812 98.947474 5.194284 14.686574 -0.003328 
820 144.832030 0.000000 0.001576 98.808131 2.111560 15.472538 -0.000690 
821 154.271383 0.000000 9.240812 98.939200 4.475091 14.738567 -0.002622 
822 130.673002 0.000000 13.860430 98.918007 7.141320 14.846300 -0.005618 
823 130.673002 0.000000 9.240812 98.933326 6.259771 14.756242 -0.004473 
824 135.392678 0.000000 13.860430 98.904900 7.164719 14.924302 -0.005625 
825 128.313164 0.000000 20.789857 99.693191 7.502812 10.453221 -0.010429 
826 128.313164 0.000000 18.480048 99.470362 5.021632 11.715178 -0.005682 
827 130.673002 0.000000 20.789857 99.794984 4.386105 9.877649 -0.007584 
828 128.313164 0.000000 23.099665 99.945542 -3.132136 9.023840 -0.008035 
829 140.112354 0.000000 23.099665 96.656542 21.098452 27.683805 -0.055402 
830 140.112354 0.000000 18.480048 99.130805 6.291672 13.648922 -0.005279 
831 144.832030 0.000000 23.099665 99.780303 4.134763 9.970341 -0.007261 
832 140.112354 0.000000 27.719283 99.884716 -5.125294 9.378585 -0.009118 
833 133.032840 0.000000 20.789857 99.748762 4.069644 10.141397 -0.006923 
834 133.032840 0.000000 18.480048 99.316815 5.596259 12.589532 -0.005364 
835 135.392678 0.000000 20.789857 99.678750 4.236651 10.539964 -0.006489 
836 133.032840 0.000000 23.099665 99.936035 -2.752875 9.080893 -0.007725 
837 140.112354 0.000000 13.860430 98.903743 7.095235 14.934060 -0.005532 
838 140.112354 0.000000 9.240812 98.946307 5.560786 14.690131 -0.003709 
839 144.832030 0.000000 13.860430 98.910092 6.941564 14.900852 -0.005343 
840 137.752516 0.000000 20.789857 99.599267 4.530711 10.992144 -0.006137 
841 137.752516 0.000000 18.480048 99.186168 6.081571 13.333549 -0.005266 
842 140.112354 0.000000 20.789857 99.516905 4.849308 11.460561 -0.005847 
843 137.752516 0.000000 23.099665 99.817504 -4.974732 9.755862 -0.008346 
844 149.551707 0.000000 23.099665 99.644897 4.361671 10.740264 -0.006348 
845 149.551707 0.000000 18.480048 98.976046 6.914166 14.531378 -0.005522 
846 154.271383 0.000000 23.099665 99.481150 4.990208 11.670696 -0.005761 
847 149.551707 0.000000 27.719283 99.941808 -3.787187 9.058544 -0.008477 
848 144.832030 0.000000 46.197755 98.411277 -2.797792 17.746106 -0.000753 
849 135.392678 0.000000 46.197755 98.403483 -2.359995 17.788275 -0.000524 
850 154.271383 0.000000 46.197755 98.429041 -3.320743 17.647014 -0.001072 
851 144.832030 0.000000 55.436991 98.418294 -1.143793 17.710510 -0.000113 
852 140.112354 0.000000 32.338901 99.340962 -7.367609 12.465015 -0.007828 
853 135.392678 0.000000 32.338901 99.214442 -7.368394 13.180607 -0.007153 
854 144.832030 0.000000 32.338901 99.467105 -7.238062 11.751339 -0.008419 
855 140.112354 0.000000 36.958519 98.741906 -6.221628 15.865040 -0.004037 
856 142.472192 0.000000 25.409474 99.946397 -3.010926 9.028539 -0.007986 
857 140.112354 0.000000 25.409474 99.946559 -3.293303 9.026524 -0.008164 
858 142.472192 0.000000 23.099665 99.789415 5.287442 9.917567 -0.008424 
859 144.832030 0.000000 25.409474 99.942280 -2.800942 9.052914 -0.007826 
860 142.472192 0.000000 27.719283 99.905958 -4.794181 9.259135 -0.008992 
861 149.551707 0.000000 32.338901 99.587166 -6.974130 11.071960 -0.008883 
862 154.271383 0.000000 32.338901 99.695277 -6.580699 10.460195 -0.009187 
863 149.551707 0.000000 36.958519 98.922289 -6.895727 14.844787 -0.005354 
864 147.191868 0.000000 25.409474 99.930427 -2.784654 9.121106 -0.007704 
865 147.191868 0.000000 23.099665 99.720288 4.116648 10.311730 -0.006741 
866 149.551707 0.000000 25.409474 99.893408 -3.446834 9.331963 -0.007766 
867 147.191868 0.000000 27.719283 99.933976 -4.120655 9.102108 -0.008663 
868 151.911545 0.000000 25.409474 99.494668 -9.374203 11.594186 -0.012149 
869 151.911545 0.000000 23.099665 99.563416 4.673663 11.203277 -0.006023 
870 154.271383 0.000000 25.409474 99.631148 8.518993 10.820981 -0.011603 
871 151.911545 0.000000 27.719283 99.946284 -3.463687 9.033966 -0.008287 
872 4.716646 0.000000 0.290302 98.414952 -0.335583 -5.098075 0.028839 
873 5.011626 0.000000 0.290302 98.414952 -0.335583 -5.098075 0.028839 
874 4.716646 0.000000 0.579028 98.414952 -0.335583 -5.098075 0.028839 
875 4.274176 0.000000 0.145939 98.451502 -0.340394 -4.041866 0.029085 
876 4.421666 0.000000 0.145939 98.438402 -0.337823 -4.486263 0.028964 
877 4.274176 0.000000 0.290302 98.451502 -0.340394 -4.041866 0.029085 
878 4.200431 0.000000 -0.070606 98.124392 -0.329686 -5.665975 0.033939 
879 4.200431 0.000000 -0.142787 98.451502 -0.340394 -4.041866 0.029085 
880 4.274176 0.000000 -0.070606 98.451502 -0.340394 -4.041866 0.029085 
881 4.200431 0.000000 0.001576 98.124392 -0.329686 -5.665975 0.033939 
882 4.200431 0.000000 0.073757 98.451502 -0.340394 -4.041866 0.029085 
883 4.126686 0.000000 0.073757 98.283211 -0.333514 -5.262372 0.031261 
884 4.274176 0.000000 0.073757 98.451502 -0.340394 -4.041866 0.029085 
885 4.200431 0.000000 0.145939 98.451502 -0.340394 -4.041866 0.029085 
886 4.163559 0.000000 -0.034515 97.997385 -0.324271 -6.649430 0.035219 
887 4.126686 0.000000 -0.034515 97.997385 -0.324271 -6.649430 0.035219 
888 4.163559 0.000000 -0.070606 98.124392 -0.329686 -5.665975 0.033939 
889 4.200431 0.000000 -0.034515 98.124392 -0.329686 -5.665975 0.033939 
890 4.163559 0.000000 0.001576 97.997385 -0.324271 -6.649430 0.035219 
891 40.999156 0.000000 -110.869255 98.464770 0.014892 17.324799 0.000454 
892 3.241747 0.000000 -110.869255 98.459748 0.010808 17.338202 0.000506 
893 40.999156 0.000000 -147.826199 98.472896 0.079732 17.340836 0.000238 
894 78.756565 0.000000 -110.869255 98.472595 0.016221 17.319674 0.000318 
895 22.120451 0.000000 -55.433840 98.401199 0.113516 17.162323 0.002265 
896 3.241747 0.000000 -55.433840 98.379255 0.080254 17.231027 0.002461 
897 22.120451 0.000000 -73.912312 98.435865 0.046239 17.268059 0.001219 
898 40.999156 0.000000 -55.433840 98.439159 0.125542 17.132016 0.001621 
899 12.681099 0.000000 -27.716132 98.136706 0.792234 16.538437 0.009504 
900 3.241747 0.000000 -27.716132 98.074059 0.548287 16.809980 0.009860 
901 12.681099 0.000000 -36.955368 98.255786 0.337103 16.911638 0.005968 
902 22.120451 0.000000 -27.716132 98.233460 0.896415 16.352173 0.008199 
903 7.961423 0.000000 -13.857278 97.320292 2.663930 15.503805 0.028130 
904 3.241747 0.000000 -13.857278 97.159015 1.762439 16.030120 0.030005 
905 7.961423 0.000000 -18.476896 97.676212 1.705453 16.021417 0.019976 
906 12.681099 0.000000 -13.857278 97.613051 3.441616 15.236590 0.022769 
907 5.601585 0.000000 -6.927851 95.956311 3.455340 13.724852 0.059208 
908 3.241747 0.000000 -6.927851 95.266379 2.594550 14.611576 0.070409 
909 5.601585 0.000000 -9.237660 96.558077 3.067875 14.816232 0.044761 
910 7.961423 0.000000 -6.927851 96.770784 4.265519 13.468979 0.043581 
911 4.421666 0.000000 -3.463138 93.674398 2.768026 10.161272 0.111419 
912 3.241747 0.000000 -3.463138 92.313794 2.278553 11.372385 0.134364 
913 4.421666 0.000000 -4.618042 94.433988 2.957658 12.034342 0.092865 
914 5.601585 0.000000 -3.463138 95.140571 3.220241 9.701206 0.084379 
915 3.831707 0.000000 -1.730781 98.438402 -0.337823 -4.486263 0.028964 
916 3.241747 0.000000 -1.730781 98.457800 -0.342989 -3.691517 0.029232 
917 3.831707 0.000000 -2.308233 98.370065 -0.333539 -6.054705 0.028656 
918 4.421666 0.000000 -1.730781 98.414952 -0.335583 -5.098075 0.028839 
919 4.126686 0.000000 -0.864603 98.451502 -0.340394 -4.041866 0.029085 
920 3.831707 0.000000 -0.864603 98.457800 -0.342989 -3.691517 0.029232 
921 4.126686 0.000000 -1.153329 98.438402 -0.337823 -4.486263 0.028964 
922 4.421666 0.000000 -0.864603 98.438402 -0.337823 -4.486263 0.028964 
923 4.274176 0.000000 -0.431513 98.451502 -0.340394 -4.041866 0.029085 
924 4.126686 0.000000 -0.431513 98.451502 -0.340394 -4.041866 0.029085 
925 4.274176 0.000000 -0.575877 98.451502 -0.340394 -4.041866 0.029085 
926 4.421666 0.000000 -0.431513 98.438402 -0.337823 -4.486263 0.028964 
927 4.200431 0.000000 -0.214969 98.451502 -0.340394 -4.041866 0.029085 
928 4.126686 0.000000 -0.214969 98.451502 -0.340394 -4.041866 0.029085 
929 4.200431 0.000000 -0.287150 98.451502 -0.340394 -4.041866 0.029085 
930 4.274176 0.000000 -0.214969 98.451502 -0.340394 -4.041866 0.029085 
931 4.163559 0.000000 -0.106697 98.124392 -0.329686 -5.665975 0.033939 
932 4.126686 0.000000 -0.106697 98.124392 -0.329686 -5.665975 0.033939 
933 4.163559 0.000000 -0.142787 98.451502 -0.340394 -4.041866 0.029085 
934 4.200431 0.000000 -0.106697 98.451502 -0.340394 -4.041866 0.029085 
935 4.569156 0.000000 -0.142787 98.438402 -0.337823 -4.486263 0.028964 
936 4.569156 0.000000 -0.287150 98.438402 -0.337823 -4.486263 0.028964 
937 4.716646 0.000000 -0.142787 98.414952 -0.335583 -5.098075 0.028839 
938 4.569156 0.000000 0.001576 98.438402 -0.337823 -4.486263 0.028964 
939 4.347921 0.000000 -0.070606 98.438402 -0.337823 -4.486263 0.028964 
940 4.347921 0.000000 -0.142787 98.438402 -0.337823 -4.486263 0.028964 
941 4.421666 0.000000 -0.070606 98.438402 -0.337823 -4.486263 0.028964 
942 4.347921 0.000000 0.001576 98.438402 -0.337823 -4.486263 0.028964 
943 4.237304 0.000000 -0.034515 98.451502 -0.340394 -4.041866 0.029085 
944 4.237304 0.000000 -0.070606 98.451502 -0.340394 -4.041866 0.029085 
945 4.274176 0.000000 -0.034515 98.451502 -0.340394 -4.041866 0.029085 
946 4.237304 0.000000 0.001576 98.451502 -0.340394 -4.041866 0.029085 
947 4.181995 0.000000 -0.052560 98.124392 -0.329686 -5.665975 0.033939 
948 4.163559 0.000000 -0.052560 98.124392 -0.329686 -5.665975 0.033939 
949 4.181995 0.000000 -0.070606 98.124392 -0.329686 -5.665975 0.033939 
950 4.200431 0.000000 -0.052560 98.124392 -0.329686 -5.665975 0.033939 
951 4.181995 0.000000 -0.034515 98.124392 -0.329686 -5.665975 0.033939 
952 4.237304 0.000000 -0.106697 98.451502 -0.340394 -4.041866 0.029085 
953 4.237304 0.000000 -0.142787 98.451502 -0.340394 -4.041866 0.029085 
954 4.274176 0.000000 -0.106697 98.451502 -0.340394 -4.041866 0.029085 
955 4.218867 0.000000 -0.052560 98.124392 -0.329686 -5.665975 0.033939 
956 4.218867 0.000000 -0.070606 98.451502 -0.340394 -4.041866 0.029085 
957 4.237304 0.000000 -0.052560 98.451502 -0.340394 -4.041866 0.029085 
958 4.218867 0.000000 -0.034515 98.124392 -0.329686 -5.665975 0.033939 
959 4.052941 0.000000 0.073757 98.262911 -0.332422 -5.890490 0.030959 
960 3.979196 0.000000 0.073757 98.282748 -0.335231 -5.451839 0.031067 
961 4.052941 0.000000 0.145939 98.451502 -0.340394 -4.041866 0.029085 
962 4.163559 0.000000 0.037666 98.124392 -0.329686 -5.665975 0.033939 
963 4.126686 0.000000 0.037666 97.997385 -0.324271 -6.649430 0.035219 
964 4.200431 0.000000 0.037666 98.451502 -0.340394 -4.041866 0.029085 
965 4.163559 0.000000 0.073757 98.451502 -0.340394 -4.041866 0.029085 
966 4.181995 0.000000 -0.016470 98.124392 -0.329686 -5.665975 0.033939 
967 4.163559 0.000000 -0.016470 97.997385 -0.324271 -6.649430 0.035219 
968 4.200431 0.000000 -0.016470 98.124392 -0.329686 -5.665975 0.033939 
969 4.181995 0.000000 0.001576 98.124392 -0.329686 -5.665975 0.033939 
970 4.191213 0.000000 -0.043538 98.124392 -0.329686 -5.665975 0.033939 
971 4.181995 0.000000 -0.043538 98.124392 -0.329686 -5.665975 0.033939 
972 4.191213 0.000000 -0.052560 98.124392 -0.329686 -5.665975 0.033939 
973 4.200431 0.000000 -0.043538 98.124392 -0.329686 -5.665975 0.033939 
974 4.191213 0.000000 -0.034515 98.124392 -0.329686 -5.665975 0.033939 
975 4.569156 0.000000 0.145939 98.438402 -0.337823 -4.486263 0.028964 
976 4.716646 0.000000 0.145939 98.414952 -0.335583 -5.098075 0.028839 
977 4.569156 0.000000 0.290302 98.438402 -0.337823 -4.486263 0.028964 
978 4.347921 0.000000 0.073757 98.438402 -0.337823 -4.486263 0.028964 
979 4.421666 0.000000 0.073757 98.438402 -0.337823 -4.486263 0.028964 
980 4.347921 0.000000 0.145939 98.438402 -0.337823 -4.486263 0.028964 
981 4.311049 0.000000 -0.034515 98.451502 -0.340394 -4.041866 0.029085 
982 4.311049 0.000000 -0.070606 98.451502 -0.340394 -4.041866 0.029085 
983 4.347921 0.000000 -0.034515 98.438402 -0.337823 -4.486263 0.028964 
984 4.311049 0.000000 0.001576 98.451502 -0.340394 -4.041866 0.029085 
985 4.495411 0.000000 -0.070606 98.438402 -0.337823 -4.486263 0.028964 
986 4.495411 0.000000 -0.142787 98.438402 -0.337823 -4.486263 0.028964 
987 4.569156 0.000000 -0.070606 98.438402 -0.337823 -4.486263 0.028964 
988 4.495411 0.000000 0.001576 98.438402 -0.337823 -4.486263 0.028964 
989 6.191545 0.000000 -0.575877 97.749798 -0.310338 -12.267521 0.029439 
990 6.191545 0.000000 -1.153329 97.749798 -0.310338 -12.267521 0.029439 
991 6.781504 0.000000 -0.575877 95.726798 -0.243656 -19.687253 0.044873 
992 6.191545 0.000000 0.001576 98.094127 -0.323442 -9.712144 0.028311 
993 5.306605 0.000000 -0.287150 98.370065 -0.333539 -6.054705 0.028656 
994 5.306605 0.000000 -0.575877 98.370065 -0.333539 -6.054705 0.028656 
995 5.601585 0.000000 -0.287150 98.279224 -0.330348 -7.576669 0.028368 
996 5.306605 0.000000 0.001576 98.370065 -0.333539 -6.054705 0.028656 
997 4.864136 0.000000 -0.142787 98.414952 -0.335583 -5.098075 0.028839 
998 4.864136 0.000000 -0.287150 98.414952 -0.335583 -5.098075 0.028839 
999 5.011626 0.000000 -0.142787 98.414952 -0.335583 -5.098075 0.028839 
1000 4.864136 0.000000 0.001576 98.414952 -0.335583 -5.098075 0.028839 
1001 4.642901 0.000000 -0.070606 98.438402 -0.337823 -4.486263 0.028964 
1002 4.642901 0.000000 -0.142787 98.438402 -0.337823 -4.486263 0.028964 
1003 4.716646 0.000000 -0.070606 98.438402 -0.337823 -4.486263 0.028964 
1004 4.642901 0.000000 0.001576 98.438402 -0.337823 -4.486263 0.028964 
1005 6.191545 0.000000 0.579028 97.749798 -0.310338 -12.267521 0.029439 
1006 6.191545 0.000000 1.156480 97.749798 -0.310338 -12.267521 0.029439 
1007 5.306605 0.000000 0.290302 98.370065 -0.333539 -6.054705 0.028656 
1008 5.601585 0.000000 0.290302 98.279224 -0.330348 -7.576669 0.028368 
1009 5.306605 0.000000 0.579028 98.370065 -0.333539 -6.054705 0.028656 
1010 5.159115 0.000000 -0.142787 98.370065 -0.333539 -6.054705 0.028656 
1011 5.159115 0.000000 -0.287150 98.370065 -0.333539 -6.054705 0.028656 
1012 5.306605 0.000000 -0.142787 98.370065 -0.333539 -6.054705 0.028656 
1013 5.159115 0.000000 0.001576 98.370065 -0.333539 -6.054705 0.028656 
1014 4.864136 0.000000 0.145939 98.414952 -0.335583 -5.098075 0.028839 
1015 5.011626 0.000000 0.145939 98.414952 -0.335583 -5.098075 0.028839 
1016 4.864136 0.000000 0.290302 98.414952 -0.335583 -5.098075 0.028839 
1017 4.937881 0.000000 -0.070606 98.414952 -0.335583 -5.098075 0.028839 
1018 4.864136 0.000000 -0.070606 98.414952 -0.335583 -5.098075 0.028839 
1019 4.937881 0.000000 -0.142787 98.414952 -0.335583 -5.098075 0.028839 
1020 5.011626 0.000000 -0.070606 98.414952 -0.335583 -5.098075 0.028839 
1021 4.937881 0.000000 0.001576 98.414952 -0.335583 -5.098075 0.028839 
1022 5.896565 0.000000 -0.287150 98.279224 -0.330348 -7.576669 0.028368 
1023 5.896565 0.000000 -0.575877 98.094127 -0.323442 -9.712144 0.028311 
1024 6.191545 0.000000 -0.287150 98.094127 -0.323442 -9.712144 0.028311 
1025 5.896565 0.000000 0.001576 98.279224 -0.330348 -7.576669 0.028368 
1026 5.454095 0.000000 -0.142787 98.370065 -0.333539 -6.054705 0.028656 
1027 5.454095 0.000000 -0.287150 98.370065 -0.333539 -6.054705 0.028656 
1028 5.601585 0.000000 -0.142787 98.279224 -0.330348 -7.576669 0.028368 
1029 5.454095 0.000000 0.001576 98.370065 -0.333539 -6.054705 0.028656 
1030 5.896565 0.000000 0.290302 98.279224 -0.330348 -7.576669 0.028368 
1031 6.191545 0.000000 0.290302 98.094127 -0.323442 -9.712144 0.028311 
1032 5.896565 0.000000 0.579028 98.094127 -0.323442 -9.712144 0.028311 
1033 5.749075 0.000000 0.145939 98.279224 -0.330348 -7.576669 0.028368 
1034 5.601585 0.000000 0.145939 98.279224 -0.330348 -7.576669 0.028368 
1035 5.749075 0.000000 0.001576 98.279224 -0.330348 -7.576669 0.028368 
1036 5.896565 0.000000 0.145939 98.279224 -0.330348 -7.576669 0.028368 
1037 5.749075 0.000000 0.290302 98.279224 -0.330348 -7.576669 0.028368 
1038 6.486524 0.000000 0.290302 97.749798 -0.310338 -12.267521 0.029439 
1039 6.486524 0.000000 0.001576 97.749798 -0.310338 -12.267521 0.029439 
1040 6.781504 0.000000 0.290302 96.523378 -0.268110 -17.410431 0.038004 
1041 6.486524 0.000000 0.579028 97.214383 -0.291271 -14.923073 0.032658 
1042 6.044055 0.000000 0.145939 98.094127 -0.323442 -9.712144 0.028311 
1043 6.044055 0.000000 0.001576 98.094127 -0.323442 -9.712144 0.028311 
1044 6.191545 0.000000 0.145939 98.094127 -0.323442 -9.712144 0.028311 
1045 6.044055 0.000000 0.290302 98.094127 -0.323442 -9.712144 0.028311 
1046 7.371464 0.000000 -0.575877 98.962945 3.377839 5.596608 0.016360 
1047 7.371464 0.000000 -1.153329 98.313837 2.974346 6.298456 0.028587 
1048 6.486524 0.000000 -0.287150 97.214383 -0.291271 -14.923073 0.032658 
1049 6.486524 0.000000 -0.575877 97.214383 -0.291271 -14.923073 0.032658 
1050 6.781504 0.000000 -0.287150 96.523378 -0.268110 -17.410431 0.038004 
1051 7.076484 0.000000 0.290302 99.820868 -10.717013 3.840061 -0.009381 
1052 7.076484 0.000000 0.001576 100.089411 15.796281 2.472214 -0.027352 
1053 7.371464 0.000000 0.290302 99.731700 -12.550765 4.353884 -0.012289 
1054 7.076484 0.000000 0.579028 100.251082 -4.762134 4.758704 -0.009560 
1055 6.634014 0.000000 0.145939 97.214383 -0.291271 -14.923073 0.032658 
1056 6.486524 0.000000 0.145939 97.749798 -0.310338 -12.267521 0.029439 
1057 6.634014 0.000000 0.001576 97.214383 -0.291271 -14.923073 0.032658 
1058 6.781504 0.000000 0.145939 96.523378 -0.268110 -17.410431 0.038004 
1059 6.634014 0.000000 0.290302 97.214383 -0.291271 -14.923073 0.032658 
1060 7.666443 0.000000 0.290302 99.666420 -15.171795 5.070731 -0.018929 
1061 7.666443 0.000000 0.001576 99.874202 11.072169 5.333609 -0.012590 
1062 7.666443 0.000000 0.579028 100.134281 -5.226486 5.508347 -0.008453 
1063 7.666443 0.000000 -0.287150 99.403799 4.488741 5.696668 0.006628 
1064 7.371464 0.000000 -0.287150 99.342513 4.693808 5.299991 0.008094 
1065 7.666443 0.000000 -0.575877 99.070470 3.338843 5.938847 0.013862 
1066 7.961423 0.000000 -0.287150 99.452049 4.305603 6.035751 0.005432 
1067 7.518954 0.000000 0.145939 112.647756 127.027793 -108.155151 -3.052311 
1068 7.371464 0.000000 0.145939 110.475210 -68.358053 -132.929991 -2.454798 
1069 7.518954 0.000000 0.001576 99.919578 11.989984 4.875357 -0.015145 
1070 7.666443 0.000000 0.145939 102.954642 83.723147 -10.187078 -0.771300 
1071 7.518954 0.000000 0.290302 99.697159 -13.738406 4.684324 -0.015021 
1072 7.813933 0.000000 0.145939 100.862618 53.082430 4.040679 -0.300734 
1073 7.813933 0.000000 0.001576 99.835790 10.274652 5.686455 -0.010509 
1074 7.961423 0.000000 0.145939 100.316951 38.034557 7.016881 -0.155935 
1075 7.813933 0.000000 0.290302 99.644826 -16.966411 5.526299 -0.024749 
1076 8.256403 0.000000 -0.287150 99.495993 4.137724 6.326628 0.004340 
1077 8.256403 0.000000 -0.575877 99.239179 3.271328 6.512533 0.009847 
1078 8.551383 0.000000 -0.287150 99.535956 3.980012 6.577658 0.003349 
1079 8.108913 0.000000 0.145939 100.064560 29.297342 7.734135 -0.093107 
1080 8.108913 0.000000 0.001576 99.792021 8.935817 6.180588 -0.007650 
1081 8.256403 0.000000 0.145939 99.930987 23.628902 7.900353 -0.060694 
1082 8.108913 0.000000 0.290302 99.509411 -22.465727 6.941539 -0.045502 
1083 5.601585 0.000000 6.931003 101.164379 -4.473441 12.461255 -0.040953 
1084 3.241747 0.000000 6.931003 101.509388 -3.548809 13.956725 -0.051154 
1085 5.601585 0.000000 9.240812 99.967588 -4.236189 14.105394 -0.021043 
1086 6.781504 0.000000 3.466289 102.125742 -4.091012 8.111886 -0.051221 
1087 5.601585 0.000000 3.466289 103.068414 -3.833580 8.373384 -0.070791 
1088 6.781504 0.000000 4.621194 101.866883 -4.500108 9.565533 -0.048861 
1089 7.371464 0.000000 1.733932 101.260425 -3.379232 6.065942 -0.030189 
1090 6.781504 0.000000 1.733932 101.647530 -3.329796 5.652490 -0.037526 
1091 7.371464 0.000000 2.311385 101.562460 -3.626989 6.712403 -0.037314 
1092 7.666443 0.000000 0.867754 100.436927 -3.796620 5.627874 -0.013366 
1093 7.371464 0.000000 0.867754 100.515413 -3.716921 5.328105 -0.014555 
1094 7.961423 0.000000 0.867754 100.381325 -3.885545 5.897921 -0.012629 
1095 7.666443 0.000000 1.156480 100.696526 -3.410902 5.790969 -0.018496 
1096 7.813933 0.000000 0.434665 99.937502 -7.760596 5.647657 -0.007963 
1097 7.666443 0.000000 0.434665 99.947630 -7.410332 5.433851 -0.007397 
1098 7.961423 0.000000 0.434665 99.930313 -8.161863 5.857691 -0.008700 
1099 7.813933 0.000000 0.579028 100.117787 -5.366707 5.677471 -0.008461 
1100 7.887678 0.000000 0.218120 98.821311 -58.828268 6.117680 -0.326384 
1101 7.813933 0.000000 0.218120 99.143829 -48.393516 4.334017 -0.219021 
1102 7.887678 0.000000 0.145939 100.534088 44.381714 5.988156 -0.211270 
1103 7.961423 0.000000 0.218120 98.206450 -74.755807 10.269320 -0.533840 
1104 7.887678 0.000000 0.290302 99.621328 -18.047290 5.792739 -0.028367 
1105 7.740188 0.000000 0.218120 99.261879 -41.094868 3.457291 -0.155366 
1106 7.666443 0.000000 0.218120 99.347255 -35.749363 2.829067 -0.115590 
1107 7.740188 0.000000 0.145939 101.587251 65.573919 -0.017295 -0.461991 
1108 7.740188 0.000000 0.290302 99.655407 -16.013589 5.292720 -0.021565 
1109 7.813933 0.000000 -0.142787 99.605045 5.925142 5.784383 0.001027 
1110 7.666443 0.000000 -0.142787 99.598055 6.148916 5.576953 0.001132 
1111 7.813933 0.000000 -0.287150 99.428818 4.395133 5.873028 0.006010 
1112 7.961423 0.000000 -0.142787 99.613575 5.716477 5.969641 0.000882 
1113 7.887678 0.000000 0.073757 99.995305 16.081828 5.829234 -0.029167 
1114 7.813933 0.000000 0.073757 100.039180 17.094024 5.557971 -0.033093 
1115 7.887678 0.000000 0.001576 99.821419 9.911052 5.830808 -0.009654 
1116 7.961423 0.000000 0.073757 99.959035 15.170285 6.051757 -0.025857 
1117 7.850806 0.000000 0.182030 148.200598 1094.489089 -317.918772 -131.094213 
1118 7.813933 0.000000 0.182030 126.916840 -736.114486 -429.016127 -73.202726 
1119 7.850806 0.000000 0.145939 100.676136 48.363061 5.174695 -0.250145 
1120 7.887678 0.000000 0.182030 104.960357 371.863686 19.465814 -13.967820 
1121 7.850806 0.000000 0.218120 99.008600 -53.113137 5.051779 -0.264923 
1122 8.256403 0.000000 0.867754 100.337921 -3.988131 6.141206 -0.012132 
1123 8.256403 0.000000 1.156480 100.549006 -3.491746 6.238034 -0.016121 
1124 8.108913 0.000000 0.434665 99.921612 -8.625420 6.071894 -0.009559 
1125 8.256403 0.000000 0.434665 99.914159 -9.177290 6.295206 -0.010669 
1126 8.108913 0.000000 0.579028 100.096679 -5.694423 5.994295 -0.008770 
1127 8.035168 0.000000 0.218120 96.899712 -102.648358 21.053910 -1.036951 
1128 8.035168 0.000000 0.145939 100.148099 33.144023 7.499442 -0.118441 
1129 8.108913 0.000000 0.218120 92.252106 -156.723278 61.259033 -2.682531 
1130 8.035168 0.000000 0.290302 99.561610 -20.744532 6.481895 -0.038486 
1131 7.924551 0.000000 0.182030 101.610025 218.472864 27.329687 -4.880190 
1132 7.924551 0.000000 0.145939 100.419729 40.980328 6.581937 -0.180683 
1133 7.961423 0.000000 0.182030 100.693905 154.235480 25.076426 -2.455667 
1134 7.924551 0.000000 0.218120 98.562196 -65.872506 7.735985 -0.411354 
1135 7.887678 0.000000 0.362483 99.815365 -10.884858 5.761310 -0.011478 
1136 7.813933 0.000000 0.362483 99.819997 -10.499807 5.621389 -0.010588 
1137 7.961423 0.000000 0.362483 99.808541 -11.303567 5.908865 -0.012443 
1138 7.887678 0.000000 0.434665 99.933114 -7.953114 5.753462 -0.008298 
1139 7.850806 0.000000 0.254211 99.457783 -26.176973 5.569159 -0.060810 
1140 7.813933 0.000000 0.254211 99.487504 -24.999229 5.337166 -0.055121 
1141 7.887678 0.000000 0.254211 99.420321 -27.472940 5.843040 -0.067330 
1142 7.850806 0.000000 0.290302 99.634281 -17.489011 5.653995 -0.026482 
1143 7.869242 0.000000 0.200075 97.827092 -123.398997 4.633232 -1.481892 
1144 7.850806 0.000000 0.200075 98.215714 -110.764948 2.717718 -1.192259 
1145 7.869242 0.000000 0.182030 111.745084 566.376993 -18.246484 -32.360280 
1146 7.887678 0.000000 0.200075 97.280297 -139.164189 7.688067 -1.888923 
1147 7.869242 0.000000 0.218120 98.922407 -55.828404 5.531029 -0.293305 
1148 116.513974 0.000000 -110.869255 98.480619 0.143841 17.310994 0.000188 
1149 116.513974 0.000000 -147.826199 98.478391 0.122859 17.337585 0.000140 
1150 154.271383 0.000000 -110.869255 98.483066 0.177670 17.317237 0.000117 
1151 -34.515662 0.000000 -110.869255 98.462190 0.005978 17.352991 0.000407 
1152 -72.273071 0.000000 -110.869255 98.468238 0.002825 17.361673 0.000258 
1153 -34.515662 0.000000 -147.826199 98.471280 0.057360 17.354699 0.000222 
1154 59.877860 0.000000 -55.433840 98.468542 0.121040 17.134420 0.001034 
1155 59.877860 0.000000 -73.912312 98.464431 0.053563 17.246327 0.000732 
1156 78.756565 0.000000 -55.433840 98.485275 0.110197 17.150815 0.000649 
1157 -34.515662 0.000000 110.872407 98.491476 -0.008147 17.363661 -0.000207 
1158 -72.273071 0.000000 110.872407 98.488261 -0.003694 17.366441 -0.000153 
1159 -34.515662 0.000000 147.829350 98.488642 -0.084778 17.358666 -0.000134 
1160 -110.030480 0.000000 110.872407 98.485796 -0.044633 17.364623 -0.000098 
1161 -147.787889 0.000000 110.872407 98.483926 -0.031139 17.365281 -0.000064 
1162 -110.030480 0.000000 147.829350 98.485241 -0.044564 17.363662 -0.000084 
1163 -15.636957 0.000000 -55.433840 98.392281 0.043224 17.302775 0.001957 
1164 -34.515662 0.000000 -55.433840 98.420895 0.019921 17.344849 0.001248 
1165 -15.636957 0.000000 -73.912312 98.431494 0.022697 17.325057 0.001108 
1166 31.559804 0.000000 -27.716132 98.375220 0.899904 16.304368 0.005567 
1167 31.559804 0.000000 -36.955368 98.385414 0.411009 16.777340 0.003866 
1168 40.999156 0.000000 -27.716132 98.470637 0.837243 16.337653 0.003591 
1169 -15.636957 0.000000 55.436991 98.502586 -0.064232 17.375614 -0.000468 
1170 -34.515662 0.000000 55.436991 98.498244 -0.029489 17.378177 -0.000391 
1171 -15.636957 0.000000 73.915463 98.498765 -0.033085 17.366322 -0.000360 
1172 -53.394366 0.000000 55.436991 98.492138 -0.013558 17.377400 -0.000268 
1173 -72.273071 0.000000 55.436991 98.487892 -0.006603 17.375188 -0.000176 
1174 -53.394366 0.000000 73.915463 98.492433 -0.010299 17.371085 -0.000251 
1175 -6.197605 0.000000 -27.716132 98.079589 0.307190 17.098440 0.008794 
1176 -15.636957 0.000000 -27.716132 98.203196 0.129581 17.271653 0.005781 
1177 -6.197605 0.000000 -36.955368 98.249434 0.158059 17.176051 0.005201 
1178 17.400775 0.000000 -13.857278 97.857103 3.830557 15.098826 0.018134 
1179 17.400775 0.000000 -18.476896 97.989569 2.319508 15.588220 0.014967 
1180 22.120451 0.000000 -13.857278 98.091756 3.965123 15.000079 0.013728 
1181 -6.197605 0.000000 27.719283 98.515931 -0.455444 17.402508 -0.000844 
1182 -15.636957 0.000000 27.719283 98.513695 -0.202777 17.426748 -0.000868 
1183 -6.197605 0.000000 36.958519 98.499221 -0.241334 17.398211 -0.000485 
1184 -25.076310 0.000000 27.719283 98.497073 -0.096522 17.420662 -0.000516 
1185 -34.515662 0.000000 27.719283 98.489118 -0.049644 17.410843 -0.000325 
1186 -25.076310 0.000000 36.958519 98.502178 -0.077407 17.399202 -0.000542 
1187 -1.477929 0.000000 -13.857278 97.270493 1.095671 16.637410 0.026045 
1188 -6.197605 0.000000 -13.857278 97.561265 0.629724 17.042458 0.019096 
1189 -1.477929 0.000000 -18.476896 97.675151 0.839000 16.724165 0.017916 
1190 10.321261 0.000000 -6.927851 97.366062 4.941128 13.637438 0.030946 
1191 10.321261 0.000000 -9.237660 97.315833 4.403686 14.523823 0.029929 
1192 12.681099 0.000000 -6.927851 97.765934 5.414459 14.044056 0.021527 
1193 -1.477929 0.000000 13.860430 98.851297 -1.641586 16.961421 -0.006196 
1194 -6.197605 0.000000 13.860430 98.695641 -0.963050 17.321063 -0.004178 
1195 -1.477929 0.000000 18.480048 98.550038 -1.252371 17.197674 -0.000944 
1196 -10.917281 0.000000 13.860430 98.556233 -0.540034 17.448116 -0.001806 
1197 -15.636957 0.000000 13.860430 98.483687 -0.310212 17.467976 -0.000426 
1198 -10.917281 0.000000 18.480048 98.513451 -0.479995 17.407925 -0.000817 
1199 0.881909 0.000000 -6.927851 95.275357 1.731828 15.852149 0.066832 
1200 -1.477929 0.000000 -6.927851 95.821898 1.126537 16.899272 0.053131 
1201 0.881909 0.000000 -9.237660 96.204520 1.716993 16.041832 0.048440 
1202 6.781504 0.000000 -3.463138 96.365862 3.628857 9.784251 0.060472 
1203 6.781504 0.000000 -4.618042 96.241910 3.856883 11.415036 0.059232 
1204 7.961423 0.000000 -3.463138 97.245569 3.998234 10.132811 0.042464 
1205 0.881909 0.000000 6.931003 101.197413 -2.558581 15.607863 -0.049107 
1206 -1.477929 0.000000 6.931003 100.458828 -1.804663 16.880815 -0.038019 
1207 0.881909 0.000000 9.240812 100.017484 -2.536436 16.011912 -0.026631 
1208 -3.837767 0.000000 6.931003 99.660571 -1.257115 17.512947 -0.024051 
1209 -6.197605 0.000000 6.931003 99.090460 -0.870132 17.694105 -0.013276 
1210 -3.837767 0.000000 9.240812 99.304008 -1.311641 17.248746 -0.016053 
1211 2.061828 0.000000 -3.463138 91.499114 1.804581 13.283748 0.144820 
1212 0.881909 0.000000 -3.463138 91.615692 1.370731 15.557141 0.136266 
1213 2.061828 0.000000 -4.618042 93.223847 2.012486 14.263234 0.110182 
1214 4.421666 0.000000 3.466289 104.227074 -3.484683 9.152504 -0.095919 
1215 3.241747 0.000000 3.466289 105.262943 -3.063856 10.652905 -0.120316 
1216 4.421666 0.000000 4.621194 103.151808 -3.775756 10.939139 -0.077422 
1217 5.011626 0.000000 -1.730781 98.279224 -0.330348 -7.576669 0.028368 
1218 5.011626 0.000000 -2.308233 97.749798 -0.310338 -12.267521 0.029439 
1219 5.601585 0.000000 -1.730781 97.749798 -0.310338 -12.267521 0.029439 
1220 2.061828 0.000000 3.466289 105.753597 -2.592788 12.799983 -0.135439 
1221 0.881909 0.000000 3.466289 105.342656 -2.142634 15.245827 -0.133410 
1222 2.061828 0.000000 4.621194 103.819281 -2.842267 13.728450 -0.097499 
1223 -0.298010 0.000000 3.466289 103.989179 -1.742779 17.301265 -0.111612 
1224 -1.477929 0.000000 3.466289 102.240445 -1.373752 18.327253 -0.079088 
1225 -0.298010 0.000000 4.621194 102.655903 -1.976813 16.705596 -0.082122 
1226 2.651788 0.000000 -1.730781 99.548035 -0.380725 -1.076968 0.008888 
1227 2.061828 0.000000 -1.730781 100.086570 -0.401368 2.118287 -0.002197 
1228 2.651788 0.000000 -2.308233 98.862373 -0.361646 1.209056 0.022464 
1229 3.536727 0.000000 -0.864603 98.457938 -0.345336 -3.406906 0.029431 
1230 3.241747 0.000000 -0.864603 98.595843 -0.360985 -3.110131 0.026906 
1231 3.536727 0.000000 -1.153329 98.457800 -0.342989 -3.691517 0.029232 
1232 97.635269 0.000000 -55.433840 98.493583 0.098287 17.170529 0.000418 
1233 97.635269 0.000000 -73.912312 98.481516 0.048151 17.255436 0.000364 
1234 116.513974 0.000000 -55.433840 98.497286 0.087153 17.189560 0.000280 
1235 135.392678 0.000000 -55.433840 98.498606 0.077277 17.206743 0.000195 
1236 135.392678 0.000000 -73.912312 98.487763 0.040619 17.270460 0.000189 
1237 154.271383 0.000000 -55.433840 98.504181 0.304338 17.193256 0.000123 
1238 50.438508 0.000000 -27.716132 98.524272 0.753790 16.404728 0.002328 
1239 50.438508 0.000000 -36.955368 98.476675 0.376627 16.799721 0.001997 
1240 59.877860 0.000000 -27.716132 98.552392 0.673422 16.479780 0.001539 
1241 69.317213 0.000000 -27.716132 98.565107 0.599740 16.553787 0.001053 
1242 69.317213 0.000000 -36.955368 98.514947 0.317827 16.866464 0.001023 
1243 78.756565 0.000000 -27.716132 98.569535 0.534599 16.622593 0.000745 
1244 26.840128 0.000000 -13.857278 98.292105 3.900045 14.951298 0.009991 
1245 26.840128 0.000000 -18.476896 98.311737 2.383175 15.443165 0.009063 
1246 31.559804 0.000000 -13.857278 98.452351 3.718618 14.936469 0.007021 
1247 36.279480 0.000000 -4.618042 98.534019 7.005313 14.863548 0.002105 
1248 36.279480 0.000000 -9.237660 98.572878 5.395165 14.670172 0.003907 
1249 40.999156 0.000000 -4.618042 98.645084 6.863224 14.836533 0.000192 
1250 15.040937 0.000000 -6.927851 97.903137 5.818770 14.365244 0.017476 
1251 15.040937 0.000000 -9.237660 97.715775 5.306311 14.709784 0.020709 
1252 17.400775 0.000000 -6.927851 97.970918 6.216240 14.605191 0.014975 
1253 19.760613 0.000000 -6.927851 98.004292 6.419857 14.773263 0.013569 
1254 19.760613 0.000000 -9.237660 97.930953 5.821029 14.867333 0.015461 
1255 22.120451 0.000000 -6.927851 98.046471 6.560445 14.872278 0.012267 
1256 9.141342 0.000000 -3.463138 97.835312 4.326497 10.573776 0.029773 
1257 9.141342 0.000000 -4.618042 97.468437 4.602227 11.801910 0.033944 
1258 10.321261 0.000000 -3.463138 98.205949 4.619919 11.029329 0.021260 
1259 11.501180 0.000000 -3.463138 98.420545 4.882120 11.469353 0.015802 
1260 11.501180 0.000000 -4.618042 98.046613 5.185302 12.458349 0.020476 
1261 12.681099 0.000000 -3.463138 98.518143 5.108542 11.879301 0.012696 
1262 6.191545 0.000000 -1.730781 95.726798 -0.243656 -19.687253 0.044873 
1263 6.191545 0.000000 -2.308233 96.113339 3.072624 7.407240 0.069792 
1264 6.781504 0.000000 -1.730781 97.252949 3.019411 6.662469 0.048836 
1265 7.371464 0.000000 -1.730781 97.781320 3.145628 7.169645 0.037751 
1266 7.371464 0.000000 -2.308233 97.367167 3.395979 8.113450 0.044227 
1267 7.961423 0.000000 -1.730781 98.172740 3.268482 7.626958 0.029326 
1268 4.716646 0.000000 -0.864603 98.414952 -0.335583 -5.098075 0.028839 
1269 4.716646 0.000000 -1.153329 98.414952 -0.335583 -5.098075 0.028839 
1270 5.011626 0.000000 -0.864603 98.370065 -0.333539 -6.054705 0.028656 
1271 5.306605 0.000000 -0.864603 98.370065 -0.333539 -6.054705 0.028656 
1272 5.306605 0.000000 -1.153329 98.279224 -0.330348 -7.576669 0.028368 
1273 5.601585 0.000000 -0.864603 98.279224 -0.330348 -7.576669 0.028368 
1274 3.979196 0.000000 -0.431513 98.457800 -0.342989 -3.691517 0.029232 
1275 3.831707 0.000000 -0.431513 98.457800 -0.342989 -3.691517 0.029232 
1276 3.979196 0.000000 -0.575877 98.451502 -0.340394 -4.041866 0.029085 
1277 2.946767 0.000000 0.290302 99.509887 -0.378965 -0.612782 0.009726 
1278 2.946767 0.000000 0.001576 99.509887 -0.378965 -0.612782 0.009726 
1279 2.946767 0.000000 0.579028 99.548035 -0.380725 -1.076968 0.008888 
1280 -2.657848 0.000000 3.466289 100.857697 -1.116299 18.638927 -0.052093 
1281 -3.837767 0.000000 3.466289 99.919497 -0.913375 18.592219 -0.033041 
1282 -2.657848 0.000000 4.621194 100.659579 -1.294185 17.958777 -0.045654 
1283 2.946767 0.000000 -0.287150 99.517294 -0.379409 -0.797272 0.009553 
1284 2.651788 0.000000 -0.287150 99.477710 -0.377609 -0.615407 0.010366 
1285 2.946767 0.000000 -0.575877 99.548035 -0.380725 -1.076968 0.008888 
1286 2.356808 0.000000 -0.287150 99.504314 -0.378742 -0.867953 0.009799 
1287 2.061828 0.000000 -0.287150 99.457049 -0.377300 -0.779712 0.010755 
1288 2.356808 0.000000 -0.575877 99.548035 -0.380725 -1.076968 0.008888 
1289 -0.592990 0.000000 -0.287150 100.681117 -0.425867 2.944138 -0.014554 
1290 -0.887970 0.000000 -0.287150 100.974705 -0.435886 3.306410 -0.020701 
1291 -0.592990 0.000000 -0.575877 100.681117 -0.425867 2.944138 -0.014554 
1292 -0.150520 0.000000 -0.142787 100.464233 -0.417425 2.794605 -0.010105 
1293 -0.298010 0.000000 -0.142787 100.681117 -0.425867 2.944138 -0.014554 
1294 -0.150520 0.000000 -0.287150 100.464233 -0.417425 2.794605 -0.010105 
1295 0.439439 0.000000 0.145939 100.001009 -0.404319 2.306347 -0.000568 
1296 0.586929 0.000000 0.145939 100.144951 -0.407182 2.548467 -0.003567 
1297 0.439439 0.000000 0.290302 100.309321 -0.410951 2.822852 -0.007010 
1298 26.840128 0.000000 13.860430 98.781905 -7.100329 13.471715 0.001023 
1299 26.840128 0.000000 18.480048 98.368200 -5.355314 16.292101 0.002959 
1300 6.191545 0.000000 1.733932 95.726798 -0.243656 -19.687253 0.044873 
1301 5.601585 0.000000 1.733932 98.094127 -0.323442 -9.712144 0.028311 
1302 6.191545 0.000000 2.311385 102.531708 -3.489162 6.256862 -0.056407 
1303 4.052941 0.000000 -0.214969 98.451502 -0.340394 -4.041866 0.029085 
1304 3.979196 0.000000 -0.214969 98.457800 -0.342989 -3.691517 0.029232 
1305 4.052941 0.000000 -0.287150 98.451502 -0.340394 -4.041866 0.029085 
1306 4.569156 0.000000 -0.431513 98.438402 -0.337823 -4.486263 0.028964 
1307 4.569156 0.000000 -0.575877 98.438402 -0.337823 -4.486263 0.028964 
1308 4.716646 0.000000 -0.431513 98.414952 -0.335583 -5.098075 0.028839 
1309 4.864136 0.000000 -0.431513 98.414952 -0.335583 -5.098075 0.028839 
1310 4.864136 0.000000 -0.575877 98.414952 -0.335583 -5.098075 0.028839 
1311 5.011626 0.000000 -0.431513 98.414952 -0.335583 -5.098075 0.028839 
1312 4.347921 0.000000 -0.214969 98.438402 -0.337823 -4.486263 0.028964 
1313 4.347921 0.000000 -0.287150 98.438402 -0.337823 -4.486263 0.028964 
1314 4.421666 0.000000 -0.214969 98.438402 -0.337823 -4.486263 0.028964 
1315 9.731302 0.000000 1.733932 100.588244 -3.453751 7.191260 -0.018164 
1316 9.731302 0.000000 2.311385 100.749206 -3.669199 7.466644 -0.021962 
1317 8.551383 0.000000 -1.730781 98.470303 3.386821 8.036395 0.022755 
1318 8.551383 0.000000 -2.308233 98.117166 3.688194 8.815651 0.028170 
1319 9.141342 0.000000 -1.730781 98.695205 3.505746 8.404880 0.017632 
1320 9.731302 0.000000 -1.730781 98.865419 3.625715 8.740885 0.013608 
1321 9.731302 0.000000 -2.308233 98.558073 3.968256 9.450230 0.018125 
1322 10.321261 0.000000 -1.730781 98.991429 3.748049 9.051150 0.010473 
1323 7.076484 0.000000 0.867754 100.618283 -3.645085 4.995664 -0.016228 
1324 6.781504 0.000000 0.867754 95.726798 -0.243656 -19.687253 0.044873 
1325 7.076484 0.000000 1.156480 100.937769 -3.335611 5.243952 -0.022706 
1326 8.846362 0.000000 -0.287150 99.577866 3.836494 6.798854 0.002331 
1327 8.846362 0.000000 -0.575877 99.372333 3.219032 6.974352 0.006614 
1328 9.141342 0.000000 -0.287150 99.615389 3.712634 6.996322 0.001404 
1329 9.436322 0.000000 0.867754 100.242109 -4.645310 6.915976 -0.011789 
1330 9.731302 0.000000 0.867754 100.224090 -4.891657 7.082395 -0.011896 
1331 9.436322 0.000000 1.156480 100.390723 -3.706567 6.904860 -0.013971 
1332 13.861018 0.000000 -3.463138 98.588382 5.288192 12.368420 0.009939 
1333 13.861018 0.000000 -4.618042 98.277078 5.585988 13.198944 0.013620 
1334 15.040937 0.000000 -3.463138 98.564068 5.481321 12.712689 0.009347 
1335 16.220856 0.000000 -3.463138 98.514159 5.656100 13.019149 0.009347 
1336 16.220856 0.000000 -4.618042 98.265860 5.944386 13.730397 0.011996 
1337 17.400775 0.000000 -3.463138 98.449236 5.818430 13.264749 0.009794 
1338 10.911221 0.000000 -1.730781 99.076103 3.879563 9.348117 0.008149 
1339 10.911221 0.000000 -2.308233 98.807543 4.228405 10.010612 0.011898 
1340 11.501180 0.000000 -1.730781 99.133544 4.004723 9.621179 0.006394 
1341 12.091140 0.000000 -0.575877 99.653914 3.423454 8.650232 -0.001745 
1342 12.091140 0.000000 -1.153329 99.413106 3.743046 9.238036 0.001768 
1343 12.681099 0.000000 -0.575877 99.632153 3.511539 8.877316 -0.001770 
1344 9.436322 0.000000 -0.287150 99.650430 3.610653 7.177170 0.000524 
1345 9.436322 0.000000 -0.575877 99.477584 3.193519 7.361031 0.003983 
1346 9.731302 0.000000 -0.287150 99.682060 3.529766 7.344586 -0.000292 
1347 11.206200 0.000000 0.290302 99.974687 6.300432 8.062731 -0.009964 
1348 11.206200 0.000000 0.001576 99.890992 3.909420 7.908576 -0.005604 
1349 11.501180 0.000000 0.290302 99.974666 5.732194 8.100492 -0.009341 
1350 10.616241 0.000000 0.867754 100.167788 -5.997778 7.591665 -0.012719 
1351 10.321261 0.000000 0.867754 100.190259 -5.547271 7.414398 -0.012383 
1352 10.616241 0.000000 1.156480 100.300618 -4.029903 7.394907 -0.013114 
1353 11.796160 0.000000 0.867754 99.973665 -9.791632 8.824374 -0.016848 
1354 11.796160 0.000000 0.579028 99.557249 18.009752 12.195612 -0.038473 
1355 11.796160 0.000000 1.156480 100.200673 -4.654715 7.818694 -0.012297 
1356 13.271059 0.000000 -0.575877 99.601417 3.612918 9.098273 -0.001627 
1357 13.271059 0.000000 -1.153329 99.383118 3.975867 9.711339 0.001288 
1358 13.861018 0.000000 -0.575877 99.558548 3.718162 9.310050 -0.001241 
1359 24.480290 0.000000 6.931003 99.457568 -4.659448 8.989311 0.000567 
1360 26.840128 0.000000 6.931003 99.481164 -4.363882 8.935661 0.000461 
1361 24.480290 0.000000 9.240812 99.304421 -6.247495 10.039524 -0.000119 
1362 24.480290 0.000000 -2.308233 98.397579 6.251773 13.731339 0.009028 
1363 24.480290 0.000000 -4.618042 98.187445 6.801301 14.693806 0.009706 
1364 26.840128 0.000000 -2.308233 98.420564 6.479936 14.026957 0.007465 
1365 18.580694 0.000000 -3.463138 98.413619 6.011361 13.520900 0.009581 
1366 18.580694 0.000000 -4.618042 98.224295 6.294477 14.124470 0.011287 
1367 19.760613 0.000000 -3.463138 98.360824 6.145681 13.732951 0.009879 
1368 16.515836 0.000000 1.445206 98.002071 -19.544057 19.275584 -0.035792 
1369 16.515836 0.000000 1.156480 99.512603 8.916187 10.163118 -0.008555 
1370 16.515836 0.000000 1.733932 99.711537 -5.277249 9.025314 -0.005170 
1371 45.718832 0.000000 -4.618042 98.728611 6.638058 14.789004 -0.001012 
1372 45.718832 0.000000 -9.237660 98.746627 4.722441 14.683686 0.001119 
1373 50.438508 0.000000 -4.618042 98.789087 6.353948 14.738606 -0.001688 
1374 57.518022 0.000000 11.550621 99.874760 -3.832478 9.016384 -0.007095 
1375 55.158184 0.000000 11.550621 99.857620 -4.165858 9.057061 -0.007093 
1376 57.518022 0.000000 13.860430 99.776596 -5.659119 9.603297 -0.007962 
1377 88.195917 0.000000 -27.716132 98.569475 0.477639 16.685191 0.000543 
1378 88.195917 0.000000 -36.955368 98.526494 0.265614 16.933984 0.000570 
1379 97.635269 0.000000 -27.716132 98.567029 0.427989 16.741624 0.000408 
1380 107.074622 0.000000 -9.237660 98.751541 1.644464 15.734598 -0.000215 
1381 107.074622 0.000000 -18.476896 98.628807 0.740798 16.424466 0.000205 
1382 116.513974 0.000000 -9.237660 98.727566 1.408779 15.891263 -0.000165 
1383 62.237698 0.000000 6.931003 99.431576 4.944107 11.568849 -0.004492 
1384 62.237698 0.000000 4.621194 99.051630 6.348910 13.704872 -0.003936 
1385 64.597536 0.000000 6.931003 99.359616 5.246865 12.028448 -0.004455 
1386 92.915593 0.000000 4.621194 98.896209 6.920342 14.886442 -0.004996 
1387 92.915593 0.000000 0.001576 98.931390 5.155191 14.678542 -0.002946 
1388 97.635269 0.000000 4.621194 98.908746 6.688692 14.832142 -0.004767 
1389 83.476241 0.000000 23.099665 99.214500 -7.373282 13.094076 -0.006934 
1390 78.756565 0.000000 23.099665 99.089356 -7.269742 13.784977 -0.006158 
1391 83.476241 0.000000 27.719283 98.666289 -5.877833 16.218621 -0.003263 
1392 102.354945 0.000000 4.621194 98.921246 6.401783 14.775035 -0.004470 
1393 102.354945 0.000000 0.001576 98.926993 4.438390 14.736272 -0.002341 
1394 107.074622 0.000000 4.621194 98.931759 6.075048 14.726833 -0.004128 
1395 111.794298 0.000000 4.621194 98.939097 5.723051 14.694757 -0.003763 
1396 111.794298 0.000000 0.001576 98.909777 3.780177 14.856364 -0.001815 
1397 116.513974 0.000000 4.621194 98.942701 5.358607 14.682360 -0.003394 
1398 125.953326 0.000000 -9.237660 98.705142 1.212895 16.033377 -0.000125 
1399 125.953326 0.000000 -18.476896 98.606911 0.577581 16.586033 0.000125 
1400 135.392678 0.000000 -9.237660 98.684563 1.049602 16.161150 -0.000093 
1401 121.233650 0.000000 4.621194 98.942477 4.992323 14.690451 -0.003035 
1402 121.233650 0.000000 0.001576 98.884358 3.202056 15.016427 -0.001386 
1403 125.953326 0.000000 4.621194 98.938652 4.632493 14.717974 -0.002694 
1404 130.673002 0.000000 4.621194 98.931643 4.285235 14.762744 -0.002377 
1405 130.673002 0.000000 0.001576 98.854671 2.708009 15.196397 -0.001051 
1406 135.392678 0.000000 4.621194 98.921958 3.954758 14.822012 -0.002089 
1407 125.953326 0.000000 46.197755 98.401866 -1.996560 17.794925 -0.000357 
1408 116.513974 0.000000 46.197755 98.403876 -1.695898 17.780363 -0.000234 
1409 125.953326 0.000000 55.436991 98.429495 -0.859523 17.644564 -0.000043 
1410 130.673002 0.000000 32.338901 99.092436 -7.254305 13.870341 -0.006432 
1411 125.953326 0.000000 32.338901 98.978662 -7.044477 14.513082 -0.005703 
1412 130.673002 0.000000 36.958519 98.609746 -5.446931 16.611076 -0.002948 
1413 121.233650 0.000000 32.338901 98.875572 -6.760304 15.094877 -0.004994 
1414 116.513974 0.000000 32.338901 98.784447 -6.422987 15.608388 -0.004324 
1415 121.233650 0.000000 36.958519 98.519460 -4.676551 17.118649 -0.002100 
1416 144.832030 0.000000 -9.237660 98.665896 0.912941 16.275393 -0.000068 
1417 144.832030 0.000000 -18.476896 98.587991 0.458036 16.714035 0.000084 
1418 154.271383 0.000000 -9.237660 98.649084 0.798057 16.377212 -0.000049 
1419 140.112354 0.000000 4.621194 98.910130 3.643694 14.892864 -0.001829 
1420 140.112354 0.000000 0.001576 98.823582 2.292632 15.381386 -0.000794 
1421 144.832030 0.000000 4.621194 98.896673 3.353427 14.972487 -0.001597 
1422 149.551707 0.000000 13.860430 98.920117 6.716259 14.846463 -0.005072 
1423 149.551707 0.000000 9.240812 98.945004 4.829956 14.703271 -0.002963 
1424 154.271383 0.000000 13.860430 98.930810 6.434144 14.788002 -0.004739 
1425 142.472192 0.000000 20.789857 99.435796 5.158252 11.921790 -0.005621 
1426 142.472192 0.000000 18.480048 99.082252 6.480349 13.925587 -0.005321 
1427 144.832030 0.000000 20.789857 99.358505 5.446920 12.361287 -0.005458 
1428 137.752516 0.000000 25.409474 99.943696 -3.607204 9.041594 -0.008350 
1429 135.392678 0.000000 25.409474 99.937716 -3.936134 9.074268 -0.008538 
1430 137.752516 0.000000 27.719283 99.858162 -5.446996 9.528089 -0.009211 
1431 147.191868 0.000000 20.789857 99.286545 5.712998 12.770486 -0.005354 
1432 147.191868 0.000000 18.480048 99.005131 6.792164 14.365342 -0.005451 
1433 149.551707 0.000000 20.789857 99.220761 5.956697 13.144590 -0.005302 
1434 151.911545 0.000000 20.789857 99.161593 6.178625 13.481115 -0.005294 
1435 151.911545 0.000000 18.480048 98.952771 7.012734 14.664393 -0.005587 
1436 154.271383 0.000000 20.789857 99.109221 6.379115 13.779042 -0.005319 
1437 4.237304 0.000000 0.037666 98.451502 -0.340394 -4.041866 0.029085 
1438 4.274176 0.000000 0.037666 98.451502 -0.340394 -4.041866 0.029085 
1439 4.237304 0.000000 0.073757 98.451502 -0.340394 -4.041866 0.029085 
1440 4.495411 0.000000 -0.214969 98.438402 -0.337823 -4.486263 0.028964 
1441 4.495411 0.000000 -0.287150 98.438402 -0.337823 -4.486263 0.028964 
1442 4.569156 0.000000 -0.214969 98.438402 -0.337823 -4.486263 0.028964 
1443 4.642901 0.000000 -0.214969 98.438402 -0.337823 -4.486263 0.028964 
1444 4.642901 0.000000 -0.287150 98.438402 -0.337823 -4.486263 0.028964 
1445 4.716646 0.000000 -0.214969 98.414952 -0.335583 -5.098075 0.028839 
1446 4.311049 0.000000 -0.106697 98.451502 -0.340394 -4.041866 0.029085 
1447 4.311049 0.000000 -0.142787 98.451502 -0.340394 -4.041866 0.029085 
1448 4.347921 0.000000 -0.106697 98.438402 -0.337823 -4.486263 0.028964 
1449 4.218867 0.000000 -0.016470 98.124392 -0.329686 -5.665975 0.033939 
1450 4.237304 0.000000 -0.016470 98.451502 -0.340394 -4.041866 0.029085 
1451 4.218867 0.000000 0.001576 98.124392 -0.329686 -5.665975 0.033939 
1452 4.495411 0.000000 0.073757 98.438402 -0.337823 -4.486263 0.028964 
1453 4.569156 0.000000 0.073757 98.438402 -0.337823 -4.486263 0.028964 
1454 4.495411 0.000000 0.145939 98.438402 -0.337823 -4.486263 0.028964 
1455 4.642901 0.000000 0.073757 98.438402 -0.337823 -4.486263 0.028964 
1456 4.716646 0.000000 0.073757 98.438402 -0.337823 -4.486263 0.028964 
1457 4.642901 0.000000 0.145939 98.438402 -0.337823 -4.486263 0.028964 
1458 4.311049 0.000000 0.037666 98.451502 -0.340394 -4.041866 0.029085 
1459 4.347921 0.000000 0.037666 98.438402 -0.337823 -4.486263 0.028964 
1460 4.311049 0.000000 0.073757 98.451502 -0.340394 -4.041866 0.029085 
1461 5.896565 0.000000 -0.864603 98.094127 -0.323442 -9.712144 0.028311 
1462 5.896565 0.000000 -1.153329 98.094127 -0.323442 -9.712144 0.028311 
1463 6.191545 0.000000 -0.864603 97.749798 -0.310338 -12.267521 0.029439 
1464 6.486524 0.000000 -0.864603 97.214383 -0.291271 -14.923073 0.032658 
1465 6.486524 0.000000 -1.153329 96.523378 -0.268110 -17.410431 0.038004 
1466 6.781504 0.000000 -0.864603 95.726798 -0.243656 -19.687253 0.044873 
1467 5.159115 0.000000 -0.431513 98.370065 -0.333539 -6.054705 0.028656 
1468 5.159115 0.000000 -0.575877 98.370065 -0.333539 -6.054705 0.028656 
1469 5.306605 0.000000 -0.431513 98.370065 -0.333539 -6.054705 0.028656 
1470 5.454095 0.000000 -0.431513 98.370065 -0.333539 -6.054705 0.028656 
1471 5.454095 0.000000 -0.575877 98.370065 -0.333539 -6.054705 0.028656 
1472 5.601585 0.000000 -0.431513 98.279224 -0.330348 -7.576669 0.028368 
1473 4.790391 0.000000 -0.070606 98.414952 -0.335583 -5.098075 0.028839 
1474 4.790391 0.000000 -0.142787 98.414952 -0.335583 -5.098075 0.028839 
1475 4.790391 0.000000 0.001576 98.414952 -0.335583 -5.098075 0.028839 
1476 6.486524 0.000000 0.867754 97.214383 -0.291271 -14.923073 0.032658 
1477 6.191545 0.000000 0.867754 97.749798 -0.310338 -12.267521 0.029439 
1478 6.486524 0.000000 1.156480 96.523378 -0.268110 -17.410431 0.038004 
1479 5.896565 0.000000 0.867754 98.094127 -0.323442 -9.712144 0.028311 
1480 5.601585 0.000000 0.867754 98.279224 -0.330348 -7.576669 0.028368 
1481 5.896565 0.000000 1.156480 98.094127 -0.323442 -9.712144 0.028311 
1482 5.159115 0.000000 0.145939 98.370065 -0.333539 -6.054705 0.028656 
1483 5.306605 0.000000 0.145939 98.370065 -0.333539 -6.054705 0.028656 
1484 5.159115 0.000000 0.290302 98.370065 -0.333539 -6.054705 0.028656 
1485 5.454095 0.000000 0.145939 98.370065 -0.333539 -6.054705 0.028656 
1486 5.454095 0.000000 0.290302 98.370065 -0.333539 -6.054705 0.028656 
1487 4.790391 0.000000 0.073757 98.414952 -0.335583 -5.098075 0.028839 
1488 4.864136 0.000000 0.073757 98.414952 -0.335583 -5.098075 0.028839 
1489 4.790391 0.000000 0.145939 98.414952 -0.335583 -5.098075 0.028839 
1490 4.937881 0.000000 0.073757 98.414952 -0.335583 -5.098075 0.028839 
1491 5.011626 0.000000 0.073757 98.414952 -0.335583 -5.098075 0.028839 
1492 4.937881 0.000000 0.145939 98.414952 -0.335583 -5.098075 0.028839 
1493 5.749075 0.000000 -0.142787 98.279224 -0.330348 -7.576669 0.028368 
1494 5.749075 0.000000 -0.287150 98.279224 -0.330348 -7.576669 0.028368 
1495 5.896565 0.000000 -0.142787 98.279224 -0.330348 -7.576669 0.028368 
1496 6.339034 0.000000 0.145939 97.749798 -0.310338 -12.267521 0.029439 
1497 6.339034 0.000000 0.001576 97.749798 -0.310338 -12.267521 0.029439 
1498 6.339034 0.000000 0.290302 97.749798 -0.310338 -12.267521 0.029439 
1499 7.076484 0.000000 -0.287150 99.262276 4.922535 4.839746 0.009935 
1500 7.076484 0.000000 -0.575877 98.829471 3.424208 5.212677 0.019384 
1501 7.518954 0.000000 0.434665 99.961204 -7.096341 5.217038 -0.006982 
1502 7.371464 0.000000 0.434665 99.982109 -6.814770 4.996845 -0.006783 
1503 7.518954 0.000000 0.579028 100.153839 -5.096290 5.332358 -0.008520 
1504 7.518954 0.000000 -0.142787 99.589851 6.389456 5.343191 0.001249 
1505 7.371464 0.000000 -0.142787 99.576404 6.652562 5.082474 0.001445 
1506 7.518954 0.000000 -0.287150 99.375981 4.587219 5.505415 0.007306 
1507 7.740188 0.000000 0.073757 100.103068 18.221993 5.213082 -0.037984 
1508 7.666443 0.000000 0.073757 100.180191 19.483535 4.753480 -0.043827 
1509 7.740188 0.000000 0.001576 99.853295 10.660024 5.522084 -0.011481 
1510 8.108913 0.000000 -0.142787 99.622088 5.517911 6.135575 0.000735 
1511 8.108913 0.000000 -0.287150 99.474046 4.219520 6.186291 0.004884 
1512 8.256403 0.000000 -0.142787 99.631204 5.328682 6.285573 0.000572 
1513 8.035168 0.000000 0.073757 99.927224 14.341545 6.230097 -0.022994 
1514 8.035168 0.000000 0.001576 99.799950 9.243827 6.076021 -0.008240 
1515 8.108913 0.000000 0.073757 99.903408 13.584934 6.375500 -0.020589 
1516 7.740188 0.000000 0.362483 99.824844 -10.147879 5.483423 -0.009805 
1517 7.666443 0.000000 0.362483 99.830113 -9.822540 5.346691 -0.009112 
1518 7.740188 0.000000 0.434665 99.942174 -7.580171 5.541300 -0.007660 
1519 7.924551 0.000000 0.254211 99.377511 -28.906150 6.169628 -0.074952 
1520 7.961423 0.000000 0.254211 99.333801 -30.504625 6.558554 -0.084075 
1521 7.924551 0.000000 0.290302 99.607354 -18.645496 5.944535 -0.030462 
1522 8.035168 0.000000 0.362483 99.800795 -11.765304 6.063358 -0.013539 
1523 8.108913 0.000000 0.362483 99.790689 -12.277936 6.228078 -0.014772 
1524 8.035168 0.000000 0.434665 99.926048 -8.384301 5.964117 -0.009108 
1525 -110.030480 0.000000 -110.869255 98.473877 0.025875 17.363009 0.000142 
1526 -147.787889 0.000000 -110.869255 98.476662 0.016346 17.364560 0.000082 
1527 -110.030480 0.000000 -147.826199 98.475445 0.027770 17.362511 0.000113 
1528 -53.394366 0.000000 -55.433840 98.444043 0.009021 17.361967 0.000733 
1529 -72.273071 0.000000 -55.433840 98.458380 0.004323 17.367607 0.000431 
1530 -53.394366 0.000000 -73.912312 98.453045 0.007265 17.358454 0.000568 
1531 -25.076310 0.000000 -27.716132 98.307758 0.059609 17.342276 0.003483 
1532 -34.515662 0.000000 -27.716132 98.372411 0.028430 17.368737 0.002119 
1533 -25.076310 0.000000 -36.955368 98.349093 0.049781 17.326892 0.002723 
1534 -10.917281 0.000000 -13.857278 97.856883 0.336247 17.251674 0.012630 
1535 -15.636957 0.000000 -13.857278 98.064107 0.181978 17.335545 0.008288 
1536 -10.917281 0.000000 -18.476896 97.981505 0.313286 17.181064 0.010434 
1537 -3.837767 0.000000 -6.927851 96.544583 0.717886 17.432903 0.037472 
1538 -6.197605 0.000000 -6.927851 97.142020 0.450498 17.605025 0.025329 
1539 -3.837767 0.000000 -9.237660 96.869850 0.801691 17.113018 0.032273 
1540 -0.298010 0.000000 -3.463138 92.728971 1.009865 17.488883 0.109446 
1541 -1.477929 0.000000 -3.463138 94.288288 0.697012 18.425605 0.076973 
1542 -0.298010 0.000000 -4.618042 93.946069 1.236338 16.902469 0.088691 
1543 1.471868 0.000000 -1.730781 100.208902 -0.406763 2.848111 -0.005010 
1544 0.881909 0.000000 -1.730781 100.464233 -0.417425 2.794605 -0.010105 
1545 1.471868 0.000000 -2.308233 100.464233 -0.417425 2.794605 -0.010105 
1546 5.011626 0.000000 1.733932 98.279224 -0.330348 -7.576669 0.028368 
1547 4.421666 0.000000 1.733932 98.414952 -0.335583 -5.098075 0.028839 
1548 5.011626 0.000000 2.311385 97.749798 -0.310338 -12.267521 0.029439 
1549 3.831707 0.000000 1.733932 98.438402 -0.337823 -4.486263 0.028964 
1550 3.241747 0.000000 1.733932 98.457800 -0.342989 -3.691517 0.029232 
1551 3.831707 0.000000 2.311385 98.370065 -0.333539 -6.054705 0.028656 
1552 36.279480 0.000000 -13.857278 98.550785 3.479464 14.933861 0.005262 
1553 36.279480 0.000000 -18.476896 98.496855 2.149388 15.456742 0.005484 
1554 40.999156 0.000000 -13.857278 98.633300 3.233567 14.993788 0.003620 
1555 2.651788 0.000000 1.733932 99.548035 -0.380725 -1.076968 0.008888 
1556 2.061828 0.000000 1.733932 100.086570 -0.401368 2.118287 -0.002197 
1557 2.651788 0.000000 2.311385 98.924082 -0.362383 0.520316 0.021362 
1558 1.471868 0.000000 1.733932 100.208902 -0.406763 2.848111 -0.005010 
1559 0.881909 0.000000 1.733932 100.309321 -0.410951 2.822852 -0.007010 
1560 1.471868 0.000000 2.311385 100.464233 -0.417425 2.794605 -0.010105 
1561 0.291949 0.000000 1.733932 100.681117 -0.425867 2.944138 -0.014554 
1562 -0.298010 0.000000 1.733932 100.974705 -0.435886 3.306410 -0.020701 
1563 0.291949 0.000000 2.311385 100.974705 -0.435886 3.306410 -0.020701 
1564 -0.887970 0.000000 1.733932 101.946550 -0.463745 4.675040 -0.041517 
1565 -1.477929 0.000000 1.733932 104.288110 -0.525216 8.076095 -0.094151 
1566 -0.887970 0.000000 2.311385 106.213379 -0.518907 13.155169 -0.145461 
1567 2.946767 0.000000 -0.864603 99.548035 -0.380725 -1.076968 0.008888 
1568 2.651788 0.000000 -0.864603 99.548035 -0.380725 -1.076968 0.008888 
1569 2.946767 0.000000 -1.153329 99.548035 -0.380725 -1.076968 0.008888 
1570 -2.657848 0.000000 -3.463138 95.529750 0.497522 18.672892 0.052514 
1571 -3.837767 0.000000 -3.463138 96.377797 0.355017 18.584584 0.036581 
1572 -2.657848 0.000000 -4.618042 95.676426 0.676650 17.981079 0.052224 
1573 0.291949 0.000000 -1.730781 100.681117 -0.425867 2.944138 -0.014554 
1574 -0.298010 0.000000 -1.730781 100.974705 -0.435886 3.306410 -0.020701 
1575 0.291949 0.000000 -2.308233 100.974705 -0.435886 3.306410 -0.020701 
1576 5.306605 0.000000 0.867754 98.370065 -0.333539 -6.054705 0.028656 
1577 5.011626 0.000000 0.867754 98.370065 -0.333539 -6.054705 0.028656 
1578 5.306605 0.000000 1.156480 98.279224 -0.330348 -7.576669 0.028368 
1579 4.716646 0.000000 0.867754 98.414952 -0.335583 -5.098075 0.028839 
1580 4.421666 0.000000 0.867754 98.438402 -0.337823 -4.486263 0.028964 
1581 4.716646 0.000000 1.156480 98.414952 -0.335583 -5.098075 0.028839 
1582 10.026281 0.000000 0.867754 100.209663 -5.185355 7.247705 -0.012139 
1583 10.026281 0.000000 1.156480 100.344299 -3.846708 7.165470 -0.013512 
1584 12.091140 0.000000 -1.730781 99.164215 4.127373 9.878335 0.005184 
1585 12.091140 0.000000 -2.308233 98.923492 4.476269 10.517396 0.008349 
1586 12.681099 0.000000 -1.730781 99.167172 4.240911 10.118288 0.004551 
1587 10.026281 0.000000 -0.287150 99.709586 3.467364 7.500950 -0.001029 
1588 10.026281 0.000000 -0.575877 99.557918 3.198702 7.695960 0.001876 
1589 10.321261 0.000000 -0.287150 99.732414 3.421930 7.648002 -0.001676 
1590 10.616241 0.000000 -0.287150 99.750509 3.391025 7.787143 -0.002230 
1591 10.616241 0.000000 -0.575877 99.614075 3.233984 7.995293 0.000265 
1592 10.911221 0.000000 -0.287150 99.766716 3.375211 7.921600 -0.002754 
1593 11.796160 0.000000 0.290302 99.969970 5.290707 8.150286 -0.008841 
1594 11.796160 0.000000 0.001576 99.885799 3.736768 8.121253 -0.005709 
1595 12.091140 0.000000 0.290302 99.956005 4.937585 8.202515 -0.008286 
1596 12.386120 0.000000 0.290302 99.937303 4.669614 8.269714 -0.007766 
1597 12.386120 0.000000 0.001576 99.854071 3.638700 8.320766 -0.005331 
1598 12.681099 0.000000 0.290302 99.921650 4.450745 8.335903 -0.007363 
1599 13.271059 0.000000 -1.730781 99.160254 4.361719 10.353175 0.004103 
1600 13.271059 0.000000 -2.308233 98.940529 4.700036 10.971773 0.006830 
1601 13.861018 0.000000 -1.730781 99.137043 4.474614 10.573234 0.004003 
1602 14.450978 0.000000 -0.575877 99.514142 3.818337 9.664362 -0.001104 
1603 14.450978 0.000000 -1.153329 99.319182 4.197842 10.264883 0.001271 
1604 15.040937 0.000000 -0.575877 99.452952 3.925974 9.829730 -0.000293 
1605 12.976079 0.000000 0.290302 99.902947 4.276729 8.404539 -0.006953 
1606 12.976079 0.000000 0.001576 99.820818 3.593018 8.511615 -0.004955 
1607 13.271059 0.000000 0.290302 99.881384 4.138903 8.474917 -0.006525 
1608 13.566039 0.000000 0.290302 99.857259 4.030612 8.546577 -0.006076 
1609 13.566039 0.000000 0.001576 99.776114 3.586575 8.695855 -0.004375 
1610 13.861018 0.000000 0.290302 99.830730 3.946494 8.619183 -0.005604 
1611 29.199966 0.000000 6.931003 99.516417 -4.060757 8.904902 0.000070 
1612 31.559804 0.000000 6.931003 99.566058 -3.753375 8.894570 -0.000660 
1613 29.199966 0.000000 9.240812 99.425146 -5.826641 9.620346 -0.001186 
1614 14.155998 0.000000 0.290302 99.801974 3.882336 8.692503 -0.005107 
1615 14.155998 0.000000 0.001576 99.721664 3.608647 8.875091 -0.003620 
1616 14.450978 0.000000 0.290302 99.771447 3.834701 8.766379 -0.004590 
1617 24.480290 0.000000 -6.927851 98.133586 6.641371 14.896243 0.010379 
1618 24.480290 0.000000 -9.237660 98.141909 5.920260 14.841917 0.011283 
1619 26.840128 0.000000 -6.927851 98.226221 6.668850 14.898895 0.008516 
1620 29.199966 0.000000 -2.308233 98.447280 6.671651 14.265516 0.006012 
1621 29.199966 0.000000 -4.618042 98.325533 7.007672 14.864731 0.006202 
1622 31.559804 0.000000 -2.308233 98.490309 6.826602 14.455681 0.004409 
1623 15.630897 0.000000 -0.575877 99.388441 4.030711 10.018689 0.000532 
1624 15.630897 0.000000 -1.153329 99.209719 4.415432 10.661359 0.002427 
1625 16.220856 0.000000 -0.575877 99.322664 4.131921 10.200298 0.001389 
1626 33.919642 0.000000 6.931003 99.617191 -3.446589 8.891985 -0.001453 
1627 33.919642 0.000000 4.621194 99.205724 -8.649607 11.088161 -0.003954 
1628 33.919642 0.000000 9.240812 99.566239 -5.268437 9.315851 -0.002798 
1629 45.718832 0.000000 -13.857278 98.685438 2.991351 15.070062 0.002513 
1630 45.718832 0.000000 -18.476896 98.606424 1.870278 15.589287 0.003025 
1631 50.438508 0.000000 -13.857278 98.717239 2.760583 15.155324 0.001760 
1632 55.158184 0.000000 -4.618042 98.832802 6.028558 14.696759 -0.002026 
1633 55.158184 0.000000 -9.237660 98.816260 4.051239 14.779193 0.000051 
1634 59.877860 0.000000 -4.618042 98.862778 5.676204 14.670961 -0.002131 
1635 52.798346 0.000000 11.550621 99.835011 -4.501931 9.119384 -0.007046 
1636 50.438508 0.000000 11.550621 99.806101 -4.835989 9.206338 -0.006940 
1637 52.798346 0.000000 13.860430 99.682827 -6.228181 10.024213 -0.007594 
1638 107.074622 0.000000 -27.716132 98.563368 0.384696 16.792323 0.000313 
1639 107.074622 0.000000 -36.955368 98.528007 0.222614 16.992356 0.000344 
1640 116.513974 0.000000 -27.716132 98.559154 0.346871 16.837839 0.000246 
1641 64.597536 0.000000 -4.618042 98.883056 5.315435 14.663695 -0.002114 
1642 64.597536 0.000000 -9.237660 98.835387 3.442228 14.927065 -0.000310 
1643 69.317213 0.000000 -4.618042 98.895732 4.949629 14.676565 -0.002027 
1644 66.957375 0.000000 6.931003 99.289511 5.528702 12.462239 -0.004428 
1645 66.957375 0.000000 4.621194 98.980107 6.691057 14.202839 -0.004355 
1646 69.317213 0.000000 6.931003 99.224297 5.787935 12.863567 -0.004443 
1647 74.036889 0.000000 23.099665 98.971494 -7.068181 14.430048 -0.005354 
1648 69.317213 0.000000 23.099665 98.863305 -6.789798 15.014387 -0.004549 
1649 74.036889 0.000000 27.719283 98.549667 -5.093964 16.845963 -0.002177 
1650 71.677051 0.000000 6.931003 99.164781 6.024991 13.228540 -0.004495 
1651 71.677051 0.000000 4.621194 98.929251 6.944235 14.553207 -0.004701 
1652 74.036889 0.000000 6.931003 99.111411 6.240425 13.555235 -0.004576 
1653 107.074622 0.000000 46.197755 98.407841 -1.447186 17.753857 -0.000140 
1654 97.635269 0.000000 46.197755 98.412688 -1.240979 17.721215 -0.000064 
1655 107.074622 0.000000 55.436991 98.439428 -0.658484 17.584801 0.000002 
1656 111.794298 0.000000 32.338901 98.705610 -6.051830 16.051702 -0.003708 
1657 107.074622 0.000000 32.338901 98.638672 -5.663284 16.426924 -0.003150 
1658 111.794298 0.000000 36.958519 98.461461 -3.969131 17.441755 -0.001463 
1659 102.354945 0.000000 32.338901 98.582770 -5.270595 16.738823 -0.002653 
1660 97.635269 0.000000 32.338901 98.536768 -4.883868 16.993690 -0.002213 
1661 102.354945 0.000000 36.958519 98.426465 -3.349382 17.632500 -0.000989 
1662 125.953326 0.000000 -27.716132 98.554760 0.313735 16.878728 0.000197 
1663 125.953326 0.000000 -36.955368 98.525814 0.187879 17.041207 0.000223 
1664 135.392678 0.000000 -27.716132 98.550398 0.284615 16.915512 0.000160 
1665 144.832030 0.000000 -27.716132 98.546185 0.258942 16.948662 0.000133 
1666 144.832030 0.000000 -36.955368 98.522386 0.159807 17.081907 0.000152 
1667 154.271383 0.000000 -27.716132 98.542181 0.236235 16.978595 0.000111 
1668 133.032840 0.000000 25.409474 99.928129 -4.271924 9.127309 -0.008719 
1669 130.673002 0.000000 25.409474 99.914345 -4.609272 9.204061 -0.008884 
1670 133.032840 0.000000 27.719283 99.788693 -6.045372 9.919669 -0.009273 
1671 128.313164 0.000000 25.409474 99.895821 -4.943764 9.307598 -0.009025 
1672 125.953326 0.000000 25.409474 99.872140 -5.271172 9.440275 -0.009135 
1673 128.313164 0.000000 27.719283 99.698459 -6.557430 10.428675 -0.009154 
1674 149.551707 0.000000 4.621194 98.882050 3.084395 15.058318 -0.001393 
1675 149.551707 0.000000 0.001576 98.792968 1.946495 15.561629 -0.000600 
1676 154.271383 0.000000 4.621194 98.866666 2.836354 15.148125 -0.001213 
1677 4.790391 0.000000 -0.214969 98.414952 -0.335583 -5.098075 0.028839 
1678 4.790391 0.000000 -0.287150 98.414952 -0.335583 -5.098075 0.028839 
1679 4.864136 0.000000 -0.214969 98.414952 -0.335583 -5.098075 0.028839 
1680 4.937881 0.000000 -0.214969 98.414952 -0.335583 -5.098075 0.028839 
1681 4.937881 0.000000 -0.287150 98.414952 -0.335583 -5.098075 0.028839 
1682 5.011626 0.000000 -0.214969 98.414952 -0.335583 -5.098075 0.028839 
1683 5.749075 0.000000 -0.431513 98.279224 -0.330348 -7.576669 0.028368 
1684 5.749075 0.000000 -0.575877 98.279224 -0.330348 -7.576669 0.028368 
1685 5.896565 0.000000 -0.431513 98.094127 -0.323442 -9.712144 0.028311 
1686 6.044055 0.000000 -0.142787 98.094127 -0.323442 -9.712144 0.028311 
1687 6.044055 0.000000 -0.287150 98.094127 -0.323442 -9.712144 0.028311 
1688 6.191545 0.000000 -0.142787 98.094127 -0.323442 -9.712144 0.028311 
1689 7.076484 0.000000 -0.864603 98.451303 3.018389 5.573374 0.026717 
1690 7.076484 0.000000 -1.153329 98.110834 2.937224 5.982172 0.032985 
1691 7.371464 0.000000 -0.864603 98.623784 3.027428 5.921679 0.022912 
1692 7.666443 0.000000 -0.864603 98.767258 3.039411 6.236104 0.019690 
1693 7.666443 0.000000 -1.153329 98.485982 3.010929 6.587378 0.024805 
1694 7.961423 0.000000 -0.864603 98.889216 3.052279 6.519787 0.016910 
1695 6.339034 0.000000 -0.142787 97.749798 -0.310338 -12.267521 0.029439 
1696 6.339034 0.000000 -0.287150 97.749798 -0.310338 -12.267521 0.029439 
1697 6.486524 0.000000 -0.142787 97.749798 -0.310338 -12.267521 0.029439 
1698 4.126686 0.000000 0.867754 98.451502 -0.340394 -4.041866 0.029085 
1699 3.831707 0.000000 0.867754 98.457800 -0.342989 -3.691517 0.029232 
1700 4.126686 0.000000 1.156480 98.438402 -0.337823 -4.486263 0.028964 
1701 3.536727 0.000000 0.867754 98.457938 -0.345336 -3.406906 0.029431 
1702 3.241747 0.000000 0.867754 98.595843 -0.360985 -3.110131 0.026906 
1703 3.536727 0.000000 1.156480 98.457800 -0.342989 -3.691517 0.029232 
1704 2.946767 0.000000 0.867754 99.548035 -0.380725 -1.076968 0.008888 
1705 2.651788 0.000000 0.867754 99.548035 -0.380725 -1.076968 0.008888 
1706 2.946767 0.000000 1.156480 99.548035 -0.380725 -1.076968 0.008888 
1707 2.356808 0.000000 0.867754 99.548035 -0.380725 -1.076968 0.008888 
1708 2.061828 0.000000 0.867754 99.548035 -0.380725 -1.076968 0.008888 
1709 2.356808 0.000000 1.156480 99.548035 -0.380725 -1.076968 0.008888 
1710 2.356808 0.000000 -0.864603 99.548035 -0.380725 -1.076968 0.008888 
1711 2.061828 0.000000 -0.864603 99.548035 -0.380725 -1.076968 0.008888 
1712 2.356808 0.000000 -1.153329 99.548035 -0.380725 -1.076968 0.008888 
1713 -0.887970 0.000000 -1.730781 101.946550 -0.463745 4.675040 -0.041517 
1714 -1.477929 0.000000 -1.730781 104.288110 -0.525216 8.076095 -0.094151 
1715 -0.887970 0.000000 -2.308233 106.213379 -0.518907 13.155169 -0.145461 
1716 8.256403 0.000000 -0.864603 98.994243 3.066443 6.776646 0.014481 
1717 8.256403 0.000000 -1.153329 98.760049 3.084335 7.094853 0.018660 
1718 8.551383 0.000000 -0.864603 99.087827 3.081096 7.010812 0.012296 
1719 8.846362 0.000000 -0.864603 99.168078 3.099543 7.225612 0.010388 
1720 8.846362 0.000000 -1.153329 98.968545 3.159894 7.527474 0.013858 
1721 9.141342 0.000000 -0.864603 99.239379 3.122826 7.425088 0.008666 
1722 9.436322 0.000000 -0.864603 99.302169 3.149959 7.611738 0.007122 
1723 9.436322 0.000000 -1.153329 99.126208 3.245706 7.905700 0.010096 
1724 9.731302 0.000000 -0.864603 99.355927 3.180376 7.785829 0.005767 
1725 10.026281 0.000000 -0.864603 99.402102 3.214794 7.950311 0.004568 
1726 10.026281 0.000000 -1.153329 99.244971 3.341272 8.244179 0.007131 
1727 10.321261 0.000000 -0.864603 99.440810 3.253775 8.106718 0.003522 
1728 10.616241 0.000000 -0.864603 99.472563 3.296621 8.256087 0.002618 
1729 10.616241 0.000000 -1.153329 99.328596 3.445633 8.551648 0.004883 
1730 10.911221 0.000000 -0.864603 99.497572 3.342848 8.399381 0.001851 
1731 11.206200 0.000000 -0.287150 99.775196 3.368040 8.048452 -0.003121 
1732 11.206200 0.000000 -0.575877 99.649766 3.295774 8.270639 -0.000934 
1733 11.501180 0.000000 -0.287150 99.778934 3.370081 8.170334 -0.003395 
1734 14.450978 0.000000 -1.730781 99.123512 4.569242 10.901358 0.003481 
1735 14.450978 0.000000 -2.308233 98.932573 4.895494 11.505562 0.005600 
1736 15.040937 0.000000 -1.730781 99.079838 4.675904 11.101978 0.003807 
1737 29.199966 0.000000 -6.927851 98.321144 6.645498 14.880326 0.006737 
1738 29.199966 0.000000 -9.237660 98.349698 5.803880 14.780460 0.007519 
1739 31.559804 0.000000 -6.927851 98.412092 6.582024 14.852843 0.005113 
1740 15.630897 0.000000 -1.730781 99.030213 4.778483 11.292652 0.004266 
1741 15.630897 0.000000 -2.308233 98.857118 5.093429 11.880277 0.006019 
1742 16.220856 0.000000 -1.730781 98.977941 4.876368 11.474034 0.004793 
1743 16.810816 0.000000 -0.575877 99.256394 4.231830 10.376662 0.002258 
1744 16.810816 0.000000 -1.153329 99.089146 4.618480 11.025070 0.003846 
1745 17.400775 0.000000 -0.575877 99.191636 4.329363 10.547541 0.003103 
1746 17.990735 0.000000 -0.575877 99.135992 4.430195 10.688325 0.003819 
1747 17.990735 0.000000 -1.153329 98.978030 4.813179 11.334978 0.005170 
1748 18.580694 0.000000 -0.575877 99.083647 4.521164 10.851921 0.004423 
1749 33.919642 0.000000 2.311385 99.186998 4.647598 11.073369 0.001772 
1750 33.919642 0.000000 0.001576 98.762940 6.132449 13.379776 0.002926 
1751 36.279480 0.000000 2.311385 99.160434 4.967375 11.520354 0.000982 
1752 38.639318 0.000000 2.311385 99.123351 5.269050 11.993430 0.000296 
1753 38.639318 0.000000 0.001576 98.768425 6.527849 13.931637 0.000810 
1754 40.999156 0.000000 2.311385 99.090849 5.549806 12.437235 -0.000448 
1755 55.158184 0.000000 -13.857278 98.735229 2.544860 15.245314 0.001246 
1756 55.158184 0.000000 -18.476896 98.650778 1.609360 15.743532 0.001758 
1757 59.877860 0.000000 -13.857278 98.743441 2.343997 15.337498 0.000900 
1758 43.358994 0.000000 2.311385 99.056623 5.806682 12.845244 -0.001093 
1759 43.358994 0.000000 0.001576 98.779957 6.828758 14.364626 -0.001045 
1760 45.718832 0.000000 2.311385 99.022209 6.042103 13.214749 -0.001653 
1761 48.078670 0.000000 2.311385 98.989900 6.255886 13.544281 -0.002158 
1762 48.078670 0.000000 0.001576 98.788279 7.034464 14.653167 -0.002332 
1763 50.438508 0.000000 2.311385 98.960531 6.448217 13.833679 -0.002614 
1764 48.078670 0.000000 11.550621 99.770129 -5.163591 9.320237 -0.006761 
1765 45.718832 0.000000 11.550621 99.726464 -5.480233 9.462438 -0.006494 
1766 48.078670 0.000000 13.860430 99.563342 -6.698799 10.552138 -0.006908 
1767 52.798346 0.000000 2.311385 98.934689 6.618882 14.083576 -0.003023 
1768 52.798346 0.000000 0.001576 98.800257 7.142465 14.820846 -0.003216 
1769 55.158184 0.000000 2.311385 98.912739 6.767402 14.295274 -0.003388 
1770 57.518022 0.000000 2.311385 98.894847 6.893157 14.470635 -0.003711 
1771 57.518022 0.000000 0.001576 98.816728 7.153158 14.894767 -0.003777 
1772 59.877860 0.000000 2.311385 98.881005 6.995521 14.612012 -0.003990 
1773 64.597536 0.000000 -13.857278 98.746352 2.161334 15.429068 0.000643 
1774 64.597536 0.000000 -18.476896 98.665172 1.386154 15.894200 0.001064 
1775 69.317213 0.000000 -13.857278 98.744459 1.993391 15.519518 0.000470 
1776 74.036889 0.000000 -4.618042 98.900904 4.591965 14.708139 -0.001880 
1777 74.036889 0.000000 -9.237660 98.829599 2.914201 15.103083 -0.000389 
1778 78.756565 0.000000 -4.618042 98.900681 4.247098 14.756327 -0.001713 
1779 62.237698 0.000000 2.311385 98.869297 7.074014 14.722124 -0.004192 
1780 62.237698 0.000000 0.001576 98.834923 7.071529 14.902484 -0.004043 
1781 64.597536 0.000000 2.311385 98.864033 7.129011 14.804288 -0.004409 
1782 66.957375 0.000000 2.311385 98.861703 7.157592 14.861511 -0.004573 
1783 66.957375 0.000000 0.001576 98.858257 6.906477 14.869670 -0.004176 
1784 69.317213 0.000000 2.311385 98.861524 7.163468 14.897070 -0.004684 
1785 64.597536 0.000000 23.099665 98.765932 -6.455754 15.529704 -0.003756 
1786 59.877860 0.000000 23.099665 98.679012 -6.086324 15.972618 -0.002972 
1787 64.597536 0.000000 27.719283 98.468411 -4.344644 17.255098 -0.001264 
1788 71.677051 0.000000 2.311385 98.863744 7.145823 14.914535 -0.004755 
1789 71.677051 0.000000 0.001576 98.879271 6.672363 14.817315 -0.004118 
1790 74.036889 0.000000 2.311385 98.867899 7.105539 14.917229 -0.004787 
1791 76.396727 0.000000 6.931003 99.064387 6.434445 13.843019 -0.004678 
1792 76.396727 0.000000 4.621194 98.898651 7.103086 14.774081 -0.004967 
1793 78.756565 0.000000 6.931003 99.023734 6.606878 14.092187 -0.004794 
1794 88.195917 0.000000 46.197755 98.417740 -1.069305 17.685922 0.000001 
1795 78.756565 0.000000 46.197755 98.422584 -0.925522 17.649901 0.000062 
1796 88.195917 0.000000 55.436991 98.447682 -0.512934 17.533235 0.000038 
1797 92.915593 0.000000 32.338901 98.499409 -4.510391 17.198454 -0.001826 
1798 88.195917 0.000000 32.338901 98.469425 -4.155069 17.360068 -0.001486 
1799 92.915593 0.000000 36.958519 98.406889 -2.821441 17.733076 -0.000634 
1800 83.476241 0.000000 32.338901 98.445605 -3.820889 17.485100 -0.001186 
1801 78.756565 0.000000 32.338901 98.426832 -3.509356 17.579502 -0.000920 
1802 83.476241 0.000000 36.958519 98.397055 -2.378819 17.774485 -0.000357 
1803 83.476241 0.000000 -4.618042 98.896203 3.919147 14.818419 -0.001540 
1804 83.476241 0.000000 -9.237660 98.811797 2.466424 15.289602 -0.000363 
1805 88.195917 0.000000 -4.618042 98.888437 3.610659 14.891559 -0.001372 
1806 81.116403 0.000000 6.931003 98.989329 6.757265 14.303772 -0.004915 
1807 81.116403 0.000000 4.621194 98.884841 7.165066 14.889132 -0.005124 
1808 83.476241 0.000000 6.931003 98.960934 6.884994 14.479432 -0.005032 
1809 123.593488 0.000000 25.409474 99.843049 -5.587270 9.603513 -0.009208 
1810 121.233650 0.000000 25.409474 99.808477 -5.887862 9.797707 -0.009239 
1811 123.593488 0.000000 27.719283 99.590848 -6.957120 11.035829 -0.008853 
1812 118.873812 0.000000 25.409474 99.768532 -6.168897 10.022231 -0.009226 
1813 116.513974 0.000000 25.409474 99.723490 -6.426617 10.275505 -0.009166 
1814 118.873812 0.000000 27.719283 99.470952 -7.227856 11.712182 -0.008389 
1815 6.044055 0.000000 -0.431513 98.094127 -0.323442 -9.712144 0.028311 
1816 6.044055 0.000000 -0.575877 98.094127 -0.323442 -9.712144 0.028311 
1817 6.191545 0.000000 -0.431513 98.094127 -0.323442 -9.712144 0.028311 
1818 6.339034 0.000000 -0.431513 97.749798 -0.310338 -12.267521 0.029439 
1819 6.339034 0.000000 -0.575877 97.749798 -0.310338 -12.267521 0.029439 
1820 6.486524 0.000000 -0.431513 97.214383 -0.291271 -14.923073 0.032658 
1821 6.634014 0.000000 -0.142787 97.214383 -0.291271 -14.923073 0.032658 
1822 6.634014 0.000000 -0.287150 97.214383 -0.291271 -14.923073 0.032658 
1823 6.781504 0.000000 -0.142787 96.523378 -0.268110 -17.410431 0.038004 
1824 33.919642 0.000000 -2.308233 98.536155 6.947509 14.597209 0.002928 
1825 33.919642 0.000000 -4.618042 98.474379 7.041196 14.905336 0.003105 
1826 36.279480 0.000000 -2.308233 98.574135 7.036769 14.672319 0.001835 
1827 11.796160 0.000000 -0.287150 99.778186 3.379897 8.287865 -0.003580 
1828 11.796160 0.000000 -0.575877 99.655529 3.380095 8.529492 -0.001540 
1829 12.091140 0.000000 -0.287150 99.767197 3.403091 8.406515 -0.003574 
1 5 170 168 169 
2 170 123 171 168 
3 168 171 155 172 
4 169 168 172 156 
5 6 175 173 174 
6 175 18 45 173 
7 173 45 28 176 
8 174 173 176 29 
9 18 179 177 178 
10 179 34 61 177 
11 177 61 44 180 
12 178 177 180 45 
13 34 183 181 182 
14 183 50 77 181 
15 181 77 60 184 
16 182 181 184 61 
17 50 187 185 186 
18 187 66 93 185 
19 185 93 76 188 
20 186 185 188 77 
21 66 191 189 190 
22 190 189 192 93 
23 98 199 197 198 
24 199 114 165 197 
25 197 165 152 200 
26 198 197 200 153 
27 114 206 204 205 
28 206 166 207 204 
29 204 207 164 208 
30 205 204 208 165 
31 16 211 209 210 
32 211 15 32 209 
33 209 32 18 175 
34 210 209 175 6 
35 32 214 212 213 
36 214 31 48 212 
37 212 48 34 179 
38 213 212 179 18 
39 48 217 215 216 
40 217 47 64 215 
41 215 64 50 183 
42 216 215 183 34 
43 64 220 218 219 
44 220 63 80 218 
45 218 80 66 187 
46 219 218 187 50 
47 80 223 221 222 
48 222 221 191 66 
49 112 229 227 228 
50 229 111 202 227 
51 227 202 114 199 
52 228 227 199 98 
53 224 232 230 231 
54 232 112 228 230 
55 234 198 153 236 
56 235 234 236 193 
57 230 239 237 238 
58 239 228 240 237 
59 237 240 98 241 
60 221 244 242 243 
61 244 96 225 242 
62 242 225 82 245 
63 243 242 245 191 
64 225 248 246 247 
65 248 224 231 246 
66 247 246 249 82 
67 231 252 250 251 
68 252 230 238 250 
69 241 98 256 254 
70 254 256 198 257 
71 255 254 257 234 
72 238 260 258 259 
73 260 237 261 258 
74 258 261 241 262 
75 259 258 262 233 
76 191 245 263 264 
77 245 82 194 263 
78 263 194 109 265 
79 264 263 265 189 
80 82 249 266 267 
81 266 235 193 268 
82 267 266 268 194 
83 269 255 234 271 
84 270 269 271 235 
85 274 233 275 272 
86 272 275 255 276 
87 273 272 276 269 
88 249 279 277 278 
89 279 195 270 277 
90 277 270 235 280 
91 278 277 280 266 
92 195 283 281 282 
93 283 253 273 281 
94 281 273 269 284 
95 282 281 284 270 
96 250 287 285 286 
97 287 238 259 285 
98 285 259 233 274 
99 286 285 274 253 
100 253 290 288 289 
101 290 274 291 288 
102 288 291 272 292 
103 289 288 292 273 
104 120 295 293 294 
105 295 119 160 293 
106 293 160 123 170 
107 294 293 170 5 
108 317 318 157 319 
109 171 317 319 155 
110 160 322 320 321 
111 321 320 324 123 
112 123 324 333 334 
113 333 335 317 336 
114 334 333 336 171 
115 320 339 337 338 
116 339 323 340 337 
117 337 340 163 341 
118 338 337 341 324 
119 364 351 365 362 
120 362 365 349 366 
121 351 380 379 365 
122 380 343 381 379 
123 365 379 382 349 
124 343 393 392 381 
125 393 376 394 392 
126 392 394 375 395 
127 381 392 395 352 
128 20 38 396 397 
129 38 19 398 396 
130 396 398 22 399 
131 397 396 399 9 
132 36 54 400 401 
133 54 35 402 400 
134 400 402 38 403 
135 401 400 403 20 
136 52 70 404 405 
137 70 51 406 404 
138 404 406 54 407 
139 405 404 407 36 
140 68 86 408 409 
141 86 67 410 408 
142 408 410 70 411 
143 409 408 411 52 
144 83 310 412 413 
145 310 85 414 412 
146 412 414 67 415 
147 413 412 415 86 
148 101 345 416 417 
149 345 308 418 416 
150 416 418 310 419 
151 417 416 419 83 
152 312 353 420 421 
153 353 342 422 420 
154 420 422 345 423 
155 421 420 423 101 
156 349 382 424 425 
157 382 352 426 424 
158 424 426 342 427 
159 425 424 427 353 
160 379 430 428 429 
161 430 381 431 428 
162 428 431 352 432 
163 429 428 432 382 
164 376 438 437 394 
165 438 143 439 437 
166 437 439 377 440 
167 394 437 440 375 
168 442 386 443 441 
169 143 445 444 439 
170 445 434 446 444 
171 444 446 433 447 
172 439 444 447 377 
173 308 374 456 418 
174 374 309 457 456 
175 456 457 85 458 
176 418 456 458 310 
177 344 436 459 460 
178 436 371 461 459 
179 459 461 374 462 
180 460 459 462 308 
181 433 465 463 464 
182 465 435 466 463 
183 463 466 371 467 
184 464 463 467 436 
185 371 455 475 461 
186 455 373 476 475 
187 475 476 309 477 
188 461 475 477 374 
189 452 480 478 479 
190 480 454 481 478 
191 478 481 373 482 
192 479 478 482 455 
193 67 307 483 410 
194 307 69 484 483 
195 483 484 51 485 
196 410 483 485 70 
197 85 370 486 414 
198 370 305 487 486 
199 486 487 307 488 
200 414 486 488 67 
201 309 451 489 457 
202 451 367 490 489 
203 489 490 370 491 
204 457 489 491 85 
205 373 474 492 476 
206 474 448 493 492 
207 492 493 451 494 
208 476 492 494 309 
209 454 496 495 481 
210 496 471 497 495 
211 495 497 474 498 
212 481 495 498 373 
213 504 43 505 503 
214 503 505 306 506 
215 512 368 513 511 
216 511 513 450 514 
217 471 516 515 497 
218 516 473 517 515 
219 515 517 448 518 
220 497 515 518 474 
221 448 514 519 493 
222 514 450 520 519 
223 519 520 367 521 
224 493 519 521 451 
225 473 523 522 517 
226 523 511 524 522 
227 522 524 514 525 
228 517 522 525 448 
229 367 510 526 490 
230 510 369 527 526 
231 526 527 305 528 
232 490 526 528 370 
233 450 530 529 520 
234 529 531 510 532 
235 520 529 532 367 
236 537 138 538 536 
237 536 538 43 504 
238 540 385 541 539 
239 368 543 542 513 
240 543 508 544 542 
241 542 544 507 530 
242 513 542 530 450 
243 546 504 547 545 
244 545 547 503 548 
245 549 551 369 552 
246 531 549 552 510 
247 530 555 553 554 
248 555 507 556 553 
249 553 556 531 557 
250 554 553 557 529 
251 508 559 558 544 
252 559 139 560 558 
253 558 560 509 550 
254 544 558 550 507 
255 305 506 561 487 
256 506 306 562 561 
257 561 562 69 563 
258 487 561 563 307 
259 369 548 564 527 
260 548 503 565 564 
261 564 565 506 566 
262 527 564 566 305 
263 568 545 569 567 
264 567 569 548 570 
265 551 567 570 369 
266 550 573 571 572 
267 573 509 574 571 
268 571 574 551 575 
269 572 571 575 549 
270 385 577 576 541 
271 577 536 578 576 
272 576 578 504 546 
273 139 580 579 560 
274 580 546 581 579 
275 579 581 545 568 
276 560 579 568 509 
277 509 583 582 574 
278 583 568 584 582 
279 582 584 567 585 
280 574 582 585 551 
281 43 587 586 505 
282 587 500 588 586 
283 586 588 499 589 
284 505 586 589 306 
285 500 599 598 588 
286 599 135 600 598 
287 598 600 501 601 
288 588 598 601 499 
289 51 304 609 406 
290 304 53 610 609 
291 609 610 35 611 
292 406 609 611 54 
293 302 597 612 613 
294 597 303 614 612 
295 612 614 53 615 
296 613 612 615 304 
297 594 618 616 617 
298 618 596 619 616 
299 616 619 303 620 
300 617 616 620 597 
301 35 301 621 402 
302 301 37 622 621 
303 621 622 19 623 
304 402 621 623 38 
305 53 593 624 610 
306 593 299 625 624 
307 624 625 301 626 
308 610 624 626 35 
309 303 608 627 614 
310 627 628 593 629 
311 614 627 629 53 
312 596 631 630 619 
313 631 605 632 630 
314 630 632 608 633 
315 619 630 633 303 
316 605 647 646 632 
317 647 607 648 646 
318 646 648 590 649 
319 632 646 649 608 
320 650 651 299 652 
321 628 650 652 593 
322 607 654 653 648 
323 654 642 655 653 
324 653 655 645 656 
325 648 653 656 590 
326 661 130 662 660 
327 642 668 667 655 
328 668 644 669 667 
329 667 669 592 670 
330 655 667 670 645 
331 671 672 37 673 
332 625 671 673 301 
333 674 675 641 676 
334 651 674 676 299 
335 592 679 677 678 
336 679 666 680 677 
337 677 680 674 681 
338 678 677 681 651 
339 686 688 300 689 
340 675 686 689 641 
341 666 691 690 680 
342 691 638 692 690 
343 690 692 675 693 
344 680 690 693 674 
345 695 14 696 694 
346 638 698 697 692 
347 698 687 699 697 
348 697 699 686 700 
349 692 697 700 675 
350 19 298 701 398 
351 298 21 702 701 
352 701 702 3 703 
353 398 701 703 22 
354 704 705 298 706 
355 622 704 706 19 
356 711 682 712 710 
357 710 712 685 713 
358 688 710 713 300 
359 687 715 714 699 
360 715 640 716 714 
361 714 716 688 717 
362 699 714 717 686 
363 130 719 718 662 
364 719 657 720 718 
365 718 720 635 683 
366 14 722 721 696 
367 722 683 723 721 
368 721 723 682 711 
369 640 725 724 716 
370 725 711 726 724 
371 724 726 710 727 
372 716 724 727 688 
373 682 737 736 712 
374 737 684 738 736 
375 685 739 743 744 
376 739 634 745 743 
377 743 745 708 746 
378 744 743 746 707 
379 712 749 747 748 
380 749 736 750 747 
381 747 750 739 751 
382 748 747 751 685 
383 684 753 752 738 
384 753 732 754 752 
385 736 757 756 750 
386 757 738 758 756 
387 756 758 634 759 
388 750 756 759 739 
389 634 755 760 745 
390 755 735 761 760 
391 760 761 740 762 
392 745 760 762 708 
393 738 764 763 758 
394 764 752 765 763 
395 763 765 755 766 
396 758 763 766 634 
397 732 775 774 754 
398 775 734 776 774 
399 774 776 636 777 
400 752 779 778 765 
401 779 754 780 778 
402 778 780 735 781 
403 765 778 781 755 
404 782 783 21 784 
405 705 782 784 298 
406 735 777 788 761 
407 777 636 789 788 
408 788 789 741 790 
409 761 788 790 740 
410 754 792 791 780 
411 792 774 793 791 
412 791 793 777 794 
413 780 791 794 735 
414 734 800 799 776 
415 800 770 801 799 
416 799 801 773 796 
417 776 799 796 636 
418 636 804 802 803 
419 804 796 805 802 
420 802 805 795 806 
421 803 802 806 789 
422 796 816 815 805 
423 816 773 817 815 
424 815 817 797 818 
425 805 815 818 795 
426 770 823 822 801 
427 823 772 824 822 
428 822 824 728 812 
429 801 822 812 773 
430 773 826 825 817 
431 826 812 827 825 
432 825 827 811 828 
433 817 825 828 797 
434 812 834 833 827 
435 834 728 835 833 
436 833 835 813 836 
437 827 833 836 811 
438 772 838 837 824 
439 838 819 839 837 
440 837 839 808 830 
441 824 837 830 728 
442 728 841 840 835 
443 841 830 842 840 
444 840 842 829 843 
445 835 840 843 813 
446 731 810 848 849 
447 810 297 850 848 
448 848 850 783 851 
449 849 848 851 782 
450 786 832 852 853 
451 832 807 854 852 
452 852 854 810 855 
453 853 852 855 731 
454 829 858 856 857 
455 858 831 859 856 
456 856 859 807 860 
457 857 856 860 832 
458 807 847 861 854 
459 847 809 862 861 
460 861 862 297 863 
461 854 861 863 810 
462 831 865 864 859 
463 865 844 866 864 
464 864 866 847 867 
465 859 864 867 807 
466 844 869 868 866 
467 869 846 870 868 
468 868 870 809 871 
469 866 868 871 847 
470 872 873 314 874 
471 318 872 874 157 
472 875 876 318 877 
473 335 875 877 317 
474 882 884 875 885 
475 883 882 885 335 
476 340 888 886 887 
477 887 886 890 163 
478 7 893 891 892 
479 893 12 894 891 
480 891 894 10 25 
481 892 891 25 11 
482 11 897 895 896 
483 897 25 898 895 
484 895 898 23 41 
485 896 895 41 24 
486 24 901 899 900 
487 901 41 902 899 
488 899 902 39 57 
489 900 899 57 40 
490 40 905 903 904 
491 905 57 906 903 
492 903 906 55 73 
493 904 903 73 56 
494 56 909 907 908 
495 909 73 910 907 
496 907 910 71 89 
497 908 907 89 72 
498 72 913 911 912 
499 913 89 914 911 
500 911 914 87 105 
501 912 911 105 88 
502 88 917 915 916 
503 917 105 918 915 
504 915 918 103 121 
505 916 915 121 104 
506 121 921 919 920 
507 921 103 922 919 
508 919 922 122 161 
509 920 919 161 119 
510 161 925 923 924 
511 925 122 926 923 
512 923 926 162 330 
513 924 923 330 159 
514 159 929 927 928 
515 929 330 930 927 
516 927 930 329 879 
517 928 927 879 323 
518 323 933 931 932 
519 933 879 934 931 
520 931 934 878 888 
521 932 931 888 340 
522 940 331 941 939 
523 939 941 107 942 
524 944 880 945 943 
525 943 945 332 946 
526 888 949 947 948 
527 949 878 950 947 
528 948 947 951 886 
529 879 953 952 934 
530 953 329 954 952 
531 952 954 880 944 
532 934 952 944 878 
533 878 956 955 950 
534 956 944 957 955 
535 955 957 943 958 
536 950 955 958 889 
537 324 341 959 960 
538 341 163 883 959 
539 959 883 335 961 
540 960 959 961 333 
541 163 890 962 963 
542 890 881 964 962 
543 962 964 882 965 
544 963 962 965 883 
545 886 951 966 967 
546 951 889 968 966 
547 966 968 881 969 
548 967 966 969 890 
549 947 972 970 971 
550 972 950 973 970 
551 970 973 889 974 
552 971 970 974 951 
553 975 976 872 977 
554 876 975 977 318 
555 942 107 979 978 
556 978 979 876 980 
557 884 978 980 875 
558 880 982 981 945 
559 982 939 983 981 
560 981 983 942 984 
561 945 981 984 332 
562 331 986 985 941 
563 986 935 987 985 
564 985 987 938 988 
565 941 985 988 107 
566 935 1002 1001 987 
567 1002 937 1003 1001 
568 1001 1003 328 1004 
569 987 1001 1004 938 
570 1007 1008 315 1009 
571 873 1007 1009 314 
572 327 1011 1010 999 
573 1011 993 1012 1010 
574 1010 1012 996 1013 
575 999 1010 1013 151 
576 1014 1015 873 1016 
577 976 1014 1016 872 
578 997 1019 1017 1018 
579 1019 999 1020 1017 
580 1017 1020 151 1021 
581 1018 1017 1021 1000 
582 993 1027 1026 1012 
583 1027 995 1028 1026 
584 1026 1028 91 1029 
585 1012 1026 1029 996 
586 1030 1031 1005 1032 
587 1008 1030 1032 315 
588 91 1035 1033 1034 
589 1035 1025 1036 1033 
590 1033 1036 1030 1037 
591 1034 1033 1037 1008 
592 1038 1040 355 1041 
593 1031 1038 1041 1005 
594 1025 1043 1042 1036 
595 1043 992 1044 1042 
596 1042 1044 1031 1045 
597 1036 1042 1045 1030 
598 1049 991 1050 1048 
599 147 1052 1051 1040 
600 1052 356 1053 1051 
601 1051 1053 354 1054 
602 1040 1051 1054 355 
603 1039 1057 1055 1056 
604 1057 147 1058 1055 
605 1055 1058 1040 1059 
606 1056 1055 1059 1038 
607 1046 1065 1063 1064 
608 1065 359 1066 1063 
609 356 1069 1067 1068 
610 1069 1061 1070 1067 
611 1067 1070 1060 1071 
612 1068 1067 1071 1053 
613 359 1077 1076 1066 
614 1077 358 1078 1076 
615 1076 1078 351 364 
616 1080 364 1081 1079 
617 1079 1081 362 1082 
618 84 102 1083 1084 
619 102 83 413 1083 
620 1083 413 86 1085 
621 1084 1083 1085 68 
622 99 313 1086 1087 
623 313 101 417 1086 
624 1086 417 83 1088 
625 1087 1086 1088 102 
626 311 357 1089 1090 
627 357 312 421 1089 
628 1089 421 101 1091 
629 1090 1089 1091 313 
630 354 1062 1092 1093 
631 1062 350 1094 1092 
632 1092 1094 312 1095 
633 1093 1092 1095 357 
634 1096 1098 350 1099 
635 1097 1096 1099 1062 
636 1070 1107 1105 1106 
637 1107 1072 1101 1105 
638 1105 1101 1075 1108 
639 1106 1105 1108 1060 
640 1063 1111 1109 1110 
641 1111 1066 1112 1109 
642 1109 1112 75 1073 
643 1110 1109 1073 1061 
644 1073 1115 1113 1114 
645 1115 75 1116 1113 
646 1113 1116 1074 1102 
647 1114 1113 1102 1072 
648 1072 1119 1117 1118 
649 1119 1102 1120 1117 
650 1118 1117 1121 1101 
651 350 366 1122 1094 
652 366 349 425 1122 
653 1122 425 353 1123 
654 1094 1122 1123 312 
655 1082 362 1125 1124 
656 1124 1125 366 1126 
657 1098 1124 1126 350 
658 1074 1128 1127 1103 
659 1128 1079 1129 1127 
660 1127 1129 1082 1130 
661 1103 1127 1130 363 
662 1102 1132 1131 1120 
663 1132 1074 1133 1131 
664 1131 1133 1103 1134 
665 1120 1131 1134 1100 
666 1075 1104 1135 1136 
667 1104 363 1137 1135 
668 1135 1137 1098 1138 
669 1136 1135 1138 1096 
670 1101 1121 1139 1140 
671 1121 1100 1141 1139 
672 1139 1141 1104 1142 
673 1140 1139 1142 1075 
674 1117 1145 1143 1144 
675 1145 1120 1146 1143 
676 1143 1146 1100 1147 
677 1144 1143 1147 1121 
678 12 1149 1148 894 
679 1149 2 1150 1148 
680 1148 1150 13 125 
681 894 1148 125 10 
682 17 1153 1151 1152 
683 1153 7 892 1151 
684 1151 892 11 33 
685 1152 1151 33 15 
686 25 1155 1154 898 
687 1155 10 1156 1154 
688 1154 1156 26 129 
689 898 1154 129 23 
690 28 46 1157 1158 
691 46 20 397 1157 
692 1157 397 9 1159 
693 1158 1157 1159 30 
694 29 176 1160 1161 
695 176 28 1158 1160 
696 1160 1158 30 1162 
697 1161 1160 1162 4 
698 33 1165 1163 1164 
699 1165 11 896 1163 
700 1163 896 24 49 
701 1164 1163 49 31 
702 41 1167 1166 902 
703 1167 23 1168 1166 
704 1166 1168 42 133 
705 902 1166 133 39 
706 44 62 1169 1170 
707 62 36 401 1169 
708 1169 401 20 1171 
709 1170 1169 1171 46 
710 45 180 1172 1173 
711 180 44 1170 1172 
712 1172 1170 46 1174 
713 1173 1172 1174 28 
714 49 1177 1175 1176 
715 1177 24 900 1175 
716 1175 900 40 65 
717 1176 1175 65 47 
718 57 1179 1178 906 
719 1179 39 1180 1178 
720 1178 1180 58 137 
721 906 1178 137 55 
722 60 78 1181 1182 
723 78 52 405 1181 
724 1181 405 36 1183 
725 1182 1181 1183 62 
726 61 184 1184 1185 
727 184 60 1182 1184 
728 1184 1182 62 1186 
729 1185 1184 1186 44 
730 65 1189 1187 1188 
731 1189 40 904 1187 
732 1187 904 56 81 
733 1188 1187 81 63 
734 73 1191 1190 910 
735 1191 55 1192 1190 
736 1190 1192 74 141 
737 910 1190 141 71 
738 76 94 1193 1194 
739 94 68 409 1193 
740 1193 409 52 1195 
741 1194 1193 1195 78 
742 77 188 1196 1197 
743 188 76 1194 1196 
744 1196 1194 78 1198 
745 1197 1196 1198 60 
746 81 1201 1199 1200 
747 1201 56 908 1199 
748 1199 908 72 97 
749 1200 1199 97 79 
750 89 1203 1202 914 
751 1203 71 1204 1202 
752 1202 1204 90 145 
753 914 1202 145 87 
754 92 110 1205 1206 
755 110 84 1084 1205 
756 1205 1084 68 1207 
757 1206 1205 1207 94 
758 93 192 1208 1209 
759 192 92 1206 1208 
760 1208 1206 94 1210 
761 1209 1208 1210 76 
762 97 1213 1211 1212 
763 1213 72 912 1211 
764 1211 912 88 113 
765 1212 1211 113 95 
766 100 118 1214 1215 
767 118 99 1087 1214 
768 1214 1087 102 1216 
769 1215 1214 1216 84 
770 105 1218 1217 918 
771 1218 87 1219 1217 
772 1217 1219 106 149 
773 918 1217 149 103 
774 108 154 1220 1221 
775 154 100 1215 1220 
776 1220 1215 84 1222 
777 1221 1220 1222 110 
778 109 196 1223 1224 
779 196 108 1221 1223 
780 1223 1221 110 1225 
781 1224 1223 1225 92 
782 113 1228 1226 1227 
783 1228 88 916 1226 
784 1226 916 104 203 
785 1227 1226 203 111 
786 104 1231 1229 1230 
787 1231 121 920 1229 
788 1229 920 119 295 
789 1230 1229 295 120 
790 10 1233 1232 1156 
791 1233 125 1234 1232 
792 1232 1234 124 658 
793 1156 1232 658 26 
794 125 1236 1235 1234 
795 1236 13 1237 1235 
796 1235 1237 126 768 
797 1234 1235 768 124 
798 23 1239 1238 1168 
799 1239 129 1240 1238 
800 1238 1240 128 603 
801 1168 1238 603 42 
802 129 1242 1241 1240 
803 1242 26 1243 1241 
804 1241 1243 130 661 
805 1240 1241 661 128 
806 39 1245 1244 1180 
807 1245 133 1246 1244 
808 1244 1246 132 534 
809 1180 1244 534 58 
810 132 1248 1247 535 
811 1248 134 1249 1247 
812 1247 1249 27 595 
813 55 1251 1250 1192 
814 1251 137 1252 1250 
815 1250 1252 136 384 
816 1192 1250 384 74 
817 137 1254 1253 1252 
818 1254 58 1255 1253 
819 1253 1255 138 537 
820 1252 1253 537 136 
821 71 1257 1256 1204 
822 1257 141 1258 1256 
823 1256 1258 140 347 
824 1204 1256 347 90 
825 141 1260 1259 1258 
826 1260 74 1261 1259 
827 1259 1261 142 387 
828 1258 1259 387 140 
829 87 1263 1262 1219 
830 1263 145 1264 1262 
831 1262 1264 144 990 
832 1219 1262 990 106 
833 145 1266 1265 1264 
834 1266 90 1267 1265 
835 1265 1267 146 1047 
836 1264 1265 1047 144 
837 103 1269 1268 922 
838 1269 149 1270 1268 
839 1268 1270 148 326 
840 922 1268 326 122 
841 149 1272 1271 1270 
842 1272 106 1273 1271 
843 1271 1273 150 994 
844 1270 1271 994 148 
845 119 1276 1274 1275 
846 1276 161 924 1274 
847 1274 924 159 322 
848 1275 1274 322 160 
849 166 1278 1277 207 
850 1278 5 169 1277 
851 1277 169 156 1279 
852 207 1277 1279 164 
853 189 265 1280 1281 
854 265 109 1224 1280 
855 1280 1224 92 1282 
856 1281 1280 1282 192 
857 201 1285 1283 1284 
858 1285 120 294 1283 
859 1283 294 5 1278 
860 1284 1283 1278 166 
861 202 1288 1286 1287 
862 1288 201 1284 1286 
863 1286 1284 166 206 
864 1287 1286 206 114 
865 246 1291 1289 1290 
866 1291 231 251 1289 
867 1289 251 195 279 
868 1290 1289 279 249 
869 251 1294 1292 1293 
870 1294 250 286 1292 
871 1292 286 253 283 
872 1293 1292 283 195 
873 233 262 1295 275 
874 262 241 1296 1295 
875 1295 1296 254 1297 
876 275 1295 1297 255 
877 69 502 1298 484 
878 502 302 613 1298 
879 1298 613 304 1299 
880 484 1298 1299 51 
881 117 1006 1300 1301 
882 1006 311 1090 1300 
883 1300 1090 313 1302 
884 1301 1300 1302 99 
885 322 1305 1303 1304 
886 1305 159 928 1303 
887 1303 928 323 339 
888 1304 1303 339 320 
889 122 1307 1306 926 
890 1307 326 1308 1306 
891 1306 1308 325 936 
892 926 1306 936 162 
893 326 1310 1309 1308 
894 1310 148 1311 1309 
895 1309 1311 327 998 
896 1308 1309 998 325 
897 330 1313 1312 930 
898 1313 162 1314 1312 
899 1312 1314 331 940 
900 930 1312 940 329 
901 342 378 1315 422 
902 378 344 460 1315 
903 1315 460 308 1316 
904 422 1315 1316 345 
905 90 1318 1317 1267 
906 1318 347 1319 1317 
907 1317 1319 346 360 
908 1267 1317 360 146 
909 347 1321 1320 1319 
910 1321 140 1322 1320 
911 1320 1322 348 390 
912 1319 1320 390 346 
913 355 1054 1323 1324 
914 1054 354 1093 1323 
915 1323 1093 357 1325 
916 1324 1323 1325 311 
917 358 1327 1326 1078 
918 1327 361 1328 1326 
919 1326 1328 343 380 
920 1078 1326 380 351 
921 352 395 1329 426 
922 395 375 1330 1329 
923 1329 1330 378 1331 
924 426 1329 1331 342 
925 74 1333 1332 1261 
926 1333 384 1334 1332 
927 1332 1334 383 469 
928 1261 1332 469 142 
929 384 1336 1335 1334 
930 1336 136 1337 1335 
931 1335 1337 385 540 
932 1334 1335 540 383 
933 140 1339 1338 1322 
934 1339 387 1340 1338 
935 1338 1340 386 442 
936 1322 1338 442 348 
937 386 1342 1341 443 
938 1342 388 1343 1341 
939 1341 1343 59 453 
940 361 1345 1344 1328 
941 1345 389 1346 1344 
942 1344 1346 376 393 
943 1328 1344 393 343 
944 434 1348 1347 446 
945 1348 372 1349 1347 
946 1347 1349 435 465 
947 446 1347 465 433 
948 377 447 1350 1351 
949 447 433 464 1350 
950 1350 464 436 1352 
951 1351 1350 1352 344 
952 435 1354 1353 466 
953 1354 452 479 1353 
954 1353 479 455 1355 
955 466 1353 1355 371 
956 388 1357 1356 1343 
957 1357 468 1358 1356 
958 1356 1358 449 472 
959 1343 1356 472 59 
960 306 589 1359 562 
961 589 499 1360 1359 
962 1359 1360 502 1361 
963 562 1359 1361 69 
964 138 1363 1362 538 
965 1363 533 1364 1362 
966 1362 1364 500 587 
967 538 1362 587 43 
968 136 1366 1365 1337 
969 1366 537 1367 1365 
970 1365 1367 536 577 
971 1337 1365 577 385 
972 507 1369 1368 556 
973 1369 550 572 1368 
974 1368 572 549 1370 
975 556 1368 1370 531 
976 134 1372 1371 1249 
977 1372 602 1373 1371 
978 1371 1373 591 606 
979 1249 1371 606 27 
980 645 670 1374 1375 
981 670 592 678 1374 
982 1374 678 651 1376 
983 1375 1374 1376 650 
984 26 1378 1377 1243 
985 1378 658 1379 1377 
986 1377 1379 657 719 
987 1243 1377 719 130 
988 657 1381 1380 720 
989 1381 659 1382 1380 
990 1380 1382 127 733 
991 720 1380 733 635 
992 644 1384 1383 669 
993 1384 663 1385 1383 
994 1383 1385 666 679 
995 669 1383 679 592 
996 683 1387 1386 723 
997 1387 635 1388 1386 
998 1386 1388 684 737 
999 723 1386 737 682 
1000 300 713 1389 1390 
1001 713 685 744 1389 
1002 1389 744 707 1391 
1003 1390 1389 1391 672 
1004 635 1393 1392 1388 
1005 1393 733 1394 1392 
1006 1392 1394 732 753 
1007 1388 1392 753 684 
1008 733 1396 1395 1394 
1009 1396 127 1397 1395 
1010 1395 1397 734 775 
1011 1394 1395 775 732 
1012 659 1399 1398 1382 
1013 1399 767 1400 1398 
1014 1398 1400 729 771 
1015 1382 1398 771 127 
1016 127 1402 1401 1397 
1017 1402 771 1403 1401 
1018 1401 1403 770 800 
1019 1397 1401 800 734 
1020 771 1405 1404 1403 
1021 1405 729 1406 1404 
1022 1404 1406 772 823 
1023 1403 1404 823 770 
1024 296 787 1407 1408 
1025 787 731 849 1407 
1026 1407 849 782 1409 
1027 1408 1407 1409 705 
1028 785 814 1410 1411 
1029 814 786 853 1410 
1030 1410 853 731 1412 
1031 1411 1410 1412 787 
1032 741 798 1413 1414 
1033 798 785 1411 1413 
1034 1413 1411 787 1415 
1035 1414 1413 1415 296 
1036 767 1417 1416 1400 
1037 1417 769 1418 1416 
1038 1416 1418 8 820 
1039 1400 1416 820 729 
1040 729 1420 1419 1406 
1041 1420 820 1421 1419 
1042 1419 1421 819 838 
1043 1406 1419 838 772 
1044 819 1423 1422 839 
1045 1423 821 1424 1422 
1046 1422 1424 730 845 
1047 839 1422 845 808 
1048 830 1426 1425 842 
1049 1426 808 1427 1425 
1050 1425 1427 831 858 
1051 842 1425 858 829 
1052 813 843 1428 1429 
1053 843 829 857 1428 
1054 1428 857 832 1430 
1055 1429 1428 1430 786 
1056 808 1432 1431 1427 
1057 1432 845 1433 1431 
1058 1431 1433 844 865 
1059 1427 1431 865 831 
1060 845 1435 1434 1433 
1061 1435 730 1436 1434 
1062 1434 1436 846 869 
1063 1433 1434 869 844 
1064 881 946 1437 964 
1065 946 332 1438 1437 
1066 1437 1438 884 1439 
1067 964 1437 1439 882 
1068 162 1441 1440 1314 
1069 1441 936 1442 1440 
1070 1440 1442 935 986 
1071 1314 1440 986 331 
1072 936 1444 1443 1442 
1073 1444 325 1445 1443 
1074 1443 1445 937 1002 
1075 1442 1443 1002 935 
1076 329 1447 1446 954 
1077 1447 940 1448 1446 
1078 1446 1448 939 982 
1079 954 1446 982 880 
1080 889 958 1449 968 
1081 958 943 1450 1449 
1082 1449 1450 946 1451 
1083 968 1449 1451 881 
1084 107 988 1452 979 
1085 988 938 1453 1452 
1086 1452 1453 975 1454 
1087 979 1452 1454 876 
1088 938 1004 1455 1453 
1089 1004 328 1456 1455 
1090 1455 1456 976 1457 
1091 1453 1455 1457 975 
1092 332 984 1458 1438 
1093 984 942 1459 1458 
1094 1458 1459 978 1460 
1095 1438 1458 1460 884 
1096 106 1462 1461 1273 
1097 1462 990 1463 1461 
1098 1461 1463 989 1023 
1099 1273 1461 1023 150 
1100 990 1465 1464 1463 
1101 1465 144 1466 1464 
1102 1464 1466 991 1049 
1103 1463 1464 1049 989 
1104 148 1468 1467 1311 
1105 1468 994 1469 1467 
1106 1467 1469 993 1011 
1107 1311 1467 1011 327 
1108 994 1471 1470 1469 
1109 1471 150 1472 1470 
1110 1470 1472 995 1027 
1111 1469 1470 1027 993 
1112 937 1474 1473 1003 
1113 1474 997 1018 1473 
1114 1473 1018 1000 1475 
1115 1003 1473 1475 328 
1116 1005 1041 1476 1477 
1117 1041 355 1324 1476 
1118 1476 1324 311 1478 
1119 1477 1476 1478 1006 
1120 315 1032 1479 1480 
1121 1032 1005 1477 1479 
1122 1479 1477 1006 1481 
1123 1480 1479 1481 117 
1124 151 1013 1482 1015 
1125 1013 996 1483 1482 
1126 1482 1483 1007 1484 
1127 1015 1482 1484 873 
1128 996 1029 1485 1483 
1129 1029 91 1034 1485 
1130 1485 1034 1008 1486 
1131 1483 1485 1486 1007 
1132 328 1475 1487 1456 
1133 1475 1000 1488 1487 
1134 1487 1488 1014 1489 
1135 1456 1487 1489 976 
1136 1000 1021 1490 1488 
1137 1021 151 1491 1490 
1138 1490 1491 1015 1492 
1139 1488 1490 1492 1014 
1140 995 1494 1493 1028 
1141 1494 1022 1495 1493 
1142 1493 1495 1025 1035 
1143 1028 1493 1035 91 
1144 992 1497 1496 1044 
1145 1497 1039 1056 1496 
1146 1496 1056 1038 1498 
1147 1044 1496 1498 1031 
1148 991 1500 1499 1050 
1149 1500 1046 1064 1499 
1150 1499 1064 356 1052 
1151 1050 1499 1052 147 
1152 1053 1071 1501 1502 
1153 1071 1060 1097 1501 
1154 1501 1097 1062 1503 
1155 1502 1501 1503 354 
1156 1064 1506 1504 1505 
1157 1506 1063 1110 1504 
1158 1504 1110 1061 1069 
1159 1505 1504 1069 356 
1160 1061 1509 1507 1508 
1161 1509 1073 1114 1507 
1162 1507 1114 1072 1107 
1163 1508 1507 1107 1070 
1164 1066 1511 1510 1112 
1165 1511 1076 1512 1510 
1166 1510 1512 364 1080 
1167 1112 1510 1080 75 
1168 75 1514 1513 1116 
1169 1514 1080 1515 1513 
1170 1513 1515 1079 1128 
1171 1116 1513 1128 1074 
1172 1060 1108 1516 1517 
1173 1108 1075 1136 1516 
1174 1516 1136 1096 1518 
1175 1517 1516 1518 1097 
1176 1100 1134 1519 1141 
1177 1134 1103 1520 1519 
1178 1519 1520 363 1521 
1179 1141 1519 1521 1104 
1180 363 1130 1522 1137 
1181 1130 1082 1523 1522 
1182 1522 1523 1124 1524 
1183 1137 1522 1524 1098 
1184 1 1527 1525 1526 
1185 1527 17 1152 1525 
1186 1525 1152 15 211 
1187 1526 1525 211 16 
1188 15 1530 1528 1529 
1189 1530 33 1164 1528 
1190 1528 1164 31 214 
1191 1529 1528 214 32 
1192 31 1533 1531 1532 
1193 1533 49 1176 1531 
1194 1531 1176 47 217 
1195 1532 1531 217 48 
1196 47 1536 1534 1535 
1197 1536 65 1188 1534 
1198 1534 1188 63 220 
1199 1535 1534 220 64 
1200 63 1539 1537 1538 
1201 1539 81 1200 1537 
1202 1537 1200 79 223 
1203 1538 1537 223 80 
1204 79 1542 1540 1541 
1205 1542 97 1212 1540 
1206 1540 1212 95 226 
1207 1541 1540 226 96 
1208 95 1545 1543 1544 
1209 1545 113 1227 1543 
1210 1543 1227 111 229 
1211 1544 1543 229 112 
1212 115 316 1546 1547 
1213 316 117 1301 1546 
1214 1546 1301 99 1548 
1215 1547 1546 1548 118 
1216 116 158 1549 1550 
1217 158 115 1547 1549 
1218 1549 1547 118 1551 
1219 1550 1549 1551 100 
1220 133 1553 1552 1246 
1221 1553 42 1554 1552 
1222 1552 1554 134 1248 
1223 1246 1552 1248 132 
1224 152 167 1555 1556 
1225 167 116 1550 1555 
1226 1555 1550 100 1557 
1227 1556 1555 1557 154 
1228 153 200 1558 1559 
1229 200 152 1556 1558 
1230 1558 1556 154 1560 
1231 1559 1558 1560 108 
1232 193 236 1561 1562 
1233 236 153 1559 1561 
1234 1561 1559 108 1563 
1235 1562 1561 1563 196 
1236 194 268 1564 1565 
1237 268 193 1562 1564 
1238 1564 1562 196 1566 
1239 1565 1564 1566 109 
1240 203 1569 1567 1568 
1241 1569 104 1230 1567 
1242 1567 1230 120 1285 
1243 1568 1567 1285 201 
1244 223 1572 1570 1571 
1245 1572 79 1541 1570 
1246 1570 1541 96 244 
1247 1571 1570 244 221 
1248 226 1575 1573 1574 
1249 1575 95 1544 1573 
1250 1573 1544 112 232 
1251 1574 1573 232 224 
1252 314 1009 1576 1577 
1253 1009 315 1480 1576 
1254 1576 1480 117 1578 
1255 1577 1576 1578 316 
1256 157 874 1579 1580 
1257 874 314 1577 1579 
1258 1579 1577 316 1581 
1259 1580 1579 1581 115 
1260 375 440 1582 1330 
1261 440 377 1351 1582 
1262 1582 1351 344 1583 
1263 1330 1582 1583 378 
1264 387 1585 1584 1340 
1265 1585 142 1586 1584 
1266 1584 1586 388 1342 
1267 1340 1584 1342 386 
1268 389 1588 1587 1346 
1269 1588 391 1589 1587 
1270 1587 1589 143 438 
1271 1346 1587 438 376 
1272 391 1591 1590 1589 
1273 1591 441 1592 1590 
1274 1590 1592 434 445 
1275 1589 1590 445 143 
1276 372 1594 1593 1349 
1277 1594 453 1595 1593 
1278 1593 1595 452 1354 
1279 1349 1593 1354 435 
1280 453 1597 1596 1595 
1281 1597 59 1598 1596 
1282 1596 1598 454 480 
1283 1595 1596 480 452 
1284 142 1600 1599 1586 
1285 1600 469 1601 1599 
1286 1599 1601 468 1357 
1287 1586 1599 1357 388 
1288 468 1603 1602 1358 
1289 1603 470 1604 1602 
1290 1602 1604 368 512 
1291 1358 1602 512 449 
1292 59 1606 1605 1598 
1293 1606 472 1607 1605 
1294 1605 1607 471 496 
1295 1598 1605 496 454 
1296 472 1609 1608 1607 
1297 1609 449 1610 1608 
1298 1608 1610 473 516 
1299 1607 1608 516 471 
1300 499 601 1611 1360 
1301 601 501 1612 1611 
1302 1611 1612 302 1613 
1303 1360 1611 1613 502 
1304 449 1615 1614 1610 
1305 1615 512 1616 1614 
1306 1614 1616 511 523 
1307 1610 1614 523 473 
1308 58 1618 1617 1255 
1309 1618 534 1619 1617 
1310 1617 1619 533 1363 
1311 1255 1617 1363 138 
1312 533 1621 1620 1364 
1313 1621 535 1622 1620 
1314 1620 1622 135 599 
1315 1364 1620 599 500 
1316 470 1624 1623 1604 
1317 1624 539 1625 1623 
1318 1623 1625 508 543 
1319 1604 1623 543 368 
1320 501 1627 1626 1612 
1321 1627 594 617 1626 
1322 1626 617 597 1628 
1323 1612 1626 1628 302 
1324 42 1630 1629 1554 
1325 1630 603 1631 1629 
1326 1629 1631 602 1372 
1327 1554 1629 1372 134 
1328 602 1633 1632 1373 
1329 1633 604 1634 1632 
1330 1632 1634 131 643 
1331 1373 1632 643 591 
1332 590 656 1635 1636 
1333 656 645 1375 1635 
1334 1635 1375 650 1637 
1335 1636 1635 1637 628 
1336 658 1639 1638 1379 
1337 1639 124 1640 1638 
1338 1638 1640 659 1381 
1339 1379 1638 1381 657 
1340 604 1642 1641 1634 
1341 1642 660 1643 1641 
1342 1641 1643 639 664 
1343 1634 1641 664 131 
1344 663 1645 1644 1385 
1345 1645 665 1646 1644 
1346 1644 1646 638 691 
1347 1385 1644 691 666 
1348 641 689 1647 1648 
1349 689 300 1390 1647 
1350 1647 1390 672 1649 
1351 1648 1647 1649 671 
1352 665 1651 1650 1646 
1353 1651 694 1652 1650 
1354 1650 1652 687 698 
1355 1646 1650 698 638 
1356 637 742 1653 1654 
1357 742 296 1408 1653 
1358 1653 1408 705 1655 
1359 1654 1653 1655 704 
1360 740 790 1656 1657 
1361 790 741 1414 1656 
1362 1656 1414 296 1658 
1363 1657 1656 1658 742 
1364 708 762 1659 1660 
1365 762 740 1657 1659 
1366 1659 1657 742 1661 
1367 1660 1659 1661 637 
1368 124 1663 1662 1640 
1369 1663 768 1664 1662 
1370 1662 1664 767 1399 
1371 1640 1662 1399 659 
1372 768 1666 1665 1664 
1373 1666 126 1667 1665 
1374 1665 1667 769 1417 
1375 1664 1665 1417 767 
1376 811 836 1668 1669 
1377 836 813 1429 1668 
1378 1668 1429 786 1670 
1379 1669 1668 1670 814 
1380 797 828 1671 1672 
1381 828 811 1669 1671 
1382 1671 1669 814 1673 
1383 1672 1671 1673 785 
1384 820 1675 1674 1421 
1385 1675 8 1676 1674 
1386 1674 1676 821 1423 
1387 1421 1674 1423 819 
1388 325 1678 1677 1445 
1389 1678 998 1679 1677 
1390 1677 1679 997 1474 
1391 1445 1677 1474 937 
1392 998 1681 1680 1679 
1393 1681 327 1682 1680 
1394 1680 1682 999 1019 
1395 1679 1680 1019 997 
1396 150 1684 1683 1472 
1397 1684 1023 1685 1683 
1398 1683 1685 1022 1494 
1399 1472 1683 1494 995 
1400 1022 1687 1686 1495 
1401 1687 1024 1688 1686 
1402 1686 1688 992 1043 
1403 1495 1686 1043 1025 
1404 144 1690 1689 1466 
1405 1690 1047 1691 1689 
1406 1689 1691 1046 1500 
1407 1466 1689 1500 991 
1408 1047 1693 1692 1691 
1409 1693 146 1694 1692 
1410 1692 1694 359 1065 
1411 1691 1692 1065 1046 
1412 1024 1696 1695 1688 
1413 1696 1048 1697 1695 
1414 1695 1697 1039 1497 
1415 1688 1695 1497 992 
1416 155 319 1698 1699 
1417 319 157 1580 1698 
1418 1698 1580 115 1700 
1419 1699 1698 1700 158 
1420 156 172 1701 1702 
1421 172 155 1699 1701 
1422 1701 1699 158 1703 
1423 1702 1701 1703 116 
1424 164 1279 1704 1705 
1425 1279 156 1702 1704 
1426 1704 1702 116 1706 
1427 1705 1704 1706 167 
1428 165 208 1707 1708 
1429 208 164 1705 1707 
1430 1707 1705 167 1709 
1431 1708 1707 1709 152 
1432 111 1712 1710 1711 
1433 1712 203 1568 1710 
1434 1710 1568 201 1288 
1435 1711 1710 1288 202 
1436 96 1715 1713 1714 
1437 1715 226 1574 1713 
1438 1713 1574 224 248 
1439 1714 1713 248 225 
1440 146 1717 1716 1694 
1441 1717 360 1718 1716 
1442 1716 1718 358 1077 
1443 1694 1716 1077 359 
1444 360 1720 1719 1718 
1445 1720 346 1721 1719 
1446 1719 1721 361 1327 
1447 1718 1719 1327 358 
1448 346 1723 1722 1721 
1449 1723 390 1724 1722 
1450 1722 1724 389 1345 
1451 1721 1722 1345 361 
1452 390 1726 1725 1724 
1453 1726 348 1727 1725 
1454 1725 1727 391 1588 
1455 1724 1725 1588 389 
1456 348 1729 1728 1727 
1457 1729 442 1730 1728 
1458 1728 1730 441 1591 
1459 1727 1728 1591 391 
1460 441 1732 1731 1592 
1461 1732 443 1733 1731 
1462 1731 1733 372 1348 
1463 1592 1731 1348 434 
1464 469 1735 1734 1601 
1465 1735 383 1736 1734 
1466 1734 1736 470 1603 
1467 1601 1734 1603 468 
1468 534 1738 1737 1619 
1469 1738 132 1739 1737 
1470 1737 1739 535 1621 
1471 1619 1737 1621 533 
1472 383 1741 1740 1736 
1473 1741 540 1742 1740 
1474 1740 1742 539 1624 
1475 1736 1740 1624 470 
1476 539 1744 1743 1625 
1477 1744 541 1745 1743 
1478 1743 1745 139 559 
1479 1625 1743 559 508 
1480 541 1747 1746 1745 
1481 1747 576 1748 1746 
1482 1746 1748 546 580 
1483 1745 1746 580 139 
1484 135 1750 1749 600 
1485 1750 595 1751 1749 
1486 1749 1751 594 1627 
1487 600 1749 1627 501 
1488 595 1753 1752 1751 
1489 1753 27 1754 1752 
1490 1752 1754 596 618 
1491 1751 1752 618 594 
1492 603 1756 1755 1631 
1493 1756 128 1757 1755 
1494 1755 1757 604 1633 
1495 1631 1755 1633 602 
1496 27 1759 1758 1754 
1497 1759 606 1760 1758 
1498 1758 1760 605 631 
1499 1754 1758 631 596 
1500 606 1762 1761 1760 
1501 1762 591 1763 1761 
1502 1761 1763 607 647 
1503 1760 1761 647 605 
1504 608 649 1764 1765 
1505 649 590 1636 1764 
1506 1764 1636 628 1766 
1507 1765 1764 1766 627 
1508 591 1768 1767 1763 
1509 1768 643 1769 1767 
1510 1767 1769 642 654 
1511 1763 1767 654 607 
1512 643 1771 1770 1769 
1513 1771 131 1772 1770 
1514 1770 1772 644 668 
1515 1769 1770 668 642 
1516 128 1774 1773 1757 
1517 1774 661 1775 1773 
1518 1773 1775 660 1642 
1519 1757 1773 1642 604 
1520 660 1777 1776 1643 
1521 1777 662 1778 1776 
1522 1776 1778 14 695 
1523 1643 1776 695 639 
1524 131 1780 1779 1772 
1525 1780 664 1781 1779 
1526 1779 1781 663 1384 
1527 1772 1779 1384 644 
1528 664 1783 1782 1781 
1529 1783 639 1784 1782 
1530 1782 1784 665 1645 
1531 1781 1782 1645 663 
1532 299 676 1785 1786 
1533 676 641 1648 1785 
1534 1785 1648 671 1787 
1535 1786 1785 1787 625 
1536 639 1789 1788 1784 
1537 1789 695 1790 1788 
1538 1788 1790 694 1651 
1539 1784 1788 1651 665 
1540 694 1792 1791 1652 
1541 1792 696 1793 1791 
1542 1791 1793 640 715 
1543 1652 1791 715 687 
1544 37 709 1794 1795 
1545 709 637 1654 1794 
1546 1794 1654 704 1796 
1547 1795 1794 1796 622 
1548 707 746 1797 1798 
1549 746 708 1660 1797 
1550 1797 1660 637 1799 
1551 1798 1797 1799 709 
1552 672 1391 1800 1801 
1553 1391 707 1798 1800 
1554 1800 1798 709 1802 
1555 1801 1800 1802 37 
1556 662 1804 1803 1778 
1557 1804 718 1805 1803 
1558 1803 1805 683 722 
1559 1778 1803 722 14 
1560 696 1807 1806 1793 
1561 1807 721 1808 1806 
1562 1806 1808 711 725 
1563 1793 1806 725 640 
1564 795 818 1809 1810 
1565 818 797 1672 1809 
1566 1809 1672 785 1811 
1567 1810 1809 1811 798 
1568 789 806 1812 1813 
1569 806 795 1810 1812 
1570 1812 1810 798 1814 
1571 1813 1812 1814 741 
1572 1023 1816 1815 1685 
1573 1816 989 1817 1815 
1574 1815 1817 1024 1687 
1575 1685 1815 1687 1022 
1576 989 1819 1818 1817 
1577 1819 1049 1820 1818 
1578 1818 1820 1048 1696 
1579 1817 1818 1696 1024 
1580 1048 1822 1821 1697 
1581 1822 1050 1823 1821 
1582 1821 1823 147 1057 
1583 1697 1821 1057 1039 
1584 535 1825 1824 1622 
1585 1825 1247 1826 1824 
1586 1824 1826 595 1750 
1587 1622 1824 1750 135 
1588 443 1828 1827 1733 
1589 1828 1341 1829 1827 
1590 1827 1829 453 1594 
1591 1733 1827 1594 372 
