2 0.000000 100.000000 5791.461216
1660 1435 
1 -147.787889 0.000000 -147.826199 99.531414 -0.016938 9.679125 -0.000019 
2 154.271383 0.000000 -147.826199 99.531931 -0.109066 9.679490 -0.000031 
3 154.271383 0.000000 147.829350 99.524659 0.145497 9.705716 0.000062 
4 -147.787889 0.000000 147.829350 99.527057 0.021722 9.680338 0.000066 
5 3.241747 0.000000 0.001576 100.466292 0.210236 -0.953663 -0.009443 
6 -147.787889 0.000000 0.001576 99.527787 0.002819 9.676634 0.000058 
7 3.241747 0.000000 -147.826199 99.533229 -0.007584 9.681043 -0.000059 
8 154.271383 0.000000 0.001576 99.658407 -4.659904 8.335998 -0.002300 
9 3.241747 0.000000 147.829350 99.519549 0.003820 9.694115 0.000188 
10 78.756565 0.000000 -73.912312 99.533330 -0.074533 9.655993 -0.000013 
11 3.241747 0.000000 -73.912312 99.531850 -0.045840 9.661962 0.000006 
12 78.756565 0.000000 -147.826199 99.533238 -0.095201 9.679380 -0.000056 
13 154.271383 0.000000 -73.912312 99.534073 -0.259833 9.648958 -0.000020 
14 78.756565 0.000000 0.001576 99.635559 -5.960494 8.337602 -0.003229 
15 -72.273071 0.000000 -73.912312 99.530134 -0.007080 9.674835 0.000015 
16 -147.787889 0.000000 -73.912312 99.530468 -0.011222 9.677376 0.000003 
17 -72.273071 0.000000 -147.826199 99.532691 -0.034095 9.678399 -0.000043 
18 -72.273071 0.000000 0.001576 99.512430 -0.002433 9.670877 0.000375 
19 78.756565 0.000000 73.915463 99.494996 0.117416 9.856748 0.000358 
20 3.241747 0.000000 73.915463 99.474994 0.046448 9.747814 0.000970 
21 154.271383 0.000000 73.915463 99.507676 0.514956 9.870778 0.000052 
22 78.756565 0.000000 147.829350 99.521593 0.117856 9.700170 0.000135 
23 40.999156 0.000000 -36.955368 99.522572 -0.477834 9.407664 0.000653 
24 3.241747 0.000000 -36.955368 99.477876 -0.273391 9.523829 0.001337 
25 40.999156 0.000000 -73.912312 99.533168 -0.070054 9.656444 -0.000010 
26 78.756565 0.000000 -36.955368 99.545836 -0.412010 9.436561 0.000141 
27 40.999156 0.000000 0.001576 99.678836 -5.069471 6.262584 -0.000079 
28 -72.273071 0.000000 73.915463 99.514214 0.002939 9.683903 0.000314 
29 -147.787889 0.000000 73.915463 99.526288 0.016584 9.678578 0.000084 
30 -72.273071 0.000000 147.829350 99.523483 0.041350 9.682426 0.000133 
31 -34.515662 0.000000 -36.955368 99.508267 -0.036782 9.646983 0.000504 
32 -72.273071 0.000000 -36.955368 99.523502 -0.007703 9.670301 0.000156 
33 -34.515662 0.000000 -73.912312 99.530514 -0.018824 9.669759 0.000017 
34 -34.515662 0.000000 0.001576 99.436743 0.007537 9.645808 0.001929 
35 40.999156 0.000000 36.958519 99.354572 1.085448 10.381476 0.001972 
36 3.241747 0.000000 36.958519 99.268910 0.416296 9.946716 0.004657 
37 78.756565 0.000000 36.958519 99.419886 1.585225 10.529138 0.000231 
38 40.999156 0.000000 73.915463 99.480122 0.087520 9.813993 0.000738 
39 22.120451 0.000000 -18.476896 99.441831 -2.470004 8.765744 0.002838 
40 3.241747 0.000000 -18.476896 99.353117 -1.248032 9.051770 0.004547 
41 22.120451 0.000000 -36.955368 99.494882 -0.441926 9.438793 0.001148 
42 40.999156 0.000000 -18.476896 99.531965 -2.311107 8.601483 0.001406 
43 22.120451 0.000000 0.001576 99.820794 -4.945059 4.788351 -0.001157 
44 -34.515662 0.000000 36.958519 99.454227 0.037939 9.696917 0.001483 
45 -72.273071 0.000000 36.958519 99.508946 0.002960 9.678746 0.000429 
46 -34.515662 0.000000 73.915463 99.496272 0.014106 9.699089 0.000642 
47 -15.636957 0.000000 -18.476896 99.428188 -0.199450 9.466488 0.002438 
48 -34.515662 0.000000 -18.476896 99.475036 -0.032893 9.636272 0.001186 
49 -15.636957 0.000000 -36.955368 99.491080 -0.104124 9.607688 0.000921 
50 -15.636957 0.000000 0.001576 99.251245 0.099183 9.481697 0.005928 
51 22.120451 0.000000 18.480048 99.131601 5.026572 9.018805 0.006632 
52 3.241747 0.000000 18.480048 98.830683 2.191763 9.636402 0.013483 
53 40.999156 0.000000 18.480048 99.518504 6.187562 8.027159 -0.000665 
54 22.120451 0.000000 36.958519 99.280251 0.799625 10.213599 0.003847 
55 12.681099 0.000000 -9.237660 99.518773 -4.618280 8.527267 0.000197 
56 3.241747 0.000000 -9.237660 98.877923 -2.212620 8.302080 0.014934 
57 12.681099 0.000000 -18.476896 99.401001 -2.076887 8.891063 0.003608 
58 22.120451 0.000000 -9.237660 99.329597 -5.480509 8.868430 0.002495 
59 12.681099 0.000000 0.001576 100.754901 -10.748644 9.468521 -0.035674 
60 -15.636957 0.000000 18.480048 99.206134 0.317601 9.638521 0.006514 
61 -34.515662 0.000000 18.480048 99.429148 0.043013 9.676446 0.002021 
62 -15.636957 0.000000 36.958519 99.371227 0.136224 9.758755 0.003011 
63 -6.197605 0.000000 -9.237660 99.069590 -0.522278 9.241989 0.009953 
64 -15.636957 0.000000 -9.237660 99.318559 -0.138398 9.438522 0.004672 
65 -6.197605 0.000000 -18.476896 99.366274 -0.526871 9.301352 0.003955 
66 -6.197605 0.000000 0.001576 99.224845 0.331501 9.775741 0.005876 
67 12.681099 0.000000 9.240812 100.701034 5.142892 4.073952 -0.018374 
68 3.241747 0.000000 9.240812 100.110376 3.583742 7.465173 -0.009066 
69 22.120451 0.000000 9.240812 100.029398 4.373627 2.268332 -0.003015 
70 12.681099 0.000000 18.480048 98.926881 3.871360 9.444587 0.010928 
71 7.961423 0.000000 -4.618042 99.510256 -4.179598 5.817915 0.004639 
72 3.241747 0.000000 -4.618042 97.326442 -2.355443 6.596805 0.047850 
73 7.961423 0.000000 -9.237660 99.326341 -3.600339 8.162143 0.005469 
74 12.681099 0.000000 -4.618042 100.022278 -5.212757 6.871279 -0.007884 
75 7.961423 0.000000 0.001576 100.737655 16.464673 0.906583 -0.041998 
76 -6.197605 0.000000 9.240812 99.240317 1.120487 9.342314 0.006283 
77 -15.636957 0.000000 9.240812 99.214514 0.312701 9.539595 0.006538 
78 -6.197605 0.000000 18.480048 99.010193 0.880786 9.656817 0.010295 
79 -1.477929 0.000000 -4.618042 97.877062 -0.779261 9.190657 0.033501 
80 -6.197605 0.000000 -4.618042 98.889678 -0.210235 9.483530 0.013085 
81 -1.477929 0.000000 -9.237660 98.785623 -1.095869 8.897227 0.016104 
82 -1.477929 0.000000 0.001576 101.035054 0.356640 4.600331 -0.022937 
83 7.961423 0.000000 4.621194 102.475868 3.550238 2.624605 -0.052080 
84 3.241747 0.000000 4.621194 103.119385 3.135378 5.289247 -0.067141 
85 12.681099 0.000000 4.621194 101.858076 2.333931 1.995605 -0.038450 
86 7.961423 0.000000 9.240812 100.498640 4.924716 5.700312 -0.015672 
87 5.601585 0.000000 -2.308233 98.314313 -3.006722 2.435407 0.031932 
88 3.241747 0.000000 -2.308233 100.111868 0.117435 -4.581008 -0.004339 
89 5.601585 0.000000 -4.618042 98.476048 -3.327337 5.721801 0.025866 
90 7.961423 0.000000 -2.308233 100.150827 -3.806711 3.299620 -0.005557 
91 5.601585 0.000000 0.001576 100.004822 0.058807 -7.738681 -0.006086 
92 -1.477929 0.000000 4.621194 101.078554 1.732668 8.904134 -0.029916 
93 -6.197605 0.000000 4.621194 99.497812 0.861052 9.497936 0.000923 
94 -1.477929 0.000000 9.240812 99.638392 2.083232 8.821336 -0.000996 
95 0.881909 0.000000 -2.308233 100.697337 0.342002 2.880330 -0.014837 
96 -1.477929 0.000000 -2.308233 97.194075 -0.332864 10.500097 0.044295 
97 0.881909 0.000000 -4.618042 97.060433 -1.465138 8.188798 0.051007 
98 0.881909 0.000000 0.001576 100.551839 0.310252 2.350525 -0.011629 
99 5.601585 0.000000 2.311385 103.782327 2.601930 1.014014 -0.077857 
100 3.241747 0.000000 2.311385 100.111868 0.117435 -4.581008 -0.004339 
101 7.961423 0.000000 2.311385 102.584060 2.266933 1.375126 -0.053052 
102 5.601585 0.000000 4.621194 102.857770 3.589347 3.528556 -0.060505 
103 4.421666 0.000000 -1.153329 100.111868 0.117435 -4.581008 -0.004339 
104 3.241747 0.000000 -1.153329 100.085988 0.192396 -3.265692 -0.002791 
105 4.421666 0.000000 -2.308233 100.004822 0.058807 -7.738681 -0.006086 
106 5.601585 0.000000 -1.153329 100.004822 0.058807 -7.738681 -0.006086 
107 4.421666 0.000000 0.001576 100.111868 0.117435 -4.581008 -0.004339 
108 0.881909 0.000000 2.311385 100.697337 0.342002 2.880330 -0.014837 
109 -1.477929 0.000000 2.311385 101.991777 1.236100 10.307756 -0.051010 
110 0.881909 0.000000 4.621194 102.530157 2.448383 7.519609 -0.057497 
111 2.061828 0.000000 -1.153329 100.398316 0.219683 -1.160615 -0.008122 
112 0.881909 0.000000 -1.153329 100.634413 0.316208 2.786225 -0.013515 
113 2.061828 0.000000 -2.308233 100.641552 0.302241 2.820261 -0.013677 
114 2.061828 0.000000 0.001576 100.388438 0.221161 -0.847006 -0.007860 
115 4.421666 0.000000 1.156480 100.111868 0.117435 -4.581008 -0.004339 
116 3.241747 0.000000 1.156480 100.085988 0.192396 -3.265692 -0.002791 
117 5.601585 0.000000 1.156480 100.004822 0.058807 -7.738681 -0.006086 
118 4.421666 0.000000 2.311385 100.004822 0.058807 -7.738681 -0.006086 
119 3.831707 0.000000 -0.575877 100.108890 0.157429 -3.779227 -0.003610 
120 3.241747 0.000000 -0.575877 100.398316 0.219683 -1.160615 -0.008122 
121 3.831707 0.000000 -1.153329 100.113937 0.137740 -4.133848 -0.003991 
122 4.421666 0.000000 -0.575877 100.111868 0.117435 -4.581008 -0.004339 
123 3.831707 0.000000 0.001576 100.147548 0.139953 -4.773304 -0.005234 
124 116.513974 0.000000 -36.955368 99.546989 -0.337598 9.482825 0.000036 
125 116.513974 0.000000 -73.912312 99.532994 -0.070250 9.658216 -0.000010 
126 154.271383 0.000000 -36.955368 99.544775 -0.278315 9.521810 0.000010 
127 116.513974 0.000000 0.001576 99.630328 -5.788879 8.580965 -0.003335 
128 59.877860 0.000000 -18.476896 99.591279 -1.967964 8.666421 0.000260 
129 59.877860 0.000000 -36.955368 99.539939 -0.451700 9.414931 0.000296 
130 78.756565 0.000000 -18.476896 99.602437 -1.666957 8.766547 -0.000028 
131 59.877860 0.000000 0.001576 99.673172 -5.595556 7.574038 -0.002342 
132 31.559804 0.000000 -9.237660 99.401144 -5.487390 8.729720 0.001309 
133 31.559804 0.000000 -18.476896 99.461891 -2.453375 8.614705 0.002710 
134 40.999156 0.000000 -9.237660 99.493192 -5.251641 8.512507 0.000106 
135 31.559804 0.000000 0.001576 99.637927 -4.827318 5.553236 0.001814 
136 17.400775 0.000000 -4.618042 99.722733 -5.544242 7.838538 -0.003680 
137 17.400775 0.000000 -9.237660 99.418124 -5.273554 8.792501 0.001092 
138 22.120451 0.000000 -4.618042 99.410594 -5.749719 8.232758 0.001670 
139 17.400775 0.000000 0.001576 100.320368 -5.918798 4.555663 -0.011996 
140 10.321261 0.000000 -2.308233 100.663109 -4.399363 4.222481 -0.017025 
141 10.321261 0.000000 -4.618042 99.980898 -4.811834 6.326437 -0.005936 
142 12.681099 0.000000 -2.308233 100.600901 -4.797479 4.961112 -0.016817 
143 10.321261 0.000000 0.001576 100.315828 4.560396 23.719924 -0.064670 
144 6.781504 0.000000 -1.153329 100.200485 -3.404829 1.020631 -0.005277 
145 6.781504 0.000000 -2.308233 99.474524 -3.433635 2.797002 0.008521 
146 7.961423 0.000000 -1.153329 100.779982 -3.743427 1.921653 -0.017431 
147 6.781504 0.000000 0.001576 98.478257 -0.042349 -17.902455 -0.001847 
148 5.011626 0.000000 -0.575877 100.099296 0.097364 -5.201560 -0.004693 
149 5.011626 0.000000 -1.153329 100.069279 0.077988 -6.182049 -0.005208 
150 5.601585 0.000000 -0.575877 100.004822 0.058807 -7.738681 -0.006086 
151 5.011626 0.000000 0.001576 100.099296 0.097364 -5.201560 -0.004693 
152 2.061828 0.000000 1.156480 100.398316 0.219683 -1.160615 -0.008122 
153 0.881909 0.000000 1.156480 100.634413 0.316208 2.786225 -0.013515 
154 2.061828 0.000000 2.311385 100.641552 0.302241 2.820261 -0.013677 
155 3.831707 0.000000 0.579028 100.108890 0.157429 -3.779227 -0.003610 
156 3.241747 0.000000 0.579028 100.398316 0.219683 -1.160615 -0.008122 
157 4.421666 0.000000 0.579028 100.111868 0.117435 -4.581008 -0.004339 
158 3.831707 0.000000 1.156480 100.113937 0.137740 -4.133848 -0.003991 
159 4.126686 0.000000 -0.287150 100.113937 0.137740 -4.133848 -0.003991 
160 3.831707 0.000000 -0.287150 100.108890 0.157429 -3.779227 -0.003610 
161 4.126686 0.000000 -0.575877 100.113937 0.137740 -4.133848 -0.003991 
162 4.421666 0.000000 -0.287150 100.111868 0.117435 -4.581008 -0.004339 
163 4.126686 0.000000 0.001576 99.718072 0.102945 -6.817904 0.000981 
164 2.651788 0.000000 0.579028 100.398316 0.219683 -1.160615 -0.008122 
165 2.061828 0.000000 0.579028 100.398316 0.219683 -1.160615 -0.008122 
166 2.651788 0.000000 0.001576 100.404728 0.216726 -0.680798 -0.008162 
167 2.651788 0.000000 1.156480 100.398316 0.219683 -1.160615 -0.008122 
168 3.536727 0.000000 0.290302 100.160610 0.187694 -3.117582 -0.004190 
169 3.241747 0.000000 0.290302 100.427210 0.215157 -0.939634 -0.008655 
170 3.536727 0.000000 0.001576 100.206417 0.179607 -3.396803 -0.005290 
171 3.831707 0.000000 0.290302 100.108890 0.157429 -3.779227 -0.003610 
172 3.536727 0.000000 0.579028 100.098963 0.175656 -3.491344 -0.003202 
173 -110.030480 0.000000 36.958519 99.522140 -0.000350 9.678398 0.000167 
174 -147.787889 0.000000 36.958519 99.526661 0.010638 9.677415 0.000079 
175 -110.030480 0.000000 0.001576 99.524127 -0.001739 9.676325 0.000132 
176 -110.030480 0.000000 73.915463 99.522489 0.000268 9.680633 0.000156 
177 -53.394366 0.000000 18.480048 99.488347 0.007896 9.673184 0.000850 
178 -72.273071 0.000000 18.480048 99.509106 0.001005 9.674527 0.000434 
179 -53.394366 0.000000 0.001576 99.493861 -0.001591 9.663974 0.000758 
180 -53.394366 0.000000 36.958519 99.491613 0.010809 9.682216 0.000767 
181 -25.076310 0.000000 9.240812 99.362350 0.091145 9.663735 0.003373 
182 -34.515662 0.000000 9.240812 99.428058 0.030556 9.660455 0.002074 
183 -25.076310 0.000000 0.001576 99.369752 0.029631 9.624574 0.003302 
184 -25.076310 0.000000 18.480048 99.368075 0.106891 9.689300 0.003209 
185 -10.917281 0.000000 4.621194 99.235551 0.456282 9.462061 0.006257 
186 -15.636957 0.000000 4.621194 99.235387 0.229772 9.506441 0.006191 
187 -10.917281 0.000000 0.001576 99.217273 0.186331 9.481124 0.006601 
188 -10.917281 0.000000 9.240812 99.171982 0.597357 9.487523 0.007455 
189 -3.837767 0.000000 2.311385 100.040165 0.862966 9.921233 -0.010721 
190 -6.197605 0.000000 2.311385 99.453287 0.623871 9.675954 0.001503 
191 -3.837767 0.000000 0.001576 99.367272 0.401232 10.341390 0.001904 
192 -3.837767 0.000000 4.621194 100.033443 1.228074 9.400676 -0.009657 
193 -0.298010 0.000000 1.156480 100.697337 0.342002 2.880330 -0.014837 
194 -1.477929 0.000000 1.156480 101.296376 0.351761 5.831571 -0.029509 
195 -0.298010 0.000000 0.001576 100.697337 0.342002 2.880330 -0.014837 
196 -0.298010 0.000000 2.311385 101.035054 0.356640 4.600331 -0.022937 
197 1.471868 0.000000 0.579028 100.696645 0.273522 2.113523 -0.014436 
198 0.881909 0.000000 0.579028 100.641552 0.302241 2.820261 -0.013677 
199 1.471868 0.000000 0.001576 100.632085 0.274120 1.882841 -0.013044 
200 1.471868 0.000000 1.156480 100.672265 0.288276 2.643735 -0.014198 
201 2.651788 0.000000 -0.575877 100.398316 0.219683 -1.160615 -0.008122 
202 2.061828 0.000000 -0.575877 100.398316 0.219683 -1.160615 -0.008122 
203 2.651788 0.000000 -1.153329 100.398316 0.219683 -1.160615 -0.008122 
204 2.356808 0.000000 0.290302 100.396985 0.218746 -0.939973 -0.008049 
205 2.061828 0.000000 0.290302 100.388438 0.221161 -0.847006 -0.007860 
206 2.356808 0.000000 0.001576 100.404728 0.216726 -0.680798 -0.008162 
207 2.651788 0.000000 0.290302 100.404728 0.216726 -0.680798 -0.008162 
208 2.356808 0.000000 0.579028 100.398316 0.219683 -1.160615 -0.008122 
209 -110.030480 0.000000 -36.955368 99.527515 -0.002963 9.676102 0.000065 
210 -147.787889 0.000000 -36.955368 99.529261 -0.005075 9.676664 0.000029 
211 -110.030480 0.000000 -73.912312 99.530094 -0.003167 9.677407 0.000011 
212 -53.394366 0.000000 -18.476896 99.506280 -0.011544 9.660357 0.000518 
213 -72.273071 0.000000 -18.476896 99.517940 -0.005850 9.669400 0.000268 
214 -53.394366 0.000000 -36.955368 99.518498 -0.015262 9.663083 0.000269 
215 -25.076310 0.000000 -9.237660 99.395019 -0.039035 9.614883 0.002818 
216 -34.515662 0.000000 -9.237660 99.453577 -0.017074 9.636326 0.001613 
217 -25.076310 0.000000 -18.476896 99.437164 -0.069169 9.606500 0.001996 
218 -10.917281 0.000000 -4.618042 99.160997 -0.095581 9.410509 0.007853 
219 -15.636957 0.000000 -4.618042 99.274056 -0.037643 9.455410 0.005526 
220 -10.917281 0.000000 -9.237660 99.218063 -0.276406 9.354245 0.006820 
221 -3.837767 0.000000 -2.308233 98.637244 -0.049964 9.981732 0.017106 
222 -6.197605 0.000000 -2.308233 98.977582 0.036833 9.676303 0.010981 
223 -3.837767 0.000000 -4.618042 98.532057 -0.410009 9.477817 0.020144 
224 -0.298010 0.000000 -1.153329 100.697337 0.342002 2.880330 -0.014837 
225 -1.477929 0.000000 -1.153329 101.296376 0.351761 5.831571 -0.029509 
226 -0.298010 0.000000 -2.308233 101.035054 0.356640 4.600331 -0.022937 
227 1.471868 0.000000 -0.575877 100.696645 0.273522 2.113523 -0.014436 
228 0.881909 0.000000 -0.575877 100.641552 0.302241 2.820261 -0.013677 
229 1.471868 0.000000 -1.153329 100.672265 0.288276 2.643735 -0.014198 
230 0.291949 0.000000 -0.575877 100.654234 0.329889 2.744945 -0.013892 
231 -0.298010 0.000000 -0.575877 100.697337 0.342002 2.880330 -0.014837 
232 0.291949 0.000000 -1.153329 100.654234 0.329889 2.744945 -0.013892 
233 0.291949 0.000000 0.001576 100.517059 0.329052 2.228876 -0.010876 
234 0.291949 0.000000 0.579028 100.634413 0.316208 2.786225 -0.013515 
235 -0.298010 0.000000 0.579028 100.697337 0.342002 2.880330 -0.014837 
236 0.291949 0.000000 1.156480 100.654234 0.329889 2.744945 -0.013892 
237 0.586929 0.000000 -0.287150 100.634413 0.316208 2.786225 -0.013515 
238 0.291949 0.000000 -0.287150 100.634413 0.316208 2.786225 -0.013515 
239 0.586929 0.000000 -0.575877 100.634413 0.316208 2.786225 -0.013515 
240 0.881909 0.000000 -0.287150 100.595037 0.305985 2.564222 -0.012603 
241 0.586929 0.000000 0.001576 100.526972 0.326199 2.267750 -0.011092 
242 -2.657848 0.000000 -1.153329 98.611711 0.122522 10.795151 0.015918 
243 -3.837767 0.000000 -1.153329 98.934402 0.164059 10.242497 0.010705 
244 -2.657848 0.000000 -2.308233 98.194636 -0.152355 10.225756 0.025322 
245 -2.657848 0.000000 0.001576 99.482785 0.428046 11.070477 -0.001956 
246 -0.887970 0.000000 -0.575877 100.766607 0.351144 3.237033 -0.016451 
247 -1.477929 0.000000 -0.575877 101.035054 0.356640 4.600331 -0.022937 
248 -0.887970 0.000000 -1.153329 100.872281 0.356253 3.794772 -0.018974 
249 -0.887970 0.000000 0.001576 100.766607 0.351144 3.237033 -0.016451 
250 -0.003030 0.000000 -0.287150 100.654234 0.329889 2.744945 -0.013892 
251 -0.298010 0.000000 -0.287150 100.697337 0.342002 2.880330 -0.014837 
252 -0.003030 0.000000 -0.575877 100.654234 0.329889 2.744945 -0.013892 
253 -0.003030 0.000000 0.001576 100.891687 0.330674 3.631327 -0.019243 
254 0.586929 0.000000 0.290302 100.634413 0.316208 2.786225 -0.013515 
255 0.291949 0.000000 0.290302 100.634413 0.316208 2.786225 -0.013515 
256 0.881909 0.000000 0.290302 100.595037 0.305985 2.564222 -0.012603 
257 0.586929 0.000000 0.579028 100.634413 0.316208 2.786225 -0.013515 
258 0.439439 0.000000 -0.142787 100.526972 0.326199 2.267750 -0.011092 
259 0.291949 0.000000 -0.142787 100.571836 0.322994 2.493349 -0.012102 
260 0.439439 0.000000 -0.287150 100.634413 0.316208 2.786225 -0.013515 
261 0.586929 0.000000 -0.142787 100.579781 0.320321 2.513491 -0.012271 
262 0.439439 0.000000 0.001576 100.526972 0.326199 2.267750 -0.011092 
263 -2.657848 0.000000 1.156480 100.337729 0.736676 10.731456 -0.018337 
264 -3.837767 0.000000 1.156480 99.788760 0.639669 10.206927 -0.006239 
265 -2.657848 0.000000 2.311385 100.707698 1.020036 10.107667 -0.024525 
266 -0.887970 0.000000 0.579028 100.766607 0.351144 3.237033 -0.016451 
267 -1.477929 0.000000 0.579028 101.035054 0.356640 4.600331 -0.022937 
268 -0.887970 0.000000 1.156480 100.872281 0.356253 3.794772 -0.018974 
269 -0.003030 0.000000 0.290302 100.654234 0.329889 2.744945 -0.013892 
270 -0.298010 0.000000 0.290302 100.697337 0.342002 2.880330 -0.014837 
271 -0.003030 0.000000 0.579028 100.654234 0.329889 2.744945 -0.013892 
272 0.144460 0.000000 0.145939 100.654234 0.329889 2.744945 -0.013892 
273 -0.003030 0.000000 0.145939 100.654234 0.329889 2.744945 -0.013892 
274 0.144460 0.000000 0.001576 100.633460 0.339824 1.935982 -0.013096 
275 0.291949 0.000000 0.145939 100.571836 0.322994 2.493349 -0.012102 
276 0.144460 0.000000 0.290302 100.654234 0.329889 2.744945 -0.013892 
277 -0.592990 0.000000 0.290302 100.697337 0.342002 2.880330 -0.014837 
278 -0.887970 0.000000 0.290302 100.766607 0.351144 3.237033 -0.016451 
279 -0.592990 0.000000 0.001576 100.697337 0.342002 2.880330 -0.014837 
280 -0.592990 0.000000 0.579028 100.697337 0.342002 2.880330 -0.014837 
281 -0.150520 0.000000 0.145939 100.654234 0.329889 2.744945 -0.013892 
282 -0.298010 0.000000 0.145939 100.697337 0.342002 2.880330 -0.014837 
283 -0.150520 0.000000 0.001576 100.654234 0.329889 2.744945 -0.013892 
284 -0.150520 0.000000 0.290302 100.654234 0.329889 2.744945 -0.013892 
285 0.144460 0.000000 -0.142787 100.654234 0.329889 2.744945 -0.013892 
286 -0.003030 0.000000 -0.142787 100.654234 0.329889 2.744945 -0.013892 
287 0.144460 0.000000 -0.287150 100.654234 0.329889 2.744945 -0.013892 
288 0.070715 0.000000 0.073757 100.705354 0.334238 2.197613 -0.014651 
289 -0.003030 0.000000 0.073757 100.654234 0.329889 2.744945 -0.013892 
290 0.070715 0.000000 0.001576 100.633460 0.339824 1.935982 -0.013096 
291 0.144460 0.000000 0.073757 100.633460 0.339824 1.935982 -0.013096 
292 0.070715 0.000000 0.145939 100.654234 0.329889 2.744945 -0.013892 
293 3.536727 0.000000 -0.287150 100.085988 0.192396 -3.265692 -0.002791 
294 3.241747 0.000000 -0.287150 100.427210 0.215157 -0.939634 -0.008655 
295 3.536727 0.000000 -0.575877 100.098963 0.175656 -3.491344 -0.003202 
296 116.513974 0.000000 36.958519 99.434188 2.274371 10.573645 -0.000413 
297 154.271383 0.000000 36.958519 99.454291 3.289245 10.421806 -0.001059 
298 116.513974 0.000000 73.915463 99.501712 0.145016 9.888040 0.000162 
299 59.877860 0.000000 18.480048 99.753160 6.750343 6.691474 -0.004104 
300 78.756565 0.000000 18.480048 99.950556 6.802995 5.056732 -0.006196 
301 59.877860 0.000000 36.958519 99.398943 1.324941 10.471618 0.000844 
302 31.559804 0.000000 9.240812 99.967351 3.873479 1.811743 -0.001176 
303 40.999156 0.000000 9.240812 100.126580 3.143258 1.594702 -0.003776 
304 31.559804 0.000000 18.480048 99.365716 5.716971 8.530652 0.002100 
305 17.400775 0.000000 4.621194 100.830912 1.082587 2.209485 -0.017293 
306 22.120451 0.000000 4.621194 100.110497 0.644479 2.416665 -0.002837 
307 17.400775 0.000000 9.240812 100.427594 4.754979 2.875675 -0.011658 
308 10.321261 0.000000 2.311385 102.155622 1.652589 1.840481 -0.044189 
309 12.681099 0.000000 2.311385 101.725229 0.963082 2.230008 -0.035392 
310 10.321261 0.000000 4.621194 102.191120 3.049480 2.191572 -0.045713 
311 6.781504 0.000000 1.156480 102.449399 2.124686 0.173653 -0.050042 
312 7.961423 0.000000 1.156480 102.135216 1.868905 0.957589 -0.043601 
313 6.781504 0.000000 2.311385 102.998250 2.484796 1.117840 -0.061606 
314 5.011626 0.000000 0.579028 100.099296 0.097364 -5.201560 -0.004693 
315 5.601585 0.000000 0.579028 100.004822 0.058807 -7.738681 -0.006086 
316 5.011626 0.000000 1.156480 100.069279 0.077988 -6.182049 -0.005208 
317 4.126686 0.000000 0.290302 100.113937 0.137740 -4.133848 -0.003991 
318 4.421666 0.000000 0.290302 100.111868 0.117435 -4.581008 -0.004339 
319 4.126686 0.000000 0.579028 100.113937 0.137740 -4.133848 -0.003991 
320 3.979196 0.000000 -0.142787 100.108890 0.157429 -3.779227 -0.003610 
321 3.831707 0.000000 -0.142787 100.170460 0.149842 -4.073116 -0.005073 
322 3.979196 0.000000 -0.287150 100.108890 0.157429 -3.779227 -0.003610 
323 4.126686 0.000000 -0.142787 100.113937 0.137740 -4.133848 -0.003991 
324 3.979196 0.000000 0.001576 99.971794 0.131107 -5.592688 -0.002566 
325 4.716646 0.000000 -0.287150 100.099296 0.097364 -5.201560 -0.004693 
326 4.716646 0.000000 -0.575877 100.099296 0.097364 -5.201560 -0.004693 
327 5.011626 0.000000 -0.287150 100.099296 0.097364 -5.201560 -0.004693 
328 4.716646 0.000000 0.001576 100.111868 0.117435 -4.581008 -0.004339 
329 4.274176 0.000000 -0.142787 100.113937 0.137740 -4.133848 -0.003991 
330 4.274176 0.000000 -0.287150 100.113937 0.137740 -4.133848 -0.003991 
331 4.421666 0.000000 -0.142787 100.111868 0.117435 -4.581008 -0.004339 
332 4.274176 0.000000 0.001576 100.113937 0.137740 -4.133848 -0.003991 
333 3.979196 0.000000 0.145939 100.089200 0.146084 -4.562254 -0.003868 
334 3.831707 0.000000 0.145939 100.147548 0.139953 -4.773304 -0.005234 
335 4.126686 0.000000 0.145939 100.113937 0.137740 -4.133848 -0.003991 
336 3.979196 0.000000 0.290302 100.108890 0.157429 -3.779227 -0.003610 
337 4.052941 0.000000 -0.070606 99.964576 0.112506 -6.039327 -0.002940 
338 3.979196 0.000000 -0.070606 99.971794 0.131107 -5.592688 -0.002566 
339 4.052941 0.000000 -0.142787 100.113937 0.137740 -4.133848 -0.003991 
340 4.126686 0.000000 -0.070606 99.718072 0.102945 -6.817904 0.000981 
341 4.052941 0.000000 0.001576 99.964576 0.112506 -6.039327 -0.002940 
342 4.716646 0.000000 0.290302 100.099296 0.097364 -5.201560 -0.004693 
343 5.011626 0.000000 0.290302 100.099296 0.097364 -5.201560 -0.004693 
344 4.716646 0.000000 0.579028 100.099296 0.097364 -5.201560 -0.004693 
345 4.274176 0.000000 0.145939 100.113937 0.137740 -4.133848 -0.003991 
346 4.421666 0.000000 0.145939 100.111868 0.117435 -4.581008 -0.004339 
347 4.274176 0.000000 0.290302 100.113937 0.137740 -4.133848 -0.003991 
348 4.200431 0.000000 -0.070606 99.823085 0.116723 -5.805177 0.000164 
349 4.200431 0.000000 -0.142787 100.113937 0.137740 -4.133848 -0.003991 
350 4.274176 0.000000 -0.070606 100.113937 0.137740 -4.133848 -0.003991 
351 4.200431 0.000000 0.001576 99.823085 0.116723 -5.805177 0.000164 
352 4.200431 0.000000 0.073757 100.113937 0.137740 -4.133848 -0.003991 
353 4.126686 0.000000 0.073757 99.972936 0.120799 -5.390579 -0.002366 
354 4.274176 0.000000 0.073757 100.113937 0.137740 -4.133848 -0.003991 
355 4.200431 0.000000 0.145939 100.113937 0.137740 -4.133848 -0.003991 
356 4.163559 0.000000 -0.034515 99.718072 0.102945 -6.817904 0.000981 
357 4.126686 0.000000 -0.034515 99.718072 0.102945 -6.817904 0.000981 
358 4.163559 0.000000 -0.070606 99.823085 0.116723 -5.805177 0.000164 
359 4.200431 0.000000 -0.034515 99.823085 0.116723 -5.805177 0.000164 
360 4.163559 0.000000 0.001576 99.718072 0.102945 -6.817904 0.000981 
361 40.999156 0.000000 -110.869255 99.533805 -0.021954 9.678596 -0.000065 
362 3.241747 0.000000 -110.869255 99.533952 -0.015916 9.677927 -0.000067 
363 40.999156 0.000000 -147.826199 99.534007 -0.068234 9.678070 -0.000069 
364 78.756565 0.000000 -110.869255 99.532924 -0.024905 9.679131 -0.000049 
365 22.120451 0.000000 -55.433840 99.525719 -0.138076 9.614012 0.000218 
366 3.241747 0.000000 -55.433840 99.522431 -0.097040 9.630465 0.000253 
367 22.120451 0.000000 -73.912312 99.532652 -0.060405 9.658550 -0.000004 
368 40.999156 0.000000 -55.433840 99.530181 -0.158667 9.605124 0.000146 
369 12.681099 0.000000 -27.716132 99.500721 -0.830908 9.278204 0.001283 
370 3.241747 0.000000 -27.716132 99.491721 -0.572903 9.365110 0.001336 
371 12.681099 0.000000 -36.955368 99.482704 -0.371534 9.476739 0.001325 
372 22.120451 0.000000 -27.716132 99.449224 -0.961959 9.174014 0.002476 
373 7.961423 0.000000 -13.857278 99.305051 -2.567268 8.707268 0.005610 
374 3.241747 0.000000 -13.857278 99.212799 -1.690829 8.829964 0.007599 
375 7.961423 0.000000 -18.476896 99.379938 -1.691756 8.957109 0.004054 
376 12.681099 0.000000 -13.857278 99.366315 -3.332820 8.710260 0.003936 
377 5.601585 0.000000 -6.927851 98.736516 -3.294625 7.335254 0.018644 
378 3.241747 0.000000 -6.927851 98.249625 -2.446661 7.757723 0.028084 
379 5.601585 0.000000 -9.237660 99.112084 -2.911772 8.154279 0.010182 
380 7.961423 0.000000 -6.927851 99.249164 -4.076078 7.333823 0.007920 
381 4.421666 0.000000 -3.463138 97.338233 -2.716941 4.713674 0.049567 
382 3.241747 0.000000 -3.463138 96.481985 -2.199927 5.555451 0.065552 
383 4.421666 0.000000 -4.618042 97.848741 -2.849707 6.021412 0.038125 
384 5.601585 0.000000 -3.463138 98.329267 -3.205945 4.359979 0.030207 
385 3.831707 0.000000 -1.730781 100.111868 0.117435 -4.581008 -0.004339 
386 3.241747 0.000000 -1.730781 100.108890 0.157429 -3.779227 -0.003610 
387 3.831707 0.000000 -2.308233 100.069279 0.077988 -6.182049 -0.005208 
388 4.421666 0.000000 -1.730781 100.099296 0.097364 -5.201560 -0.004693 
389 4.126686 0.000000 -0.864603 100.113937 0.137740 -4.133848 -0.003991 
390 3.831707 0.000000 -0.864603 100.108890 0.157429 -3.779227 -0.003610 
391 4.126686 0.000000 -1.153329 100.111868 0.117435 -4.581008 -0.004339 
392 4.421666 0.000000 -0.864603 100.111868 0.117435 -4.581008 -0.004339 
393 4.274176 0.000000 -0.431513 100.113937 0.137740 -4.133848 -0.003991 
394 4.126686 0.000000 -0.431513 100.113937 0.137740 -4.133848 -0.003991 
395 4.274176 0.000000 -0.575877 100.113937 0.137740 -4.133848 -0.003991 
396 4.421666 0.000000 -0.431513 100.111868 0.117435 -4.581008 -0.004339 
397 4.200431 0.000000 -0.214969 100.113937 0.137740 -4.133848 -0.003991 
398 4.126686 0.000000 -0.214969 100.113937 0.137740 -4.133848 -0.003991 
399 4.200431 0.000000 -0.287150 100.113937 0.137740 -4.133848 -0.003991 
400 4.274176 0.000000 -0.214969 100.113937 0.137740 -4.133848 -0.003991 
401 4.163559 0.000000 -0.106697 99.823085 0.116723 -5.805177 0.000164 
402 4.126686 0.000000 -0.106697 99.823085 0.116723 -5.805177 0.000164 
403 4.163559 0.000000 -0.142787 100.113937 0.137740 -4.133848 -0.003991 
404 4.200431 0.000000 -0.106697 100.113937 0.137740 -4.133848 -0.003991 
405 4.569156 0.000000 -0.142787 100.111868 0.117435 -4.581008 -0.004339 
406 4.569156 0.000000 -0.287150 100.111868 0.117435 -4.581008 -0.004339 
407 4.716646 0.000000 -0.142787 100.099296 0.097364 -5.201560 -0.004693 
408 4.569156 0.000000 0.001576 100.111868 0.117435 -4.581008 -0.004339 
409 4.347921 0.000000 -0.070606 100.111868 0.117435 -4.581008 -0.004339 
410 4.347921 0.000000 -0.142787 100.111868 0.117435 -4.581008 -0.004339 
411 4.421666 0.000000 -0.070606 100.111868 0.117435 -4.581008 -0.004339 
412 4.347921 0.000000 0.001576 100.111868 0.117435 -4.581008 -0.004339 
413 4.237304 0.000000 -0.034515 100.113937 0.137740 -4.133848 -0.003991 
414 4.237304 0.000000 -0.070606 100.113937 0.137740 -4.133848 -0.003991 
415 4.274176 0.000000 -0.034515 100.113937 0.137740 -4.133848 -0.003991 
416 4.237304 0.000000 0.001576 100.113937 0.137740 -4.133848 -0.003991 
417 4.181995 0.000000 -0.052560 99.823085 0.116723 -5.805177 0.000164 
418 4.163559 0.000000 -0.052560 99.823085 0.116723 -5.805177 0.000164 
419 4.181995 0.000000 -0.070606 99.823085 0.116723 -5.805177 0.000164 
420 4.200431 0.000000 -0.052560 99.823085 0.116723 -5.805177 0.000164 
421 4.181995 0.000000 -0.034515 99.823085 0.116723 -5.805177 0.000164 
422 4.237304 0.000000 -0.106697 100.113937 0.137740 -4.133848 -0.003991 
423 4.237304 0.000000 -0.142787 100.113937 0.137740 -4.133848 -0.003991 
424 4.274176 0.000000 -0.106697 100.113937 0.137740 -4.133848 -0.003991 
425 4.218867 0.000000 -0.052560 99.823085 0.116723 -5.805177 0.000164 
426 4.218867 0.000000 -0.070606 100.113937 0.137740 -4.133848 -0.003991 
427 4.237304 0.000000 -0.052560 100.113937 0.137740 -4.133848 -0.003991 
428 4.218867 0.000000 -0.034515 99.823085 0.116723 -5.805177 0.000164 
429 4.052941 0.000000 0.073757 99.964576 0.112506 -6.039327 -0.002940 
430 3.979196 0.000000 0.073757 99.971794 0.131107 -5.592688 -0.002566 
431 4.052941 0.000000 0.145939 100.113937 0.137740 -4.133848 -0.003991 
432 4.163559 0.000000 0.037666 99.823085 0.116723 -5.805177 0.000164 
433 4.126686 0.000000 0.037666 99.718072 0.102945 -6.817904 0.000981 
434 4.200431 0.000000 0.037666 100.113937 0.137740 -4.133848 -0.003991 
435 4.163559 0.000000 0.073757 100.113937 0.137740 -4.133848 -0.003991 
436 4.181995 0.000000 -0.016470 99.823085 0.116723 -5.805177 0.000164 
437 4.163559 0.000000 -0.016470 99.718072 0.102945 -6.817904 0.000981 
438 4.200431 0.000000 -0.016470 99.823085 0.116723 -5.805177 0.000164 
439 4.181995 0.000000 0.001576 99.823085 0.116723 -5.805177 0.000164 
440 4.191213 0.000000 -0.043538 99.823085 0.116723 -5.805177 0.000164 
441 4.181995 0.000000 -0.043538 99.823085 0.116723 -5.805177 0.000164 
442 4.191213 0.000000 -0.052560 99.823085 0.116723 -5.805177 0.000164 
443 4.200431 0.000000 -0.043538 99.823085 0.116723 -5.805177 0.000164 
444 4.191213 0.000000 -0.034515 99.823085 0.116723 -5.805177 0.000164 
445 4.569156 0.000000 0.145939 100.111868 0.117435 -4.581008 -0.004339 
446 4.716646 0.000000 0.145939 100.099296 0.097364 -5.201560 -0.004693 
447 4.569156 0.000000 0.290302 100.111868 0.117435 -4.581008 -0.004339 
448 4.347921 0.000000 0.073757 100.111868 0.117435 -4.581008 -0.004339 
449 4.421666 0.000000 0.073757 100.111868 0.117435 -4.581008 -0.004339 
450 4.347921 0.000000 0.145939 100.111868 0.117435 -4.581008 -0.004339 
451 4.311049 0.000000 -0.034515 100.113937 0.137740 -4.133848 -0.003991 
452 4.311049 0.000000 -0.070606 100.113937 0.137740 -4.133848 -0.003991 
453 4.347921 0.000000 -0.034515 100.111868 0.117435 -4.581008 -0.004339 
454 4.311049 0.000000 0.001576 100.113937 0.137740 -4.133848 -0.003991 
455 4.495411 0.000000 -0.070606 100.111868 0.117435 -4.581008 -0.004339 
456 4.495411 0.000000 -0.142787 100.111868 0.117435 -4.581008 -0.004339 
457 4.569156 0.000000 -0.070606 100.111868 0.117435 -4.581008 -0.004339 
458 4.495411 0.000000 0.001576 100.111868 0.117435 -4.581008 -0.004339 
459 6.191545 0.000000 -0.575877 99.576471 0.013904 -12.573665 -0.007357 
460 6.191545 0.000000 -1.153329 99.576471 0.013904 -12.573665 -0.007357 
461 6.781504 0.000000 -0.575877 97.738745 -0.071034 -20.238185 0.003755 
462 6.191545 0.000000 0.001576 99.863198 0.038055 -9.918542 -0.007104 
463 5.306605 0.000000 -0.287150 100.069279 0.077988 -6.182049 -0.005208 
464 5.306605 0.000000 -0.575877 100.069279 0.077988 -6.182049 -0.005208 
465 5.601585 0.000000 -0.287150 100.004822 0.058807 -7.738681 -0.006086 
466 5.306605 0.000000 0.001576 100.069279 0.077988 -6.182049 -0.005208 
467 4.864136 0.000000 -0.142787 100.099296 0.097364 -5.201560 -0.004693 
468 4.864136 0.000000 -0.287150 100.099296 0.097364 -5.201560 -0.004693 
469 5.011626 0.000000 -0.142787 100.099296 0.097364 -5.201560 -0.004693 
470 4.864136 0.000000 0.001576 100.099296 0.097364 -5.201560 -0.004693 
471 4.642901 0.000000 -0.070606 100.111868 0.117435 -4.581008 -0.004339 
472 4.642901 0.000000 -0.142787 100.111868 0.117435 -4.581008 -0.004339 
473 4.716646 0.000000 -0.070606 100.111868 0.117435 -4.581008 -0.004339 
474 4.642901 0.000000 0.001576 100.111868 0.117435 -4.581008 -0.004339 
475 6.191545 0.000000 0.579028 99.576471 0.013904 -12.573665 -0.007357 
476 6.781504 0.000000 0.579028 97.738745 -0.071034 -20.238185 0.003755 
477 6.191545 0.000000 1.156480 99.576471 0.013904 -12.573665 -0.007357 
478 5.306605 0.000000 0.290302 100.069279 0.077988 -6.182049 -0.005208 
479 5.601585 0.000000 0.290302 100.004822 0.058807 -7.738681 -0.006086 
480 5.306605 0.000000 0.579028 100.069279 0.077988 -6.182049 -0.005208 
481 5.159115 0.000000 -0.142787 100.069279 0.077988 -6.182049 -0.005208 
482 5.159115 0.000000 -0.287150 100.069279 0.077988 -6.182049 -0.005208 
483 5.306605 0.000000 -0.142787 100.069279 0.077988 -6.182049 -0.005208 
484 5.159115 0.000000 0.001576 100.069279 0.077988 -6.182049 -0.005208 
485 4.864136 0.000000 0.145939 100.099296 0.097364 -5.201560 -0.004693 
486 5.011626 0.000000 0.145939 100.099296 0.097364 -5.201560 -0.004693 
487 4.864136 0.000000 0.290302 100.099296 0.097364 -5.201560 -0.004693 
488 4.937881 0.000000 -0.070606 100.099296 0.097364 -5.201560 -0.004693 
489 4.864136 0.000000 -0.070606 100.099296 0.097364 -5.201560 -0.004693 
490 4.937881 0.000000 -0.142787 100.099296 0.097364 -5.201560 -0.004693 
491 5.011626 0.000000 -0.070606 100.099296 0.097364 -5.201560 -0.004693 
492 4.937881 0.000000 0.001576 100.099296 0.097364 -5.201560 -0.004693 
493 5.896565 0.000000 -0.287150 100.004822 0.058807 -7.738681 -0.006086 
494 5.896565 0.000000 -0.575877 99.863198 0.038055 -9.918542 -0.007104 
495 6.191545 0.000000 -0.287150 99.863198 0.038055 -9.918542 -0.007104 
496 5.896565 0.000000 0.001576 100.004822 0.058807 -7.738681 -0.006086 
497 5.454095 0.000000 -0.142787 100.069279 0.077988 -6.182049 -0.005208 
498 5.454095 0.000000 -0.287150 100.069279 0.077988 -6.182049 -0.005208 
499 5.601585 0.000000 -0.142787 100.004822 0.058807 -7.738681 -0.006086 
500 5.454095 0.000000 0.001576 100.069279 0.077988 -6.182049 -0.005208 
501 5.896565 0.000000 0.290302 100.004822 0.058807 -7.738681 -0.006086 
502 6.191545 0.000000 0.290302 99.863198 0.038055 -9.918542 -0.007104 
503 5.896565 0.000000 0.579028 99.863198 0.038055 -9.918542 -0.007104 
504 5.749075 0.000000 -0.142787 100.004822 0.058807 -7.738681 -0.006086 
505 5.749075 0.000000 -0.287150 100.004822 0.058807 -7.738681 -0.006086 
506 5.896565 0.000000 -0.142787 100.004822 0.058807 -7.738681 -0.006086 
507 5.749075 0.000000 0.001576 100.004822 0.058807 -7.738681 -0.006086 
508 9.141342 0.000000 -1.153329 101.016580 -4.017188 2.608959 -0.022729 
509 9.141342 0.000000 -2.308233 100.506178 -4.122326 3.781826 -0.013279 
510 10.321261 0.000000 -1.153329 101.088704 -4.234362 3.128734 -0.024664 
511 9.141342 0.000000 0.001576 100.510767 16.093948 12.537633 -0.051862 
512 7.371464 0.000000 -0.575877 101.050792 -4.946811 0.772570 -0.023633 
513 7.371464 0.000000 -1.153329 100.533694 -3.594768 1.512542 -0.012223 
514 7.961423 0.000000 -0.575877 101.215343 -5.129530 1.392944 -0.027280 
515 7.371464 0.000000 0.001576 100.628054 16.387962 -4.072422 -0.041116 
516 6.486524 0.000000 -0.287150 99.105560 -0.013620 -15.348545 -0.005749 
517 6.486524 0.000000 -0.575877 99.105560 -0.013620 -15.348545 -0.005749 
518 6.781504 0.000000 -0.287150 98.478257 -0.042349 -17.902455 -0.001847 
519 6.486524 0.000000 0.001576 99.576471 0.013904 -12.573665 -0.007357 
520 9.141342 0.000000 1.156480 101.969499 1.582779 1.534377 -0.040264 
521 10.321261 0.000000 1.156480 101.852779 1.310801 1.968980 -0.037958 
522 9.141342 0.000000 2.311385 102.328719 1.962668 1.629612 -0.047767 
523 7.371464 0.000000 0.579028 101.790702 2.582945 0.398323 -0.036818 
524 7.961423 0.000000 0.579028 101.741842 2.439433 0.907745 -0.035818 
525 7.371464 0.000000 1.156480 102.247203 2.007046 0.595067 -0.045887 
526 6.486524 0.000000 0.290302 99.576471 0.013904 -12.573665 -0.007357 
527 6.781504 0.000000 0.290302 98.478257 -0.042349 -17.902455 -0.001847 
528 6.486524 0.000000 0.579028 99.105560 -0.013620 -15.348545 -0.005749 
529 6.339034 0.000000 -0.142787 99.576471 0.013904 -12.573665 -0.007357 
530 6.191545 0.000000 -0.142787 99.863198 0.038055 -9.918542 -0.007104 
531 6.339034 0.000000 -0.287150 99.576471 0.013904 -12.573665 -0.007357 
532 6.486524 0.000000 -0.142787 99.576471 0.013904 -12.573665 -0.007357 
533 6.339034 0.000000 0.001576 99.576471 0.013904 -12.573665 -0.007357 
534 7.076484 0.000000 -0.287150 101.359708 -9.396807 -1.111408 -0.036333 
535 7.076484 0.000000 -0.575877 100.932400 -4.834199 0.439130 -0.021091 
536 7.371464 0.000000 -0.287150 101.493355 -9.837780 -0.434324 -0.039787 
537 7.076484 0.000000 0.001576 100.619603 15.936632 -6.643268 -0.042241 
538 6.634014 0.000000 -0.142787 99.105560 -0.013620 -15.348545 -0.005749 
539 6.634014 0.000000 -0.287150 99.105560 -0.013620 -15.348545 -0.005749 
540 6.781504 0.000000 -0.142787 98.478257 -0.042349 -17.902455 -0.001847 
541 6.634014 0.000000 0.001576 99.105560 -0.013620 -15.348545 -0.005749 
542 8.551383 0.000000 -0.575877 101.304069 -5.215254 1.932217 -0.029345 
543 8.551383 0.000000 -1.153329 100.920166 -3.893537 2.292821 -0.020530 
544 9.141342 0.000000 -0.575877 101.337227 -5.211013 2.368782 -0.030200 
545 8.551383 0.000000 0.001576 100.668104 16.326278 5.690463 -0.043300 
546 7.666443 0.000000 -0.287150 101.589445 -10.191549 0.340442 -0.042440 
547 7.666443 0.000000 -0.575877 101.144660 -5.047308 1.091508 -0.025691 
548 7.961423 0.000000 -0.287150 101.648640 -10.396402 1.160147 -0.044188 
549 7.666443 0.000000 0.001576 100.668474 16.559727 -1.521194 -0.041068 
550 8.551383 0.000000 0.579028 101.708389 2.302923 1.348868 -0.035172 
551 9.141342 0.000000 0.579028 101.686759 2.216728 1.725630 -0.034809 
552 8.551383 0.000000 1.156480 102.033050 1.717614 1.270848 -0.041531 
553 7.666443 0.000000 0.290302 101.460679 4.077351 0.599845 -0.031125 
554 7.371464 0.000000 0.290302 101.473847 4.189569 0.206603 -0.031454 
555 7.961423 0.000000 0.290302 101.464942 4.000400 0.952575 -0.031205 
556 7.666443 0.000000 0.579028 101.762660 2.508116 0.664242 -0.036237 
557 7.518954 0.000000 -0.142787 102.462962 -32.221967 -12.380792 -0.169020 
558 7.371464 0.000000 -0.142787 102.184424 -28.467011 -13.849719 -0.144384 
559 7.518954 0.000000 -0.287150 101.546249 -10.030023 -0.056606 -0.041225 
560 7.666443 0.000000 -0.142787 102.710679 -36.057920 -9.524861 -0.194038 
561 7.518954 0.000000 0.001576 100.645720 16.507198 -2.787865 -0.040982 
562 8.256403 0.000000 -0.287150 101.670736 -10.397112 1.957881 -0.044887 
563 8.256403 0.000000 -0.575877 101.267922 -5.187000 1.673964 -0.028490 
564 8.551383 0.000000 -0.287150 101.652590 -10.117294 2.648428 -0.044262 
565 8.256403 0.000000 0.001576 100.751863 16.230132 3.195093 -0.042456 
566 8.256403 0.000000 0.290302 101.468997 3.945688 1.282289 -0.031317 
567 8.551383 0.000000 0.290302 101.468532 3.924595 1.598643 -0.031382 
568 8.256403 0.000000 0.579028 101.719319 2.359270 1.139312 -0.035368 
569 8.108913 0.000000 -0.142787 103.050248 -40.844072 6.196140 -0.232598 
570 7.961423 0.000000 -0.142787 103.053932 -41.094674 0.346998 -0.230901 
571 8.108913 0.000000 -0.287150 101.664346 -10.428317 1.566092 -0.044684 
572 8.256403 0.000000 -0.142787 102.824757 -38.393911 11.220791 -0.217293 
573 8.108913 0.000000 0.001576 100.747810 16.327785 2.062015 -0.042097 
574 7.813933 0.000000 -0.142787 102.939871 -39.258750 -5.190256 -0.216481 
575 7.813933 0.000000 -0.287150 101.624622 -10.314694 0.748501 -0.043452 
576 7.813933 0.000000 0.001576 100.694493 16.539315 -0.286045 -0.041301 
577 8.108913 0.000000 0.145939 101.264983 6.433626 1.255750 -0.029757 
578 7.961423 0.000000 0.145939 101.253801 6.471058 0.978075 -0.029516 
579 8.256403 0.000000 0.145939 101.269819 6.414106 1.527899 -0.029905 
580 8.108913 0.000000 0.290302 101.468051 3.969986 1.119713 -0.031278 
581 8.035168 0.000000 -0.070606 98.922358 58.654290 5.764588 -0.325919 
582 7.961423 0.000000 -0.070606 98.847758 59.377108 -0.653756 -0.329695 
583 8.035168 0.000000 -0.142787 103.058903 -41.208198 3.284739 -0.233004 
584 8.108913 0.000000 -0.070606 99.018062 56.767238 11.745915 -0.316506 
585 8.035168 0.000000 0.001576 100.738276 16.394855 1.491802 -0.041922 
586 15.040937 0.000000 -2.308233 100.356788 -5.007451 5.770814 -0.012986 
587 15.040937 0.000000 -4.618042 99.961740 -5.403116 7.519751 -0.007809 
588 17.400775 0.000000 -2.308233 100.030741 -5.122327 6.190581 -0.007071 
589 15.040937 0.000000 0.001576 100.684444 -7.415799 5.051147 -0.021787 
590 11.501180 0.000000 -1.153329 101.046314 -4.420526 3.545843 -0.024247 
591 11.501180 0.000000 -2.308233 100.675548 -4.618080 4.609505 -0.017814 
592 12.681099 0.000000 -1.153329 100.926310 -4.572133 3.895781 -0.022220 
593 11.501180 0.000000 0.001576 100.500703 -9.340776 18.126219 -0.051620 
594 9.731302 0.000000 -0.575877 101.338459 -5.187532 2.706878 -0.030372 
595 9.731302 0.000000 -1.153329 101.069670 -4.129941 2.885094 -0.024046 
596 10.321261 0.000000 -0.575877 101.318863 -5.165546 2.971153 -0.030102 
597 9.731302 0.000000 0.001576 100.429136 12.211900 19.379188 -0.061069 
598 8.846362 0.000000 -0.287150 101.608601 -9.647125 3.156966 -0.042734 
599 8.846362 0.000000 -0.575877 101.325910 -5.218986 2.164245 -0.029886 
600 9.141342 0.000000 -0.287150 101.566426 -9.177619 3.507979 -0.041227 
601 8.846362 0.000000 0.001576 100.552201 16.553002 8.903044 -0.046401 
602 15.040937 0.000000 2.311385 101.164755 0.405954 2.799477 -0.024231 
603 17.400775 0.000000 2.311385 100.674936 0.115395 3.082367 -0.014496 
604 15.040937 0.000000 4.621194 101.312068 1.592156 2.165667 -0.027136 
605 11.501180 0.000000 1.156480 101.699660 1.060791 2.317535 -0.034932 
606 12.681099 0.000000 1.156480 101.503495 0.863606 2.615625 -0.031055 
607 11.501180 0.000000 2.311385 101.947417 1.290861 2.047894 -0.039914 
608 9.731302 0.000000 0.579028 101.662731 2.148961 2.056300 -0.034416 
609 10.321261 0.000000 0.579028 101.627021 2.101560 2.351913 -0.033800 
610 9.731302 0.000000 1.156480 101.910564 1.449022 1.762245 -0.039097 
611 8.846362 0.000000 0.290302 101.469839 3.935544 1.911811 -0.031527 
612 9.141342 0.000000 0.290302 101.471117 3.968227 2.216071 -0.031705 
613 8.846362 0.000000 0.579028 101.697184 2.256877 1.543405 -0.034979 
614 8.698873 0.000000 -0.142787 101.900731 -25.975116 15.189680 -0.128919 
615 8.551383 0.000000 -0.142787 102.139902 -29.918349 15.363017 -0.156369 
616 8.698873 0.000000 -0.287150 101.631780 -9.892318 2.926444 -0.043544 
617 8.846362 0.000000 -0.142787 101.731922 -22.858175 14.368991 -0.107835 
618 8.698873 0.000000 0.001576 100.612903 16.469169 7.202838 -0.044607 
619 9.436322 0.000000 -0.287150 101.526411 -8.763829 3.749960 -0.039848 
620 9.436322 0.000000 -0.575877 101.340959 -5.199616 2.548553 -0.030352 
621 9.731302 0.000000 -0.287150 101.488028 -8.401215 3.911003 -0.038570 
622 9.436322 0.000000 0.001576 100.478327 14.645535 16.114273 -0.057006 
623 10.911221 0.000000 -0.575877 101.281054 -5.145704 3.184923 -0.029447 
624 10.911221 0.000000 -1.153329 101.079269 -4.331463 3.347500 -0.024699 
625 11.501180 0.000000 -0.575877 101.224522 -5.123855 3.359474 -0.028394 
626 10.911221 0.000000 0.001576 100.386032 -3.983498 22.803914 -0.061324 
627 10.026281 0.000000 -0.287150 101.452571 -8.081712 4.012096 -0.037404 
628 10.026281 0.000000 -0.575877 101.330755 -5.174828 2.846374 -0.030280 
629 10.321261 0.000000 -0.287150 101.416937 -7.794757 4.065932 -0.036269 
630 10.026281 0.000000 0.001576 100.363705 8.809426 22.045837 -0.063650 
631 10.911221 0.000000 0.579028 101.579180 2.076985 2.629986 -0.032956 
632 11.501180 0.000000 0.579028 101.509918 2.095962 2.893550 -0.031703 
633 10.911221 0.000000 1.156480 101.781600 1.181153 2.151249 -0.036552 
634 10.616241 0.000000 -0.287150 101.383497 -7.540513 4.091639 -0.035221 
635 10.616241 0.000000 -0.575877 101.302871 -5.156632 3.084505 -0.029838 
636 10.911221 0.000000 -0.287150 101.349546 -7.315797 4.101837 -0.034208 
637 10.616241 0.000000 0.001576 100.321995 0.037917 23.952167 -0.063821 
638 13.861018 0.000000 1.156480 101.272297 0.746001 2.883809 -0.026495 
639 13.861018 0.000000 0.001576 100.795684 -8.847574 5.984588 -0.027386 
640 15.040937 0.000000 1.156480 101.000450 0.717886 3.366647 -0.021294 
641 13.861018 0.000000 2.311385 101.476767 0.668894 2.407115 -0.030378 
642 12.091140 0.000000 0.579028 101.423789 2.172517 3.159959 -0.030149 
643 12.091140 0.000000 0.001576 100.645142 -11.073150 13.078525 -0.042311 
644 12.681099 0.000000 0.579028 101.321909 2.324795 3.444497 -0.028340 
645 12.091140 0.000000 1.156480 101.606662 0.953729 2.471291 -0.033093 
646 11.206200 0.000000 0.290302 101.343064 4.663766 4.384412 -0.031139 
647 10.911221 0.000000 0.290302 101.380536 4.491151 4.020059 -0.031434 
648 11.206200 0.000000 0.001576 100.441409 -7.143237 20.710358 -0.056842 
649 11.501180 0.000000 0.290302 101.291009 4.884813 4.794248 -0.030671 
650 11.206200 0.000000 0.579028 101.546762 2.080419 2.762276 -0.032370 
651 13.861018 0.000000 -1.153329 100.758004 -4.689361 4.200419 -0.019181 
652 13.861018 0.000000 -2.308233 100.468782 -4.929551 5.269983 -0.014605 
653 15.040937 0.000000 -1.153329 100.589140 -4.766310 4.701457 -0.016300 
654 12.091140 0.000000 -0.575877 101.153780 -5.097394 3.505522 -0.027036 
655 12.091140 0.000000 -1.153329 100.993924 -4.500920 3.727568 -0.023393 
656 12.681099 0.000000 -0.575877 101.072705 -5.073056 3.634515 -0.025464 
657 11.796160 0.000000 0.290302 101.227270 5.158455 5.277351 -0.030142 
658 11.796160 0.000000 0.001576 100.572546 -10.585285 15.476623 -0.046641 
659 12.091140 0.000000 0.290302 101.149817 5.489615 5.864725 -0.029582 
660 11.796160 0.000000 0.579028 101.468941 2.125907 3.025524 -0.030962 
661 13.271059 0.000000 0.579028 101.204899 2.575262 3.767862 -0.026326 
662 13.271059 0.000000 0.001576 100.802013 -9.805909 7.266814 -0.031001 
663 13.861018 0.000000 0.579028 101.072669 2.955458 4.162697 -0.024175 
664 13.271059 0.000000 1.156480 101.391401 0.793489 2.752603 -0.028842 
665 13.271059 0.000000 -0.575877 100.985002 -5.054315 3.757941 -0.023764 
666 13.271059 0.000000 -1.153329 100.846656 -4.634822 4.052856 -0.020796 
667 13.861018 0.000000 -0.575877 100.887797 -5.032844 3.869200 -0.021865 
668 12.976079 0.000000 0.290302 100.787840 6.758851 8.806022 -0.028142 
669 12.681099 0.000000 0.290302 100.937047 6.313781 7.549617 -0.028515 
670 12.976079 0.000000 0.001576 100.786155 -10.301375 8.222163 -0.033157 
671 13.271059 0.000000 0.290302 100.595534 7.117485 10.498976 -0.028035 
672 12.976079 0.000000 0.579028 101.265265 2.436044 3.599657 -0.027355 
673 26.840128 0.000000 4.621194 99.895176 0.503627 2.632338 0.001377 
674 26.840128 0.000000 0.001576 99.656884 -4.787015 5.167312 0.001889 
675 31.559804 0.000000 4.621194 99.881979 0.407656 2.837681 0.001537 
676 26.840128 0.000000 9.240812 99.927844 4.148561 1.984779 -0.000672 
677 19.760613 0.000000 2.311385 100.262802 0.046593 3.311128 -0.006360 
678 19.760613 0.000000 0.001576 100.031670 -5.232967 4.588400 -0.005477 
679 22.120451 0.000000 2.311385 99.993296 0.086572 3.508316 -0.001098 
680 19.760613 0.000000 4.621194 100.413271 0.816593 2.300523 -0.008878 
681 16.220856 0.000000 1.156480 100.746819 0.833939 3.609981 -0.016365 
682 16.220856 0.000000 0.001576 100.510195 -6.508470 4.659636 -0.016637 
683 17.400775 0.000000 1.156480 100.518034 1.126021 3.867496 -0.012010 
684 16.220856 0.000000 2.311385 100.905051 0.229827 2.954518 -0.019061 
685 14.450978 0.000000 0.579028 100.908693 3.506587 4.958236 -0.021944 
686 14.450978 0.000000 0.001576 100.751892 -8.048610 5.247982 -0.024327 
687 15.040937 0.000000 0.579028 100.737828 4.302092 5.677999 -0.019886 
688 14.450978 0.000000 1.156480 101.122335 0.711968 3.243867 -0.023676 
689 13.566039 0.000000 0.290302 100.345160 7.167738 12.779126 -0.028383 
690 13.566039 0.000000 0.001576 100.804550 -9.310491 6.538153 -0.029099 
691 13.861018 0.000000 0.290302 100.030007 6.452367 15.721118 -0.029479 
692 13.566039 0.000000 0.579028 101.140764 2.746706 3.953582 -0.025263 
693 26.840128 0.000000 -4.618042 99.351281 -5.881538 8.423291 0.002378 
694 26.840128 0.000000 -9.237660 99.343197 -5.534346 8.816278 0.002257 
695 31.559804 0.000000 -4.618042 99.377137 -5.966715 8.533105 0.001577 
696 19.760613 0.000000 -2.308233 99.760649 -5.209812 6.503048 -0.002162 
697 19.760613 0.000000 -4.618042 99.536293 -5.680147 8.055263 -0.000462 
698 22.120451 0.000000 -2.308233 99.584502 -5.267399 6.776192 0.000926 
699 16.220856 0.000000 -1.153329 100.387673 -4.827870 4.936020 -0.012536 
700 16.220856 0.000000 -2.308233 100.198354 -5.071952 6.002122 -0.010146 
701 17.400775 0.000000 -1.153329 100.210763 -4.857969 5.139298 -0.009221 
702 14.450978 0.000000 -0.575877 100.800489 -5.007197 4.250727 -0.020388 
703 14.450978 0.000000 -1.153329 100.689754 -4.726136 4.570740 -0.018165 
704 15.040937 0.000000 -0.575877 100.692051 -4.990452 4.310623 -0.018238 
705 14.155998 0.000000 0.290302 99.679094 4.271330 18.986006 -0.031463 
706 14.155998 0.000000 0.001576 100.777832 -8.426035 5.565451 -0.025814 
707 14.450978 0.000000 0.290302 99.390135 0.156866 21.415749 -0.033706 
708 14.155998 0.000000 0.579028 101.000588 3.207215 4.402663 -0.023079 
709 15.630897 0.000000 0.579028 100.510214 5.455391 6.944858 -0.018030 
710 15.630897 0.000000 0.001576 100.601946 -6.911330 4.801420 -0.019157 
711 16.220856 0.000000 0.579028 100.174040 6.996490 9.359508 -0.017139 
712 15.630897 0.000000 1.156480 100.873331 0.757430 3.488071 -0.018817 
713 15.630897 0.000000 -0.575877 100.587498 -4.973048 4.404344 -0.016197 
714 15.630897 0.000000 -1.153329 100.489343 -4.802428 4.822037 -0.014442 
715 16.220856 0.000000 -0.575877 100.481873 -4.955807 4.499048 -0.014141 
716 15.335917 0.000000 0.290302 99.650771 -11.517663 15.744496 -0.031082 
717 15.040937 0.000000 0.290302 99.406678 -9.334678 19.225957 -0.033846 
718 15.335917 0.000000 0.001576 100.643636 -7.147980 4.908228 -0.020433 
719 15.630897 0.000000 0.290302 99.875460 -12.031648 12.629956 -0.027938 
720 15.335917 0.000000 0.579028 100.632551 4.828388 6.221629 -0.018893 
721 18.580694 0.000000 1.156480 100.296172 1.670740 4.161792 -0.007943 
722 18.580694 0.000000 0.001576 100.169210 -5.512622 4.543253 -0.008490 
723 19.760613 0.000000 1.156480 100.077214 2.632043 4.657026 -0.004406 
724 18.580694 0.000000 2.311385 100.446797 0.051830 3.197255 -0.009978 
725 16.810816 0.000000 0.579028 99.571806 8.139500 14.512662 -0.019141 
726 16.810816 0.000000 0.001576 100.432467 -6.176326 4.582338 -0.014583 
727 17.400775 0.000000 0.579028 98.603418 3.368622 23.369759 -0.028013 
728 16.810816 0.000000 1.156480 100.622970 0.952791 3.734942 -0.013984 
729 15.925877 0.000000 0.290302 100.035752 -11.697905 10.297230 -0.025003 
730 15.925877 0.000000 0.001576 100.556719 -6.698582 4.719860 -0.017880 
731 16.220856 0.000000 0.290302 100.136318 -11.052065 8.657972 -0.022439 
732 15.925877 0.000000 0.579028 100.362174 6.186916 7.940735 -0.017390 
733 18.580694 0.000000 -1.153329 100.043231 -4.877741 5.300476 -0.006054 
734 18.580694 0.000000 -2.308233 99.885224 -5.163675 6.356457 -0.004413 
735 19.760613 0.000000 -1.153329 99.903388 -4.905107 5.447283 -0.003442 
736 16.810816 0.000000 -0.575877 100.392505 -4.929525 4.585413 -0.012398 
737 16.810816 0.000000 -1.153329 100.305454 -4.843394 5.040520 -0.011005 
738 17.400775 0.000000 -0.575877 100.292538 -4.908854 4.669628 -0.010450 
739 17.990735 0.000000 0.579028 98.544603 -10.165278 22.353358 -0.031404 
740 17.990735 0.000000 0.001576 100.249987 -5.696561 4.532143 -0.010305 
741 18.580694 0.000000 0.579028 99.233693 -13.470332 13.246999 -0.020426 
742 17.990735 0.000000 1.156480 100.404436 1.354980 3.996507 -0.009886 
743 17.105796 0.000000 0.290302 100.238716 -9.079500 6.163807 -0.016823 
744 16.810816 0.000000 0.290302 100.233759 -9.674289 6.726099 -0.018564 
745 17.105796 0.000000 0.001576 100.385161 -6.038772 4.562843 -0.013447 
746 17.400775 0.000000 0.290302 100.231992 -8.556301 5.757852 -0.015282 
747 17.105796 0.000000 0.579028 99.116401 7.199349 18.779013 -0.022854 
748 24.480290 0.000000 2.311385 99.864832 0.246352 3.674830 0.001345 
749 24.480290 0.000000 0.001576 99.720285 -4.825564 4.978007 0.000780 
750 26.840128 0.000000 2.311385 99.783068 0.568548 3.845462 0.002823 
751 24.480290 0.000000 4.621194 99.978174 0.559710 2.529951 -0.000235 
752 20.940532 0.000000 1.156480 99.858798 4.332092 5.735139 -0.002344 
753 20.940532 0.000000 0.001576 99.922123 -5.059508 4.680820 -0.003194 
754 22.120451 0.000000 1.156480 99.404841 7.634943 9.331062 -0.002668 
755 20.940532 0.000000 2.311385 100.115876 0.050010 3.415323 -0.003486 
756 19.170654 0.000000 0.579028 99.741028 -11.576333 8.419398 -0.015317 
757 19.170654 0.000000 0.001576 100.091375 -5.359211 4.551818 -0.006772 
758 19.760613 0.000000 0.579028 99.857403 -9.812362 6.623103 -0.011165 
759 19.170654 0.000000 1.156480 100.178227 2.100838 4.362258 -0.005912 
760 40.999156 0.000000 110.872407 99.509894 0.018477 9.724079 0.000322 
761 3.241747 0.000000 110.872407 99.509187 0.011336 9.706926 0.000370 
762 78.756565 0.000000 110.872407 99.513954 0.024218 9.737409 0.000216 
763 40.999156 0.000000 147.829350 99.519696 0.021234 9.701665 0.000171 
764 22.120451 0.000000 55.436991 99.420035 0.193266 9.895180 0.001770 
765 3.241747 0.000000 55.436991 99.421814 0.119393 9.806016 0.001913 
766 40.999156 0.000000 55.436991 99.439460 0.255634 9.968774 0.001235 
767 22.120451 0.000000 73.915463 99.473926 0.068073 9.782661 0.000923 
768 12.681099 0.000000 27.719283 98.998704 1.510512 10.236972 0.009218 
769 3.241747 0.000000 27.719283 99.011985 0.945902 9.992793 0.009588 
770 22.120451 0.000000 27.719283 99.154547 1.986026 10.374480 0.005680 
771 12.681099 0.000000 36.958519 99.256593 0.613394 10.085343 0.004604 
772 17.400775 0.000000 13.860430 99.503818 5.964074 6.599431 0.001987 
773 12.681099 0.000000 13.860430 99.429580 5.437939 7.452748 0.002864 
774 22.120451 0.000000 13.860430 99.509830 6.294620 5.971332 0.002251 
775 17.400775 0.000000 18.480048 99.042064 4.521682 9.243066 0.008479 
776 19.760613 0.000000 6.931003 100.422889 2.560111 1.826802 -0.009465 
777 17.400775 0.000000 6.931003 100.758179 2.924584 1.961004 -0.016461 
778 22.120451 0.000000 6.931003 100.155002 2.339035 1.766690 -0.003962 
779 19.760613 0.000000 9.240812 100.195728 4.519469 2.515068 -0.006594 
780 18.580694 0.000000 3.466289 100.541220 0.356516 2.695250 -0.011593 
781 17.400775 0.000000 3.466289 100.781998 0.456842 2.619382 -0.016408 
782 19.760613 0.000000 3.466289 100.351758 0.255805 2.789823 -0.007832 
783 18.580694 0.000000 4.621194 100.605974 0.956240 2.243611 -0.012751 
784 17.990735 0.000000 1.733932 100.496185 0.210372 3.422298 -0.011124 
785 17.400775 0.000000 1.733932 100.606995 0.200263 3.363966 -0.013312 
786 18.580694 0.000000 1.733932 100.384969 0.236562 3.483832 -0.008934 
787 17.990735 0.000000 2.311385 100.560161 0.077639 3.146872 -0.012225 
788 18.285715 0.000000 0.867754 100.147212 4.830258 6.077555 -0.008973 
789 17.990735 0.000000 0.867754 100.240764 4.205211 5.604462 -0.009730 
790 18.285715 0.000000 0.579028 98.956448 -13.159920 17.466265 -0.027063 
791 18.580694 0.000000 0.867754 100.020992 5.614633 6.749963 -0.008128 
792 18.285715 0.000000 1.156480 100.351060 1.502276 4.072664 -0.008918 
793 50.438508 0.000000 9.240812 100.199090 2.357900 1.665034 -0.004819 
794 50.438508 0.000000 0.001576 99.688416 -5.341850 6.984051 -0.001509 
795 59.877860 0.000000 9.240812 100.218774 1.628948 1.909387 -0.005010 
796 50.438508 0.000000 18.480048 99.646032 6.523236 7.408383 -0.002677 
797 36.279480 0.000000 4.621194 99.930292 0.314485 2.961354 0.000507 
798 36.279480 0.000000 0.001576 99.655225 -4.936571 5.863029 0.001009 
799 40.999156 0.000000 4.621194 99.972479 0.267249 3.181738 -0.000469 
800 36.279480 0.000000 9.240812 100.061507 3.523356 1.631097 -0.002738 
801 29.199966 0.000000 2.311385 99.748514 1.202004 4.101873 0.003196 
802 29.199966 0.000000 0.001576 99.635376 -4.794265 5.358576 0.002109 
803 31.559804 0.000000 2.311385 99.706439 2.688737 4.743840 0.002889 
804 29.199966 0.000000 4.621194 99.874315 0.455236 2.734758 0.001744 
805 50.438508 0.000000 -9.237660 99.566828 -4.953331 8.420497 -0.000899 
806 50.438508 0.000000 -18.476896 99.569525 -2.135549 8.626157 0.000694 
807 59.877860 0.000000 -9.237660 99.607484 -4.631222 8.359421 -0.001298 
808 36.279480 0.000000 -4.618042 99.418886 -6.015176 8.520083 0.000711 
809 36.279480 0.000000 -9.237660 99.439307 -5.379682 8.571213 0.000942 
810 40.999156 0.000000 -4.618042 99.466947 -6.042584 8.581923 -0.000384 
811 33.919642 0.000000 2.311385 99.323291 7.520143 8.924359 -0.000131 
812 33.919642 0.000000 0.001576 99.644464 -4.876350 5.746098 0.001418 
813 36.279480 0.000000 2.311385 98.855537 -13.618916 14.035596 -0.015489 
814 33.919642 0.000000 4.621194 99.896254 0.360853 2.935741 0.001199 
815 45.718832 0.000000 4.621194 99.996759 0.331609 3.407550 -0.001107 
816 45.718832 0.000000 0.001576 99.688588 -5.206151 6.638437 -0.000899 
817 50.438508 0.000000 4.621194 100.003315 0.724838 3.695467 -0.001484 
818 45.718832 0.000000 9.240812 100.170700 2.749095 1.606217 -0.004431 
819 38.639318 0.000000 2.311385 99.737023 -7.647908 5.331160 -0.003439 
820 38.639318 0.000000 0.001576 99.670236 -5.002086 6.064972 0.000404 
821 40.999156 0.000000 2.311385 99.831124 -5.771034 4.651339 -0.002119 
822 38.639318 0.000000 4.621194 99.954189 0.282013 3.071985 -0.000036 
823 45.718832 0.000000 -4.618042 99.506226 -6.047554 8.621844 -0.001240 
824 45.718832 0.000000 -9.237660 99.535838 -5.106832 8.462240 -0.000507 
825 50.438508 0.000000 -4.618042 99.534983 -6.032706 8.642949 -0.001831 
826 43.358994 0.000000 2.311385 99.862664 -5.079672 4.591148 -0.001943 
827 43.358994 0.000000 0.001576 99.685512 -5.137395 6.453971 -0.000525 
828 45.718832 0.000000 2.311385 99.875618 -4.794088 4.678175 -0.002001 
829 43.358994 0.000000 4.621194 99.986398 0.278066 3.292320 -0.000820 
830 97.635269 0.000000 18.480048 100.126287 6.195228 3.398598 -0.007520 
831 97.635269 0.000000 0.001576 99.621780 -6.035678 8.611576 -0.003509 
832 116.513974 0.000000 18.480048 100.256750 4.919115 2.124265 -0.008013 
833 97.635269 0.000000 36.958519 99.428749 1.896037 10.565512 -0.000130 
834 69.317213 0.000000 9.240812 100.208019 1.018396 2.277504 -0.004787 
835 69.317213 0.000000 0.001576 99.652982 -5.807290 8.024861 -0.002884 
836 78.756565 0.000000 9.240812 100.180146 0.561058 2.709687 -0.004372 
837 69.317213 0.000000 18.480048 99.854706 6.849650 5.898450 -0.005267 
838 55.158184 0.000000 4.621194 99.945754 2.649947 4.547508 -0.001686 
839 55.158184 0.000000 0.001576 99.682390 -5.472541 7.296367 -0.001976 
840 59.877860 0.000000 4.621194 98.837149 -13.602556 16.112774 -0.021343 
841 55.158184 0.000000 9.240812 100.214340 1.981611 1.767410 -0.004996 
842 48.078670 0.000000 2.311385 99.879865 -4.686996 4.823983 -0.002123 
843 48.078670 0.000000 0.001576 99.689424 -5.274446 6.815272 -0.001225 
844 50.438508 0.000000 2.311385 99.878474 -4.669031 5.000431 -0.002251 
845 48.078670 0.000000 4.621194 100.002927 0.458890 3.535430 -0.001330 
846 97.635269 0.000000 -18.476896 99.600756 -1.416923 8.868932 -0.000098 
847 97.635269 0.000000 -36.955368 99.547301 -0.373005 9.460258 0.000070 
848 116.513974 0.000000 -18.476896 99.595173 -1.210930 8.964765 -0.000103 
849 69.317213 0.000000 -9.237660 99.630249 -4.301514 8.323131 -0.001396 
850 69.317213 0.000000 -18.476896 99.599471 -1.810807 8.715194 0.000071 
851 78.756565 0.000000 -9.237660 99.642316 -3.976781 8.309345 -0.001345 
852 55.158184 0.000000 -4.618042 99.556920 -5.997783 8.647660 -0.002234 
853 55.158184 0.000000 -9.237660 99.588764 -4.791277 8.386950 -0.001122 
854 59.877860 0.000000 -4.618042 99.574518 -5.943161 8.639702 -0.002505 
855 52.798346 0.000000 2.311385 99.873063 -4.697995 5.194511 -0.002368 
856 52.798346 0.000000 0.001576 99.685952 -5.407993 7.144481 -0.001758 
857 55.158184 0.000000 2.311385 99.864733 -4.751834 5.398382 -0.002469 
858 52.798346 0.000000 4.621194 99.992563 1.288586 3.946298 -0.001575 
859 64.597536 0.000000 4.621194 99.969017 -5.804233 4.646672 -0.004908 
860 64.597536 0.000000 0.001576 99.663469 -5.707000 7.817588 -0.002649 
861 69.317213 0.000000 4.621194 99.978464 -4.785889 4.654562 -0.004026 
862 64.597536 0.000000 9.240812 100.216603 1.307034 2.081516 -0.004941 
863 88.195917 0.000000 9.240812 100.145874 0.314910 3.150927 -0.003922 
864 88.195917 0.000000 0.001576 99.625098 -6.039138 8.526066 -0.003433 
865 97.635269 0.000000 9.240812 100.102071 0.694545 3.658046 -0.003429 
866 88.195917 0.000000 18.480048 100.041959 6.588326 4.206989 -0.006950 
867 74.036889 0.000000 4.621194 99.955013 -4.657458 4.975508 -0.003745 
868 74.036889 0.000000 0.001576 99.643510 -5.892460 8.197777 -0.003075 
869 78.756565 0.000000 4.621194 99.922184 -4.741838 5.374478 -0.003581 
870 74.036889 0.000000 9.240812 100.195386 0.768332 2.489550 -0.004590 
871 59.877860 0.000000 55.436991 99.458699 0.305443 10.019637 0.000748 
872 78.756565 0.000000 55.436991 99.470300 0.352102 10.059078 0.000435 
873 59.877860 0.000000 73.915463 99.488333 0.103513 9.838108 0.000527 
874 69.317213 0.000000 27.719283 99.426650 3.619743 10.315044 -0.000516 
875 59.877860 0.000000 27.719283 99.397438 3.297065 10.409913 0.000091 
876 78.756565 0.000000 27.719283 99.452403 3.963569 10.180357 -0.001013 
877 69.317213 0.000000 36.958519 99.411722 1.450070 10.503125 0.000489 
878 64.597536 0.000000 13.860430 100.187649 5.263202 2.370199 -0.007088 
879 59.877860 0.000000 13.860430 100.144246 5.600423 2.669591 -0.006736 
880 69.317213 0.000000 13.860430 100.223023 4.892251 2.113795 -0.007306 
881 64.597536 0.000000 18.480048 99.805194 6.816316 6.303567 -0.004727 
882 66.957375 0.000000 6.931003 100.106943 0.309277 3.274554 -0.003222 
883 64.597536 0.000000 6.931003 100.112139 0.311469 3.163998 -0.003255 
884 66.957375 0.000000 4.621194 99.981787 -5.081408 4.571517 -0.004308 
885 69.317213 0.000000 6.931003 100.100582 0.351322 3.389639 -0.003174 
886 66.957375 0.000000 9.240812 100.212918 1.158129 2.176992 -0.004871 
887 74.036889 0.000000 13.860430 100.251287 4.495761 1.905576 -0.007416 
888 78.756565 0.000000 13.860430 100.272736 4.081242 1.749069 -0.007434 
889 74.036889 0.000000 18.480048 99.903117 6.846176 5.481314 -0.005755 
890 71.677051 0.000000 6.931003 100.092431 0.466517 3.516785 -0.003108 
891 71.677051 0.000000 4.621194 99.968539 -4.675823 4.799198 -0.003860 
892 74.036889 0.000000 6.931003 100.080800 0.716047 3.674285 -0.003018 
893 71.677051 0.000000 9.240812 100.202112 0.888306 2.382029 -0.004693 
894 88.195917 0.000000 -9.237660 99.648344 -3.662982 8.314872 -0.001235 
895 88.195917 0.000000 -18.476896 99.602419 -1.535936 8.818228 -0.000076 
896 97.635269 0.000000 -9.237660 99.650455 -3.365092 8.336363 -0.001103 
897 83.476241 0.000000 4.621194 99.886135 -4.883087 5.793004 -0.003464 
898 83.476241 0.000000 0.001576 99.629395 -6.009780 8.446212 -0.003347 
899 88.195917 0.000000 4.621194 99.850015 -5.034885 6.202166 -0.003384 
900 83.476241 0.000000 9.240812 100.163430 0.403879 2.931163 -0.004147 
901 76.396727 0.000000 6.931003 100.060497 1.249018 3.916320 -0.002900 
902 76.396727 0.000000 4.621194 99.939279 -4.687030 5.169952 -0.003656 
903 78.756565 0.000000 6.931003 100.008983 2.525504 4.475264 -0.002820 
904 76.396727 0.000000 9.240812 100.188013 0.659015 2.599077 -0.004483 
905 116.513974 0.000000 110.872407 99.517224 0.057964 9.749561 0.000126 
906 154.271383 0.000000 110.872407 99.520915 0.230816 9.738043 0.000070 
907 116.513974 0.000000 147.829350 99.523321 0.133181 9.703363 0.000094 
908 97.635269 0.000000 55.436991 99.475672 0.402181 10.095646 0.000251 
909 116.513974 0.000000 55.436991 99.477158 0.459376 10.133279 0.000140 
910 97.635269 0.000000 73.915463 99.499324 0.130875 9.872738 0.000240 
911 88.195917 0.000000 27.719283 99.478243 4.328355 9.999410 -0.001464 
912 97.635269 0.000000 27.719283 99.506674 4.710904 9.763944 -0.001911 
913 88.195917 0.000000 36.958519 99.425156 1.733153 10.550124 0.000033 
914 83.476241 0.000000 13.860430 100.287629 3.656670 1.646257 -0.007369 
915 88.195917 0.000000 13.860430 100.296264 3.230198 1.597474 -0.007233 
916 83.476241 0.000000 18.480048 99.996927 6.717643 4.629980 -0.006595 
917 81.116403 0.000000 6.931003 99.716682 6.607100 7.506306 -0.004342 
918 81.116403 0.000000 4.621194 99.904322 -4.809481 5.583520 -0.003518 
919 83.476241 0.000000 6.931003 98.639550 -13.137617 18.603156 -0.024844 
920 81.116403 0.000000 9.240812 100.171918 0.475481 2.820582 -0.004259 
921 135.392678 0.000000 18.480048 100.311495 3.256593 1.595384 -0.007555 
922 135.392678 0.000000 0.001576 99.646179 -5.290955 8.446304 -0.002870 
923 154.271383 0.000000 18.480048 100.285683 1.678463 1.879567 -0.006357 
924 135.392678 0.000000 36.958519 99.441275 2.734723 10.535499 -0.000704 
925 107.074622 0.000000 9.240812 98.382625 -11.874208 21.373226 -0.027695 
926 107.074622 0.000000 0.001576 99.624193 -5.950009 8.620758 -0.003470 
927 116.513974 0.000000 9.240812 100.013672 -4.810341 4.630545 -0.004732 
928 107.074622 0.000000 18.480048 100.199379 5.630012 2.686640 -0.007883 
929 92.915593 0.000000 4.621194 99.815523 -5.183860 6.586943 -0.003340 
930 92.915593 0.000000 0.001576 99.622611 -6.047851 8.580097 -0.003486 
931 97.635269 0.000000 4.621194 99.783524 -5.326495 6.940260 -0.003329 
932 92.915593 0.000000 9.240812 100.126965 0.347892 3.376732 -0.003693 
933 85.836079 0.000000 6.931003 99.912614 -8.033742 5.535347 -0.007771 
934 85.836079 0.000000 4.621194 99.867952 -4.958890 5.999938 -0.003420 
935 88.195917 0.000000 6.931003 99.999972 -5.875149 4.655427 -0.005618 
936 85.836079 0.000000 9.240812 100.154748 0.348871 3.041174 -0.004034 
937 92.915593 0.000000 13.860430 100.299008 2.809844 1.601366 -0.007035 
938 97.635269 0.000000 13.860430 100.296329 2.403181 1.654949 -0.006787 
939 92.915593 0.000000 18.480048 100.085246 6.414135 3.794240 -0.007259 
940 90.555755 0.000000 6.931003 100.010552 -5.109550 4.562924 -0.004904 
941 90.555755 0.000000 4.621194 99.832497 -5.110045 6.398177 -0.003358 
942 92.915593 0.000000 6.931003 100.004406 -4.797286 4.640693 -0.004543 
943 90.555755 0.000000 9.240812 100.136707 0.309819 3.261722 -0.003809 
944 135.392678 0.000000 -18.476896 99.588645 -1.041137 9.051288 -0.000091 
945 135.392678 0.000000 -36.955368 99.545996 -0.306130 9.503387 0.000019 
946 154.271383 0.000000 -18.476896 99.582224 -0.900672 9.127984 -0.000075 
947 107.074622 0.000000 -9.237660 99.649930 -3.086091 8.370485 -0.000970 
948 107.074622 0.000000 -18.476896 99.598197 -1.308926 8.917917 -0.000104 
949 116.513974 0.000000 -9.237660 99.647605 -2.827442 8.414125 -0.000844 
950 102.354945 0.000000 4.621194 99.754437 -5.461421 7.259118 -0.003347 
951 102.354945 0.000000 0.001576 99.622390 -6.002844 8.623964 -0.003503 
952 107.074622 0.000000 4.621194 99.728468 -5.587183 7.542376 -0.003387 
953 102.354945 0.000000 9.240812 100.030671 2.401776 4.412805 -0.003138 
954 95.275431 0.000000 6.931003 99.991829 -4.679429 4.783104 -0.004314 
955 95.275431 0.000000 4.621194 99.799179 -5.256065 6.767784 -0.003331 
956 97.635269 0.000000 6.931003 99.975932 -4.657136 4.958344 -0.004146 
957 95.275431 0.000000 9.240812 100.115972 0.456755 3.503099 -0.003569 
958 107.074622 0.000000 27.719283 99.539596 5.104944 9.464666 -0.002377 
959 116.513974 0.000000 27.719283 99.578539 5.500627 9.092036 -0.002881 
960 107.074622 0.000000 36.958519 99.431537 2.075826 10.573997 -0.000275 
961 102.354945 0.000000 13.860430 100.288794 2.017073 1.753724 -0.006499 
962 107.074622 0.000000 13.860430 100.277066 1.657476 1.891867 -0.006182 
963 102.354945 0.000000 18.480048 100.164524 5.932967 3.027091 -0.007730 
964 99.995107 0.000000 6.931003 99.958101 -4.684685 5.152316 -0.004011 
965 99.995107 0.000000 4.621194 99.768600 -5.395002 7.104095 -0.003335 
966 102.354945 0.000000 6.931003 99.939153 -4.738477 5.356754 -0.003898 
967 99.995107 0.000000 9.240812 100.080396 1.201422 3.891742 -0.003267 
968 125.953326 0.000000 9.240812 99.946309 -4.735269 5.341467 -0.004022 
969 125.953326 0.000000 0.001576 99.638197 -5.564231 8.516478 -0.003126 
970 135.392678 0.000000 9.240812 99.866847 -5.026769 6.171725 -0.003675 
971 125.953326 0.000000 18.480048 100.294744 4.108232 1.753261 -0.007899 
972 111.794298 0.000000 4.621194 99.705719 -5.701905 7.789746 -0.003442 
973 111.794298 0.000000 0.001576 99.626925 -5.878227 8.605360 -0.003413 
974 116.513974 0.000000 4.621194 99.686219 -5.803472 8.001473 -0.003505 
975 111.794298 0.000000 9.240812 100.008625 -5.952585 4.670627 -0.005897 
976 104.714783 0.000000 6.931003 99.919653 -4.805652 5.565975 -0.003801 
977 104.714783 0.000000 4.621194 99.741054 -5.525556 7.405229 -0.003365 
978 107.074622 0.000000 6.931003 99.900013 -4.879085 5.775831 -0.003718 
979 104.714783 0.000000 9.240812 99.777753 6.158217 7.021951 -0.004283 
980 111.794298 0.000000 13.860430 100.261894 1.329355 2.062467 -0.005847 
981 116.513974 0.000000 13.860430 100.244085 1.036755 2.257804 -0.005505 
982 111.794298 0.000000 18.480048 100.230290 5.290325 2.383764 -0.007978 
983 109.434460 0.000000 11.550621 100.167201 0.351476 3.031201 -0.004278 
984 107.074622 0.000000 11.550621 100.177190 0.407746 2.920978 -0.004417 
985 109.434460 0.000000 9.240812 99.910159 -8.280364 5.676196 -0.008282 
986 111.794298 0.000000 11.550621 100.157179 0.315921 3.141112 -0.004143 
987 109.434460 0.000000 13.860430 100.269861 1.489209 1.973577 -0.006016 
988 135.392678 0.000000 55.436991 99.476286 0.526350 10.173643 0.000069 
989 154.271383 0.000000 55.436991 99.473908 0.605704 10.217448 0.000018 
990 135.392678 0.000000 73.915463 99.502714 0.160551 9.903770 0.000110 
991 125.953326 0.000000 27.719283 99.624722 5.883911 8.637320 -0.003431 
992 135.392678 0.000000 27.719283 99.679009 6.236049 8.094059 -0.004031 
993 125.953326 0.000000 36.958519 99.437260 2.493449 10.561895 -0.000554 
994 121.233650 0.000000 13.860430 100.224476 0.783152 2.469724 -0.005166 
995 121.233650 0.000000 9.240812 99.984136 -4.657412 4.944147 -0.004296 
996 125.953326 0.000000 13.860430 100.203884 0.572424 2.690184 -0.004838 
997 121.233650 0.000000 18.480048 100.278337 4.522689 1.912929 -0.007986 
998 114.154136 0.000000 11.550621 100.147011 0.308619 3.251934 -0.004009 
999 114.154136 0.000000 9.240812 100.020107 -5.140650 4.558742 -0.005123 
1000 116.513974 0.000000 11.550621 100.136410 0.343308 3.366676 -0.003875 
1001 114.154136 0.000000 13.860430 100.253267 1.178391 2.157548 -0.005676 
1002 125.953326 0.000000 -9.237660 99.644061 -2.589506 8.464525 -0.000729 
1003 125.953326 0.000000 -18.476896 99.591937 -1.121967 9.009255 -0.000098 
1004 135.392678 0.000000 -9.237660 99.639713 -2.371878 8.519341 -0.000628 
1005 121.233650 0.000000 4.621194 99.669938 -5.889784 8.178318 -0.003567 
1006 121.233650 0.000000 0.001576 99.634158 -5.683605 8.550483 -0.003238 
1007 125.953326 0.000000 4.621194 99.656779 -5.958938 8.321612 -0.003623 
1008 118.873812 0.000000 11.550621 100.124722 0.446431 3.492122 -0.003735 
1009 118.873812 0.000000 9.240812 100.000582 -4.684033 4.770308 -0.004481 
1010 121.233650 0.000000 11.550621 100.110374 0.673278 3.644496 -0.003582 
1011 118.873812 0.000000 13.860430 100.234453 0.904864 2.362205 -0.005334 
1012 144.832030 0.000000 9.240812 99.795523 -5.319094 6.914883 -0.003525 
1013 144.832030 0.000000 0.001576 99.653136 -4.984656 8.383563 -0.002588 
1014 154.271383 0.000000 9.240812 99.737166 -5.580796 7.522321 -0.003523 
1015 144.832030 0.000000 18.480048 100.307501 2.427564 1.647138 -0.007020 
1016 130.673002 0.000000 13.860430 100.183007 0.411383 2.912288 -0.004529 
1017 130.673002 0.000000 9.240812 99.906231 -4.875016 5.760680 -0.003821 
1018 135.392678 0.000000 13.860430 100.162200 0.316939 3.132616 -0.004238 
1019 130.673002 0.000000 18.480048 100.305802 3.683519 1.647280 -0.007754 
1020 123.593488 0.000000 11.550621 100.088843 1.155735 3.870319 -0.003409 
1021 123.593488 0.000000 9.240812 99.965768 -4.682674 5.137366 -0.004147 
1022 125.953326 0.000000 11.550621 100.041870 2.285887 4.357377 -0.003259 
1023 123.593488 0.000000 13.860430 100.214254 0.672120 2.579362 -0.005000 
1024 130.673002 0.000000 4.621194 99.646581 -6.009362 8.433282 -0.003667 
1025 130.673002 0.000000 0.001576 99.642257 -5.432689 8.481146 -0.003002 
1026 135.392678 0.000000 4.621194 99.639121 -6.039881 8.515812 -0.003695 
1027 128.313164 0.000000 11.550621 99.822088 5.744498 6.620736 -0.004128 
1028 128.313164 0.000000 9.240812 99.926325 -4.801848 5.550648 -0.003914 
1029 130.673002 0.000000 11.550621 98.125126 -9.521438 24.070554 -0.029859 
1030 128.313164 0.000000 13.860430 100.193447 0.485015 2.801369 -0.004681 
1031 144.832030 0.000000 27.719283 99.741766 6.533479 7.460046 -0.004676 
1032 154.271383 0.000000 27.719283 99.812662 6.748463 6.739732 -0.005353 
1033 144.832030 0.000000 36.958519 99.446762 2.999636 10.490436 -0.000871 
1034 140.112354 0.000000 13.860430 100.140834 0.339000 3.357813 -0.003958 
1035 140.112354 0.000000 9.240812 99.829700 -5.176060 6.558934 -0.003578 
1036 144.832030 0.000000 13.860430 100.114609 0.653042 3.632217 -0.003655 
1037 140.112354 0.000000 18.480048 100.311962 2.835420 1.596303 -0.007308 
1038 133.032840 0.000000 11.550621 99.898455 -8.549251 5.842407 -0.008692 
1039 133.032840 0.000000 9.240812 99.886331 -4.950713 5.968455 -0.003741 
1040 135.392678 0.000000 11.550621 100.010856 -6.035034 4.689850 -0.006059 
1041 133.032840 0.000000 13.860430 100.172598 0.353975 3.022630 -0.004381 
1042 144.832030 0.000000 -9.237660 99.634867 -2.173652 8.576655 -0.000539 
1043 144.832030 0.000000 -18.476896 99.585388 -0.967620 9.090852 -0.000083 
1044 154.271383 0.000000 -9.237660 99.629747 -1.993626 8.634945 -0.000462 
1045 140.112354 0.000000 4.621194 99.634129 -6.049772 8.572157 -0.003704 
1046 140.112354 0.000000 0.001576 99.649837 -5.140982 8.413406 -0.002731 
1047 144.832030 0.000000 4.621194 99.631297 -6.038774 8.605608 -0.003692 
1048 149.551707 0.000000 13.860430 100.049361 2.177620 4.307200 -0.003317 
1049 149.551707 0.000000 9.240812 99.764636 -5.454479 7.236414 -0.003510 
1050 154.271383 0.000000 13.860430 97.931197 -6.013733 26.087474 -0.030724 
1051 149.551707 0.000000 18.480048 100.298551 2.039912 1.743476 -0.006700 
1052 142.472192 0.000000 11.550621 100.004907 -4.688871 4.758857 -0.004561 
1053 140.112354 0.000000 11.550621 100.017987 -4.824042 4.621956 -0.004823 
1054 142.472192 0.000000 9.240812 99.812214 -5.248458 6.741079 -0.003547 
1055 144.832030 0.000000 11.550621 99.988368 -4.657723 4.931155 -0.004368 
1056 142.472192 0.000000 13.860430 100.128964 0.436629 3.482322 -0.003813 
1057 149.551707 0.000000 4.621194 99.630300 -6.007091 8.619641 -0.003658 
1058 149.551707 0.000000 0.001576 99.656008 -4.823751 8.357582 -0.002444 
1059 154.271383 0.000000 4.621194 99.630801 -5.955361 8.617778 -0.003603 
1060 147.191868 0.000000 11.550621 99.969864 -4.680589 5.123510 -0.004213 
1061 147.191868 0.000000 9.240812 99.779658 -5.387821 7.080054 -0.003514 
1062 149.551707 0.000000 11.550621 99.950245 -4.731927 5.327179 -0.004082 
1063 147.191868 0.000000 13.860430 100.093569 1.112446 3.850688 -0.003479 
1064 151.911545 0.000000 11.550621 99.930090 -4.797875 5.536236 -0.003969 
1065 151.911545 0.000000 9.240812 99.750470 -5.518877 7.383855 -0.003514 
1066 154.271383 0.000000 11.550621 99.909818 -4.870760 5.746372 -0.003872 
1067 151.911545 0.000000 13.860430 99.857181 5.365101 6.284871 -0.003974 
1068 116.513974 0.000000 -110.869255 99.533322 -0.128603 9.671219 -0.000043 
1069 116.513974 0.000000 -147.826199 99.532522 -0.104003 9.679490 -0.000043 
1070 154.271383 0.000000 -110.869255 99.532331 -0.156906 9.673619 -0.000029 
1071 -34.515662 0.000000 -110.869255 99.533084 -0.009337 9.677759 -0.000049 
1072 -72.273071 0.000000 -110.869255 99.532014 -0.004964 9.678226 -0.000029 
1073 -34.515662 0.000000 -147.826199 99.533484 -0.048201 9.678319 -0.000059 
1074 59.877860 0.000000 -55.433840 99.533413 -0.161531 9.603754 0.000084 
1075 59.877860 0.000000 -73.912312 99.533359 -0.074181 9.655702 -0.000013 
1076 78.756565 0.000000 -55.433840 99.535069 -0.156074 9.606636 0.000046 
1077 -34.515662 0.000000 110.872407 99.513844 0.005103 9.692486 0.000305 
1078 -72.273071 0.000000 110.872407 99.519767 0.001673 9.684884 0.000202 
1079 -34.515662 0.000000 147.829350 99.521119 0.011289 9.688982 0.000167 
1080 -110.030480 0.000000 110.872407 99.524110 0.029400 9.680015 0.000125 
1081 -147.787889 0.000000 110.872407 99.526535 0.020122 9.679617 0.000077 
1082 -110.030480 0.000000 147.829350 99.525544 0.029669 9.680919 0.000094 
1083 -15.636957 0.000000 -55.433840 99.522422 -0.054372 9.648058 0.000220 
1084 -34.515662 0.000000 -55.433840 99.524403 -0.027351 9.660713 0.000156 
1085 -15.636957 0.000000 -73.912312 99.531048 -0.030587 9.666007 0.000014 
1086 31.559804 0.000000 -27.716132 99.490551 -1.005576 9.130582 0.001725 
1087 31.559804 0.000000 -36.955368 99.509075 -0.472259 9.416751 0.000905 
1088 40.999156 0.000000 -27.716132 99.522655 -0.982796 9.122560 0.001105 
1089 -15.636957 0.000000 55.436991 99.449076 0.057959 9.736665 0.001508 
1090 -34.515662 0.000000 55.436991 99.478900 0.023958 9.701450 0.000983 
1091 -15.636957 0.000000 73.915463 99.484149 0.027260 9.718230 0.000846 
1092 -53.394366 0.000000 55.436991 99.499197 0.009242 9.687262 0.000607 
1093 -72.273071 0.000000 55.436991 99.511129 0.003363 9.682016 0.000379 
1094 -53.394366 0.000000 73.915463 99.506725 0.006690 9.688849 0.000454 
1095 -6.197605 0.000000 -27.716132 99.416505 -0.325394 9.487323 0.002624 
1096 -15.636957 0.000000 -27.716132 99.446033 -0.144355 9.572862 0.001883 
1097 -6.197605 0.000000 -36.955368 99.481635 -0.174777 9.572012 0.001175 
1098 31.559804 0.000000 27.719283 99.240711 2.372725 10.462390 0.003619 
1099 40.999156 0.000000 27.719283 99.311296 2.691455 10.487692 0.002003 
1100 31.559804 0.000000 36.958519 99.318741 0.954864 10.311613 0.002855 
1101 17.400775 0.000000 -13.857278 99.370517 -3.737616 8.710073 0.003567 
1102 17.400775 0.000000 -18.476896 99.418899 -2.338313 8.824067 0.003255 
1103 22.120451 0.000000 -13.857278 99.383159 -3.921393 8.660908 0.003260 
1104 -6.197605 0.000000 27.719283 99.205748 0.492990 9.837302 0.006120 
1105 -15.636957 0.000000 27.719283 99.314772 0.209890 9.753865 0.004139 
1106 -6.197605 0.000000 36.958519 99.315132 0.249575 9.832877 0.003976 
1107 -25.076310 0.000000 27.719283 99.389776 0.093485 9.708301 0.002741 
1108 -34.515662 0.000000 27.719283 99.441849 0.043346 9.688937 0.001744 
1109 -25.076310 0.000000 36.958519 99.421513 0.071954 9.716407 0.002095 
1110 -1.477929 0.000000 -13.857278 99.172236 -1.054096 9.010898 0.008256 
1111 -6.197605 0.000000 -13.857278 99.235008 -0.616413 9.216705 0.006709 
1112 -1.477929 0.000000 -18.476896 99.346339 -0.836450 9.177788 0.004537 
1113 7.961423 0.000000 13.860430 99.212208 4.369656 8.291203 0.006910 
1114 3.241747 0.000000 13.860430 99.053511 2.999212 8.925203 0.009975 
1115 7.961423 0.000000 18.480048 98.835981 3.048730 9.596569 0.013006 
1116 10.321261 0.000000 -6.927851 99.543770 -4.701542 7.604634 0.001110 
1117 10.321261 0.000000 -9.237660 99.482212 -4.171236 8.312328 0.001680 
1118 12.681099 0.000000 -6.927851 99.760117 -5.081480 8.106339 -0.004362 
1119 -1.477929 0.000000 13.860430 99.026164 1.881482 9.278307 0.010419 
1120 -6.197605 0.000000 13.860430 99.049238 1.092887 9.485878 0.009807 
1121 -1.477929 0.000000 18.480048 98.903575 1.428932 9.659997 0.012273 
1122 -10.917281 0.000000 13.860430 99.119659 0.601596 9.561537 0.008351 
1123 -15.636957 0.000000 13.860430 99.200686 0.336825 9.587253 0.006719 
1124 -10.917281 0.000000 18.480048 99.116106 0.528457 9.647134 0.008265 
1125 0.881909 0.000000 -6.927851 98.260738 -1.595476 8.352136 0.027252 
1126 -1.477929 0.000000 -6.927851 98.441685 -1.012578 8.908115 0.022885 
1127 0.881909 0.000000 -9.237660 98.745455 -1.601940 8.601907 0.017278 
1128 6.781504 0.000000 -3.463138 99.167179 -3.652061 4.408859 0.013309 
1129 6.781504 0.000000 -4.618042 99.055367 -3.771948 5.680124 0.014154 
1130 7.961423 0.000000 -3.463138 99.754498 -4.050559 4.670275 0.001082 
1131 2.061828 0.000000 -3.463138 96.016641 -1.701560 6.753803 0.073230 
1132 0.881909 0.000000 -3.463138 96.081318 -1.253708 8.072965 0.070164 
1133 2.061828 0.000000 -4.618042 97.040907 -1.886932 7.369510 0.052519 
1134 5.011626 0.000000 -1.730781 100.004822 0.058807 -7.738681 -0.006086 
1135 5.011626 0.000000 -2.308233 99.576471 0.013904 -12.573665 -0.007357 
1136 5.601585 0.000000 -1.730781 99.576471 0.013904 -12.573665 -0.007357 
1137 2.651788 0.000000 -1.730781 100.398316 0.219683 -1.160615 -0.008122 
1138 2.061828 0.000000 -1.730781 100.696645 0.273522 2.113523 -0.014436 
1139 2.651788 0.000000 -2.308233 100.413129 0.239443 1.246166 -0.008441 
1140 3.536727 0.000000 -0.864603 100.098963 0.175656 -3.491344 -0.003202 
1141 3.241747 0.000000 -0.864603 100.118416 0.206120 -3.154167 -0.003369 
1142 3.536727 0.000000 -1.153329 100.108890 0.157429 -3.779227 -0.003610 
1143 97.635269 0.000000 -55.433840 99.535701 -0.147719 9.611313 0.000025 
1144 97.635269 0.000000 -73.912312 99.533186 -0.072862 9.656930 -0.000012 
1145 116.513974 0.000000 -55.433840 99.535792 -0.138699 9.616545 0.000013 
1146 135.392678 0.000000 -55.433840 99.535619 -0.129859 9.621775 0.000007 
1147 135.392678 0.000000 -73.912312 99.532787 -0.067263 9.659661 -0.000009 
1148 154.271383 0.000000 -55.433840 99.538294 -0.320172 9.599609 -0.000013 
1149 50.438508 0.000000 -27.716132 99.544465 -0.933025 9.134003 0.000660 
1150 50.438508 0.000000 -36.955368 99.532918 -0.469694 9.408078 0.000447 
1151 59.877860 0.000000 -27.716132 99.555351 -0.878411 9.156629 0.000412 
1152 69.317213 0.000000 -27.716132 99.561162 -0.824141 9.182757 0.000257 
1153 69.317213 0.000000 -36.955368 99.543712 -0.432188 9.425102 0.000203 
1154 78.756565 0.000000 -27.716132 99.563855 -0.772387 9.209920 0.000162 
1155 26.840128 0.000000 -13.857278 99.423066 -3.945410 8.586232 0.002576 
1156 26.840128 0.000000 -18.476896 99.475709 -2.499878 8.712322 0.002243 
1157 31.559804 0.000000 -13.857278 99.472532 -3.874607 8.516697 0.001767 
1158 36.279480 0.000000 -13.857278 99.485382 -3.751286 8.407855 0.001789 
1159 36.279480 0.000000 -18.476896 99.500652 -2.391004 8.602332 0.001990 
1160 40.999156 0.000000 -13.857278 99.529261 -3.618769 8.385620 0.001051 
1161 15.040937 0.000000 -6.927851 99.662502 -5.379910 8.421379 -0.003248 
1162 15.040937 0.000000 -9.237660 99.471087 -4.963791 8.686858 0.000540 
1163 17.400775 0.000000 -6.927851 99.533351 -5.663518 8.608574 -0.001307 
1164 19.760613 0.000000 -6.927851 99.391553 -5.770876 8.761067 0.001126 
1165 19.760613 0.000000 -9.237660 99.343009 -5.397155 8.863352 0.002328 
1166 22.120451 0.000000 -6.927851 99.348396 -5.851204 8.823269 0.001781 
1167 9.141342 0.000000 -3.463138 100.108994 -4.391281 5.009003 -0.006618 
1168 9.141342 0.000000 -4.618042 99.810579 -4.521294 6.051708 -0.001922 
1169 10.321261 0.000000 -3.463138 100.285951 -4.672729 5.361265 -0.010785 
1170 11.501180 0.000000 -3.463138 100.333696 -4.896870 5.699568 -0.012332 
1171 11.501180 0.000000 -4.618042 100.039067 -5.036678 6.605677 -0.007682 
1172 12.681099 0.000000 -3.463138 100.292366 -5.068498 6.011680 -0.012039 
1173 6.191545 0.000000 -1.730781 97.738745 -0.071034 -20.238185 0.003755 
1174 6.191545 0.000000 -2.308233 98.963048 -3.223587 2.577161 0.018928 
1175 6.781504 0.000000 -1.730781 99.765033 -3.329436 1.907290 0.003222 
1176 7.371464 0.000000 -1.730781 100.151211 -3.511717 2.260072 -0.004771 
1177 7.371464 0.000000 -2.308233 99.861299 -3.621722 3.044008 0.000534 
1178 7.961423 0.000000 -1.730781 100.424793 -3.681305 2.587493 -0.010539 
1179 4.716646 0.000000 -0.864603 100.099296 0.097364 -5.201560 -0.004693 
1180 4.716646 0.000000 -1.153329 100.099296 0.097364 -5.201560 -0.004693 
1181 5.011626 0.000000 -0.864603 100.069279 0.077988 -6.182049 -0.005208 
1182 5.306605 0.000000 -0.864603 100.069279 0.077988 -6.182049 -0.005208 
1183 5.306605 0.000000 -1.153329 100.004822 0.058807 -7.738681 -0.006086 
1184 5.601585 0.000000 -0.864603 100.004822 0.058807 -7.738681 -0.006086 
1185 3.979196 0.000000 -0.431513 100.108890 0.157429 -3.779227 -0.003610 
1186 3.831707 0.000000 -0.431513 100.108890 0.157429 -3.779227 -0.003610 
1187 3.979196 0.000000 -0.575877 100.113937 0.137740 -4.133848 -0.003991 
1188 2.946767 0.000000 0.290302 100.433275 0.213337 -0.680478 -0.008735 
1189 2.946767 0.000000 0.001576 100.433275 0.213337 -0.680478 -0.008735 
1190 2.946767 0.000000 0.579028 100.398316 0.219683 -1.160615 -0.008122 
1191 2.946767 0.000000 -0.287150 100.406437 0.217489 -0.873215 -0.008226 
1192 2.651788 0.000000 -0.287150 100.404728 0.216726 -0.680798 -0.008162 
1193 2.946767 0.000000 -0.575877 100.398316 0.219683 -1.160615 -0.008122 
1194 2.356808 0.000000 -0.287150 100.396985 0.218746 -0.939973 -0.008049 
1195 2.061828 0.000000 -0.287150 100.388438 0.221161 -0.847006 -0.007860 
1196 2.356808 0.000000 -0.575877 100.398316 0.219683 -1.160615 -0.008122 
1197 -0.592990 0.000000 -0.287150 100.697337 0.342002 2.880330 -0.014837 
1198 -0.887970 0.000000 -0.287150 100.766607 0.351144 3.237033 -0.016451 
1199 -0.592990 0.000000 -0.575877 100.697337 0.342002 2.880330 -0.014837 
1200 -0.150520 0.000000 -0.142787 100.654234 0.329889 2.744945 -0.013892 
1201 -0.298010 0.000000 -0.142787 100.697337 0.342002 2.880330 -0.014837 
1202 -0.150520 0.000000 -0.287150 100.654234 0.329889 2.744945 -0.013892 
1203 0.439439 0.000000 0.145939 100.526972 0.326199 2.267750 -0.011092 
1204 0.586929 0.000000 0.145939 100.579781 0.320321 2.513491 -0.012271 
1205 0.439439 0.000000 0.290302 100.634413 0.316208 2.786225 -0.013515 
1206 50.438508 0.000000 27.719283 99.361378 2.989519 10.466512 0.000883 
1207 50.438508 0.000000 36.958519 99.379269 1.205796 10.432482 0.001347 
1208 26.840128 0.000000 13.860430 99.549065 6.511130 5.482278 0.001753 
1209 31.559804 0.000000 13.860430 99.649509 6.608723 5.051098 0.000079 
1210 26.840128 0.000000 18.480048 99.222556 5.419638 8.810327 0.004789 
1211 15.040937 0.000000 6.931003 101.120929 3.333209 2.265727 -0.024169 
1212 12.681099 0.000000 6.931003 101.379284 3.905820 2.709395 -0.030036 
1213 15.040937 0.000000 9.240812 100.632342 4.929580 3.398574 -0.016272 
1214 4.052941 0.000000 -0.214969 100.113937 0.137740 -4.133848 -0.003991 
1215 3.979196 0.000000 -0.214969 100.108890 0.157429 -3.779227 -0.003610 
1216 4.052941 0.000000 -0.287150 100.113937 0.137740 -4.133848 -0.003991 
1217 4.569156 0.000000 -0.431513 100.111868 0.117435 -4.581008 -0.004339 
1218 4.569156 0.000000 -0.575877 100.111868 0.117435 -4.581008 -0.004339 
1219 4.716646 0.000000 -0.431513 100.099296 0.097364 -5.201560 -0.004693 
1220 4.864136 0.000000 -0.431513 100.099296 0.097364 -5.201560 -0.004693 
1221 4.864136 0.000000 -0.575877 100.099296 0.097364 -5.201560 -0.004693 
1222 5.011626 0.000000 -0.431513 100.099296 0.097364 -5.201560 -0.004693 
1223 4.347921 0.000000 -0.214969 100.111868 0.117435 -4.581008 -0.004339 
1224 4.347921 0.000000 -0.287150 100.111868 0.117435 -4.581008 -0.004339 
1225 4.421666 0.000000 -0.214969 100.111868 0.117435 -4.581008 -0.004339 
1226 4.237304 0.000000 0.037666 100.113937 0.137740 -4.133848 -0.003991 
1227 4.274176 0.000000 0.037666 100.113937 0.137740 -4.133848 -0.003991 
1228 4.237304 0.000000 0.073757 100.113937 0.137740 -4.133848 -0.003991 
1229 4.495411 0.000000 -0.214969 100.111868 0.117435 -4.581008 -0.004339 
1230 4.495411 0.000000 -0.287150 100.111868 0.117435 -4.581008 -0.004339 
1231 4.569156 0.000000 -0.214969 100.111868 0.117435 -4.581008 -0.004339 
1232 4.642901 0.000000 -0.214969 100.111868 0.117435 -4.581008 -0.004339 
1233 4.642901 0.000000 -0.287150 100.111868 0.117435 -4.581008 -0.004339 
1234 4.716646 0.000000 -0.214969 100.099296 0.097364 -5.201560 -0.004693 
1235 4.311049 0.000000 -0.106697 100.113937 0.137740 -4.133848 -0.003991 
1236 4.311049 0.000000 -0.142787 100.113937 0.137740 -4.133848 -0.003991 
1237 4.347921 0.000000 -0.106697 100.111868 0.117435 -4.581008 -0.004339 
1238 4.218867 0.000000 -0.016470 99.823085 0.116723 -5.805177 0.000164 
1239 4.237304 0.000000 -0.016470 100.113937 0.137740 -4.133848 -0.003991 
1240 4.218867 0.000000 0.001576 99.823085 0.116723 -5.805177 0.000164 
1241 4.495411 0.000000 0.073757 100.111868 0.117435 -4.581008 -0.004339 
1242 4.569156 0.000000 0.073757 100.111868 0.117435 -4.581008 -0.004339 
1243 4.495411 0.000000 0.145939 100.111868 0.117435 -4.581008 -0.004339 
1244 4.642901 0.000000 0.073757 100.111868 0.117435 -4.581008 -0.004339 
1245 4.716646 0.000000 0.073757 100.111868 0.117435 -4.581008 -0.004339 
1246 4.642901 0.000000 0.145939 100.111868 0.117435 -4.581008 -0.004339 
1247 4.311049 0.000000 0.037666 100.113937 0.137740 -4.133848 -0.003991 
1248 4.347921 0.000000 0.037666 100.111868 0.117435 -4.581008 -0.004339 
1249 4.311049 0.000000 0.073757 100.113937 0.137740 -4.133848 -0.003991 
1250 5.896565 0.000000 -0.864603 99.863198 0.038055 -9.918542 -0.007104 
1251 5.896565 0.000000 -1.153329 99.863198 0.038055 -9.918542 -0.007104 
1252 6.191545 0.000000 -0.864603 99.576471 0.013904 -12.573665 -0.007357 
1253 6.486524 0.000000 -0.864603 99.105560 -0.013620 -15.348545 -0.005749 
1254 6.486524 0.000000 -1.153329 98.478257 -0.042349 -17.902455 -0.001847 
1255 6.781504 0.000000 -0.864603 97.738745 -0.071034 -20.238185 0.003755 
1256 5.159115 0.000000 -0.431513 100.069279 0.077988 -6.182049 -0.005208 
1257 5.159115 0.000000 -0.575877 100.069279 0.077988 -6.182049 -0.005208 
1258 5.306605 0.000000 -0.431513 100.069279 0.077988 -6.182049 -0.005208 
1259 5.454095 0.000000 -0.431513 100.069279 0.077988 -6.182049 -0.005208 
1260 5.454095 0.000000 -0.575877 100.069279 0.077988 -6.182049 -0.005208 
1261 5.601585 0.000000 -0.431513 100.004822 0.058807 -7.738681 -0.006086 
1262 4.790391 0.000000 -0.070606 100.099296 0.097364 -5.201560 -0.004693 
1263 4.790391 0.000000 -0.142787 100.099296 0.097364 -5.201560 -0.004693 
1264 4.790391 0.000000 0.001576 100.099296 0.097364 -5.201560 -0.004693 
1265 5.159115 0.000000 0.145939 100.069279 0.077988 -6.182049 -0.005208 
1266 5.306605 0.000000 0.145939 100.069279 0.077988 -6.182049 -0.005208 
1267 5.159115 0.000000 0.290302 100.069279 0.077988 -6.182049 -0.005208 
1268 5.454095 0.000000 0.145939 100.069279 0.077988 -6.182049 -0.005208 
1269 5.601585 0.000000 0.145939 100.004822 0.058807 -7.738681 -0.006086 
1270 5.454095 0.000000 0.290302 100.069279 0.077988 -6.182049 -0.005208 
1271 4.790391 0.000000 0.073757 100.099296 0.097364 -5.201560 -0.004693 
1272 4.864136 0.000000 0.073757 100.099296 0.097364 -5.201560 -0.004693 
1273 4.790391 0.000000 0.145939 100.099296 0.097364 -5.201560 -0.004693 
1274 4.937881 0.000000 0.073757 100.099296 0.097364 -5.201560 -0.004693 
1275 5.011626 0.000000 0.073757 100.099296 0.097364 -5.201560 -0.004693 
1276 4.937881 0.000000 0.145939 100.099296 0.097364 -5.201560 -0.004693 
1277 5.749075 0.000000 -0.431513 100.004822 0.058807 -7.738681 -0.006086 
1278 5.749075 0.000000 -0.575877 100.004822 0.058807 -7.738681 -0.006086 
1279 5.896565 0.000000 -0.431513 99.863198 0.038055 -9.918542 -0.007104 
1280 6.044055 0.000000 -0.142787 99.863198 0.038055 -9.918542 -0.007104 
1281 6.044055 0.000000 -0.287150 99.863198 0.038055 -9.918542 -0.007104 
1282 6.044055 0.000000 0.001576 99.863198 0.038055 -9.918542 -0.007104 
1283 5.749075 0.000000 0.145939 100.004822 0.058807 -7.738681 -0.006086 
1284 5.896565 0.000000 0.145939 100.004822 0.058807 -7.738681 -0.006086 
1285 5.749075 0.000000 0.290302 100.004822 0.058807 -7.738681 -0.006086 
1286 6.044055 0.000000 0.145939 99.863198 0.038055 -9.918542 -0.007104 
1287 6.191545 0.000000 0.145939 99.863198 0.038055 -9.918542 -0.007104 
1288 6.044055 0.000000 0.290302 99.863198 0.038055 -9.918542 -0.007104 
1289 8.551383 0.000000 -1.730781 100.616552 -3.837890 2.886583 -0.014675 
1290 8.551383 0.000000 -2.308233 100.358603 -3.968748 3.545460 -0.010017 
1291 9.141342 0.000000 -1.730781 100.745983 -3.982431 3.159053 -0.017559 
1292 9.731302 0.000000 -1.730781 100.826835 -4.116078 3.407630 -0.019460 
1293 9.731302 0.000000 -2.308233 100.603226 -4.264208 4.006249 -0.015524 
1294 10.321261 0.000000 -1.730781 100.868198 -4.240434 3.636393 -0.020560 
1295 7.076484 0.000000 -0.864603 100.633371 -3.829180 0.891760 -0.014253 
1296 7.076484 0.000000 -1.153329 100.379752 -3.508811 1.280572 -0.009005 
1297 7.371464 0.000000 -0.864603 100.769090 -3.918495 1.160875 -0.017111 
1298 7.666443 0.000000 -0.864603 100.880991 -4.000957 1.410508 -0.019497 
1299 7.666443 0.000000 -1.153329 100.662257 -3.675716 1.728423 -0.014939 
1300 7.961423 0.000000 -0.864603 100.969737 -4.076821 1.642651 -0.021421 
1301 7.076484 0.000000 0.290302 101.489865 4.289941 -0.203689 -0.031864 
1302 7.076484 0.000000 0.579028 101.833537 2.658171 0.107145 -0.037715 
1303 6.339034 0.000000 0.145939 99.576471 0.013904 -12.573665 -0.007357 
1304 6.486524 0.000000 0.145939 99.576471 0.013904 -12.573665 -0.007357 
1305 6.339034 0.000000 0.290302 99.576471 0.013904 -12.573665 -0.007357 
1306 6.634014 0.000000 0.145939 99.105560 -0.013620 -15.348545 -0.005749 
1307 6.781504 0.000000 0.145939 98.478257 -0.042349 -17.902455 -0.001847 
1308 6.634014 0.000000 0.290302 99.105560 -0.013620 -15.348545 -0.005749 
1309 8.256403 0.000000 -0.864603 101.040487 -4.144182 1.857773 -0.022981 
1310 8.256403 0.000000 -1.153329 100.851558 -3.825609 2.117634 -0.019016 
1311 8.551383 0.000000 -0.864603 101.095518 -4.202469 2.056887 -0.024220 
1312 8.846362 0.000000 -0.864603 101.136968 -4.252621 2.240484 -0.025179 
1313 8.846362 0.000000 -1.153329 100.974533 -3.957118 2.456308 -0.021755 
1314 9.141342 0.000000 -0.864603 101.167020 -4.297470 2.408879 -0.025904 
1315 7.813933 0.000000 0.145939 101.244897 6.516414 0.690692 -0.029347 
1316 7.666443 0.000000 0.145939 101.235500 6.564888 0.395305 -0.029188 
1317 7.813933 0.000000 0.290302 101.460954 4.036814 0.780504 -0.031123 
1318 8.403893 0.000000 -0.142787 102.574174 -34.439903 14.435008 -0.191594 
1319 8.403893 0.000000 -0.287150 101.667034 -10.293398 2.323396 -0.044754 
1320 8.403893 0.000000 0.001576 100.732759 16.208700 4.364927 -0.042886 
1321 8.403893 0.000000 0.145939 101.270452 6.418631 1.799872 -0.030014 
1322 8.551383 0.000000 0.145939 101.267163 6.451776 2.079131 -0.030099 
1323 8.403893 0.000000 0.290302 101.469185 3.930302 1.441352 -0.031352 
1324 13.861018 0.000000 -3.463138 100.274589 -5.164691 6.507488 -0.012401 
1325 13.861018 0.000000 -4.618042 100.054637 -5.306836 7.316101 -0.009262 
1326 15.040937 0.000000 -3.463138 100.140372 -5.260021 6.753145 -0.010137 
1327 16.220856 0.000000 -3.463138 100.007798 -5.319293 6.959323 -0.007829 
1328 16.220856 0.000000 -4.618042 99.843085 -5.479320 7.702680 -0.005800 
1329 17.400775 0.000000 -3.463138 99.866326 -5.371673 7.123705 -0.005289 
1330 10.911221 0.000000 -1.730781 100.877181 -4.354998 3.848247 -0.020998 
1331 10.911221 0.000000 -2.308233 100.681331 -4.511926 4.419592 -0.017662 
1332 11.501180 0.000000 -1.730781 100.859560 -4.459504 4.045350 -0.020890 
1333 12.091140 0.000000 -1.730781 100.820185 -4.553825 4.229593 -0.020334 
1334 12.091140 0.000000 -2.308233 100.647071 -4.712559 4.788986 -0.017498 
1335 12.681099 0.000000 -1.730781 100.763766 -4.637589 4.402613 -0.019423 
1336 9.436322 0.000000 -0.864603 101.187452 -4.338938 2.563413 -0.026430 
1337 9.436322 0.000000 -1.153329 101.047870 -4.074675 2.751521 -0.023485 
1338 9.731302 0.000000 -0.864603 101.199558 -4.378216 2.705570 -0.026784 
1339 10.026281 0.000000 -0.864603 101.204522 -4.415377 2.836483 -0.026990 
1340 10.026281 0.000000 -1.153329 101.083147 -4.182916 3.010291 -0.024436 
1341 10.321261 0.000000 -0.864603 101.202572 -4.451368 2.958217 -0.027053 
1342 16.220856 0.000000 3.466289 101.014592 0.643517 2.531672 -0.021077 
1343 15.040937 0.000000 3.466289 101.273483 0.890019 2.430672 -0.026302 
1344 16.220856 0.000000 4.621194 101.067894 1.305914 2.188972 -0.022122 
1345 13.861018 0.000000 3.466289 101.528310 1.193265 2.335251 -0.031487 
1346 12.681099 0.000000 3.466289 101.850082 1.576967 2.038824 -0.038008 
1347 13.861018 0.000000 4.621194 101.543966 1.925735 2.164372 -0.031957 
1348 9.436322 0.000000 0.290302 101.470878 4.010651 2.510399 -0.031873 
1349 9.731302 0.000000 0.290302 101.465849 4.064750 2.798676 -0.031967 
1350 9.436322 0.000000 0.579028 101.675807 2.180836 1.896218 -0.034632 
1351 10.026281 0.000000 0.290302 101.454872 4.136530 3.086891 -0.031973 
1352 10.321261 0.000000 0.290302 101.436807 4.229946 3.382585 -0.031876 
1353 10.026281 0.000000 0.579028 101.646919 2.122538 2.207526 -0.034147 
1354 8.698873 0.000000 0.145939 101.263638 6.509740 2.369235 -0.030231 
1355 8.846362 0.000000 0.145939 101.261427 6.584059 2.669312 -0.030435 
1356 8.698873 0.000000 0.290302 101.467898 3.927848 1.754908 -0.031424 
1357 10.616241 0.000000 -0.864603 101.194518 -4.485901 3.071682 -0.026989 
1358 10.616241 0.000000 -1.153329 101.087246 -4.283958 3.240866 -0.024749 
1359 10.911221 0.000000 -0.864603 101.180708 -4.518798 3.178073 -0.026806 
1360 11.206200 0.000000 -0.287150 101.312516 -7.113503 4.099935 -0.033164 
1361 11.206200 0.000000 -0.575877 101.254721 -5.134848 3.276307 -0.028962 
1362 11.501180 0.000000 -0.287150 101.273419 -6.927590 4.087353 -0.032100 
1363 10.616241 0.000000 0.290302 101.412262 4.347595 3.691604 -0.031698 
1364 10.616241 0.000000 0.579028 101.607253 2.083318 2.495026 -0.033460 
1365 12.386120 0.000000 0.290302 101.054870 5.878381 6.600491 -0.029021 
1366 12.386120 0.000000 0.001576 100.707428 -11.055881 11.071305 -0.038679 
1367 12.386120 0.000000 0.579028 101.374753 2.237930 3.298836 -0.029273 
1368 13.271059 0.000000 -1.730781 100.693843 -4.711128 4.565451 -0.018229 
1369 13.271059 0.000000 -2.308233 100.539869 -4.867666 5.118851 -0.015816 
1370 13.861018 0.000000 -1.730781 100.613948 -4.775060 4.719049 -0.016824 
1371 14.450978 0.000000 -1.730781 100.566873 -4.814833 5.092574 -0.016281 
1372 14.450978 0.000000 -2.308233 100.442718 -4.962367 5.637700 -0.014515 
1373 15.040937 0.000000 -1.730781 100.473308 -4.861999 5.228309 -0.014586 
1374 11.796160 0.000000 -0.287150 101.233392 -6.755267 4.068566 -0.031039 
1375 11.796160 0.000000 -0.575877 101.190485 -5.109254 3.434948 -0.027742 
1376 12.091140 0.000000 -0.287150 101.195470 -6.600047 4.052958 -0.030051 
1377 24.480290 0.000000 6.931003 100.032325 2.195114 1.761277 -0.001439 
1378 26.840128 0.000000 6.931003 99.965850 2.070863 1.776940 -0.000062 
1379 24.480290 0.000000 9.240812 99.956256 4.260311 2.110773 -0.001386 
1380 20.940532 0.000000 3.466289 100.194399 0.187584 2.874437 -0.004722 
1381 22.120451 0.000000 3.466289 100.058075 0.143211 2.954082 -0.002037 
1382 20.940532 0.000000 4.621194 100.263657 0.717230 2.359136 -0.005888 
1383 16.810816 0.000000 1.733932 100.710936 0.205315 3.282644 -0.015351 
1384 16.220856 0.000000 1.733932 100.834911 0.232848 3.199285 -0.017797 
1385 16.810816 0.000000 2.311385 100.779105 0.162654 3.027350 -0.016562 
1386 15.630897 0.000000 1.733932 100.962426 0.278324 3.112137 -0.020317 
1387 15.040937 0.000000 1.733932 101.090493 0.338342 3.020769 -0.022853 
1388 15.630897 0.000000 2.311385 101.033536 0.308997 2.878417 -0.021616 
1389 14.745958 0.000000 0.290302 99.278066 -5.060612 21.706657 -0.035292 
1390 14.745958 0.000000 0.001576 100.718975 -7.711970 5.238578 -0.023123 
1391 14.745958 0.000000 0.579028 100.826559 3.870687 5.254682 -0.020859 
1392 24.480290 0.000000 -2.308233 99.510561 -5.329889 6.991349 0.002036 
1393 24.480290 0.000000 -4.618042 99.370653 -5.819855 8.340592 0.002204 
1394 26.840128 0.000000 -2.308233 99.468040 -5.395282 7.169442 0.002560 
1395 18.580694 0.000000 -3.463138 99.749117 -5.451938 7.259412 -0.003231 
1396 18.580694 0.000000 -4.618042 99.621935 -5.643464 7.946475 -0.001953 
1397 19.760613 0.000000 -3.463138 99.636750 -5.480370 7.390381 -0.001213 
1398 20.940532 0.000000 -1.153329 99.798520 -4.925338 5.601051 -0.001538 
1399 20.940532 0.000000 -2.308233 99.648493 -5.237076 6.653740 -0.000152 
1400 22.120451 0.000000 -1.153329 99.706456 -4.951779 5.749416 0.000105 
1401 15.630897 0.000000 -1.730781 100.380500 -4.904135 5.352857 -0.012895 
1402 15.630897 0.000000 -2.308233 100.271372 -5.047652 5.892324 -0.011455 
1403 16.220856 0.000000 -1.730781 100.300736 -4.929214 5.466263 -0.011441 
1404 16.810816 0.000000 -1.730781 100.209804 -4.957588 5.576596 -0.009768 
1405 16.810816 0.000000 -2.308233 100.114615 -5.100019 6.109288 -0.008627 
1406 17.400775 0.000000 -1.730781 100.121385 -4.978371 5.677466 -0.008131 
1407 19.170654 0.000000 1.733932 100.289514 0.296711 3.550752 -0.007068 
1408 19.760613 0.000000 1.733932 100.205407 0.350433 3.624589 -0.005438 
1409 19.170654 0.000000 2.311385 100.347975 0.058327 3.251383 -0.008029 
1410 16.515836 0.000000 0.290302 100.192518 -10.346327 7.521133 -0.020215 
1411 16.515836 0.000000 0.001576 100.463066 -6.338203 4.616097 -0.015431 
1412 16.515836 0.000000 0.579028 99.921783 7.767720 11.440239 -0.017558 
1413 17.990735 0.000000 -0.575877 100.201580 -4.882633 4.728071 -0.008655 
1414 17.990735 0.000000 -1.153329 100.122303 -4.868719 5.215552 -0.007538 
1415 18.580694 0.000000 -0.575877 100.119148 -4.862545 4.803023 -0.007056 
1416 55.158184 0.000000 13.860430 100.094336 5.900002 3.004648 -0.006271 
1417 50.438508 0.000000 13.860430 100.034581 6.155501 3.371104 -0.005617 
1418 55.158184 0.000000 18.480048 99.701107 6.648693 7.060398 -0.003437 
1419 45.718832 0.000000 13.860430 99.964536 6.361328 3.759807 -0.004751 
1420 40.999156 0.000000 13.860430 99.882909 6.510872 4.162517 -0.003631 
1421 45.718832 0.000000 18.480048 99.585374 6.369416 7.731265 -0.001759 
1422 45.718832 0.000000 -13.857278 99.560406 -3.479938 8.376257 0.000545 
1423 45.718832 0.000000 -18.476896 99.554362 -2.225451 8.610356 0.000984 
1424 50.438508 0.000000 -13.857278 99.582726 -3.340219 8.376053 0.000197 
1425 55.158184 0.000000 -13.857278 99.597746 -3.200009 8.383441 -0.000023 
1426 55.158184 0.000000 -18.476896 99.583743 -2.051026 8.644353 0.000415 
1427 59.877860 0.000000 -13.857278 99.610164 -3.068328 8.395189 -0.000208 
1428 88.195917 0.000000 -27.716132 99.564733 -0.723955 9.236804 0.000102 
1429 88.195917 0.000000 -36.955368 99.546903 -0.392135 9.448438 0.000099 
1430 97.635269 0.000000 -27.716132 99.564556 -0.678997 9.262769 0.000064 
1431 107.074622 0.000000 -27.716132 99.563768 -0.637411 9.287518 0.000039 
1432 107.074622 0.000000 -36.955368 99.547277 -0.354805 9.471765 0.000050 
1433 116.513974 0.000000 -27.716132 99.562635 -0.598993 9.310925 0.000023 
1434 64.597536 0.000000 -4.618042 99.589140 -5.868962 8.619906 -0.002674 
1435 64.597536 0.000000 -9.237660 99.620860 -4.465757 8.338268 -0.001379 
1436 69.317213 0.000000 -4.618042 99.600721 -5.778882 8.592182 -0.002752 
1437 125.953326 0.000000 -27.716132 99.561316 -0.563510 9.332963 0.000012 
1438 125.953326 0.000000 -36.955368 99.546541 -0.321384 9.493374 0.000026 
1439 135.392678 0.000000 -27.716132 99.559910 -0.530724 9.353652 0.000005 
1440 144.832030 0.000000 -27.716132 99.558478 -0.500407 9.373039 0.000001 
1441 144.832030 0.000000 -36.955368 99.545398 -0.291791 9.512862 0.000013 
1442 154.271383 0.000000 -27.716132 99.557058 -0.472346 9.391187 -0.000003 
1443 104.714783 0.000000 11.550621 100.187164 0.480435 2.810178 -0.004560 
1444 102.354945 0.000000 11.550621 100.197087 0.567016 2.699086 -0.004706 
1445 104.714783 0.000000 13.860430 100.283409 1.833627 1.818284 -0.006343 
1446 109.434460 0.000000 6.931003 99.880539 -4.954867 5.983273 -0.003647 
1447 109.434460 0.000000 4.621194 99.716688 -5.646054 7.670544 -0.003413 
1448 111.794298 0.000000 6.931003 99.861453 -5.030916 6.186100 -0.003589 
1449 137.752516 0.000000 11.550621 100.024090 -5.173407 4.556596 -0.005235 
1450 137.752516 0.000000 9.240812 99.847935 -5.102069 6.368911 -0.003620 
1451 137.752516 0.000000 13.860430 100.151704 0.307544 3.243391 -0.004098 
1452 -110.030480 0.000000 -110.869255 99.531746 -0.023046 9.677308 -0.000022 
1453 -147.787889 0.000000 -110.869255 99.531152 -0.015035 9.678305 -0.000012 
1454 -110.030480 0.000000 -147.826199 99.531956 -0.023877 9.678727 -0.000029 
1455 -53.394366 0.000000 -55.433840 99.526325 -0.014074 9.668196 0.000104 
1456 -72.273071 0.000000 -55.433840 99.527635 -0.007867 9.672491 0.000069 
1457 -53.394366 0.000000 -73.912312 99.530247 -0.011386 9.672704 0.000017 
1458 -25.076310 0.000000 -27.716132 99.475190 -0.071496 9.616766 0.001220 
1459 -34.515662 0.000000 -27.716132 99.493824 -0.038200 9.640110 0.000805 
1460 -25.076310 0.000000 -36.955368 99.499921 -0.061338 9.631489 0.000700 
1461 -10.917281 0.000000 -13.857278 99.314861 -0.336088 9.356874 0.004889 
1462 -15.636957 0.000000 -13.857278 99.375403 -0.188833 9.443424 0.003532 
1463 -10.917281 0.000000 -18.476896 99.398012 -0.322887 9.397749 0.003161 
1464 -3.837767 0.000000 -6.927851 98.721944 -0.616378 9.216338 0.016866 
1465 -6.197605 0.000000 -6.927851 98.956713 -0.379095 9.347775 0.012004 
1466 -3.837767 0.000000 -9.237660 98.927552 -0.723576 9.147718 0.012914 
1467 10.321261 0.000000 6.931003 101.640814 4.414585 3.203053 -0.036060 
1468 7.961423 0.000000 6.931003 101.640125 4.535210 4.073722 -0.036788 
1469 10.321261 0.000000 9.240812 100.643005 5.183304 4.855234 -0.017945 
1470 5.601585 0.000000 6.931003 101.581256 4.235050 5.180993 -0.036353 
1471 3.241747 0.000000 6.931003 101.417159 3.589778 6.505832 -0.034065 
1472 5.601585 0.000000 9.240812 100.294587 4.342278 6.602592 -0.012145 
1473 0.881909 0.000000 6.931003 100.815230 2.733395 7.746612 -0.023119 
1474 -1.477929 0.000000 6.931003 100.227041 2.013356 8.664811 -0.012459 
1475 0.881909 0.000000 9.240812 99.904196 2.804126 8.223478 -0.005634 
1476 -3.837767 0.000000 6.931003 99.718222 1.447361 9.171874 -0.002994 
1477 -6.197605 0.000000 6.931003 99.392188 1.013672 9.385929 0.003207 
1478 -3.837767 0.000000 9.240812 99.396063 1.508192 9.187293 0.003374 
1479 -0.298010 0.000000 -3.463138 96.661777 -0.887419 9.154797 0.057190 
1480 -1.477929 0.000000 -3.463138 97.512735 -0.565753 9.574733 0.039927 
1481 -0.298010 0.000000 -4.618042 97.345965 -1.108732 8.876249 0.044375 
1482 1.471868 0.000000 -1.730781 100.641552 0.302241 2.820261 -0.013677 
1483 0.881909 0.000000 -1.730781 100.654234 0.329889 2.744945 -0.013892 
1484 1.471868 0.000000 -2.308233 100.654234 0.329889 2.744945 -0.013892 
1485 2.946767 0.000000 -0.864603 100.398316 0.219683 -1.160615 -0.008122 
1486 2.651788 0.000000 -0.864603 100.398316 0.219683 -1.160615 -0.008122 
1487 2.946767 0.000000 -1.153329 100.398316 0.219683 -1.160615 -0.008122 
1488 -2.657848 0.000000 -3.463138 98.130807 -0.375122 9.725020 0.027563 
1489 -3.837767 0.000000 -3.463138 98.540905 -0.228155 9.697018 0.019561 
1490 -2.657848 0.000000 -4.618042 98.247786 -0.559005 9.392014 0.025885 
1491 0.291949 0.000000 -1.730781 100.697337 0.342002 2.880330 -0.014837 
1492 -0.298010 0.000000 -1.730781 100.766607 0.351144 3.237033 -0.016451 
1493 0.291949 0.000000 -2.308233 100.766607 0.351144 3.237033 -0.016451 
1494 36.279480 0.000000 13.860430 99.787000 6.595452 4.569508 -0.002183 
1495 36.279480 0.000000 18.480048 99.444464 5.973196 8.294065 0.000633 
1496 11.501180 0.000000 3.466289 102.065894 1.948247 1.978439 -0.042516 
1497 10.321261 0.000000 3.466289 102.253505 2.310696 1.944017 -0.046490 
1498 11.501180 0.000000 4.621194 102.040280 2.706383 2.070527 -0.042383 
1499 9.141342 0.000000 3.466289 102.436680 2.636586 1.935568 -0.050397 
1500 7.961423 0.000000 3.466289 102.660913 2.919838 1.967634 -0.055166 
1501 9.141342 0.000000 4.621194 102.323297 3.333733 2.372917 -0.048680 
1502 4.790391 0.000000 -0.214969 100.099296 0.097364 -5.201560 -0.004693 
1503 4.790391 0.000000 -0.287150 100.099296 0.097364 -5.201560 -0.004693 
1504 4.864136 0.000000 -0.214969 100.099296 0.097364 -5.201560 -0.004693 
1505 4.937881 0.000000 -0.214969 100.099296 0.097364 -5.201560 -0.004693 
1506 4.937881 0.000000 -0.287150 100.099296 0.097364 -5.201560 -0.004693 
1507 5.011626 0.000000 -0.214969 100.099296 0.097364 -5.201560 -0.004693 
1508 6.044055 0.000000 -0.431513 99.863198 0.038055 -9.918542 -0.007104 
1509 6.044055 0.000000 -0.575877 99.863198 0.038055 -9.918542 -0.007104 
1510 6.191545 0.000000 -0.431513 99.863198 0.038055 -9.918542 -0.007104 
1511 6.339034 0.000000 -0.431513 99.576471 0.013904 -12.573665 -0.007357 
1512 6.339034 0.000000 -0.575877 99.576471 0.013904 -12.573665 -0.007357 
1513 6.486524 0.000000 -0.431513 99.105560 -0.013620 -15.348545 -0.005749 
1514 6.634014 0.000000 -0.431513 99.105560 -0.013620 -15.348545 -0.005749 
1515 6.634014 0.000000 -0.575877 98.478257 -0.042349 -17.902455 -0.001847 
1516 6.781504 0.000000 -0.431513 98.478257 -0.042349 -17.902455 -0.001847 
1517 7.518954 0.000000 0.145939 101.229070 6.619928 0.087979 -0.029116 
1518 7.371464 0.000000 0.145939 101.225238 6.678522 -0.228640 -0.029120 
1519 7.518954 0.000000 0.290302 101.462118 4.121026 0.412170 -0.031171 
1520 11.206200 0.000000 -0.864603 101.161663 -4.550097 3.277920 -0.026513 
1521 11.206200 0.000000 -1.153329 101.065462 -4.377049 3.448935 -0.024528 
1522 11.501180 0.000000 -0.864603 101.138817 -4.582543 3.374627 -0.026145 
1523 14.450978 0.000000 1.733932 101.219101 0.418405 2.924899 -0.025404 
1524 13.861018 0.000000 1.733932 101.384618 0.535243 2.595546 -0.028586 
1525 14.450978 0.000000 2.311385 101.295575 0.517682 2.717485 -0.026845 
1526 13.271059 0.000000 1.733932 101.508685 0.648179 2.490515 -0.031064 
1527 12.681099 0.000000 1.733932 101.626750 0.774893 2.380619 -0.033426 
1528 13.271059 0.000000 2.311385 101.604138 0.809457 2.320577 -0.032944 
1529 11.796160 0.000000 -0.864603 101.110535 -4.610339 3.463873 -0.025659 
1530 11.796160 0.000000 -1.153329 101.022327 -4.461780 3.638629 -0.023866 
1531 12.091140 0.000000 -0.864603 101.078291 -4.636307 3.548567 -0.025091 
1532 12.386120 0.000000 -0.287150 101.153349 -6.452404 4.034029 -0.028991 
1533 12.386120 0.000000 -0.575877 101.114359 -5.085198 3.571759 -0.026273 
1534 12.681099 0.000000 -0.287150 101.110213 -6.316201 4.018570 -0.027932 
1535 12.976079 0.000000 -0.287150 101.065733 -6.187701 4.006943 -0.026863 
1536 12.976079 0.000000 -0.575877 101.031124 -5.065714 3.699923 -0.024664 
1537 13.271059 0.000000 -0.287150 101.019830 -6.072626 4.001254 -0.025789 
1538 29.199966 0.000000 6.931003 99.954336 1.947378 1.811527 0.000206 
1539 31.559804 0.000000 6.931003 99.968761 1.816003 1.861109 -0.000051 
1540 29.199966 0.000000 9.240812 99.936933 4.020646 1.886954 -0.000712 
1541 24.480290 0.000000 -6.927851 99.319632 -5.914057 8.854589 0.002223 
1542 24.480290 0.000000 -9.237660 99.329786 -5.524260 8.848551 0.002478 
1543 26.840128 0.000000 -6.927851 99.323356 -5.950348 8.857825 0.002100 
1544 29.199966 0.000000 -2.308233 99.458285 -5.454558 7.323802 0.002466 
1545 29.199966 0.000000 -4.618042 99.359535 -5.929556 8.483668 0.002055 
1546 31.559804 0.000000 -2.308233 99.463578 -5.511872 7.464911 0.002089 
1547 20.940532 0.000000 -3.463138 99.538542 -5.510413 7.517046 0.000521 
1548 20.940532 0.000000 -4.618042 99.453080 -5.714816 8.156388 0.000990 
1549 22.120451 0.000000 -3.463138 99.485235 -5.543592 7.614021 0.001398 
1550 17.990735 0.000000 -1.730781 100.038060 -4.997896 5.752398 -0.006568 
1551 17.990735 0.000000 -2.308233 99.954858 -5.142696 6.279262 -0.005685 
1552 18.580694 0.000000 -1.730781 99.963438 -5.016146 5.832848 -0.005187 
1553 19.170654 0.000000 -0.575877 100.038649 -4.851237 4.859762 -0.005488 
1554 19.170654 0.000000 -1.153329 99.965752 -4.897522 5.365407 -0.004592 
1555 19.760613 0.000000 -0.575877 99.974522 -4.838293 4.935517 -0.004267 
1556 33.919642 0.000000 6.931003 99.987024 1.677084 1.916166 -0.000389 
1557 36.279480 0.000000 6.931003 100.032172 1.529174 1.912166 -0.001243 
1558 33.919642 0.000000 9.240812 99.996899 3.705712 1.757224 -0.001620 
1559 33.919642 0.000000 -2.308233 99.479862 -5.567652 7.587564 0.001519 
1560 33.919642 0.000000 -4.618042 99.401606 -5.995739 8.566083 0.000999 
1561 36.279480 0.000000 -2.308233 99.492619 -5.620352 7.628904 0.001143 
1562 64.597536 0.000000 -13.857278 99.618463 -2.937476 8.411337 -0.000322 
1563 64.597536 0.000000 -18.476896 99.596162 -1.887657 8.690318 0.000152 
1564 69.317213 0.000000 -13.857278 99.623415 -2.812652 8.430694 -0.000381 
1565 74.036889 0.000000 -4.618042 99.610689 -5.673019 8.559190 -0.002773 
1566 74.036889 0.000000 -9.237660 99.637222 -4.138184 8.313620 -0.001382 
1567 78.756565 0.000000 -4.618042 99.619386 -5.553158 8.523307 -0.002751 
1568 83.476241 0.000000 -4.618042 99.627021 -5.421229 8.486580 -0.002695 
1569 83.476241 0.000000 -9.237660 99.645926 -3.818151 8.309901 -0.001294 
1570 88.195917 0.000000 -4.618042 99.633716 -5.279203 8.450715 -0.002616 
1571 99.995107 0.000000 11.550621 100.206889 0.665954 2.588316 -0.004856 
1572 97.635269 0.000000 11.550621 100.216479 0.776267 2.478678 -0.005009 
1573 99.995107 0.000000 13.860430 100.293129 2.207163 1.699023 -0.006647 
1574 114.154136 0.000000 6.931003 99.842909 -5.106162 6.382768 -0.003542 
1575 114.154136 0.000000 4.621194 99.695563 -5.754467 7.900030 -0.003473 
1576 116.513974 0.000000 6.931003 99.825018 -5.180076 6.572226 -0.003506 
1577 118.873812 0.000000 6.931003 99.807852 -5.252385 6.753775 -0.003481 
1578 118.873812 0.000000 4.621194 99.677681 -5.848660 8.094187 -0.003536 
1579 121.233650 0.000000 6.931003 99.791458 -5.322922 6.926967 -0.003465 
1580 6.781504 0.000000 3.466289 102.978938 3.076083 2.102016 -0.061854 
1581 5.601585 0.000000 3.466289 103.438460 3.114594 2.452806 -0.071523 
1582 6.781504 0.000000 4.621194 102.637961 3.606316 2.991903 -0.055651 
1583 4.421666 0.000000 3.466289 103.968312 2.995300 3.202536 -0.082864 
1584 3.241747 0.000000 3.466289 104.324469 2.785774 4.411857 -0.091082 
1585 4.421666 0.000000 4.621194 103.049084 3.398487 4.295820 -0.064912 
1586 2.061828 0.000000 3.466289 104.278389 2.489056 5.923381 -0.091526 
1587 0.881909 0.000000 3.466289 103.735738 2.151130 7.488766 -0.082181 
1588 2.061828 0.000000 4.621194 102.955492 2.802677 6.416936 -0.064887 
1589 -0.298010 0.000000 3.466289 102.746583 1.825900 8.760038 -0.063693 
1590 -1.477929 0.000000 3.466289 101.552221 1.502074 9.327805 -0.040212 
1591 -0.298010 0.000000 4.621194 101.889174 2.096995 8.428476 -0.045684 
1592 -2.657848 0.000000 3.466289 100.681422 1.261573 9.578030 -0.023008 
1593 -3.837767 0.000000 3.466289 100.089395 1.073760 9.616607 -0.011152 
1594 -2.657848 0.000000 4.621194 100.465048 1.472532 9.228168 -0.018055 
1595 2.356808 0.000000 -0.864603 100.398316 0.219683 -1.160615 -0.008122 
1596 2.061828 0.000000 -0.864603 100.398316 0.219683 -1.160615 -0.008122 
1597 2.356808 0.000000 -1.153329 100.398316 0.219683 -1.160615 -0.008122 
1598 -0.887970 0.000000 -1.730781 101.035054 0.356640 4.600331 -0.022937 
1599 -1.477929 0.000000 -1.730781 101.751738 0.337925 7.961384 -0.041691 
1600 -0.887970 0.000000 -2.308233 102.357619 0.314622 12.794251 -0.064087 
1601 12.091140 0.000000 1.733932 101.737059 0.913565 2.265012 -0.035639 
1602 11.501180 0.000000 1.733932 101.839055 1.061752 2.142539 -0.037691 
1603 12.091140 0.000000 2.311385 101.840460 1.122771 2.141286 -0.037732 
1604 10.911221 0.000000 1.733932 101.932381 1.216698 2.011787 -0.039574 
1605 10.321261 0.000000 1.733932 102.018306 1.375026 1.870391 -0.041312 
1606 10.911221 0.000000 2.311385 102.047269 1.462535 1.951200 -0.041959 
1607 12.386120 0.000000 -0.864603 101.042637 -4.660328 3.629503 -0.024451 
1608 12.386120 0.000000 -1.153329 100.961776 -4.537625 3.813223 -0.022841 
1609 12.681099 0.000000 -0.864603 101.004068 -4.682559 3.707034 -0.023749 
1610 12.976079 0.000000 -0.864603 100.962723 -4.703167 3.781653 -0.022989 
1611 12.976079 0.000000 -1.153329 100.887769 -4.604491 3.975598 -0.021535 
1612 13.271059 0.000000 -0.864603 100.919059 -4.722302 3.853667 -0.022181 
1613 13.566039 0.000000 -0.287150 100.972584 -5.967273 4.000818 -0.024708 
1614 13.566039 0.000000 -0.575877 100.937210 -5.043317 3.814258 -0.022830 
1615 13.861018 0.000000 -0.287150 100.923918 -5.871056 4.005483 -0.023615 
1616 29.199966 0.000000 -6.927851 99.338856 -5.967480 8.849919 0.001786 
1617 29.199966 0.000000 -9.237660 99.369032 -5.520802 8.774114 0.001833 
1618 31.559804 0.000000 -6.927851 99.368492 -5.966575 8.830269 0.001233 
1619 14.155998 0.000000 -0.287150 100.874123 -5.783420 4.015023 -0.022516 
1620 14.155998 0.000000 -0.575877 100.837201 -5.022932 3.923028 -0.020876 
1621 14.450978 0.000000 -0.287150 100.823074 -5.703517 4.028917 -0.021405 
1622 19.170654 0.000000 -1.730781 99.890201 -5.043315 5.906024 -0.003837 
1623 19.170654 0.000000 -2.308233 99.816883 -5.196938 6.426266 -0.003172 
1624 19.760613 0.000000 -1.730781 99.830602 -5.055214 5.986966 -0.002755 
1625 38.639318 0.000000 6.931003 100.057990 1.386292 1.998244 -0.001752 
1626 40.999156 0.000000 6.931003 100.077673 1.246752 2.090158 -0.002146 
1627 38.639318 0.000000 9.240812 100.098383 3.336289 1.607464 -0.003340 
1628 33.919642 0.000000 -6.927851 99.397831 -5.953274 8.803202 0.000713 
1629 33.919642 0.000000 -9.237660 99.436723 -5.438551 8.694198 0.000717 
1630 36.279480 0.000000 -6.927851 99.412729 -5.926300 8.703123 0.000624 
1631 38.639318 0.000000 -2.308233 99.513198 -5.674104 7.747534 0.000490 
1632 38.639318 0.000000 -4.618042 99.443377 -6.031885 8.553918 0.000146 
1633 40.999156 0.000000 -2.308233 99.529581 -5.724726 7.858913 -0.000067 
1634 43.358994 0.000000 6.931003 100.092747 1.110920 2.187208 -0.002458 
1635 45.718832 0.000000 6.931003 100.104338 0.981020 2.288825 -0.002708 
1636 43.358994 0.000000 9.240812 100.150704 2.946728 1.594380 -0.004139 
1637 43.358994 0.000000 -2.308233 99.544258 -5.772346 7.961914 -0.000577 
1638 43.358994 0.000000 -4.618042 99.488464 -6.047320 8.604313 -0.000856 
1639 45.718832 0.000000 -2.308233 99.555386 -5.817815 8.056880 -0.001004 
1640 74.036889 0.000000 -13.857278 99.626550 -2.692622 8.452575 -0.000415 
1641 74.036889 0.000000 -18.476896 99.601446 -1.737242 8.740715 0.000013 
1642 78.756565 0.000000 -13.857278 99.628328 -2.577474 8.476435 -0.000430 
1643 83.476241 0.000000 -13.857278 99.629087 -2.467212 8.501832 -0.000432 
1644 83.476241 0.000000 -18.476896 99.602699 -1.599887 8.792446 -0.000056 
1645 88.195917 0.000000 -13.857278 99.629073 -2.361782 8.528397 -0.000426 
1646 92.915593 0.000000 -4.618042 99.639549 -5.129031 8.417080 -0.002519 
1647 92.915593 0.000000 -9.237660 99.649796 -3.511822 8.323833 -0.001170 
1648 97.635269 0.000000 -4.618042 99.644567 -4.972593 8.386719 -0.002410 
1649 95.275431 0.000000 11.550621 100.225755 0.897286 2.371104 -0.005163 
1650 92.915593 0.000000 11.550621 100.234603 1.028500 2.266589 -0.005317 
1651 95.275431 0.000000 13.860430 100.298314 2.604353 1.622194 -0.006917 
1652 102.354945 0.000000 -4.618042 99.648811 -4.811658 8.360387 -0.002293 
1653 102.354945 0.000000 -9.237660 99.650462 -3.223108 8.352047 -0.001036 
1654 107.074622 0.000000 -4.618042 99.652314 -4.647856 8.338579 -0.002172 
1655 123.593488 0.000000 6.931003 99.775869 -5.391541 7.091516 -0.003458 
1656 123.593488 0.000000 4.621194 99.662977 -5.926613 8.254053 -0.003596 
1657 125.953326 0.000000 6.931003 99.761105 -5.458081 7.247250 -0.003459 
1658 128.313164 0.000000 6.931003 99.747178 -5.522347 7.394064 -0.003467 
1659 128.313164 0.000000 4.621194 99.651322 -5.986575 8.381257 -0.003647 
1660 130.673002 0.000000 6.931003 99.734098 -5.584119 7.531907 -0.003480 
1 115 117 99 118 
2 116 115 118 100 
3 152 116 100 154 
4 153 152 154 108 
5 155 157 115 158 
6 156 155 158 116 
7 164 156 116 167 
8 165 164 167 152 
9 5 170 168 169 
10 170 123 171 168 
11 168 171 155 172 
12 169 168 172 156 
13 6 175 173 174 
14 175 18 45 173 
15 173 45 28 176 
16 174 173 176 29 
17 18 179 177 178 
18 179 34 61 177 
19 177 61 44 180 
20 178 177 180 45 
21 34 183 181 182 
22 183 50 77 181 
23 181 77 60 184 
24 182 181 184 61 
25 50 187 185 186 
26 187 66 93 185 
27 185 93 76 188 
28 186 185 188 77 
29 66 191 189 190 
30 190 189 192 93 
31 193 153 108 196 
32 194 193 196 109 
33 98 199 197 198 
34 199 114 165 197 
35 197 165 152 200 
36 198 197 200 153 
37 114 206 204 205 
38 206 166 207 204 
39 204 207 164 208 
40 205 204 208 165 
41 16 211 209 210 
42 211 15 32 209 
43 209 32 18 175 
44 210 209 175 6 
45 32 214 212 213 
46 214 31 48 212 
47 212 48 34 179 
48 213 212 179 18 
49 48 217 215 216 
50 217 47 64 215 
51 215 64 50 183 
52 216 215 183 34 
53 64 220 218 219 
54 220 63 80 218 
55 218 80 66 187 
56 219 218 187 50 
57 80 223 221 222 
58 222 221 191 66 
59 112 229 227 228 
60 229 111 202 227 
61 227 202 114 199 
62 228 227 199 98 
63 224 232 230 231 
64 232 112 228 230 
65 234 198 153 236 
66 235 234 236 193 
67 230 239 237 238 
68 239 228 240 237 
69 237 240 98 241 
70 221 244 242 243 
71 244 96 225 242 
72 242 225 82 245 
73 243 242 245 191 
74 225 248 246 247 
75 248 224 231 246 
76 247 246 249 82 
77 231 252 250 251 
78 252 230 238 250 
79 241 98 256 254 
80 254 256 198 257 
81 255 254 257 234 
82 238 260 258 259 
83 260 237 261 258 
84 258 261 241 262 
85 259 258 262 233 
86 191 245 263 264 
87 245 82 194 263 
88 263 194 109 265 
89 264 263 265 189 
90 82 249 266 267 
91 266 235 193 268 
92 267 266 268 194 
93 269 255 234 271 
94 270 269 271 235 
95 274 233 275 272 
96 272 275 255 276 
97 273 272 276 269 
98 249 279 277 278 
99 279 195 270 277 
100 277 270 235 280 
101 278 277 280 266 
102 195 283 281 282 
103 283 253 273 281 
104 281 273 269 284 
105 282 281 284 270 
106 250 287 285 286 
107 287 238 259 285 
108 285 259 233 274 
109 286 285 274 253 
110 253 290 288 289 
111 290 274 291 288 
112 288 291 272 292 
113 289 288 292 273 
114 120 295 293 294 
115 295 119 160 293 
116 293 160 123 170 
117 294 293 170 5 
118 311 312 101 313 
119 117 311 313 99 
120 314 315 117 316 
121 157 314 316 115 
122 317 318 157 319 
123 171 317 319 155 
124 160 322 320 321 
125 321 320 324 123 
126 123 324 333 334 
127 333 335 317 336 
128 334 333 336 171 
129 320 339 337 338 
130 339 323 340 337 
131 337 340 163 341 
132 338 337 341 324 
133 342 343 314 344 
134 318 342 344 157 
135 345 346 318 347 
136 335 345 347 317 
137 352 354 345 355 
138 353 352 355 335 
139 340 358 356 357 
140 357 356 360 163 
141 7 363 361 362 
142 363 12 364 361 
143 361 364 10 25 
144 362 361 25 11 
145 11 367 365 366 
146 367 25 368 365 
147 365 368 23 41 
148 366 365 41 24 
149 24 371 369 370 
150 371 41 372 369 
151 369 372 39 57 
152 370 369 57 40 
153 40 375 373 374 
154 375 57 376 373 
155 373 376 55 73 
156 374 373 73 56 
157 56 379 377 378 
158 379 73 380 377 
159 377 380 71 89 
160 378 377 89 72 
161 72 383 381 382 
162 383 89 384 381 
163 381 384 87 105 
164 382 381 105 88 
165 88 387 385 386 
166 387 105 388 385 
167 385 388 103 121 
168 386 385 121 104 
169 121 391 389 390 
170 391 103 392 389 
171 389 392 122 161 
172 390 389 161 119 
173 161 395 393 394 
174 395 122 396 393 
175 393 396 162 330 
176 394 393 330 159 
177 159 399 397 398 
178 399 330 400 397 
179 397 400 329 349 
180 398 397 349 323 
181 323 403 401 402 
182 403 349 404 401 
183 401 404 348 358 
184 402 401 358 340 
185 410 331 411 409 
186 409 411 107 412 
187 414 350 415 413 
188 413 415 332 416 
189 358 419 417 418 
190 419 348 420 417 
191 418 417 421 356 
192 349 423 422 404 
193 423 329 424 422 
194 422 424 350 414 
195 404 422 414 348 
196 348 426 425 420 
197 426 414 427 425 
198 425 427 413 428 
199 420 425 428 359 
200 324 341 429 430 
201 341 163 353 429 
202 429 353 335 431 
203 430 429 431 333 
204 163 360 432 433 
205 360 351 434 432 
206 432 434 352 435 
207 433 432 435 353 
208 356 421 436 437 
209 421 359 438 436 
210 436 438 351 439 
211 437 436 439 360 
212 417 442 440 441 
213 442 420 443 440 
214 440 443 359 444 
215 441 440 444 421 
216 445 446 342 447 
217 346 445 447 318 
218 412 107 449 448 
219 448 449 346 450 
220 354 448 450 345 
221 350 452 451 415 
222 452 409 453 451 
223 451 453 412 454 
224 415 451 454 332 
225 331 456 455 411 
226 456 405 457 455 
227 455 457 408 458 
228 411 455 458 107 
229 405 472 471 457 
230 472 407 473 471 
231 471 473 328 474 
232 457 471 474 408 
233 475 476 311 477 
234 315 475 477 117 
235 478 479 315 480 
236 343 478 480 314 
237 327 482 481 469 
238 482 463 483 481 
239 481 483 466 484 
240 469 481 484 151 
241 485 486 343 487 
242 446 485 487 342 
243 467 490 488 489 
244 490 469 491 488 
245 488 491 151 492 
246 489 488 492 470 
247 463 498 497 483 
248 498 465 499 497 
249 497 499 91 500 
250 483 497 500 466 
251 501 502 475 503 
252 479 501 503 315 
253 465 505 504 499 
254 505 493 506 504 
255 504 506 496 507 
256 499 504 507 91 
257 520 521 308 522 
258 312 520 522 101 
259 523 524 312 525 
260 476 523 525 311 
261 526 527 476 528 
262 502 526 528 475 
263 495 531 529 530 
264 531 516 532 529 
265 529 532 519 533 
266 530 529 533 462 
267 461 535 534 518 
268 535 512 536 534 
269 534 536 515 537 
270 518 534 537 147 
271 516 539 538 532 
272 539 518 540 538 
273 538 540 147 541 
274 532 538 541 519 
275 512 547 546 536 
276 547 514 548 546 
277 550 551 520 552 
278 524 550 552 312 
279 553 555 524 556 
280 554 553 556 523 
281 536 559 557 558 
282 559 546 560 557 
283 557 560 549 561 
284 558 557 561 515 
285 514 563 562 548 
286 563 542 564 562 
287 566 567 550 568 
288 555 566 568 524 
289 548 571 569 570 
290 571 562 572 569 
291 569 572 565 573 
292 546 575 574 560 
293 575 548 570 574 
294 574 570 75 576 
295 560 574 576 549 
296 75 573 577 578 
297 573 565 579 577 
298 577 579 566 580 
299 578 577 580 555 
300 570 583 581 582 
301 583 569 584 581 
302 581 584 573 585 
303 582 581 585 75 
304 542 599 598 564 
305 599 544 600 598 
306 598 600 511 601 
307 608 609 521 610 
308 551 608 610 520 
309 601 511 612 611 
310 611 612 551 613 
311 567 611 613 550 
312 564 616 614 615 
313 616 598 617 614 
314 614 617 601 618 
315 615 614 618 545 
316 544 620 619 600 
317 620 594 621 619 
318 619 621 597 622 
319 600 619 622 511 
320 594 628 627 621 
321 628 596 629 627 
322 627 629 143 630 
323 621 627 630 597 
324 631 632 605 633 
325 609 631 633 521 
326 596 635 634 629 
327 635 623 636 634 
328 634 636 626 637 
329 629 634 637 143 
330 642 644 606 645 
331 632 642 645 605 
332 626 648 646 647 
333 648 593 649 646 
334 646 649 632 650 
335 647 646 650 631 
336 593 658 657 649 
337 658 643 659 657 
338 657 659 642 660 
339 649 657 660 632 
340 661 663 638 664 
341 644 661 664 606 
342 666 651 667 665 
343 59 670 668 669 
344 670 662 671 668 
345 668 671 661 672 
346 669 668 672 644 
347 685 687 640 688 
348 663 685 688 638 
349 662 690 689 671 
350 690 639 691 689 
351 689 691 663 692 
352 671 689 692 661 
353 651 703 702 667 
354 703 653 704 702 
355 702 704 589 686 
356 639 706 705 691 
357 706 686 707 705 
358 705 707 685 708 
359 691 705 708 663 
360 709 711 681 712 
361 687 709 712 640 
362 653 714 713 704 
363 714 699 715 713 
364 713 715 682 710 
365 704 713 710 589 
366 589 718 716 717 
367 718 710 719 716 
368 716 719 709 720 
369 717 716 720 687 
370 725 727 683 728 
371 711 725 728 681 
372 710 730 729 719 
373 730 682 731 729 
374 729 731 711 732 
375 719 729 732 709 
376 699 737 736 715 
377 737 701 738 736 
378 736 738 139 726 
379 715 736 726 682 
380 139 740 739 727 
381 740 722 741 739 
382 727 739 742 683 
383 726 745 743 744 
384 745 139 746 743 
385 743 746 727 747 
386 744 743 747 725 
387 43 749 748 679 
388 749 674 750 748 
389 748 750 673 751 
390 679 748 751 306 
391 678 753 752 723 
392 753 43 754 752 
393 752 754 679 755 
394 723 752 755 677 
395 722 757 756 741 
396 757 678 758 756 
397 756 758 723 759 
398 741 756 759 721 
399 20 38 760 761 
400 38 19 762 760 
401 760 762 22 763 
402 761 760 763 9 
403 36 54 764 765 
404 54 35 766 764 
405 764 766 38 767 
406 765 764 767 20 
407 52 70 768 769 
408 70 51 770 768 
409 768 770 54 771 
410 769 768 771 36 
411 67 307 772 773 
412 307 69 774 772 
413 772 774 51 775 
414 773 772 775 70 
415 305 680 776 777 
416 680 306 778 776 
417 776 778 69 779 
418 777 776 779 307 
419 603 724 780 781 
420 724 677 782 780 
421 780 782 680 783 
422 781 780 783 305 
423 683 742 784 785 
424 742 721 786 784 
425 784 786 724 787 
426 785 784 787 603 
427 739 790 788 789 
428 790 741 791 788 
429 788 791 721 792 
430 789 788 792 742 
431 674 802 801 750 
432 802 135 803 801 
433 801 803 675 804 
434 750 801 804 673 
435 809 134 810 808 
436 135 812 811 803 
437 812 798 813 811 
438 811 813 797 814 
439 803 811 814 675 
440 815 817 793 818 
441 798 820 819 813 
442 820 27 821 819 
443 819 821 799 822 
444 813 819 822 797 
445 134 824 823 810 
446 824 805 825 823 
447 823 825 794 816 
448 27 827 826 821 
449 827 816 828 826 
450 826 828 815 829 
451 821 826 829 799 
452 839 131 840 838 
453 838 840 795 841 
454 817 838 841 793 
455 816 843 842 828 
456 843 794 844 842 
457 842 844 817 845 
458 828 842 845 815 
459 805 853 852 825 
460 853 807 854 852 
461 852 854 131 839 
462 825 852 839 794 
463 794 856 855 844 
464 856 839 857 855 
465 855 857 838 858 
466 844 855 858 817 
467 131 860 859 840 
468 860 835 861 859 
469 840 859 862 795 
470 835 868 867 861 
471 868 14 869 867 
472 35 301 871 766 
473 301 37 872 871 
474 871 872 19 873 
475 766 871 873 38 
476 299 837 874 875 
477 837 300 876 874 
478 874 876 37 877 
479 875 874 877 301 
480 795 862 878 879 
481 862 834 880 878 
482 878 880 837 881 
483 879 878 881 299 
484 859 884 882 883 
485 884 861 885 882 
486 882 885 834 886 
487 883 882 886 862 
488 834 870 887 880 
489 870 836 888 887 
490 887 888 300 889 
491 880 887 889 837 
492 861 891 890 885 
493 891 867 892 890 
494 890 892 870 893 
495 885 890 893 834 
496 895 846 896 894 
497 14 898 897 869 
498 898 864 899 897 
499 867 902 901 892 
500 902 869 903 901 
501 901 903 836 904 
502 892 901 904 870 
503 19 298 905 762 
504 298 21 906 905 
505 905 906 3 907 
506 762 905 907 22 
507 37 833 908 872 
508 833 296 909 908 
509 908 909 298 910 
510 872 908 910 19 
511 300 866 911 876 
512 866 830 912 911 
513 911 912 833 913 
514 876 911 913 37 
515 836 900 914 888 
516 900 863 915 914 
517 914 915 866 916 
518 888 914 916 300 
519 869 918 917 903 
520 918 897 919 917 
521 917 919 900 920 
522 903 917 920 836 
523 864 930 929 899 
524 930 831 931 929 
525 897 934 933 919 
526 934 899 935 933 
527 933 935 863 936 
528 919 933 936 900 
529 863 932 937 915 
530 937 938 830 939 
531 915 937 939 866 
532 899 941 940 935 
533 941 929 942 940 
534 940 942 932 943 
535 935 940 943 863 
536 846 948 947 896 
537 948 848 949 947 
538 947 949 127 926 
539 831 951 950 931 
540 951 926 952 950 
541 929 955 954 942 
542 955 931 956 954 
543 954 956 865 957 
544 942 954 957 932 
545 830 928 958 912 
546 928 832 959 958 
547 958 959 296 960 
548 912 958 960 833 
549 961 962 928 963 
550 938 961 963 830 
551 931 965 964 956 
552 965 950 966 964 
553 964 966 953 967 
554 956 964 967 865 
555 926 973 972 952 
556 973 127 974 972 
557 950 977 976 966 
558 977 952 978 976 
559 976 978 925 979 
560 966 976 979 953 
561 980 981 832 982 
562 962 980 982 928 
563 925 985 983 984 
564 985 975 986 983 
565 983 986 980 987 
566 984 983 987 962 
567 296 924 988 909 
568 924 297 989 988 
569 988 989 21 990 
570 909 988 990 298 
571 832 971 991 959 
572 971 921 992 991 
573 991 992 924 993 
574 959 991 993 296 
575 994 996 971 997 
576 981 994 997 832 
577 975 999 998 986 
578 999 927 1000 998 
579 998 1000 981 1001 
580 986 998 1001 980 
581 848 1003 1002 949 
582 1003 944 1004 1002 
583 1002 1004 922 969 
584 949 1002 969 127 
585 127 1006 1005 974 
586 1006 969 1007 1005 
587 927 1009 1008 1000 
588 1009 995 1010 1008 
589 1008 1010 994 1011 
590 1000 1008 1011 981 
591 1016 1018 921 1019 
592 996 1016 1019 971 
593 995 1021 1020 1010 
594 1021 968 1022 1020 
595 1020 1022 996 1023 
596 1010 1020 1023 994 
597 969 1025 1024 1007 
598 1025 922 1026 1024 
599 1024 1026 970 1017 
600 968 1028 1027 1022 
601 1028 1017 1029 1027 
602 1027 1029 1016 1030 
603 1022 1027 1030 996 
604 921 1015 1031 992 
605 1015 923 1032 1031 
606 1031 1032 297 1033 
607 992 1031 1033 924 
608 1034 1036 1015 1037 
609 1018 1034 1037 921 
610 1017 1039 1038 1029 
611 1039 970 1040 1038 
612 1038 1040 1018 1041 
613 1029 1038 1041 1016 
614 944 1043 1042 1004 
615 1043 946 1044 1042 
616 1042 1044 8 1013 
617 1004 1042 1013 922 
618 922 1046 1045 1026 
619 1046 1013 1047 1045 
620 1045 1047 1012 1035 
621 1026 1045 1035 970 
622 1048 1050 923 1051 
623 1036 1048 1051 1015 
624 1035 1054 1052 1053 
625 1054 1012 1055 1052 
626 1052 1055 1036 1056 
627 1053 1052 1056 1034 
628 1013 1058 1057 1047 
629 1058 8 1059 1057 
630 1057 1059 1014 1049 
631 1047 1057 1049 1012 
632 1012 1061 1060 1055 
633 1061 1049 1062 1060 
634 1060 1062 1048 1063 
635 1055 1060 1063 1036 
636 1049 1065 1064 1062 
637 1065 1014 1066 1064 
638 1064 1066 1050 1067 
639 1062 1064 1067 1048 
640 12 1069 1068 364 
641 1069 2 1070 1068 
642 1068 1070 13 125 
643 364 1068 125 10 
644 17 1073 1071 1072 
645 1073 7 362 1071 
646 1071 362 11 33 
647 1072 1071 33 15 
648 25 1075 1074 368 
649 1075 10 1076 1074 
650 1074 1076 26 129 
651 368 1074 129 23 
652 28 46 1077 1078 
653 46 20 761 1077 
654 1077 761 9 1079 
655 1078 1077 1079 30 
656 29 176 1080 1081 
657 176 28 1078 1080 
658 1080 1078 30 1082 
659 1081 1080 1082 4 
660 33 1085 1083 1084 
661 1085 11 366 1083 
662 1083 366 24 49 
663 1084 1083 49 31 
664 41 1087 1086 372 
665 1087 23 1088 1086 
666 1086 1088 42 133 
667 372 1086 133 39 
668 44 62 1089 1090 
669 62 36 765 1089 
670 1089 765 20 1091 
671 1090 1089 1091 46 
672 45 180 1092 1093 
673 180 44 1090 1092 
674 1092 1090 46 1094 
675 1093 1092 1094 28 
676 49 1097 1095 1096 
677 1097 24 370 1095 
678 1095 370 40 65 
679 1096 1095 65 47 
680 51 304 1098 770 
681 304 53 1099 1098 
682 1098 1099 35 1100 
683 770 1098 1100 54 
684 57 1102 1101 376 
685 1102 39 1103 1101 
686 1101 1103 58 137 
687 376 1101 137 55 
688 60 78 1104 1105 
689 78 52 769 1104 
690 1104 769 36 1106 
691 1105 1104 1106 62 
692 61 184 1107 1108 
693 184 60 1105 1107 
694 1107 1105 62 1109 
695 1108 1107 1109 44 
696 65 1112 1110 1111 
697 1112 40 374 1110 
698 1110 374 56 81 
699 1111 1110 81 63 
700 68 86 1113 1114 
701 86 67 773 1113 
702 1113 773 70 1115 
703 1114 1113 1115 52 
704 73 1117 1116 380 
705 1117 55 1118 1116 
706 1116 1118 74 141 
707 380 1116 141 71 
708 76 94 1119 1120 
709 94 68 1114 1119 
710 1119 1114 52 1121 
711 1120 1119 1121 78 
712 77 188 1122 1123 
713 188 76 1120 1122 
714 1122 1120 78 1124 
715 1123 1122 1124 60 
716 81 1127 1125 1126 
717 1127 56 378 1125 
718 1125 378 72 97 
719 1126 1125 97 79 
720 89 1129 1128 384 
721 1129 71 1130 1128 
722 1128 1130 90 145 
723 384 1128 145 87 
724 97 1133 1131 1132 
725 1133 72 382 1131 
726 1131 382 88 113 
727 1132 1131 113 95 
728 105 1135 1134 388 
729 1135 87 1136 1134 
730 1134 1136 106 149 
731 388 1134 149 103 
732 113 1139 1137 1138 
733 1139 88 386 1137 
734 1137 386 104 203 
735 1138 1137 203 111 
736 104 1142 1140 1141 
737 1142 121 390 1140 
738 1140 390 119 295 
739 1141 1140 295 120 
740 10 1144 1143 1076 
741 1144 125 1145 1143 
742 1143 1145 124 847 
743 1076 1143 847 26 
744 125 1147 1146 1145 
745 1147 13 1148 1146 
746 1146 1148 126 945 
747 1145 1146 945 124 
748 23 1150 1149 1088 
749 1150 129 1151 1149 
750 1149 1151 128 806 
751 1088 1149 806 42 
752 129 1153 1152 1151 
753 1153 26 1154 1152 
754 1152 1154 130 850 
755 1151 1152 850 128 
756 39 1156 1155 1103 
757 1156 133 1157 1155 
758 1155 1157 132 694 
759 1103 1155 694 58 
760 133 1159 1158 1157 
761 1159 42 1160 1158 
762 1158 1160 134 809 
763 1157 1158 809 132 
764 55 1162 1161 1118 
765 1162 137 1163 1161 
766 1161 1163 136 587 
767 1118 1161 587 74 
768 137 1165 1164 1163 
769 1165 58 1166 1164 
770 1164 1166 138 697 
771 1163 1164 697 136 
772 71 1168 1167 1130 
773 1168 141 1169 1167 
774 1167 1169 140 509 
775 1130 1167 509 90 
776 141 1171 1170 1169 
777 1171 74 1172 1170 
778 1170 1172 142 591 
779 1169 1170 591 140 
780 87 1174 1173 1136 
781 1174 145 1175 1173 
782 1173 1175 144 460 
783 1136 1173 460 106 
784 145 1177 1176 1175 
785 1177 90 1178 1176 
786 1176 1178 146 513 
787 1175 1176 513 144 
788 103 1180 1179 392 
789 1180 149 1181 1179 
790 1179 1181 148 326 
791 392 1179 326 122 
792 149 1183 1182 1181 
793 1183 106 1184 1182 
794 1182 1184 150 464 
795 1181 1182 464 148 
796 119 1187 1185 1186 
797 1187 161 394 1185 
798 1185 394 159 322 
799 1186 1185 322 160 
800 166 1189 1188 207 
801 1189 5 169 1188 
802 1188 169 156 1190 
803 207 1188 1190 164 
804 201 1193 1191 1192 
805 1193 120 294 1191 
806 1191 294 5 1189 
807 1192 1191 1189 166 
808 202 1196 1194 1195 
809 1196 201 1192 1194 
810 1194 1192 166 206 
811 1195 1194 206 114 
812 246 1199 1197 1198 
813 1199 231 251 1197 
814 1197 251 195 279 
815 1198 1197 279 249 
816 251 1202 1200 1201 
817 1202 250 286 1200 
818 1200 286 253 283 
819 1201 1200 283 195 
820 233 262 1203 275 
821 262 241 1204 1203 
822 1203 1204 254 1205 
823 275 1203 1205 255 
824 53 796 1206 1099 
825 796 299 875 1206 
826 1206 875 301 1207 
827 1099 1206 1207 35 
828 69 676 1208 774 
829 676 302 1209 1208 
830 1208 1209 304 1210 
831 774 1208 1210 51 
832 85 604 1211 1212 
833 604 305 777 1211 
834 1211 777 307 1213 
835 1212 1211 1213 67 
836 322 1216 1214 1215 
837 1216 159 398 1214 
838 1214 398 323 339 
839 1215 1214 339 320 
840 122 1218 1217 396 
841 1218 326 1219 1217 
842 1217 1219 325 406 
843 396 1217 406 162 
844 326 1221 1220 1219 
845 1221 148 1222 1220 
846 1220 1222 327 468 
847 1219 1220 468 325 
848 330 1224 1223 400 
849 1224 162 1225 1223 
850 1223 1225 331 410 
851 400 1223 410 329 
852 351 416 1226 434 
853 416 332 1227 1226 
854 1226 1227 354 1228 
855 434 1226 1228 352 
856 162 1230 1229 1225 
857 1230 406 1231 1229 
858 1229 1231 405 456 
859 1225 1229 456 331 
860 406 1233 1232 1231 
861 1233 325 1234 1232 
862 1232 1234 407 472 
863 1231 1232 472 405 
864 329 1236 1235 424 
865 1236 410 1237 1235 
866 1235 1237 409 452 
867 424 1235 452 350 
868 359 428 1238 438 
869 428 413 1239 1238 
870 1238 1239 416 1240 
871 438 1238 1240 351 
872 107 458 1241 449 
873 458 408 1242 1241 
874 1241 1242 445 1243 
875 449 1241 1243 346 
876 408 474 1244 1242 
877 474 328 1245 1244 
878 1244 1245 446 1246 
879 1242 1244 1246 445 
880 332 454 1247 1227 
881 454 412 1248 1247 
882 1247 1248 448 1249 
883 1227 1247 1249 354 
884 106 1251 1250 1184 
885 1251 460 1252 1250 
886 1250 1252 459 494 
887 1184 1250 494 150 
888 460 1254 1253 1252 
889 1254 144 1255 1253 
890 1253 1255 461 517 
891 1252 1253 517 459 
892 148 1257 1256 1222 
893 1257 464 1258 1256 
894 1256 1258 463 482 
895 1222 1256 482 327 
896 464 1260 1259 1258 
897 1260 150 1261 1259 
898 1259 1261 465 498 
899 1258 1259 498 463 
900 407 1263 1262 473 
901 1263 467 489 1262 
902 1262 489 470 1264 
903 473 1262 1264 328 
904 151 484 1265 486 
905 484 466 1266 1265 
906 1265 1266 478 1267 
907 486 1265 1267 343 
908 466 500 1268 1266 
909 500 91 1269 1268 
910 1268 1269 479 1270 
911 1266 1268 1270 478 
912 328 1264 1271 1245 
913 1264 470 1272 1271 
914 1271 1272 485 1273 
915 1245 1271 1273 446 
916 470 492 1274 1272 
917 492 151 1275 1274 
918 1274 1275 486 1276 
919 1272 1274 1276 485 
920 150 1278 1277 1261 
921 1278 494 1279 1277 
922 1277 1279 493 505 
923 1261 1277 505 465 
924 493 1281 1280 506 
925 1281 495 530 1280 
926 1280 530 462 1282 
927 506 1280 1282 496 
928 91 507 1283 1269 
929 507 496 1284 1283 
930 1283 1284 501 1285 
931 1269 1283 1285 479 
932 496 1282 1286 1284 
933 1282 462 1287 1286 
934 1286 1287 502 1288 
935 1284 1286 1288 501 
936 90 1290 1289 1178 
937 1290 509 1291 1289 
938 1289 1291 508 543 
939 1178 1289 543 146 
940 509 1293 1292 1291 
941 1293 140 1294 1292 
942 1292 1294 510 595 
943 1291 1292 595 508 
944 144 1296 1295 1255 
945 1296 513 1297 1295 
946 1295 1297 512 535 
947 1255 1295 535 461 
948 513 1299 1298 1297 
949 1299 146 1300 1298 
950 1298 1300 514 547 
951 1297 1298 547 512 
952 147 537 1301 527 
953 537 515 554 1301 
954 1301 554 523 1302 
955 527 1301 1302 476 
956 462 533 1303 1287 
957 533 519 1304 1303 
958 1303 1304 526 1305 
959 1287 1303 1305 502 
960 519 541 1306 1304 
961 541 147 1307 1306 
962 1306 1307 527 1308 
963 1304 1306 1308 526 
964 146 1310 1309 1300 
965 1310 543 1311 1309 
966 1309 1311 542 563 
967 1300 1309 563 514 
968 543 1313 1312 1311 
969 1313 508 1314 1312 
970 1312 1314 544 599 
971 1311 1312 599 542 
972 549 576 1315 1316 
973 576 75 578 1315 
974 1315 578 555 1317 
975 1316 1315 1317 553 
976 562 1319 1318 572 
977 1319 564 615 1318 
978 1318 615 545 1320 
979 572 1318 1320 565 
980 565 1320 1321 579 
981 1320 545 1322 1321 
982 1321 1322 567 1323 
983 579 1321 1323 566 
984 74 1325 1324 1172 
985 1325 587 1326 1324 
986 1324 1326 586 652 
987 1172 1324 652 142 
988 587 1328 1327 1326 
989 1328 136 1329 1327 
990 1327 1329 588 700 
991 1326 1327 700 586 
992 140 1331 1330 1294 
993 1331 591 1332 1330 
994 1330 1332 590 624 
995 1294 1330 624 510 
996 591 1334 1333 1332 
997 1334 142 1335 1333 
998 1333 1335 592 655 
999 1332 1333 655 590 
1000 508 1337 1336 1314 
1001 1337 595 1338 1336 
1002 1336 1338 594 620 
1003 1314 1336 620 544 
1004 595 1340 1339 1338 
1005 1340 510 1341 1339 
1006 1339 1341 596 628 
1007 1338 1339 628 594 
1008 602 684 1342 1343 
1009 684 603 781 1342 
1010 1342 781 305 1344 
1011 1343 1342 1344 604 
1012 309 641 1345 1346 
1013 641 602 1343 1345 
1014 1345 1343 604 1347 
1015 1346 1345 1347 85 
1016 511 622 1348 612 
1017 622 597 1349 1348 
1018 1348 1349 608 1350 
1019 612 1348 1350 551 
1020 597 630 1351 1349 
1021 630 143 1352 1351 
1022 1351 1352 609 1353 
1023 1349 1351 1353 608 
1024 545 618 1354 1322 
1025 618 601 1355 1354 
1026 1354 1355 611 1356 
1027 1322 1354 1356 567 
1028 510 1358 1357 1341 
1029 1358 624 1359 1357 
1030 1357 1359 623 635 
1031 1341 1357 635 596 
1032 623 1361 1360 636 
1033 1361 625 1362 1360 
1034 1360 1362 593 648 
1035 636 1360 648 626 
1036 143 637 1363 1352 
1037 637 626 647 1363 
1038 1363 647 631 1364 
1039 1352 1363 1364 609 
1040 643 1366 1365 659 
1041 1366 59 669 1365 
1042 1365 669 644 1367 
1043 659 1365 1367 642 
1044 142 1369 1368 1335 
1045 1369 652 1370 1368 
1046 1368 1370 651 666 
1047 1335 1368 666 592 
1048 652 1372 1371 1370 
1049 1372 586 1373 1371 
1050 1371 1373 653 703 
1051 1370 1371 703 651 
1052 625 1375 1374 1362 
1053 1375 654 1376 1374 
1054 1374 1376 643 658 
1055 1362 1374 658 593 
1056 306 751 1377 778 
1057 751 673 1378 1377 
1058 1377 1378 676 1379 
1059 778 1377 1379 69 
1060 677 755 1380 782 
1061 755 679 1381 1380 
1062 1380 1381 306 1382 
1063 782 1380 1382 680 
1064 681 728 1383 1384 
1065 728 683 785 1383 
1066 1383 785 603 1385 
1067 1384 1383 1385 684 
1068 640 712 1386 1387 
1069 712 681 1384 1386 
1070 1386 1384 684 1388 
1071 1387 1386 1388 602 
1072 686 1390 1389 707 
1073 1390 589 717 1389 
1074 1389 717 687 1391 
1075 707 1389 1391 685 
1076 138 1393 1392 698 
1077 1393 693 1394 1392 
1078 1392 1394 674 749 
1079 698 1392 749 43 
1080 136 1396 1395 1329 
1081 1396 697 1397 1395 
1082 1395 1397 696 734 
1083 1329 1395 734 588 
1084 696 1399 1398 735 
1085 1399 698 1400 1398 
1086 1398 1400 43 753 
1087 735 1398 753 678 
1088 586 1402 1401 1373 
1089 1402 700 1403 1401 
1090 1401 1403 699 714 
1091 1373 1401 714 653 
1092 700 1405 1404 1403 
1093 1405 588 1406 1404 
1094 1404 1406 701 737 
1095 1403 1404 737 699 
1096 721 759 1407 786 
1097 759 723 1408 1407 
1098 1407 1408 677 1409 
1099 786 1407 1409 724 
1100 682 1411 1410 731 
1101 1411 726 744 1410 
1102 1410 744 725 1412 
1103 731 1410 1412 711 
1104 701 1414 1413 738 
1105 1414 733 1415 1413 
1106 1413 1415 722 740 
1107 738 1413 740 139 
1108 793 841 1416 1417 
1109 841 795 879 1416 
1110 1416 879 299 1418 
1111 1417 1416 1418 796 
1112 303 818 1419 1420 
1113 818 793 1417 1419 
1114 1419 1417 796 1421 
1115 1420 1419 1421 53 
1116 42 1423 1422 1160 
1117 1423 806 1424 1422 
1118 1422 1424 805 824 
1119 1160 1422 824 134 
1120 806 1426 1425 1424 
1121 1426 128 1427 1425 
1122 1425 1427 807 853 
1123 1424 1425 853 805 
1124 26 1429 1428 1154 
1125 1429 847 1430 1428 
1126 1428 1430 846 895 
1127 1154 1428 895 130 
1128 847 1432 1431 1430 
1129 1432 124 1433 1431 
1130 1431 1433 848 948 
1131 1430 1431 948 846 
1132 807 1435 1434 854 
1133 1435 849 1436 1434 
1134 1434 1436 835 860 
1135 854 1434 860 131 
1136 124 1438 1437 1433 
1137 1438 945 1439 1437 
1138 1437 1439 944 1003 
1139 1433 1437 1003 848 
1140 945 1441 1440 1439 
1141 1441 126 1442 1440 
1142 1440 1442 946 1043 
1143 1439 1440 1043 944 
1144 953 979 1443 1444 
1145 979 925 984 1443 
1146 1443 984 962 1445 
1147 1444 1443 1445 961 
1148 952 1447 1446 978 
1149 1447 972 1448 1446 
1150 1446 1448 975 985 
1151 978 1446 985 925 
1152 970 1450 1449 1040 
1153 1450 1035 1053 1449 
1154 1449 1053 1034 1451 
1155 1040 1449 1451 1018 
1156 1 1454 1452 1453 
1157 1454 17 1072 1452 
1158 1452 1072 15 211 
1159 1453 1452 211 16 
1160 15 1457 1455 1456 
1161 1457 33 1084 1455 
1162 1455 1084 31 214 
1163 1456 1455 214 32 
1164 31 1460 1458 1459 
1165 1460 49 1096 1458 
1166 1458 1096 47 217 
1167 1459 1458 217 48 
1168 47 1463 1461 1462 
1169 1463 65 1111 1461 
1170 1461 1111 63 220 
1171 1462 1461 220 64 
1172 63 1466 1464 1465 
1173 1466 81 1126 1464 
1174 1464 1126 79 223 
1175 1465 1464 223 80 
1176 83 310 1467 1468 
1177 310 85 1212 1467 
1178 1467 1212 67 1469 
1179 1468 1467 1469 86 
1180 84 102 1470 1471 
1181 102 83 1468 1470 
1182 1470 1468 86 1472 
1183 1471 1470 1472 68 
1184 92 110 1473 1474 
1185 110 84 1471 1473 
1186 1473 1471 68 1475 
1187 1474 1473 1475 94 
1188 93 192 1476 1477 
1189 192 92 1474 1476 
1190 1476 1474 94 1478 
1191 1477 1476 1478 76 
1192 79 1481 1479 1480 
1193 1481 97 1132 1479 
1194 1479 1132 95 226 
1195 1480 1479 226 96 
1196 95 1484 1482 1483 
1197 1484 113 1138 1482 
1198 1482 1138 111 229 
1199 1483 1482 229 112 
1200 203 1487 1485 1486 
1201 1487 104 1141 1485 
1202 1485 1141 120 1193 
1203 1486 1485 1193 201 
1204 223 1490 1488 1489 
1205 1490 79 1480 1488 
1206 1488 1480 96 244 
1207 1489 1488 244 221 
1208 226 1493 1491 1492 
1209 1493 95 1483 1491 
1210 1491 1483 112 232 
1211 1492 1491 232 224 
1212 302 800 1494 1209 
1213 800 303 1420 1494 
1214 1494 1420 53 1495 
1215 1209 1494 1495 304 
1216 308 607 1496 1497 
1217 607 309 1346 1496 
1218 1496 1346 85 1498 
1219 1497 1496 1498 310 
1220 101 522 1499 1500 
1221 522 308 1497 1499 
1222 1499 1497 310 1501 
1223 1500 1499 1501 83 
1224 325 1503 1502 1234 
1225 1503 468 1504 1502 
1226 1502 1504 467 1263 
1227 1234 1502 1263 407 
1228 468 1506 1505 1504 
1229 1506 327 1507 1505 
1230 1505 1507 469 490 
1231 1504 1505 490 467 
1232 494 1509 1508 1279 
1233 1509 459 1510 1508 
1234 1508 1510 495 1281 
1235 1279 1508 1281 493 
1236 459 1512 1511 1510 
1237 1512 517 1513 1511 
1238 1511 1513 516 531 
1239 1510 1511 531 495 
1240 517 1515 1514 1513 
1241 1515 461 1516 1514 
1242 1514 1516 518 539 
1243 1513 1514 539 516 
1244 515 561 1517 1518 
1245 561 549 1316 1517 
1246 1517 1316 553 1519 
1247 1518 1517 1519 554 
1248 624 1521 1520 1359 
1249 1521 590 1522 1520 
1250 1520 1522 625 1361 
1251 1359 1520 1361 623 
1252 638 688 1523 1524 
1253 688 640 1387 1523 
1254 1523 1387 602 1525 
1255 1524 1523 1525 641 
1256 606 664 1526 1527 
1257 664 638 1524 1526 
1258 1526 1524 641 1528 
1259 1527 1526 1528 309 
1260 590 1530 1529 1522 
1261 1530 655 1531 1529 
1262 1529 1531 654 1375 
1263 1522 1529 1375 625 
1264 654 1533 1532 1376 
1265 1533 656 1534 1532 
1266 1532 1534 59 1366 
1267 1376 1532 1366 643 
1268 656 1536 1535 1534 
1269 1536 665 1537 1535 
1270 1535 1537 662 670 
1271 1534 1535 670 59 
1272 673 804 1538 1378 
1273 804 675 1539 1538 
1274 1538 1539 302 1540 
1275 1378 1538 1540 676 
1276 58 1542 1541 1166 
1277 1542 694 1543 1541 
1278 1541 1543 693 1393 
1279 1166 1541 1393 138 
1280 693 1545 1544 1394 
1281 1545 695 1546 1544 
1282 1544 1546 135 802 
1283 1394 1544 802 674 
1284 697 1548 1547 1397 
1285 1548 138 1549 1547 
1286 1547 1549 698 1399 
1287 1397 1547 1399 696 
1288 588 1551 1550 1406 
1289 1551 734 1552 1550 
1290 1550 1552 733 1414 
1291 1406 1550 1414 701 
1292 733 1554 1553 1415 
1293 1554 735 1555 1553 
1294 1553 1555 678 757 
1295 1415 1553 757 722 
1296 675 814 1556 1539 
1297 814 797 1557 1556 
1298 1556 1557 800 1558 
1299 1539 1556 1558 302 
1300 695 1560 1559 1546 
1301 1560 808 1561 1559 
1302 1559 1561 798 812 
1303 1546 1559 812 135 
1304 128 1563 1562 1427 
1305 1563 850 1564 1562 
1306 1562 1564 849 1435 
1307 1427 1562 1435 807 
1308 849 1566 1565 1436 
1309 1566 851 1567 1565 
1310 1565 1567 14 868 
1311 1436 1565 868 835 
1312 851 1569 1568 1567 
1313 1569 894 1570 1568 
1314 1568 1570 864 898 
1315 1567 1568 898 14 
1316 865 967 1571 1572 
1317 967 953 1444 1571 
1318 1571 1444 961 1573 
1319 1572 1571 1573 938 
1320 972 1575 1574 1448 
1321 1575 974 1576 1574 
1322 1574 1576 927 999 
1323 1448 1574 999 975 
1324 974 1578 1577 1576 
1325 1578 1005 1579 1577 
1326 1577 1579 995 1009 
1327 1576 1577 1009 927 
1328 99 313 1580 1581 
1329 313 101 1500 1580 
1330 1580 1500 83 1582 
1331 1581 1580 1582 102 
1332 100 118 1583 1584 
1333 118 99 1581 1583 
1334 1583 1581 102 1585 
1335 1584 1583 1585 84 
1336 108 154 1586 1587 
1337 154 100 1584 1586 
1338 1586 1584 84 1588 
1339 1587 1586 1588 110 
1340 109 196 1589 1590 
1341 196 108 1587 1589 
1342 1589 1587 110 1591 
1343 1590 1589 1591 92 
1344 189 265 1592 1593 
1345 265 109 1590 1592 
1346 1592 1590 92 1594 
1347 1593 1592 1594 192 
1348 111 1597 1595 1596 
1349 1597 203 1486 1595 
1350 1595 1486 201 1196 
1351 1596 1595 1196 202 
1352 96 1600 1598 1599 
1353 1600 226 1492 1598 
1354 1598 1492 224 248 
1355 1599 1598 248 225 
1356 605 645 1601 1602 
1357 645 606 1527 1601 
1358 1601 1527 309 1603 
1359 1602 1601 1603 607 
1360 521 633 1604 1605 
1361 633 605 1602 1604 
1362 1604 1602 607 1606 
1363 1605 1604 1606 308 
1364 655 1608 1607 1531 
1365 1608 592 1609 1607 
1366 1607 1609 656 1533 
1367 1531 1607 1533 654 
1368 592 1611 1610 1609 
1369 1611 666 1612 1610 
1370 1610 1612 665 1536 
1371 1609 1610 1536 656 
1372 665 1614 1613 1537 
1373 1614 667 1615 1613 
1374 1613 1615 639 690 
1375 1537 1613 690 662 
1376 694 1617 1616 1543 
1377 1617 132 1618 1616 
1378 1616 1618 695 1545 
1379 1543 1616 1545 693 
1380 667 1620 1619 1615 
1381 1620 702 1621 1619 
1382 1619 1621 686 706 
1383 1615 1619 706 639 
1384 734 1623 1622 1552 
1385 1623 696 1624 1622 
1386 1622 1624 735 1554 
1387 1552 1622 1554 733 
1388 797 822 1625 1557 
1389 822 799 1626 1625 
1390 1625 1626 303 1627 
1391 1557 1625 1627 800 
1392 132 1629 1628 1618 
1393 1629 809 1630 1628 
1394 1628 1630 808 1560 
1395 1618 1628 1560 695 
1396 808 1632 1631 1561 
1397 1632 810 1633 1631 
1398 1631 1633 27 820 
1399 1561 1631 820 798 
1400 799 829 1634 1626 
1401 829 815 1635 1634 
1402 1634 1635 818 1636 
1403 1626 1634 1636 303 
1404 810 1638 1637 1633 
1405 1638 823 1639 1637 
1406 1637 1639 816 827 
1407 1633 1637 827 27 
1408 850 1641 1640 1564 
1409 1641 130 1642 1640 
1410 1640 1642 851 1566 
1411 1564 1640 1566 849 
1412 130 1644 1643 1642 
1413 1644 895 1645 1643 
1414 1643 1645 894 1569 
1415 1642 1643 1569 851 
1416 894 1647 1646 1570 
1417 1647 896 1648 1646 
1418 1646 1648 831 930 
1419 1570 1646 930 864 
1420 932 957 1649 1650 
1421 957 865 1572 1649 
1422 1649 1572 938 1651 
1423 1650 1649 1651 937 
1424 896 1653 1652 1648 
1425 1653 947 1654 1652 
1426 1652 1654 926 951 
1427 1648 1652 951 831 
1428 1005 1656 1655 1579 
1429 1656 1007 1657 1655 
1430 1655 1657 968 1021 
1431 1579 1655 1021 995 
1432 1007 1659 1658 1657 
1433 1659 1024 1660 1658 
1434 1658 1660 1017 1028 
1435 1657 1658 1028 968 
