2 0.000000 100.000000 5791.461216
1654 1429 
1 -147.787889 0.000000 -147.826199 99.323711 -0.016422 11.607580 0.000006 
2 154.271383 0.000000 -147.826199 99.324761 -0.106960 11.600731 0.000000 
3 154.271383 0.000000 147.829350 99.319683 0.155960 11.626846 0.000039 
4 -147.787889 0.000000 147.829350 99.321911 0.022882 11.608789 0.000039 
5 3.241747 0.000000 0.001576 100.575117 0.237240 -0.811112 -0.011607 
6 -147.787889 0.000000 0.001576 99.321340 0.003936 11.606607 0.000056 
7 3.241747 0.000000 -147.826199 99.323039 -0.007111 11.605396 0.000025 
8 154.271383 0.000000 0.001576 99.499387 -4.227019 10.079109 -0.001958 
9 3.241747 0.000000 147.829350 99.316778 0.005625 11.618936 0.000118 
10 78.756565 0.000000 -73.912312 99.323866 -0.073625 11.555078 0.000124 
11 3.241747 0.000000 -73.912312 99.310058 -0.046290 11.574720 0.000354 
12 78.756565 0.000000 -147.826199 99.324483 -0.093883 11.600934 0.000006 
13 154.271383 0.000000 -73.912312 99.329075 -0.252068 11.554902 0.000016 
14 78.756565 0.000000 0.001576 99.373099 -6.690666 10.938826 -0.003944 
15 -72.273071 0.000000 -73.912312 99.318487 -0.006470 11.603948 0.000119 
16 -147.787889 0.000000 -73.912312 99.322778 -0.010452 11.606652 0.000027 
17 -72.273071 0.000000 -147.826199 99.323624 -0.033434 11.605915 0.000012 
18 -72.273071 0.000000 0.001576 99.305419 -0.000698 11.605929 0.000374 
19 78.756565 0.000000 73.915463 99.291229 0.145444 11.767665 0.000275 
20 3.241747 0.000000 73.915463 99.281060 0.055854 11.665404 0.000719 
21 154.271383 0.000000 73.915463 99.299391 0.598231 11.790787 0.000025 
22 78.756565 0.000000 147.829350 99.317905 0.124847 11.622124 0.000086 
23 40.999156 0.000000 -36.955368 99.302785 -0.506843 11.226478 0.001267 
24 3.241747 0.000000 -36.955368 99.211509 -0.293546 11.399841 0.002703 
25 40.999156 0.000000 -73.912312 99.316848 -0.070681 11.556932 0.000260 
26 78.756565 0.000000 -36.955368 99.345843 -0.417408 11.279110 0.000301 
27 40.999156 0.000000 0.001576 99.419643 -5.566361 9.020573 0.000338 
28 -72.273071 0.000000 73.915463 99.312446 0.004598 11.613284 0.000217 
29 -147.787889 0.000000 73.915463 99.321101 0.017855 11.607855 0.000058 
30 -72.273071 0.000000 147.829350 99.319659 0.043453 11.610016 0.000081 
31 -34.515662 0.000000 -36.955368 99.281529 -0.036599 11.578831 0.000911 
32 -72.273071 0.000000 -36.955368 99.311820 -0.006716 11.602623 0.000254 
33 -34.515662 0.000000 -73.912312 99.313292 -0.018346 11.595083 0.000242 
34 -34.515662 0.000000 0.001576 99.227178 0.012744 11.599379 0.001942 
35 40.999156 0.000000 36.958519 99.151512 1.250278 12.266307 0.001695 
36 3.241747 0.000000 36.958519 99.099988 0.464479 11.845175 0.003867 
37 78.756565 0.000000 36.958519 99.204103 1.952390 12.419311 0.000049 
38 40.999156 0.000000 73.915463 99.281846 0.105452 11.724064 0.000565 
39 22.120451 0.000000 -18.476896 99.139974 -2.744674 10.483300 0.005383 
40 3.241747 0.000000 -18.476896 98.962211 -1.378592 10.910590 0.008554 
41 22.120451 0.000000 -36.955368 99.246272 -0.475879 11.267157 0.002300 
42 40.999156 0.000000 -18.476896 99.330287 -2.509315 10.320037 0.002069 
43 22.120451 0.000000 0.001576 99.691555 -5.002928 6.772996 -0.000931 
44 -34.515662 0.000000 36.958519 99.263488 0.045436 11.630408 0.001149 
45 -72.273071 0.000000 36.958519 99.306798 0.005029 11.611273 0.000334 
46 -34.515662 0.000000 73.915463 99.299073 0.018006 11.625660 0.000454 
47 -15.636957 0.000000 -18.476896 99.147306 -0.214420 11.422415 0.003929 
48 -34.515662 0.000000 -18.476896 99.248444 -0.031784 11.580128 0.001565 
49 -15.636957 0.000000 -36.955368 99.243222 -0.108926 11.526652 0.001791 
50 -15.636957 0.000000 0.001576 99.040946 0.108938 11.511649 0.005836 
51 22.120451 0.000000 18.480048 99.006167 5.541278 10.628497 0.005411 
52 3.241747 0.000000 18.480048 98.763642 2.369887 11.466899 0.010864 
53 40.999156 0.000000 18.480048 99.425371 6.908079 9.296951 -0.001956 
54 22.120451 0.000000 36.958519 99.094117 0.899284 12.094648 0.003327 
55 12.681099 0.000000 -9.237660 99.143429 -4.986290 10.518461 0.003508 
56 3.241747 0.000000 -9.237660 98.395508 -2.401270 10.228230 0.020794 
57 12.681099 0.000000 -18.476896 99.030634 -2.304817 10.663208 0.007392 
58 22.120451 0.000000 -9.237660 98.990509 -6.042760 10.920474 0.004511 
59 12.681099 0.000000 0.001576 101.296755 -8.615658 5.411718 -0.036455 
60 -15.636957 0.000000 18.480048 99.057314 0.350897 11.595497 0.005307 
61 -34.515662 0.000000 18.480048 99.236659 0.051438 11.620996 0.001704 
62 -15.636957 0.000000 36.958519 99.194968 0.154682 11.683394 0.002383 
63 -6.197605 0.000000 -9.237660 98.699332 -0.578012 11.279041 0.013089 
64 -15.636957 0.000000 -9.237660 99.047949 -0.149154 11.438866 0.005863 
65 -6.197605 0.000000 -18.476896 99.024860 -0.577224 11.234673 0.006753 
66 -6.197605 0.000000 0.001576 99.049661 0.336396 11.985604 0.004540 
67 12.681099 0.000000 9.240812 100.791700 5.591091 5.381848 -0.021919 
68 3.241747 0.000000 9.240812 100.307054 3.817864 9.161728 -0.016002 
69 22.120451 0.000000 9.240812 100.084720 4.758794 3.426898 -0.005134 
70 12.681099 0.000000 18.480048 98.821723 4.216882 11.158848 0.009196 
71 7.961423 0.000000 -4.618042 99.254632 -4.357709 7.644251 0.007109 
72 3.241747 0.000000 -4.618042 96.748126 -2.504273 8.379183 0.056332 
73 7.961423 0.000000 -9.237660 98.912982 -3.875658 10.085599 0.009948 
74 12.681099 0.000000 -4.618042 99.814372 -5.431794 8.953089 -0.007257 
75 7.961423 0.000000 0.001576 101.894782 9.734320 -47.096080 -0.269534 
76 -6.197605 0.000000 9.240812 99.216828 1.197051 11.342869 0.002593 
77 -15.636957 0.000000 9.240812 99.059853 0.342737 11.537171 0.005392 
78 -6.197605 0.000000 18.480048 98.910863 0.957676 11.586595 0.008147 
79 -1.477929 0.000000 -4.618042 97.325149 -0.859319 11.348082 0.039830 
80 -6.197605 0.000000 -4.618042 98.553151 -0.245916 11.619689 0.015220 
81 -1.477929 0.000000 -9.237660 98.324475 -1.207807 10.901340 0.021200 
82 -1.477929 0.000000 0.001576 101.396628 0.356876 4.715787 -0.030364 
83 7.961423 0.000000 4.621194 102.756106 3.870182 3.961515 -0.058949 
84 3.241747 0.000000 4.621194 103.624545 3.346596 6.836193 -0.079598 
85 12.681099 0.000000 4.621194 101.994143 2.701347 3.311880 -0.042107 
86 7.961423 0.000000 9.240812 100.656081 5.282521 7.166251 -0.021091 
87 5.601585 0.000000 -2.308233 98.004692 -3.132580 3.822813 0.037065 
88 3.241747 0.000000 -2.308233 100.122623 0.157773 -4.419539 -0.004410 
89 5.601585 0.000000 -4.618042 98.079447 -3.501737 7.463211 0.031246 
90 7.961423 0.000000 -2.308233 100.042110 -3.911208 4.867506 -0.004741 
91 5.601585 0.000000 0.001576 100.019691 0.104405 -7.564314 -0.006117 
92 -1.477929 0.000000 4.621194 101.378006 1.829923 10.975860 -0.040132 
93 -6.197605 0.000000 4.621194 99.468363 0.908693 11.607353 -0.002951 
94 -1.477929 0.000000 9.240812 99.745145 2.215980 10.735205 -0.006925 
95 0.881909 0.000000 -2.308233 100.912369 0.349526 2.985528 -0.019234 
96 -1.477929 0.000000 -2.308233 96.585964 -0.379999 12.882186 0.050506 
97 0.881909 0.000000 -4.618042 96.405737 -1.582874 10.168758 0.060002 
98 0.881909 0.000000 0.001576 100.684569 0.324749 2.456695 -0.014352 
99 5.601585 0.000000 2.311385 104.187136 2.879513 2.190472 -0.086805 
100 3.241747 0.000000 2.311385 100.122623 0.157773 -4.419539 -0.004410 
101 7.961423 0.000000 2.311385 102.837864 2.608739 2.655774 -0.058948 
102 5.601585 0.000000 4.621194 103.249045 3.861409 4.917426 -0.069946 
103 4.421666 0.000000 -1.153329 100.122623 0.157773 -4.419539 -0.004410 
104 3.241747 0.000000 -1.153329 100.080250 0.223732 -3.124684 -0.002587 
105 4.421666 0.000000 -2.308233 100.019691 0.104405 -7.564314 -0.006117 
106 5.601585 0.000000 -1.153329 100.019691 0.104405 -7.564314 -0.006117 
107 4.421666 0.000000 0.001576 100.122623 0.157773 -4.419539 -0.004410 
108 0.881909 0.000000 2.311385 100.912369 0.349526 2.985528 -0.019234 
109 -1.477929 0.000000 2.311385 102.385360 1.299900 12.639808 -0.064422 
110 0.881909 0.000000 4.621194 103.018964 2.598472 9.353703 -0.070715 
111 2.061828 0.000000 -1.153329 100.513131 0.244491 -1.024638 -0.010400 
112 0.881909 0.000000 -1.153329 100.809194 0.328542 2.899167 -0.017101 
113 2.061828 0.000000 -2.308233 100.805267 0.317017 2.933720 -0.017041 
114 2.061828 0.000000 0.001576 100.490447 0.246470 -0.709044 -0.009889 
115 4.421666 0.000000 1.156480 100.122623 0.157773 -4.419539 -0.004410 
116 3.241747 0.000000 1.156480 100.080250 0.223732 -3.124684 -0.002587 
117 5.601585 0.000000 1.156480 100.019691 0.104405 -7.564314 -0.006117 
118 4.421666 0.000000 2.311385 100.019691 0.104405 -7.564314 -0.006117 
119 3.831707 0.000000 -0.575877 100.111541 0.193406 -3.633923 -0.003556 
120 3.241747 0.000000 -0.575877 100.513131 0.244491 -1.024638 -0.010400 
121 3.831707 0.000000 -1.153329 100.120623 0.176019 -3.980620 -0.004002 
122 4.421666 0.000000 -0.575877 100.122623 0.157773 -4.419539 -0.004410 
123 3.831707 0.000000 0.001576 100.152245 0.177961 -4.618540 -0.005183 
124 116.513974 0.000000 -36.955368 99.348911 -0.327453 11.346782 0.000094 
125 116.513974 0.000000 -73.912312 99.326683 -0.067643 11.560133 0.000057 
126 154.271383 0.000000 -36.955368 99.345831 -0.259909 11.400448 0.000037 
127 116.513974 0.000000 0.001576 99.451209 -5.945370 10.449325 -0.003508 
128 59.877860 0.000000 -18.476896 99.410570 -2.064818 10.415850 0.000479 
129 59.877860 0.000000 -36.955368 99.334476 -0.468519 11.244339 0.000601 
130 78.756565 0.000000 -18.476896 99.423934 -1.690322 10.549127 0.000074 
131 59.877860 0.000000 0.001576 99.388769 -6.298194 10.453294 -0.002707 
132 31.559804 0.000000 -9.237660 99.133349 -6.076982 10.722146 0.002068 
133 31.559804 0.000000 -18.476896 99.228946 -2.703175 10.326365 0.003968 
134 40.999156 0.000000 -9.237660 99.273888 -5.768453 10.435585 0.000252 
135 31.559804 0.000000 0.001576 99.413510 -5.187321 8.031817 0.002554 
136 17.400775 0.000000 -4.618042 99.448579 -5.856056 10.084046 -0.002600 
137 17.400775 0.000000 -9.237660 99.057165 -5.759049 10.837795 0.003705 
138 22.120451 0.000000 -4.618042 99.100792 -6.181843 10.599236 0.002847 
139 17.400775 0.000000 0.001576 100.284423 -5.491424 6.070294 -0.012397 
140 10.321261 0.000000 -2.308233 100.619301 -4.518414 5.972459 -0.018033 
141 10.321261 0.000000 -4.618042 99.774537 -4.997843 8.280097 -0.004850 
142 12.681099 0.000000 -2.308233 100.531318 -4.953653 6.893376 -0.017860 
143 10.321261 0.000000 0.001576 101.767192 -19.848109 5.824742 -0.078444 
144 6.781504 0.000000 -1.153329 100.114854 -3.476565 2.316737 -0.004044 
145 6.781504 0.000000 -2.308233 99.289239 -3.545789 4.274565 0.011080 
146 7.961423 0.000000 -1.153329 100.749838 -3.769688 3.294794 -0.017560 
147 6.781504 0.000000 0.001576 98.433179 0.003717 -17.774805 -0.000503 
148 5.011626 0.000000 -0.575877 100.113893 0.139456 -5.034804 -0.004816 
149 5.011626 0.000000 -1.153329 100.086023 0.121906 -6.013449 -0.005339 
150 5.601585 0.000000 -0.575877 100.019691 0.104405 -7.564314 -0.006117 
151 5.011626 0.000000 0.001576 100.113893 0.139456 -5.034804 -0.004816 
152 2.061828 0.000000 1.156480 100.513131 0.244491 -1.024638 -0.010400 
153 0.881909 0.000000 1.156480 100.809194 0.328542 2.899167 -0.017101 
154 2.061828 0.000000 2.311385 100.805267 0.317017 2.933720 -0.017041 
155 3.831707 0.000000 0.579028 100.111541 0.193406 -3.633923 -0.003556 
156 3.241747 0.000000 0.579028 100.513131 0.244491 -1.024638 -0.010400 
157 4.421666 0.000000 0.579028 100.122623 0.157773 -4.419539 -0.004410 
158 3.831707 0.000000 1.156480 100.120623 0.176019 -3.980620 -0.004002 
159 4.126686 0.000000 -0.287150 100.120623 0.176019 -3.980620 -0.004002 
160 3.831707 0.000000 -0.287150 100.111541 0.193406 -3.633923 -0.003556 
161 4.126686 0.000000 -0.575877 100.120623 0.176019 -3.980620 -0.004002 
162 4.421666 0.000000 -0.287150 100.122623 0.157773 -4.419539 -0.004410 
163 4.126686 0.000000 0.001576 99.713172 0.142362 -6.669326 0.001278 
164 2.651788 0.000000 0.579028 100.513131 0.244491 -1.024638 -0.010400 
165 2.061828 0.000000 0.579028 100.513131 0.244491 -1.024638 -0.010400 
166 2.651788 0.000000 0.001576 100.509896 0.242537 -0.545041 -0.010260 
167 2.651788 0.000000 1.156480 100.513131 0.244491 -1.024638 -0.010400 
168 3.536727 0.000000 0.290302 100.159472 0.220119 -2.967763 -0.004078 
169 3.241747 0.000000 0.290302 100.538985 0.241010 -0.804249 -0.010879 
170 3.536727 0.000000 0.001576 100.208039 0.213232 -3.238551 -0.005218 
171 3.831707 0.000000 0.290302 100.111541 0.193406 -3.633923 -0.003556 
172 3.536727 0.000000 0.579028 100.097388 0.209308 -3.347997 -0.003074 
173 -110.030480 0.000000 36.958519 99.317307 0.000559 11.609118 0.000130 
174 -147.787889 0.000000 36.958519 99.321003 0.011874 11.607173 0.000061 
175 -110.030480 0.000000 0.001576 99.317549 -0.000914 11.607658 0.000129 
176 -110.030480 0.000000 73.915463 99.318358 0.001101 11.610194 0.000107 
177 -53.394366 0.000000 18.480048 99.287050 0.011530 11.611069 0.000726 
178 -72.273071 0.000000 18.480048 99.305098 0.003026 11.608827 0.000373 
179 -53.394366 0.000000 0.001576 99.286134 0.001231 11.604013 0.000761 
180 -53.394366 0.000000 36.958519 99.293084 0.014446 11.615899 0.000595 
181 -25.076310 0.000000 9.240812 99.172734 0.104210 11.627610 0.002956 
182 -34.515662 0.000000 9.240812 99.229020 0.037903 11.611346 0.001878 
183 -25.076310 0.000000 0.001576 99.158652 0.036911 11.597227 0.003306 
184 -25.076310 0.000000 18.480048 99.187778 0.121691 11.638663 0.002631 
185 -10.917281 0.000000 4.621194 99.100308 0.490432 11.520609 0.004616 
186 -15.636957 0.000000 4.621194 99.059463 0.251469 11.525973 0.005431 
187 -10.917281 0.000000 0.001576 99.015664 0.193167 11.568578 0.006203 
188 -10.917281 0.000000 9.240812 99.059111 0.646750 11.499202 0.005464 
189 -3.837767 0.000000 2.311385 100.084020 0.901142 12.189282 -0.016620 
190 -6.197605 0.000000 2.311385 99.371740 0.651546 11.850839 -0.001561 
191 -3.837767 0.000000 0.001576 99.221524 0.405534 12.708827 -0.000659 
192 -3.837767 0.000000 4.621194 100.126274 1.295065 11.527009 -0.015982 
193 -0.298010 0.000000 1.156480 100.912369 0.349526 2.985528 -0.019234 
194 -1.477929 0.000000 1.156480 101.760359 0.350038 5.945436 -0.039064 
195 -0.298010 0.000000 0.001576 100.912369 0.349526 2.985528 -0.019234 
196 -0.298010 0.000000 2.311385 101.396628 0.356876 4.715787 -0.030364 
197 1.471868 0.000000 0.579028 100.843663 0.293185 2.245333 -0.017457 
198 0.881909 0.000000 0.579028 100.805267 0.317017 2.933720 -0.017041 
199 1.471868 0.000000 0.001576 100.756837 0.294669 2.012967 -0.015608 
200 1.471868 0.000000 1.156480 100.827412 0.305535 2.764002 -0.017390 
201 2.651788 0.000000 -0.575877 100.513131 0.244491 -1.024638 -0.010400 
202 2.061828 0.000000 -0.575877 100.513131 0.244491 -1.024638 -0.010400 
203 2.651788 0.000000 -1.153329 100.513131 0.244491 -1.024638 -0.010400 
204 2.356808 0.000000 0.290302 100.505811 0.243969 -0.802781 -0.010212 
205 2.061828 0.000000 0.290302 100.490447 0.246470 -0.709044 -0.009889 
206 2.356808 0.000000 0.001576 100.509896 0.242537 -0.545041 -0.010260 
207 2.651788 0.000000 0.290302 100.509896 0.242537 -0.545041 -0.010260 
208 2.356808 0.000000 0.579028 100.513131 0.244491 -1.024638 -0.010400 
209 -110.030480 0.000000 -36.955368 99.319223 -0.002327 11.606784 0.000097 
210 -147.787889 0.000000 -36.955368 99.322030 -0.004131 11.606422 0.000043 
211 -110.030480 0.000000 -73.912312 99.321177 -0.002699 11.606906 0.000058 
212 -53.394366 0.000000 -18.476896 99.292257 -0.009813 11.597958 0.000653 
213 -72.273071 0.000000 -18.476896 99.307975 -0.004516 11.603592 0.000328 
214 -53.394366 0.000000 -36.955368 99.302135 -0.014223 11.596228 0.000461 
215 -25.076310 0.000000 -9.237660 99.161976 -0.037985 11.578700 0.003283 
216 -34.515662 0.000000 -9.237660 99.233480 -0.014213 11.586945 0.001846 
217 -25.076310 0.000000 -18.476896 99.194529 -0.070758 11.554721 0.002693 
218 -10.917281 0.000000 -4.618042 98.888387 -0.107935 11.476873 0.008936 
219 -15.636957 0.000000 -4.618042 99.027951 -0.039883 11.477186 0.006174 
220 -10.917281 0.000000 -9.237660 98.909295 -0.303460 11.375010 0.008747 
221 -3.837767 0.000000 -2.308233 98.292431 -0.078455 12.277046 0.018787 
222 -6.197605 0.000000 -2.308233 98.704290 0.019466 11.866016 0.011666 
223 -3.837767 0.000000 -4.618042 98.116561 -0.465556 11.651358 0.023717 
224 -0.298010 0.000000 -1.153329 100.912369 0.349526 2.985528 -0.019234 
225 -1.477929 0.000000 -1.153329 101.760359 0.350038 5.945436 -0.039064 
226 -0.298010 0.000000 -2.308233 101.396628 0.356876 4.715787 -0.030364 
227 1.471868 0.000000 -0.575877 100.843663 0.293185 2.245333 -0.017457 
228 0.881909 0.000000 -0.575877 100.805267 0.317017 2.933720 -0.017041 
229 1.471868 0.000000 -1.153329 100.827412 0.305535 2.764002 -0.017390 
230 0.291949 0.000000 -0.575877 100.845325 0.339835 2.855548 -0.017805 
231 -0.298010 0.000000 -0.575877 100.912369 0.349526 2.985528 -0.019234 
232 0.291949 0.000000 -1.153329 100.845325 0.339835 2.855548 -0.017805 
233 0.291949 0.000000 0.001576 100.653427 0.339921 2.341816 -0.013671 
234 0.291949 0.000000 0.579028 100.809194 0.328542 2.899167 -0.017101 
235 -0.298010 0.000000 0.579028 100.912369 0.349526 2.985528 -0.019234 
236 0.291949 0.000000 1.156480 100.845325 0.339835 2.855548 -0.017805 
237 0.586929 0.000000 -0.287150 100.809194 0.328542 2.899167 -0.017101 
238 0.291949 0.000000 -0.287150 100.809194 0.328542 2.899167 -0.017101 
239 0.586929 0.000000 -0.575877 100.809194 0.328542 2.899167 -0.017101 
240 0.881909 0.000000 -0.287150 100.742292 0.320667 2.674127 -0.015626 
241 0.586929 0.000000 0.001576 100.664613 0.337824 2.382171 -0.013915 
242 -2.657848 0.000000 -1.153329 98.288558 0.106872 13.270672 0.016324 
243 -3.837767 0.000000 -1.153329 98.674953 0.151143 12.591752 0.010468 
244 -2.657848 0.000000 -2.308233 97.761985 -0.187713 12.586545 0.028414 
245 -2.657848 0.000000 0.001576 99.358711 0.434074 13.598955 -0.005727 
246 -0.887970 0.000000 -0.575877 101.015212 0.355985 3.340233 -0.021536 
247 -1.477929 0.000000 -0.575877 101.396628 0.356876 4.715787 -0.030364 
248 -0.887970 0.000000 -1.153329 101.167311 0.358610 3.901998 -0.025018 
249 -0.887970 0.000000 0.001576 101.015212 0.355985 3.340233 -0.021536 
250 -0.003030 0.000000 -0.287150 100.845325 0.339835 2.855548 -0.017805 
251 -0.298010 0.000000 -0.287150 100.912369 0.349526 2.985528 -0.019234 
252 -0.003030 0.000000 -0.575877 100.845325 0.339835 2.855548 -0.017805 
253 -0.003030 0.000000 0.001576 101.172551 0.338048 3.739073 -0.024998 
254 0.586929 0.000000 0.290302 100.809194 0.328542 2.899167 -0.017101 
255 0.291949 0.000000 0.290302 100.809194 0.328542 2.899167 -0.017101 
256 0.881909 0.000000 0.290302 100.742292 0.320667 2.674127 -0.015626 
257 0.586929 0.000000 0.579028 100.809194 0.328542 2.899167 -0.017101 
258 0.439439 0.000000 -0.142787 100.664613 0.337824 2.382171 -0.013915 
259 0.291949 0.000000 -0.142787 100.725769 0.334559 2.612594 -0.015262 
260 0.439439 0.000000 -0.287150 100.809194 0.328542 2.899167 -0.017101 
261 0.586929 0.000000 -0.142787 100.734894 0.332651 2.621744 -0.015450 
262 0.439439 0.000000 0.001576 100.664613 0.337824 2.382171 -0.013915 
263 -2.657848 0.000000 1.156480 100.409974 0.764481 13.187456 -0.025666 
264 -3.837767 0.000000 1.156480 99.754638 0.661349 12.541937 -0.010873 
265 -2.657848 0.000000 2.311385 100.881324 1.067852 12.430815 -0.033271 
266 -0.887970 0.000000 0.579028 101.015212 0.355985 3.340233 -0.021536 
267 -1.477929 0.000000 0.579028 101.396628 0.356876 4.715787 -0.030364 
268 -0.887970 0.000000 1.156480 101.167311 0.358610 3.901998 -0.025018 
269 -0.003030 0.000000 0.290302 100.845325 0.339835 2.855548 -0.017805 
270 -0.298010 0.000000 0.290302 100.912369 0.349526 2.985528 -0.019234 
271 -0.003030 0.000000 0.579028 100.845325 0.339835 2.855548 -0.017805 
272 0.144460 0.000000 0.145939 100.845325 0.339835 2.855548 -0.017805 
273 -0.003030 0.000000 0.145939 100.845325 0.339835 2.855548 -0.017805 
274 0.144460 0.000000 0.001576 100.805451 0.348152 2.023883 -0.016596 
275 0.291949 0.000000 0.145939 100.725769 0.334559 2.612594 -0.015262 
276 0.144460 0.000000 0.290302 100.845325 0.339835 2.855548 -0.017805 
277 -0.592990 0.000000 0.290302 100.912369 0.349526 2.985528 -0.019234 
278 -0.887970 0.000000 0.290302 101.015212 0.355985 3.340233 -0.021536 
279 -0.592990 0.000000 0.001576 100.912369 0.349526 2.985528 -0.019234 
280 -0.592990 0.000000 0.579028 100.912369 0.349526 2.985528 -0.019234 
281 -0.150520 0.000000 0.145939 100.845325 0.339835 2.855548 -0.017805 
282 -0.298010 0.000000 0.145939 100.912369 0.349526 2.985528 -0.019234 
283 -0.150520 0.000000 0.001576 100.845325 0.339835 2.855548 -0.017805 
284 -0.150520 0.000000 0.290302 100.845325 0.339835 2.855548 -0.017805 
285 0.144460 0.000000 -0.142787 100.845325 0.339835 2.855548 -0.017805 
286 -0.003030 0.000000 -0.142787 100.845325 0.339835 2.855548 -0.017805 
287 0.144460 0.000000 -0.287150 100.845325 0.339835 2.855548 -0.017805 
288 0.070715 0.000000 0.073757 100.900230 0.343077 2.289945 -0.018622 
289 -0.003030 0.000000 0.073757 100.845325 0.339835 2.855548 -0.017805 
290 0.070715 0.000000 0.001576 100.805451 0.348152 2.023883 -0.016596 
291 0.144460 0.000000 0.073757 100.805451 0.348152 2.023883 -0.016596 
292 0.070715 0.000000 0.145939 100.845325 0.339835 2.855548 -0.017805 
293 3.536727 0.000000 -0.287150 100.080250 0.223732 -3.124684 -0.002587 
294 3.241747 0.000000 -0.287150 100.538985 0.241010 -0.804249 -0.010879 
295 3.536727 0.000000 -0.575877 100.097388 0.209308 -3.347997 -0.003074 
296 116.513974 0.000000 36.958519 99.225472 3.021017 12.378877 -0.000806 
297 154.271383 0.000000 36.958519 99.295847 4.662991 11.817770 -0.002107 
298 116.513974 0.000000 73.915463 99.294450 0.186321 11.804570 0.000123 
299 59.877860 0.000000 18.480048 99.744831 7.443612 7.433795 -0.005970 
300 78.756565 0.000000 18.480048 100.032961 7.059824 5.291158 -0.008443 
301 59.877860 0.000000 36.958519 99.187020 1.574860 12.363349 0.000660 
302 31.559804 0.000000 9.240812 100.001051 4.033897 2.983968 -0.002539 
303 40.999156 0.000000 9.240812 100.143164 3.088278 2.910990 -0.004666 
304 31.559804 0.000000 18.480048 99.244294 6.354113 10.000752 0.001018 
305 17.400775 0.000000 4.621194 100.892276 1.429137 3.535537 -0.019379 
306 22.120451 0.000000 4.621194 100.112074 0.941830 3.829883 -0.003798 
307 17.400775 0.000000 9.240812 100.491401 5.221431 4.086830 -0.014249 
308 10.321261 0.000000 2.311385 102.339758 2.030443 3.182249 -0.048768 
309 12.681099 0.000000 2.311385 101.848889 1.357016 3.597301 -0.038798 
310 10.321261 0.000000 4.621194 102.389008 3.400843 3.511939 -0.050741 
311 6.781504 0.000000 1.156480 102.687368 2.543135 1.343945 -0.055297 
312 7.961423 0.000000 1.156480 102.340312 2.345223 2.200296 -0.048388 
313 6.781504 0.000000 2.311385 103.309414 2.796497 2.350746 -0.068618 
314 5.011626 0.000000 0.579028 100.113893 0.139456 -5.034804 -0.004816 
315 5.601585 0.000000 0.579028 100.019691 0.104405 -7.564314 -0.006117 
316 5.011626 0.000000 1.156480 100.086023 0.121906 -6.013449 -0.005339 
317 4.126686 0.000000 0.290302 100.120623 0.176019 -3.980620 -0.004002 
318 4.421666 0.000000 0.290302 100.122623 0.157773 -4.419539 -0.004410 
319 4.126686 0.000000 0.579028 100.120623 0.176019 -3.980620 -0.004002 
320 3.979196 0.000000 -0.142787 100.111541 0.193406 -3.633923 -0.003556 
321 3.831707 0.000000 -0.142787 100.176244 0.187024 -3.916895 -0.005066 
322 3.979196 0.000000 -0.287150 100.111541 0.193406 -3.633923 -0.003556 
323 4.126686 0.000000 -0.142787 100.120623 0.176019 -3.980620 -0.004002 
324 3.979196 0.000000 0.001576 99.969832 0.168784 -5.449743 -0.002370 
325 4.716646 0.000000 -0.287150 100.113893 0.139456 -5.034804 -0.004816 
326 4.716646 0.000000 -0.575877 100.113893 0.139456 -5.034804 -0.004816 
327 5.011626 0.000000 -0.287150 100.113893 0.139456 -5.034804 -0.004816 
328 4.716646 0.000000 0.001576 100.122623 0.157773 -4.419539 -0.004410 
329 4.274176 0.000000 -0.142787 100.120623 0.176019 -3.980620 -0.004002 
330 4.274176 0.000000 -0.287150 100.120623 0.176019 -3.980620 -0.004002 
331 4.421666 0.000000 -0.142787 100.122623 0.157773 -4.419539 -0.004410 
332 4.274176 0.000000 0.001576 100.120623 0.176019 -3.980620 -0.004002 
333 3.979196 0.000000 0.145939 100.090934 0.183057 -4.417620 -0.003774 
334 3.831707 0.000000 0.145939 100.152245 0.177961 -4.618540 -0.005183 
335 4.126686 0.000000 0.145939 100.120623 0.176019 -3.980620 -0.004002 
336 3.979196 0.000000 0.290302 100.111541 0.193406 -3.633923 -0.003556 
337 4.052941 0.000000 -0.070606 99.965591 0.152242 -5.889977 -0.002783 
338 3.979196 0.000000 -0.070606 99.969832 0.168784 -5.449743 -0.002370 
339 4.052941 0.000000 -0.142787 100.120623 0.176019 -3.980620 -0.004002 
340 4.126686 0.000000 -0.070606 99.713172 0.142362 -6.669326 0.001278 
341 4.052941 0.000000 0.001576 99.965591 0.152242 -5.889977 -0.002783 
342 4.716646 0.000000 0.290302 100.113893 0.139456 -5.034804 -0.004816 
343 5.011626 0.000000 0.290302 100.113893 0.139456 -5.034804 -0.004816 
344 4.716646 0.000000 0.579028 100.113893 0.139456 -5.034804 -0.004816 
345 4.274176 0.000000 0.145939 100.120623 0.176019 -3.980620 -0.004002 
346 4.421666 0.000000 0.145939 100.122623 0.157773 -4.419539 -0.004410 
347 4.274176 0.000000 0.290302 100.120623 0.176019 -3.980620 -0.004002 
348 4.200431 0.000000 -0.070606 99.821951 0.155531 -5.654243 0.000358 
349 4.200431 0.000000 -0.142787 100.120623 0.176019 -3.980620 -0.004002 
350 4.274176 0.000000 -0.070606 100.120623 0.176019 -3.980620 -0.004002 
351 4.200431 0.000000 0.001576 99.821951 0.155531 -5.654243 0.000358 
352 4.200431 0.000000 0.073757 100.120623 0.176019 -3.980620 -0.004002 
353 4.126686 0.000000 0.073757 99.974803 0.159790 -5.240130 -0.002245 
354 4.274176 0.000000 0.073757 100.120623 0.176019 -3.980620 -0.004002 
355 4.200431 0.000000 0.145939 100.120623 0.176019 -3.980620 -0.004002 
356 4.163559 0.000000 -0.034515 99.713172 0.142362 -6.669326 0.001278 
357 4.126686 0.000000 -0.034515 99.713172 0.142362 -6.669326 0.001278 
358 4.163559 0.000000 -0.070606 99.821951 0.155531 -5.654243 0.000358 
359 4.200431 0.000000 -0.034515 99.821951 0.155531 -5.654243 0.000358 
360 4.163559 0.000000 0.001576 99.713172 0.142362 -6.669326 0.001278 
361 40.999156 0.000000 -110.869255 99.321922 -0.021314 11.595802 0.000069 
362 3.241747 0.000000 -110.869255 99.320779 -0.015407 11.599230 0.000084 
363 40.999156 0.000000 -147.826199 99.324358 -0.067030 11.600715 0.000009 
364 78.756565 0.000000 -110.869255 99.323344 -0.023931 11.594516 0.000044 
365 22.120451 0.000000 -55.433840 99.296531 -0.143787 11.498853 0.000795 
366 3.241747 0.000000 -55.433840 99.288631 -0.100734 11.532115 0.000877 
367 22.120451 0.000000 -73.912312 99.312539 -0.061209 11.563861 0.000329 
368 40.999156 0.000000 -55.433840 99.310562 -0.163892 11.481908 0.000555 
369 12.681099 0.000000 -27.716132 99.194084 -0.913260 11.079887 0.003694 
370 3.241747 0.000000 -27.716132 99.175836 -0.626703 11.222979 0.003781 
371 12.681099 0.000000 -36.955368 99.220636 -0.400592 11.325302 0.002684 
372 22.120451 0.000000 -27.716132 99.183453 -1.054953 10.943714 0.004176 
373 7.961423 0.000000 -13.857278 98.877824 -2.826236 10.554690 0.010379 
374 3.241747 0.000000 -13.857278 98.776624 -1.863428 10.718708 0.012482 
375 7.961423 0.000000 -18.476896 98.990314 -1.872778 10.769911 0.008142 
376 12.681099 0.000000 -13.857278 98.968793 -3.679016 10.540875 0.008053 
377 5.601585 0.000000 -6.927851 98.320445 -3.510227 9.222422 0.023572 
378 3.241747 0.000000 -6.927851 97.756990 -2.629805 9.664978 0.034324 
379 5.601585 0.000000 -9.237660 98.659629 -3.135609 10.048547 0.015547 
380 7.961423 0.000000 -6.927851 98.904931 -4.318685 9.264097 0.011334 
381 4.421666 0.000000 -3.463138 96.834567 -2.858237 6.291269 0.057532 
382 3.241747 0.000000 -3.463138 95.826073 -2.329139 7.182633 0.076035 
383 4.421666 0.000000 -4.618042 97.361984 -3.003856 7.761280 0.045138 
384 5.601585 0.000000 -3.463138 97.961856 -3.350947 5.953450 0.035680 
385 3.831707 0.000000 -1.730781 100.122623 0.157773 -4.419539 -0.004410 
386 3.241747 0.000000 -1.730781 100.111541 0.193406 -3.633923 -0.003556 
387 3.831707 0.000000 -2.308233 100.086023 0.121906 -6.013449 -0.005339 
388 4.421666 0.000000 -1.730781 100.113893 0.139456 -5.034804 -0.004816 
389 4.126686 0.000000 -0.864603 100.120623 0.176019 -3.980620 -0.004002 
390 3.831707 0.000000 -0.864603 100.111541 0.193406 -3.633923 -0.003556 
391 4.126686 0.000000 -1.153329 100.122623 0.157773 -4.419539 -0.004410 
392 4.421666 0.000000 -0.864603 100.122623 0.157773 -4.419539 -0.004410 
393 4.274176 0.000000 -0.431513 100.120623 0.176019 -3.980620 -0.004002 
394 4.126686 0.000000 -0.431513 100.120623 0.176019 -3.980620 -0.004002 
395 4.274176 0.000000 -0.575877 100.120623 0.176019 -3.980620 -0.004002 
396 4.421666 0.000000 -0.431513 100.122623 0.157773 -4.419539 -0.004410 
397 4.200431 0.000000 -0.214969 100.120623 0.176019 -3.980620 -0.004002 
398 4.126686 0.000000 -0.214969 100.120623 0.176019 -3.980620 -0.004002 
399 4.200431 0.000000 -0.287150 100.120623 0.176019 -3.980620 -0.004002 
400 4.274176 0.000000 -0.214969 100.120623 0.176019 -3.980620 -0.004002 
401 4.163559 0.000000 -0.106697 99.821951 0.155531 -5.654243 0.000358 
402 4.126686 0.000000 -0.106697 99.821951 0.155531 -5.654243 0.000358 
403 4.163559 0.000000 -0.142787 100.120623 0.176019 -3.980620 -0.004002 
404 4.200431 0.000000 -0.106697 100.120623 0.176019 -3.980620 -0.004002 
405 4.569156 0.000000 -0.142787 100.122623 0.157773 -4.419539 -0.004410 
406 4.569156 0.000000 -0.287150 100.122623 0.157773 -4.419539 -0.004410 
407 4.716646 0.000000 -0.142787 100.113893 0.139456 -5.034804 -0.004816 
408 4.569156 0.000000 0.001576 100.122623 0.157773 -4.419539 -0.004410 
409 4.347921 0.000000 -0.070606 100.122623 0.157773 -4.419539 -0.004410 
410 4.347921 0.000000 -0.142787 100.122623 0.157773 -4.419539 -0.004410 
411 4.421666 0.000000 -0.070606 100.122623 0.157773 -4.419539 -0.004410 
412 4.347921 0.000000 0.001576 100.122623 0.157773 -4.419539 -0.004410 
413 4.237304 0.000000 -0.034515 100.120623 0.176019 -3.980620 -0.004002 
414 4.237304 0.000000 -0.070606 100.120623 0.176019 -3.980620 -0.004002 
415 4.274176 0.000000 -0.034515 100.120623 0.176019 -3.980620 -0.004002 
416 4.237304 0.000000 0.001576 100.120623 0.176019 -3.980620 -0.004002 
417 4.181995 0.000000 -0.052560 99.821951 0.155531 -5.654243 0.000358 
418 4.163559 0.000000 -0.052560 99.821951 0.155531 -5.654243 0.000358 
419 4.181995 0.000000 -0.070606 99.821951 0.155531 -5.654243 0.000358 
420 4.200431 0.000000 -0.052560 99.821951 0.155531 -5.654243 0.000358 
421 4.181995 0.000000 -0.034515 99.821951 0.155531 -5.654243 0.000358 
422 4.237304 0.000000 -0.106697 100.120623 0.176019 -3.980620 -0.004002 
423 4.237304 0.000000 -0.142787 100.120623 0.176019 -3.980620 -0.004002 
424 4.274176 0.000000 -0.106697 100.120623 0.176019 -3.980620 -0.004002 
425 4.218867 0.000000 -0.052560 99.821951 0.155531 -5.654243 0.000358 
426 4.218867 0.000000 -0.070606 100.120623 0.176019 -3.980620 -0.004002 
427 4.237304 0.000000 -0.052560 100.120623 0.176019 -3.980620 -0.004002 
428 4.218867 0.000000 -0.034515 99.821951 0.155531 -5.654243 0.000358 
429 4.052941 0.000000 0.073757 99.965591 0.152242 -5.889977 -0.002783 
430 3.979196 0.000000 0.073757 99.969832 0.168784 -5.449743 -0.002370 
431 4.052941 0.000000 0.145939 100.120623 0.176019 -3.980620 -0.004002 
432 4.163559 0.000000 0.037666 99.821951 0.155531 -5.654243 0.000358 
433 4.126686 0.000000 0.037666 99.713172 0.142362 -6.669326 0.001278 
434 4.200431 0.000000 0.037666 100.120623 0.176019 -3.980620 -0.004002 
435 4.163559 0.000000 0.073757 100.120623 0.176019 -3.980620 -0.004002 
436 4.181995 0.000000 -0.016470 99.821951 0.155531 -5.654243 0.000358 
437 4.163559 0.000000 -0.016470 99.713172 0.142362 -6.669326 0.001278 
438 4.200431 0.000000 -0.016470 99.821951 0.155531 -5.654243 0.000358 
439 4.181995 0.000000 0.001576 99.821951 0.155531 -5.654243 0.000358 
440 4.191213 0.000000 -0.043538 99.821951 0.155531 -5.654243 0.000358 
441 4.181995 0.000000 -0.043538 99.821951 0.155531 -5.654243 0.000358 
442 4.191213 0.000000 -0.052560 99.821951 0.155531 -5.654243 0.000358 
443 4.200431 0.000000 -0.043538 99.821951 0.155531 -5.654243 0.000358 
444 4.191213 0.000000 -0.034515 99.821951 0.155531 -5.654243 0.000358 
445 4.569156 0.000000 0.145939 100.122623 0.157773 -4.419539 -0.004410 
446 4.716646 0.000000 0.145939 100.113893 0.139456 -5.034804 -0.004816 
447 4.569156 0.000000 0.290302 100.122623 0.157773 -4.419539 -0.004410 
448 4.347921 0.000000 0.073757 100.122623 0.157773 -4.419539 -0.004410 
449 4.421666 0.000000 0.073757 100.122623 0.157773 -4.419539 -0.004410 
450 4.347921 0.000000 0.145939 100.122623 0.157773 -4.419539 -0.004410 
451 4.311049 0.000000 -0.034515 100.120623 0.176019 -3.980620 -0.004002 
452 4.311049 0.000000 -0.070606 100.120623 0.176019 -3.980620 -0.004002 
453 4.347921 0.000000 -0.034515 100.122623 0.157773 -4.419539 -0.004410 
454 4.311049 0.000000 0.001576 100.120623 0.176019 -3.980620 -0.004002 
455 4.495411 0.000000 -0.070606 100.122623 0.157773 -4.419539 -0.004410 
456 4.495411 0.000000 -0.142787 100.122623 0.157773 -4.419539 -0.004410 
457 4.569156 0.000000 -0.070606 100.122623 0.157773 -4.419539 -0.004410 
458 4.495411 0.000000 0.001576 100.122623 0.157773 -4.419539 -0.004410 
459 6.191545 0.000000 -0.575877 99.570286 0.061358 -12.390558 -0.006777 
460 6.191545 0.000000 -1.153329 99.570286 0.061358 -12.390558 -0.006777 
461 6.781504 0.000000 -0.575877 97.675922 -0.025925 -20.112852 0.005489 
462 6.191545 0.000000 0.001576 99.870430 0.084934 -9.733028 -0.006884 
463 5.306605 0.000000 -0.287150 100.086023 0.121906 -6.013449 -0.005339 
464 5.306605 0.000000 -0.575877 100.086023 0.121906 -6.013449 -0.005339 
465 5.601585 0.000000 -0.287150 100.019691 0.104405 -7.564314 -0.006117 
466 5.306605 0.000000 0.001576 100.086023 0.121906 -6.013449 -0.005339 
467 4.864136 0.000000 -0.142787 100.113893 0.139456 -5.034804 -0.004816 
468 4.864136 0.000000 -0.287150 100.113893 0.139456 -5.034804 -0.004816 
469 5.011626 0.000000 -0.142787 100.113893 0.139456 -5.034804 -0.004816 
470 4.864136 0.000000 0.001576 100.113893 0.139456 -5.034804 -0.004816 
471 4.642901 0.000000 -0.070606 100.122623 0.157773 -4.419539 -0.004410 
472 4.642901 0.000000 -0.142787 100.122623 0.157773 -4.419539 -0.004410 
473 4.716646 0.000000 -0.070606 100.122623 0.157773 -4.419539 -0.004410 
474 4.642901 0.000000 0.001576 100.122623 0.157773 -4.419539 -0.004410 
475 6.191545 0.000000 0.579028 99.570286 0.061358 -12.390558 -0.006777 
476 6.781504 0.000000 0.579028 97.675922 -0.025925 -20.112852 0.005489 
477 6.191545 0.000000 1.156480 99.570286 0.061358 -12.390558 -0.006777 
478 5.306605 0.000000 0.290302 100.086023 0.121906 -6.013449 -0.005339 
479 5.601585 0.000000 0.290302 100.019691 0.104405 -7.564314 -0.006117 
480 5.306605 0.000000 0.579028 100.086023 0.121906 -6.013449 -0.005339 
481 5.159115 0.000000 -0.142787 100.086023 0.121906 -6.013449 -0.005339 
482 5.159115 0.000000 -0.287150 100.086023 0.121906 -6.013449 -0.005339 
483 5.306605 0.000000 -0.142787 100.086023 0.121906 -6.013449 -0.005339 
484 5.159115 0.000000 0.001576 100.086023 0.121906 -6.013449 -0.005339 
485 4.864136 0.000000 0.145939 100.113893 0.139456 -5.034804 -0.004816 
486 5.011626 0.000000 0.145939 100.113893 0.139456 -5.034804 -0.004816 
487 4.864136 0.000000 0.290302 100.113893 0.139456 -5.034804 -0.004816 
488 4.937881 0.000000 -0.070606 100.113893 0.139456 -5.034804 -0.004816 
489 4.864136 0.000000 -0.070606 100.113893 0.139456 -5.034804 -0.004816 
490 4.937881 0.000000 -0.142787 100.113893 0.139456 -5.034804 -0.004816 
491 5.011626 0.000000 -0.070606 100.113893 0.139456 -5.034804 -0.004816 
492 4.937881 0.000000 0.001576 100.113893 0.139456 -5.034804 -0.004816 
493 5.896565 0.000000 -0.287150 100.019691 0.104405 -7.564314 -0.006117 
494 5.896565 0.000000 -0.575877 99.870430 0.084934 -9.733028 -0.006884 
495 6.191545 0.000000 -0.287150 99.870430 0.084934 -9.733028 -0.006884 
496 5.896565 0.000000 0.001576 100.019691 0.104405 -7.564314 -0.006117 
497 5.454095 0.000000 -0.142787 100.086023 0.121906 -6.013449 -0.005339 
498 5.454095 0.000000 -0.287150 100.086023 0.121906 -6.013449 -0.005339 
499 5.601585 0.000000 -0.142787 100.019691 0.104405 -7.564314 -0.006117 
500 5.454095 0.000000 0.001576 100.086023 0.121906 -6.013449 -0.005339 
501 5.896565 0.000000 0.290302 100.019691 0.104405 -7.564314 -0.006117 
502 6.191545 0.000000 0.290302 99.870430 0.084934 -9.733028 -0.006884 
503 5.896565 0.000000 0.579028 99.870430 0.084934 -9.733028 -0.006884 
504 5.749075 0.000000 -0.142787 100.019691 0.104405 -7.564314 -0.006117 
505 5.749075 0.000000 -0.287150 100.019691 0.104405 -7.564314 -0.006117 
506 5.896565 0.000000 -0.142787 100.019691 0.104405 -7.564314 -0.006117 
507 5.749075 0.000000 0.001576 100.019691 0.104405 -7.564314 -0.006117 
508 9.141342 0.000000 -1.153329 101.039349 -4.037471 4.051003 -0.024166 
509 9.141342 0.000000 -2.308233 100.442040 -4.227599 5.438853 -0.013606 
510 10.321261 0.000000 -1.153329 101.138074 -4.275781 4.657553 -0.026889 
511 9.141342 0.000000 0.001576 103.905587 -56.514029 -15.517174 -0.423099 
512 7.371464 0.000000 -0.575877 101.003452 -4.738941 1.977142 -0.022806 
513 7.371464 0.000000 -1.153329 100.477283 -3.638410 2.850692 -0.011705 
514 7.961423 0.000000 -0.575877 101.192408 -4.836486 2.535791 -0.026973 
515 7.371464 0.000000 0.001576 101.730399 10.210844 -35.209212 -0.169302 
516 6.486524 0.000000 -0.287150 99.080825 0.033483 -15.194515 -0.004788 
517 6.486524 0.000000 -0.575877 99.080825 0.033483 -15.194515 -0.004788 
518 6.781504 0.000000 -0.287150 98.433179 0.003717 -17.774805 -0.000503 
519 6.486524 0.000000 0.001576 99.570286 0.061358 -12.390558 -0.006777 
520 9.141342 0.000000 1.156480 102.154053 2.109124 2.814695 -0.044782 
521 10.321261 0.000000 1.156480 102.015630 1.883034 3.284109 -0.042152 
522 9.141342 0.000000 2.311385 102.556554 2.348306 2.940975 -0.053201 
523 7.371464 0.000000 0.579028 101.989370 3.423548 1.477601 -0.041574 
524 7.961423 0.000000 0.579028 101.925995 3.356067 1.993363 -0.040415 
525 7.371464 0.000000 1.156480 102.467152 2.457256 1.802306 -0.050880 
526 6.486524 0.000000 0.290302 99.570286 0.061358 -12.390558 -0.006777 
527 6.781504 0.000000 0.290302 98.433179 0.003717 -17.774805 -0.000503 
528 6.486524 0.000000 0.579028 99.080825 0.033483 -15.194515 -0.004788 
529 6.339034 0.000000 -0.142787 99.570286 0.061358 -12.390558 -0.006777 
530 6.191545 0.000000 -0.142787 99.870430 0.084934 -9.733028 -0.006884 
531 6.339034 0.000000 -0.287150 99.570286 0.061358 -12.390558 -0.006777 
532 6.486524 0.000000 -0.142787 99.570286 0.061358 -12.390558 -0.006777 
533 6.339034 0.000000 0.001576 99.570286 0.061358 -12.390558 -0.006777 
534 7.076484 0.000000 -0.287150 101.237321 -7.839968 0.391692 -0.031061 
535 7.076484 0.000000 -0.575877 100.883223 -4.686920 1.663721 -0.020216 
536 7.371464 0.000000 -0.287150 101.333679 -7.858168 0.806531 -0.033092 
537 7.076484 0.000000 0.001576 101.712786 10.600686 -32.057576 -0.148555 
538 6.634014 0.000000 -0.142787 99.080825 0.033483 -15.194515 -0.004788 
539 6.634014 0.000000 -0.287150 99.080825 0.033483 -15.194515 -0.004788 
540 6.781504 0.000000 -0.142787 98.433179 0.003717 -17.774805 -0.000503 
541 6.634014 0.000000 0.001576 99.080825 0.033483 -15.194515 -0.004788 
542 8.551383 0.000000 -0.575877 101.317111 -4.905508 3.027074 -0.029838 
543 8.551383 0.000000 -1.153329 100.919783 -3.911374 3.698447 -0.021378 
544 9.141342 0.000000 -0.575877 101.389148 -4.928289 3.455924 -0.031599 
545 8.551383 0.000000 0.001576 105.042486 -11.065023 -76.329129 -0.698249 
546 7.666443 0.000000 -0.287150 101.419106 -7.883908 1.210379 -0.034946 
547 7.666443 0.000000 -0.575877 101.107203 -4.788654 2.265821 -0.025073 
548 7.961423 0.000000 -0.287150 101.494806 -7.903269 1.612457 -0.036626 
549 7.666443 0.000000 0.001576 101.776249 10.000363 -39.795579 -0.204210 
550 8.551383 0.000000 0.579028 101.894601 3.315924 2.438044 -0.039945 
551 9.141342 0.000000 0.579028 101.852857 3.310515 2.837377 -0.039301 
552 8.551383 0.000000 1.156480 102.237619 2.240393 2.524403 -0.046392 
553 7.666443 0.000000 0.290302 101.671653 6.132930 1.086632 -0.037592 
554 7.371464 0.000000 0.290302 101.690979 6.093523 0.753446 -0.037875 
555 7.961423 0.000000 0.290302 101.657095 6.179657 1.424330 -0.037438 
556 7.666443 0.000000 0.579028 101.953598 3.388793 1.744992 -0.040907 
557 7.518954 0.000000 -0.142787 101.654455 -13.994863 -2.609483 -0.053629 
558 7.371464 0.000000 -0.142787 101.608759 -13.938748 -3.018805 -0.052774 
559 7.518954 0.000000 -0.287150 101.377529 -7.870872 1.009076 -0.034037 
560 7.666443 0.000000 -0.142787 101.692745 -14.079813 -2.172258 -0.054437 
561 7.518954 0.000000 0.001576 101.752770 10.064189 -37.241030 -0.184181 
562 15.040937 0.000000 2.311385 101.231835 0.808972 4.170752 -0.026593 
563 15.040937 0.000000 0.001576 100.785767 -6.303534 5.715747 -0.023018 
564 17.400775 0.000000 2.311385 100.673299 0.545350 4.508247 -0.015573 
565 15.040937 0.000000 4.621194 101.412911 1.953884 3.466814 -0.030042 
566 11.501180 0.000000 1.156480 101.835619 1.687722 3.661654 -0.038675 
567 11.501180 0.000000 0.001576 101.523055 -11.741483 5.623381 -0.047642 
568 12.681099 0.000000 1.156480 101.606433 1.568185 3.995601 -0.034229 
569 11.501180 0.000000 2.311385 102.101321 1.680667 3.401369 -0.043907 
570 9.731302 0.000000 0.579028 101.818164 3.382416 3.188919 -0.038855 
571 9.731302 0.000000 0.001576 102.158015 -30.964490 4.299472 -0.141355 
572 10.321261 0.000000 0.579028 101.774919 3.514738 3.517025 -0.038286 
573 9.731302 0.000000 1.156480 102.089212 1.993325 3.066060 -0.043558 
574 8.846362 0.000000 0.290302 101.641541 6.640064 2.377277 -0.038074 
575 8.551383 0.000000 0.290302 101.645586 6.387002 2.078581 -0.037694 
576 8.846362 0.000000 0.001576 105.987203 -56.648515 -56.985313 -0.768967 
577 9.141342 0.000000 0.290302 101.628248 6.994790 2.682366 -0.038442 
578 8.846362 0.000000 0.579028 101.868762 3.295005 2.648139 -0.039511 
579 15.040937 0.000000 -2.308233 100.219640 -5.189437 7.818492 -0.013204 
580 15.040937 0.000000 -4.618042 99.704497 -5.669322 9.690037 -0.006702 
581 17.400775 0.000000 -2.308233 99.847938 -5.332425 8.345344 -0.006769 
582 11.501180 0.000000 -1.153329 101.092833 -4.495964 5.173135 -0.026674 
583 11.501180 0.000000 -2.308233 100.627186 -4.755926 6.453833 -0.019010 
584 12.681099 0.000000 -1.153329 100.945977 -4.686005 5.627729 -0.024372 
585 9.731302 0.000000 -0.575877 101.419251 -4.934784 3.824736 -0.032485 
586 9.731302 0.000000 -1.153329 101.109873 -4.158019 4.368463 -0.025958 
587 10.321261 0.000000 -0.575877 101.416746 -4.939038 4.140918 -0.032690 
588 9.436322 0.000000 0.290302 101.612835 7.442441 3.007203 -0.038960 
589 9.436322 0.000000 0.001576 102.702680 -41.538105 -0.146039 -0.227328 
590 9.731302 0.000000 0.290302 101.593595 8.005280 3.357832 -0.039662 
591 9.436322 0.000000 0.579028 101.836373 3.339494 3.017370 -0.039090 
592 9.436322 0.000000 -0.287150 101.617099 -7.255148 3.381595 -0.039011 
593 9.141342 0.000000 -0.287150 101.621526 -7.458985 3.094397 -0.039215 
594 9.436322 0.000000 -0.575877 101.408446 -4.930868 3.647175 -0.032129 
595 9.731302 0.000000 -0.287150 101.606050 -7.057473 3.629073 -0.038677 
596 9.288832 0.000000 0.145939 101.366612 17.817741 1.840631 -0.059605 
597 9.141342 0.000000 0.145939 101.401016 16.460023 1.429528 -0.055514 
598 9.288832 0.000000 0.001576 103.186077 -48.818037 -5.547279 -0.306134 
599 9.436322 0.000000 0.145939 101.321628 19.462085 2.350988 -0.065037 
600 9.288832 0.000000 0.290302 101.620820 7.206002 2.842151 -0.038680 
601 10.911221 0.000000 0.579028 101.703979 3.731596 3.835866 -0.037234 
602 10.911221 0.000000 0.001576 101.626205 -14.634743 5.754629 -0.057518 
603 11.501180 0.000000 0.579028 101.609324 4.065157 4.179740 -0.035845 
604 10.911221 0.000000 1.156480 101.931871 1.779362 3.480384 -0.040539 
605 10.026281 0.000000 0.290302 101.565019 8.721697 3.751483 -0.040559 
606 10.026281 0.000000 0.001576 101.897909 -24.262185 5.539293 -0.100252 
607 10.321261 0.000000 0.290302 101.519373 9.645282 4.224609 -0.041706 
608 10.026281 0.000000 0.579028 101.797162 3.441700 3.353439 -0.038575 
609 9.583812 0.000000 0.145939 101.267586 21.463602 3.041267 -0.072506 
610 9.583812 0.000000 0.001576 102.370427 -35.682965 2.786415 -0.176074 
611 9.731302 0.000000 0.145939 101.182724 23.975830 3.962896 -0.082849 
612 9.583812 0.000000 0.290302 101.604167 7.707381 3.178821 -0.039292 
613 10.911221 0.000000 -0.575877 101.384861 -4.946530 4.416117 -0.032286 
614 10.911221 0.000000 -1.153329 101.130601 -4.388966 4.924488 -0.027091 
615 11.501180 0.000000 -0.575877 101.327565 -4.959042 4.663819 -0.031362 
616 10.026281 0.000000 -0.287150 101.588777 -6.865950 3.837563 -0.038215 
617 10.026281 0.000000 -0.575877 101.421197 -4.934982 3.987417 -0.032651 
618 10.321261 0.000000 -0.287150 101.567461 -6.688042 4.016965 -0.037682 
619 9.583812 0.000000 -0.142787 101.768434 -11.044601 3.389064 -0.049028 
620 9.436322 0.000000 -0.142787 101.793621 -11.433758 3.148172 -0.050258 
621 9.583812 0.000000 -0.287150 101.613237 -7.156679 3.511491 -0.038880 
622 9.731302 0.000000 -0.142787 101.743854 -10.672878 3.592475 -0.047863 
623 9.878792 0.000000 0.145939 101.068633 27.146360 5.334317 -0.098025 
624 9.878792 0.000000 0.001576 101.998831 -27.257090 5.136963 -0.117310 
625 10.026281 0.000000 0.145939 100.873407 31.307225 7.425858 -0.121073 
626 9.878792 0.000000 0.290302 101.580863 8.341032 3.547769 -0.040083 
627 9.657557 0.000000 0.073757 97.724157 177.269594 11.324994 -3.110278 
628 9.583812 0.000000 0.073757 99.649421 124.982762 -4.253765 -1.556879 
629 9.657557 0.000000 0.001576 102.246126 -33.177578 3.653542 -0.156837 
630 9.731302 0.000000 0.073757 91.102944 278.759081 86.845287 -8.354848 
631 9.657557 0.000000 0.145939 101.233217 22.649786 3.459070 -0.077314 
632 10.616241 0.000000 0.290302 101.450049 10.841582 4.842878 -0.043311 
633 10.616241 0.000000 0.001576 101.680173 -16.799746 5.814198 -0.065489 
634 10.911221 0.000000 0.290302 101.352033 12.380927 5.723283 -0.045828 
635 10.616241 0.000000 0.579028 101.742521 3.611728 3.675293 -0.037809 
636 13.861018 0.000000 1.156480 101.335444 1.582391 4.314623 -0.028999 
637 13.861018 0.000000 0.001576 101.050850 -7.110792 5.397416 -0.029097 
638 15.040937 0.000000 1.156480 101.022653 1.783131 4.851586 -0.023229 
639 13.861018 0.000000 2.311385 101.567885 1.068577 3.785619 -0.033151 
640 12.091140 0.000000 0.579028 101.492277 4.595696 4.584836 -0.034282 
641 12.091140 0.000000 0.001576 101.410694 -9.873415 5.494243 -0.041180 
642 12.681099 0.000000 0.579028 101.346004 5.442666 5.118326 -0.032683 
643 12.091140 0.000000 1.156480 101.726843 1.614902 3.832081 -0.036564 
644 13.861018 0.000000 -1.153329 100.735600 -4.830976 6.027456 -0.020733 
645 13.861018 0.000000 -2.308233 100.369113 -5.101052 7.279630 -0.015297 
646 15.040937 0.000000 -1.153329 100.521259 -4.924864 6.585803 -0.017215 
647 12.091140 0.000000 -0.575877 101.247181 -4.972536 4.889095 -0.029962 
648 12.091140 0.000000 -1.153329 101.030134 -4.597146 5.408902 -0.025748 
649 12.681099 0.000000 -0.575877 101.151290 -4.986971 5.099359 -0.028246 
650 11.796160 0.000000 0.290302 100.482282 21.003016 13.890502 -0.073076 
651 11.501180 0.000000 0.290302 100.942828 17.211996 9.395922 -0.057399 
652 11.796160 0.000000 0.001576 101.467041 -10.711959 5.554925 -0.044116 
653 12.091140 0.000000 0.290302 99.541632 24.892191 23.594806 -0.108487 
654 11.796160 0.000000 0.579028 101.553794 4.299484 4.371701 -0.035077 
655 13.271059 0.000000 0.579028 101.154214 6.817363 5.947816 -0.031403 
656 13.271059 0.000000 0.001576 101.176821 -7.740655 5.383749 -0.032565 
657 13.861018 0.000000 0.579028 100.870544 9.143317 7.543223 -0.031537 
658 13.271059 0.000000 1.156480 101.475346 1.554722 4.155387 -0.031693 
659 12.386120 0.000000 0.290302 97.760459 20.333493 42.725045 -0.179599 
660 12.386120 0.000000 0.001576 101.354107 -9.185243 5.445832 -0.038668 
661 12.681099 0.000000 0.290302 97.036342 -7.803096 51.288086 -0.210741 
662 12.386120 0.000000 0.579028 101.423493 4.969528 4.828505 -0.033474 
663 13.271059 0.000000 -0.575877 101.038726 -4.999469 5.291221 -0.026182 
664 13.271059 0.000000 -1.153329 100.846354 -4.763943 5.833683 -0.022671 
665 13.861018 0.000000 -0.575877 100.916335 -5.010253 5.470834 -0.023914 
666 12.976079 0.000000 0.290302 98.763503 -23.756042 32.874500 -0.139931 
667 12.976079 0.000000 0.001576 101.237736 -8.140406 5.391487 -0.034441 
668 13.271059 0.000000 0.290302 99.943226 -22.600055 19.550737 -0.088164 
669 12.976079 0.000000 0.579028 101.257425 6.044510 5.478360 -0.031961 
670 26.840128 0.000000 4.621194 99.863320 0.756743 4.146607 0.000955 
671 26.840128 0.000000 0.001576 99.463710 -5.041194 7.432816 0.002631 
672 31.559804 0.000000 4.621194 99.829430 0.651943 4.451678 0.001384 
673 26.840128 0.000000 9.240812 99.968305 4.425850 3.131206 -0.002305 
674 19.760613 0.000000 2.311385 100.236158 0.557687 4.812385 -0.007076 
675 19.760613 0.000000 0.001576 99.934214 -5.118737 6.411020 -0.005415 
676 22.120451 0.000000 2.311385 99.937442 0.754098 5.097399 -0.001404 
677 19.760613 0.000000 4.621194 100.440926 1.142788 3.668091 -0.010314 
678 16.220856 0.000000 1.156480 100.721152 2.337152 5.240111 -0.017767 
679 16.220856 0.000000 0.001576 100.529414 -5.819410 5.885240 -0.017466 
680 17.400775 0.000000 1.156480 100.416264 3.490187 5.818096 -0.012946 
681 16.220856 0.000000 2.311385 100.942532 0.645064 4.351935 -0.020875 
682 14.450978 0.000000 0.579028 100.309754 13.158388 11.846955 -0.037554 
683 14.450978 0.000000 0.001576 100.919677 -6.651421 5.443999 -0.025866 
684 15.040937 0.000000 0.579028 98.661988 16.730780 26.049984 -0.069271 
685 14.450978 0.000000 1.156480 101.166761 1.647205 4.681610 -0.025934 
686 13.566039 0.000000 0.290302 100.446736 -19.026052 13.289564 -0.062815 
687 13.566039 0.000000 0.001576 101.114173 -7.402359 5.386604 -0.030789 
688 13.861018 0.000000 0.290302 100.658956 -16.068813 10.204215 -0.049456 
689 13.566039 0.000000 0.579028 101.029612 7.821523 6.594112 -0.031164 
690 26.840128 0.000000 -4.618042 99.038544 -6.410756 10.844900 0.003266 
691 26.840128 0.000000 -9.237660 99.040855 -6.129447 10.843614 0.003575 
692 31.559804 0.000000 -4.618042 99.077141 -6.561330 10.969308 0.002034 
693 19.760613 0.000000 -2.308233 99.548769 -5.462630 8.763790 -0.001660 
694 19.760613 0.000000 -4.618042 99.236706 -6.054721 10.370790 0.000786 
695 22.120451 0.000000 -2.308233 99.324483 -5.568118 9.117341 0.002052 
696 16.220856 0.000000 -1.153329 100.285699 -4.997187 6.893003 -0.012971 
697 16.220856 0.000000 -2.308233 100.022190 -5.273782 8.111849 -0.009805 
698 17.400775 0.000000 -1.153329 100.069035 -5.037402 7.158142 -0.009043 
699 14.450978 0.000000 -0.575877 100.801150 -5.011319 5.882179 -0.022059 
700 14.450978 0.000000 -1.153329 100.643257 -4.877836 6.415088 -0.019401 
701 15.040937 0.000000 -0.575877 100.668236 -5.017272 6.002972 -0.019530 
702 15.630897 0.000000 0.579028 97.247127 -12.842093 38.268275 -0.108638 
703 15.630897 0.000000 0.001576 100.657503 -6.035854 5.795827 -0.020196 
704 16.220856 0.000000 0.579028 99.475803 -18.953118 16.301720 -0.052040 
705 15.630897 0.000000 1.156480 100.872629 2.009033 5.033461 -0.020466 
706 14.745958 0.000000 0.290302 100.753367 -11.019830 7.168798 -0.032407 
707 14.450978 0.000000 0.290302 100.770363 -12.249733 7.567377 -0.036199 
708 14.745958 0.000000 0.001576 100.852800 -6.466224 5.680066 -0.024536 
709 15.040937 0.000000 0.290302 100.723633 -10.057993 6.776860 -0.029234 
710 14.745958 0.000000 0.579028 99.736165 15.780584 16.620194 -0.047256 
711 18.580694 0.000000 1.156480 100.059432 6.113523 7.156266 -0.010048 
712 18.580694 0.000000 0.001576 100.100186 -5.264940 6.234516 -0.008664 
713 19.760613 0.000000 1.156480 98.966606 13.576209 15.225794 -0.021053 
714 18.580694 0.000000 2.311385 100.448225 0.519374 4.669094 -0.011192 
715 16.810816 0.000000 0.579028 100.062501 -14.107855 9.714771 -0.030591 
716 16.810816 0.000000 0.001576 100.405236 -5.641405 5.976843 -0.014876 
717 17.400775 0.000000 0.579028 100.169133 -11.095344 7.682282 -0.021598 
718 16.810816 0.000000 1.156480 100.569647 2.809317 5.489489 -0.015228 
719 40.999156 0.000000 110.872407 99.308681 0.023956 11.643432 0.000222 
720 3.241747 0.000000 110.872407 99.308937 0.014900 11.629587 0.000249 
721 78.756565 0.000000 110.872407 99.310916 0.031741 11.655240 0.000150 
722 40.999156 0.000000 147.829350 99.316595 0.024526 11.624927 0.000107 
723 22.120451 0.000000 55.436991 99.229253 0.223628 11.798524 0.001430 
724 3.241747 0.000000 55.436991 99.235365 0.138082 11.717981 0.001501 
725 40.999156 0.000000 55.436991 99.241694 0.299567 11.870174 0.001010 
726 22.120451 0.000000 73.915463 99.278547 0.081526 11.695441 0.000698 
727 12.681099 0.000000 27.719283 98.845693 1.663798 12.088885 0.008062 
728 3.241747 0.000000 27.719283 98.875859 1.038162 11.874998 0.008147 
729 22.120451 0.000000 27.719283 98.971734 2.209468 12.215744 0.005049 
730 12.681099 0.000000 36.958519 99.080838 0.685240 11.971584 0.003920 
731 17.400775 0.000000 13.860430 99.462290 6.513387 8.023396 0.000045 
732 12.681099 0.000000 13.860430 99.399070 5.899883 8.986629 0.000426 
733 22.120451 0.000000 13.860430 99.475007 6.881319 7.283871 0.000432 
734 17.400775 0.000000 18.480048 98.922146 4.956894 10.910098 0.007081 
735 15.040937 0.000000 6.931003 101.225435 3.730473 3.503971 -0.027278 
736 12.681099 0.000000 6.931003 101.517381 4.303611 3.975319 -0.034010 
737 17.400775 0.000000 6.931003 100.838307 3.308358 3.192195 -0.018950 
738 15.040937 0.000000 9.240812 100.693981 5.391877 4.636711 -0.018985 
739 16.220856 0.000000 3.466289 101.075482 1.002958 3.887317 -0.023237 
740 15.040937 0.000000 3.466289 101.360653 1.255082 3.769859 -0.028977 
741 17.400775 0.000000 3.466289 100.809233 0.811112 3.991869 -0.017909 
742 16.220856 0.000000 4.621194 101.147628 1.661190 3.500960 -0.024586 
743 16.810816 0.000000 1.733932 100.714609 0.814523 4.744153 -0.016660 
744 16.220856 0.000000 1.733932 100.853470 0.800035 4.635820 -0.019355 
745 17.400775 0.000000 1.733932 100.582860 0.857667 4.852194 -0.014119 
746 16.810816 0.000000 2.311385 100.803269 0.586314 4.440297 -0.018136 
747 16.515836 0.000000 0.867754 100.291436 8.307743 8.220859 -0.019497 
748 16.220856 0.000000 0.867754 100.456908 6.995998 7.293145 -0.019372 
749 16.515836 0.000000 0.579028 99.879191 -16.328591 11.971343 -0.038579 
750 16.810816 0.000000 0.867754 100.064091 10.030287 9.708963 -0.020769 
751 16.515836 0.000000 1.156480 100.645463 2.552063 5.357854 -0.016473 
752 18.580694 0.000000 -1.153329 99.894154 -5.068652 7.377444 -0.005896 
753 18.580694 0.000000 -2.308233 99.682829 -5.393696 8.562978 -0.003908 
754 19.760613 0.000000 -1.153329 99.741233 -5.115622 7.591958 -0.003212 
755 17.990735 0.000000 0.579028 100.167726 -9.272963 6.866040 -0.016670 
756 17.990735 0.000000 0.001576 100.198304 -5.365864 6.142630 -0.010622 
757 18.580694 0.000000 0.579028 100.108455 -8.075618 6.498356 -0.012915 
758 17.990735 0.000000 1.156480 100.254121 4.499068 6.288622 -0.011068 
759 17.105796 0.000000 0.867754 99.713469 12.247269 12.307612 -0.024425 
760 17.105796 0.000000 0.579028 100.141968 -12.400926 8.445275 -0.025352 
761 17.400775 0.000000 0.867754 99.101117 14.682008 17.252627 -0.033425 
762 17.105796 0.000000 1.156480 100.493509 3.117997 5.640409 -0.014048 
763 24.480290 0.000000 2.311385 99.761577 1.338834 5.393936 0.001674 
764 24.480290 0.000000 0.001576 99.528925 -4.997493 7.108383 0.001849 
765 26.840128 0.000000 2.311385 99.643785 2.924870 5.969862 0.002692 
766 24.480290 0.000000 4.621194 99.945480 0.834174 3.986675 -0.000569 
767 20.940532 0.000000 1.156480 97.621801 -19.235184 25.565759 -0.055362 
768 20.940532 0.000000 0.001576 99.793891 -5.038417 6.583650 -0.002755 
769 22.120451 0.000000 1.156480 99.488795 -12.047263 8.601705 -0.011715 
770 20.940532 0.000000 2.311385 100.075822 0.624890 4.956169 -0.004012 
771 19.170654 0.000000 0.579028 100.046958 -7.230958 6.305415 -0.010144 
772 19.170654 0.000000 0.001576 100.012309 -5.181336 6.317897 -0.006922 
773 19.760613 0.000000 0.579028 99.984867 -6.663279 6.238707 -0.008029 
774 19.170654 0.000000 1.156480 99.744810 9.002564 9.194356 -0.011461 
775 19.760613 0.000000 6.931003 100.475062 2.904217 3.061495 -0.011305 
776 22.120451 0.000000 6.931003 100.199508 2.632418 3.026373 -0.005603 
777 19.760613 0.000000 9.240812 100.251045 4.947457 3.691002 -0.008837 
778 18.580694 0.000000 3.466289 100.571167 0.718311 4.107380 -0.013195 
779 19.760613 0.000000 3.466289 100.353006 0.604986 4.218451 -0.008889 
780 18.580694 0.000000 4.621194 100.657678 1.301330 3.598706 -0.014661 
781 17.990735 0.000000 1.733932 100.461537 0.935658 4.940789 -0.011781 
782 18.580694 0.000000 1.733932 100.362209 1.055212 5.046142 -0.009915 
783 17.990735 0.000000 2.311385 100.549058 0.521988 4.591577 -0.013147 
784 18.285715 0.000000 0.867754 96.935926 -13.906571 35.211612 -0.082982 
785 17.990735 0.000000 0.867754 96.587011 4.419436 38.638377 -0.084151 
786 18.285715 0.000000 0.579028 100.142865 -8.619059 6.649650 -0.014710 
787 18.580694 0.000000 0.867754 98.098802 -19.378795 22.788687 -0.051824 
788 18.285715 0.000000 1.156480 100.175696 5.200333 6.646355 -0.010639 
789 50.438508 0.000000 9.240812 100.190937 2.158315 3.199278 -0.005312 
790 50.438508 0.000000 0.001576 99.410679 -5.953567 9.862070 -0.001519 
791 59.877860 0.000000 9.240812 100.176295 1.384706 3.693254 -0.005085 
792 50.438508 0.000000 18.480048 99.591859 7.270812 8.430053 -0.004247 
793 36.279480 0.000000 4.621194 99.861683 0.617104 4.681346 0.000535 
794 36.279480 0.000000 0.001576 99.411979 -5.370493 8.509917 0.001600 
795 40.999156 0.000000 4.621194 99.889364 0.838762 5.021335 -0.000380 
796 36.279480 0.000000 9.240812 100.085471 3.569645 2.867796 -0.003807 
797 29.199966 0.000000 2.311385 99.123030 10.031510 10.319613 -0.003250 
798 29.199966 0.000000 0.001576 99.421527 -5.108207 7.737315 0.002940 
799 31.559804 0.000000 2.311385 99.071551 -14.651346 10.942380 -0.014957 
800 29.199966 0.000000 4.621194 99.828792 0.697385 4.298543 0.001525 
801 50.438508 0.000000 -9.237660 99.373231 -5.363683 10.276504 -0.000941 
802 50.438508 0.000000 -18.476896 99.383501 -2.282925 10.358261 0.001041 
803 59.877860 0.000000 -9.237660 99.429679 -4.926472 10.168587 -0.001393 
804 36.279480 0.000000 -4.618042 99.135705 -6.649188 10.949577 0.000801 
805 36.279480 0.000000 -9.237660 99.200976 -5.939405 10.533787 0.001293 
806 40.999156 0.000000 -4.618042 99.197759 -6.695056 10.971036 -0.000538 
807 33.919642 0.000000 2.311385 99.609454 -7.218072 6.553535 -0.001709 
808 33.919642 0.000000 0.001576 99.408121 -5.276144 8.308637 0.002115 
809 36.279480 0.000000 2.311385 99.669027 -5.646631 6.301607 -0.000551 
810 33.919642 0.000000 4.621194 99.836321 0.621836 4.596919 0.001119 
811 45.718832 0.000000 4.621194 99.868257 2.270679 5.623597 -0.001045 
812 45.718832 0.000000 0.001576 99.418803 -5.762020 9.472197 -0.000702 
813 50.438508 0.000000 4.621194 96.826047 -16.568957 31.967930 -0.067176 
814 45.718832 0.000000 9.240812 100.176309 2.610727 3.023670 -0.005125 
815 38.639318 0.000000 2.311385 99.689302 -5.119318 6.449121 -0.000576 
816 38.639318 0.000000 0.001576 99.417505 -5.468417 8.771921 0.000931 
817 40.999156 0.000000 2.311385 99.692361 -4.938966 6.683970 -0.000764 
818 38.639318 0.000000 4.621194 99.875710 0.673907 4.843984 0.000092 
819 45.718832 0.000000 -4.618042 99.250582 -6.700029 10.955906 -0.001560 
820 45.718832 0.000000 -9.237660 99.331217 -5.572471 10.349343 -0.000485 
821 50.438508 0.000000 -4.618042 99.291887 -6.669233 10.912948 -0.002245 
822 43.358994 0.000000 2.311385 99.688748 -4.906305 6.955918 -0.001030 
823 43.358994 0.000000 0.001576 99.420798 -5.664049 9.253912 -0.000221 
824 45.718832 0.000000 2.311385 99.678296 -4.944413 7.245361 -0.001271 
825 43.358994 0.000000 4.621194 99.889779 1.239992 5.242489 -0.000699 
826 97.635269 0.000000 18.480048 100.251068 5.621269 3.546905 -0.009446 
827 97.635269 0.000000 0.001576 99.404811 -6.550134 10.791980 -0.004069 
828 116.513974 0.000000 18.480048 100.331980 3.540246 2.909845 -0.008751 
829 97.635269 0.000000 36.958519 99.213498 2.424571 12.433640 -0.000379 
830 69.317213 0.000000 9.240812 100.135255 0.845462 4.284650 -0.004614 
831 69.317213 0.000000 0.001576 99.374437 -6.554349 10.802254 -0.003493 
832 78.756565 0.000000 9.240812 100.078163 0.752886 4.899519 -0.004021 
833 69.317213 0.000000 18.480048 99.894048 7.383121 6.362341 -0.007381 
834 55.158184 0.000000 4.621194 99.852643 -5.983366 6.306290 -0.004612 
835 55.158184 0.000000 0.001576 99.399729 -6.134229 10.189042 -0.002175 
836 59.877860 0.000000 4.621194 99.836893 -4.951646 6.592098 -0.003538 
837 55.158184 0.000000 9.240812 100.190427 1.745875 3.426860 -0.005291 
838 48.078670 0.000000 2.311385 99.663886 -5.016969 7.541054 -0.001493 
839 48.078670 0.000000 0.001576 99.415298 -5.858780 9.674962 -0.001133 
840 50.438508 0.000000 2.311385 99.646721 -5.106488 7.835594 -0.001694 
841 48.078670 0.000000 4.621194 99.709964 5.902085 7.148171 -0.002801 
842 59.877860 0.000000 55.436991 99.255065 0.364998 11.924434 0.000611 
843 78.756565 0.000000 55.436991 99.262407 0.430680 11.970319 0.000350 
844 59.877860 0.000000 73.915463 99.287050 0.126245 11.747769 0.000406 
845 50.438508 0.000000 27.719283 99.163154 3.484766 12.244306 0.000460 
846 40.999156 0.000000 27.719283 99.112591 3.085052 12.298823 0.001592 
847 59.877860 0.000000 27.719283 99.204499 3.908341 12.134378 -0.000405 
848 50.438508 0.000000 36.958519 99.171101 1.409780 12.321257 0.001129 
849 55.158184 0.000000 13.860430 100.155846 5.891206 3.749732 -0.007996 
850 50.438508 0.000000 13.860430 100.086193 6.296853 4.138885 -0.007403 
851 59.877860 0.000000 13.860430 100.209668 5.433238 3.425051 -0.008323 
852 55.158184 0.000000 18.480048 99.669227 7.380522 7.944552 -0.005154 
853 52.798346 0.000000 6.931003 100.053234 0.723573 4.487462 -0.003131 
854 50.438508 0.000000 6.931003 100.056625 0.795246 4.335269 -0.003076 
855 52.798346 0.000000 4.621194 99.770618 -8.537212 6.900804 -0.007468 
856 55.158184 0.000000 6.931003 100.047765 0.685004 4.639950 -0.003155 
857 52.798346 0.000000 9.240812 100.192329 1.946373 3.307361 -0.005323 
858 97.635269 0.000000 -18.476896 99.420012 -1.391810 10.681055 -0.000036 
859 97.635269 0.000000 -36.955368 99.348994 -0.369490 11.314479 0.000162 
860 116.513974 0.000000 -18.476896 99.411187 -1.155305 10.801370 -0.000059 
861 69.317213 0.000000 -9.237660 99.459425 -4.488871 10.105312 -0.001444 
862 69.317213 0.000000 -18.476896 99.420810 -1.867349 10.481417 0.000216 
863 78.756565 0.000000 -9.237660 99.475520 -4.066520 10.080997 -0.001354 
864 64.597536 0.000000 4.621194 99.791096 -4.907408 7.136134 -0.003327 
865 64.597536 0.000000 0.001576 99.380515 -6.438931 10.657256 -0.003152 
866 69.317213 0.000000 4.621194 99.733282 -5.061768 7.725036 -0.003203 
867 64.597536 0.000000 9.240812 100.159456 1.080875 3.984457 -0.004896 
868 57.518022 0.000000 6.931003 100.040191 0.697537 4.795525 -0.003152 
869 57.518022 0.000000 4.621194 99.854469 -5.217683 6.382605 -0.003888 
870 59.877860 0.000000 6.931003 100.027551 0.799975 4.961783 -0.003077 
871 57.518022 0.000000 9.240812 100.185716 1.557980 3.556039 -0.005225 
872 69.317213 0.000000 27.719283 99.243541 4.360045 11.959265 -0.001131 
873 78.756565 0.000000 27.719283 99.284515 4.842842 11.709577 -0.001798 
874 69.317213 0.000000 36.958519 99.197327 1.753887 12.395760 0.000316 
875 64.597536 0.000000 13.860430 100.254865 4.933865 3.175847 -0.008547 
876 69.317213 0.000000 13.860430 100.285218 4.408592 3.006050 -0.008560 
877 64.597536 0.000000 18.480048 99.820868 7.443861 6.903840 -0.006728 
878 62.237698 0.000000 6.931003 100.014626 1.077230 5.158507 -0.003070 
879 62.237698 0.000000 4.621194 99.816686 -4.885782 6.852483 -0.003420 
880 64.597536 0.000000 6.931003 99.988069 1.781723 5.449824 -0.003049 
881 62.237698 0.000000 9.240812 100.169302 1.223633 3.837160 -0.005011 
882 88.195917 0.000000 9.240812 99.641243 8.377921 8.715055 -0.007452 
883 88.195917 0.000000 0.001576 99.384698 -6.688678 10.915608 -0.004121 
884 97.635269 0.000000 9.240812 99.914393 -5.116258 6.427763 -0.005038 
885 88.195917 0.000000 18.480048 100.155275 6.462368 4.318364 -0.009149 
886 74.036889 0.000000 4.621194 99.674668 -5.261726 8.298312 -0.003159 
887 74.036889 0.000000 0.001576 99.371966 -6.639171 10.894081 -0.003755 
888 78.756565 0.000000 4.621194 99.619205 -5.469946 8.828178 -0.003184 
889 74.036889 0.000000 9.240812 100.108305 0.704820 4.586490 -0.004321 
890 74.036889 0.000000 13.860430 100.303341 3.872702 2.920169 -0.008429 
891 78.756565 0.000000 13.860430 100.309964 3.341353 2.917352 -0.008176 
892 74.036889 0.000000 18.480048 99.965018 7.255930 5.820872 -0.007954 
893 71.677051 0.000000 6.931003 99.685122 -11.176893 8.173939 -0.012886 
894 69.317213 0.000000 6.931003 98.446489 14.909159 18.732878 -0.026491 
895 71.677051 0.000000 4.621194 99.703763 -5.159504 8.015877 -0.003172 
896 74.036889 0.000000 6.931003 99.899518 -6.564677 6.373162 -0.006363 
897 71.677051 0.000000 9.240812 100.122066 0.760199 4.435463 -0.004468 
898 88.195917 0.000000 -9.237660 99.482808 -3.669509 10.088180 -0.001207 
899 88.195917 0.000000 -18.476896 99.423045 -1.532394 10.616179 0.000001 
900 97.635269 0.000000 -9.237660 99.484362 -3.303392 10.119529 -0.001046 
901 83.476241 0.000000 4.621194 99.568800 -5.676358 9.302653 -0.003271 
902 83.476241 0.000000 0.001576 99.377516 -6.707283 10.943500 -0.004064 
903 88.195917 0.000000 4.621194 99.524397 -5.876220 9.716729 -0.003405 
904 83.476241 0.000000 9.240812 100.034012 1.440492 5.320459 -0.003719 
905 76.396727 0.000000 6.931003 99.907968 -5.409611 6.330300 -0.005094 
906 76.396727 0.000000 4.621194 99.646391 -5.365680 8.569659 -0.003163 
907 78.756565 0.000000 6.931003 99.890500 -5.014531 6.505707 -0.004558 
908 76.396727 0.000000 9.240812 100.093849 0.692991 4.739463 -0.004172 
909 116.513974 0.000000 110.872407 99.312575 0.069467 11.667656 0.000087 
910 154.271383 0.000000 110.872407 99.315725 0.252989 11.655733 0.000047 
911 116.513974 0.000000 147.829350 99.318916 0.141832 11.624711 0.000060 
912 97.635269 0.000000 55.436991 99.264512 0.504853 12.015343 0.000193 
913 116.513974 0.000000 55.436991 99.263173 0.593182 12.063177 0.000095 
914 97.635269 0.000000 73.915463 99.293622 0.164987 11.786027 0.000184 
915 88.195917 0.000000 27.719283 99.331895 5.350079 11.370040 -0.002473 
916 97.635269 0.000000 27.719283 99.389259 5.867509 10.923500 -0.003198 
917 88.195917 0.000000 36.958519 99.209045 2.174684 12.432841 -0.000174 
918 83.476241 0.000000 13.860430 100.306084 2.828884 2.992958 -0.007827 
919 88.195917 0.000000 13.860430 100.292979 2.348068 3.138833 -0.007405 
920 83.476241 0.000000 18.480048 100.096795 6.794522 4.785928 -0.008844 
921 81.116403 0.000000 6.931003 99.864550 -4.892582 6.750675 -0.004244 
922 81.116403 0.000000 4.621194 99.593298 -5.573702 9.072749 -0.003221 
923 83.476241 0.000000 6.931003 99.834619 -4.890244 7.027115 -0.004025 
924 81.116403 0.000000 9.240812 100.059750 0.947618 5.079940 -0.003866 
925 135.392678 0.000000 18.480048 100.266757 1.660476 3.496000 -0.006840 
926 135.392678 0.000000 0.001576 99.485152 -5.101746 10.185998 -0.002708 
927 154.271383 0.000000 18.480048 100.132257 0.692637 4.662409 -0.004869 
928 135.392678 0.000000 36.958519 99.249180 3.765144 12.201964 -0.001346 
929 107.074622 0.000000 9.240812 99.792659 -4.994065 7.502382 -0.003980 
930 107.074622 0.000000 0.001576 99.428374 -6.292999 10.622564 -0.003844 
931 116.513974 0.000000 9.240812 99.663027 -5.392372 8.634297 -0.003635 
932 107.074622 0.000000 18.480048 100.311477 4.611362 3.062585 -0.009304 
933 92.915593 0.000000 4.621194 99.486498 -6.065013 10.068295 -0.003572 
934 92.915593 0.000000 0.001576 99.394015 -6.635673 10.862698 -0.004120 
935 97.635269 0.000000 4.621194 99.455353 -6.237824 10.356836 -0.003754 
936 92.915593 0.000000 9.240812 99.893891 -7.516433 6.580960 -0.007860 
937 85.836079 0.000000 6.931003 99.802721 -4.944672 7.318141 -0.003859 
938 85.836079 0.000000 4.621194 99.545810 -5.777380 9.517417 -0.003333 
939 88.195917 0.000000 6.931003 99.770076 -5.026641 7.613599 -0.003730 
940 85.836079 0.000000 9.240812 99.980064 2.785636 5.800109 -0.003741 
941 92.915593 0.000000 13.860430 100.272195 1.909582 3.343800 -0.006934 
942 97.635269 0.000000 13.860430 100.245490 1.521873 3.594333 -0.006439 
943 92.915593 0.000000 18.480048 100.207107 6.068578 3.901398 -0.009351 
944 107.074622 0.000000 27.719283 99.459466 6.371904 10.353416 -0.003998 
945 116.513974 0.000000 27.719283 99.544507 6.829638 9.647525 -0.004883 
946 107.074622 0.000000 36.958519 99.218610 2.705594 12.417550 -0.000585 
947 102.354945 0.000000 13.860430 100.214741 1.191782 3.875477 -0.005943 
948 102.354945 0.000000 9.240812 99.858907 -4.882180 6.920632 -0.004353 
949 107.074622 0.000000 13.860430 100.181785 0.927015 4.172370 -0.005466 
950 102.354945 0.000000 18.480048 100.286112 5.131218 3.264862 -0.009429 
951 95.275431 0.000000 11.550621 100.117189 0.691843 4.681730 -0.004585 
952 92.915593 0.000000 11.550621 100.133564 0.722552 4.529983 -0.004777 
953 95.275431 0.000000 9.240812 99.927818 -5.701208 6.302369 -0.005779 
954 97.635269 0.000000 11.550621 100.100143 0.719835 4.838085 -0.004396 
955 95.275431 0.000000 13.860430 100.259467 1.708930 3.464286 -0.006688 
956 135.392678 0.000000 -18.476896 99.401473 -0.967290 10.907411 -0.000056 
957 135.392678 0.000000 -36.955368 99.347585 -0.291163 11.375380 0.000057 
958 154.271383 0.000000 -18.476896 99.392231 -0.816822 10.999302 -0.000047 
959 107.074622 0.000000 -9.237660 99.482134 -2.970346 10.168397 -0.000891 
960 107.074622 0.000000 -18.476896 99.415864 -1.266706 10.742927 -0.000053 
961 116.513974 0.000000 -9.237660 99.477440 -2.670304 10.229153 -0.000753 
962 102.354945 0.000000 4.621194 99.430986 -6.389687 10.583320 -0.003936 
963 102.354945 0.000000 0.001576 99.416454 -6.434788 10.710024 -0.003974 
964 107.074622 0.000000 4.621194 99.413199 -6.515979 10.750328 -0.004101 
965 99.995107 0.000000 11.550621 100.081359 0.852597 5.008305 -0.004209 
966 99.995107 0.000000 9.240812 99.889132 -4.918902 6.653405 -0.004630 
967 102.354945 0.000000 11.550621 100.057866 1.201969 5.217929 -0.004025 
968 99.995107 0.000000 13.860430 100.230502 1.349215 3.732034 -0.006190 
969 125.953326 0.000000 9.240812 99.555834 -5.803252 9.567616 -0.003658 
970 125.953326 0.000000 0.001576 99.470583 -5.538577 10.299248 -0.003115 
971 135.392678 0.000000 9.240812 99.476867 -6.176174 10.255044 -0.003896 
972 125.953326 0.000000 18.480048 100.314360 2.523966 3.076831 -0.007881 
973 111.794298 0.000000 13.860430 100.148054 0.744413 4.473386 -0.005020 
974 111.794298 0.000000 9.240812 99.725887 -5.184997 8.086081 -0.003752 
975 116.513974 0.000000 13.860430 100.113622 0.700290 4.778403 -0.004606 
976 111.794298 0.000000 18.480048 100.326764 4.076066 2.944115 -0.009074 
977 104.714783 0.000000 11.550621 100.018573 2.103297 5.561940 -0.003907 
978 104.714783 0.000000 9.240812 99.826277 -4.920085 7.207632 -0.004144 
979 107.074622 0.000000 11.550621 99.881359 5.106644 6.743010 -0.004783 
980 104.714783 0.000000 13.860430 100.198433 1.050568 4.022815 -0.005701 
981 111.794298 0.000000 4.621194 99.401577 -6.612752 10.862066 -0.004239 
982 111.794298 0.000000 0.001576 99.440088 -6.128539 10.534391 -0.003686 
983 116.513974 0.000000 4.621194 99.395519 -6.676970 10.924184 -0.004339 
984 109.434460 0.000000 11.550621 96.021637 -0.424629 39.771537 -0.080211 
985 109.434460 0.000000 9.240812 99.758983 -5.085459 7.796996 -0.003851 
986 111.794298 0.000000 11.550621 99.833583 -9.196749 7.164213 -0.010265 
987 109.434460 0.000000 13.860430 100.164961 0.823520 4.322805 -0.005238 
988 135.392678 0.000000 55.436991 99.259594 0.700852 12.115404 0.000026 
989 154.271383 0.000000 55.436991 99.254483 0.833823 12.172475 -0.000032 
990 135.392678 0.000000 73.915463 99.294095 0.210517 11.824368 0.000082 
991 125.953326 0.000000 27.719283 99.645053 7.196303 8.803033 -0.005842 
992 135.392678 0.000000 27.719283 99.759774 7.418766 7.833182 -0.006841 
993 125.953326 0.000000 36.958519 99.235233 3.373600 12.310170 -0.001055 
994 121.233650 0.000000 13.860430 100.073384 1.033010 5.131472 -0.004208 
995 121.233650 0.000000 9.240812 99.606060 -5.600322 9.130456 -0.003610 
996 125.953326 0.000000 13.860430 99.967025 3.467869 6.048922 -0.004202 
997 121.233650 0.000000 18.480048 100.327563 3.018443 2.956405 -0.008347 
998 114.154136 0.000000 11.550621 99.933096 -6.140386 6.318265 -0.006425 
999 114.154136 0.000000 9.240812 99.693806 -5.288070 8.365985 -0.003681 
1000 116.513974 0.000000 11.550621 99.928483 -5.268445 6.362722 -0.005394 
1001 114.154136 0.000000 13.860430 100.131032 0.697911 4.624467 -0.004810 
1002 125.953326 0.000000 -9.237660 99.471191 -2.401802 10.297256 -0.000632 
1003 125.953326 0.000000 -18.476896 99.406323 -1.055983 10.856205 -0.000059 
1004 135.392678 0.000000 -9.237660 99.464030 -2.162600 10.369194 -0.000529 
1005 121.233650 0.000000 4.621194 99.394283 -6.706690 10.943424 -0.004396 
1006 121.233650 0.000000 0.001576 99.461442 -5.747449 10.370262 -0.003315 
1007 125.953326 0.000000 4.621194 99.397041 -6.701144 10.927183 -0.004408 
1008 118.873812 0.000000 11.550621 99.905735 -4.966839 6.561925 -0.004888 
1009 118.873812 0.000000 9.240812 99.633738 -5.496699 8.889455 -0.003612 
1010 121.233650 0.000000 11.550621 99.876406 -4.884331 6.817077 -0.004563 
1011 118.873812 0.000000 13.860430 100.095071 0.785719 4.941705 -0.004406 
1012 144.832030 0.000000 9.240812 99.426636 -6.472756 10.693596 -0.004191 
1013 144.832030 0.000000 0.001576 99.494628 -4.658710 10.113404 -0.002317 
1014 154.271383 0.000000 9.240812 99.402644 -6.657589 10.905536 -0.004414 
1015 144.832030 0.000000 18.480048 100.201878 1.017465 4.059977 -0.005794 
1016 130.673002 0.000000 13.860430 99.607885 -12.590556 9.127958 -0.016357 
1017 130.673002 0.000000 9.240812 99.512721 -5.996790 9.942834 -0.003760 
1018 135.392678 0.000000 13.860430 99.937127 -5.492895 6.316621 -0.005750 
1019 130.673002 0.000000 18.480048 100.293586 2.068240 3.260954 -0.007371 
1020 123.593488 0.000000 11.550621 99.843976 -4.900482 7.098414 -0.004322 
1021 123.593488 0.000000 9.240812 99.580075 -5.702682 9.356651 -0.003626 
1022 125.953326 0.000000 11.550621 99.810155 -4.963902 7.391363 -0.004134 
1023 123.593488 0.000000 13.860430 100.042124 1.657023 5.402816 -0.004036 
1024 144.832030 0.000000 27.719283 99.884604 7.441167 6.773987 -0.007819 
1025 154.271383 0.000000 27.719283 100.012262 7.215818 5.688552 -0.008688 
1026 144.832030 0.000000 36.958519 99.268807 4.195788 12.042531 -0.001692 
1027 140.112354 0.000000 13.860430 99.890862 -4.899680 6.717197 -0.004731 
1028 140.112354 0.000000 9.240812 99.448244 -6.336424 10.504643 -0.004045 
1029 144.832030 0.000000 13.860430 99.825470 -4.936786 7.280789 -0.004251 
1030 140.112354 0.000000 18.480048 100.235592 1.307933 3.767393 -0.006308 
1031 130.673002 0.000000 23.099665 100.201187 6.223220 4.051255 -0.009542 
1032 125.953326 0.000000 23.099665 100.149283 6.595139 4.488978 -0.009353 
1033 135.392678 0.000000 23.099665 100.246173 5.794537 3.671846 -0.009635 
1034 130.673002 0.000000 27.719283 99.700823 7.329090 8.332131 -0.006339 
1035 133.032840 0.000000 16.170239 100.141220 0.710537 4.567586 -0.004963 
1036 130.673002 0.000000 16.170239 100.158506 0.770594 4.416839 -0.005183 
1037 133.032840 0.000000 13.860430 99.924936 -6.824660 6.418273 -0.007276 
1038 135.392678 0.000000 16.170239 100.123718 0.691898 4.719981 -0.004752 
1039 133.032840 0.000000 18.480048 100.280824 1.857872 3.372992 -0.007107 
1040 140.112354 0.000000 23.099665 100.283001 5.318879 3.361503 -0.009627 
1041 144.832030 0.000000 23.099665 100.310707 4.808424 3.128597 -0.009515 
1042 140.112354 0.000000 27.719283 99.821303 7.458307 7.311462 -0.007338 
1043 137.752516 0.000000 16.170239 100.105469 0.740348 4.878579 -0.004545 
1044 137.752516 0.000000 13.860430 99.918559 -5.043667 6.477943 -0.005112 
1045 140.112354 0.000000 16.170239 100.085098 0.912699 5.055156 -0.004341 
1046 137.752516 0.000000 18.480048 100.251604 1.476897 3.628106 -0.006573 
1047 149.551707 0.000000 13.860430 99.757043 -5.110504 7.869814 -0.003952 
1048 149.551707 0.000000 9.240812 99.411634 -6.580943 10.825512 -0.004317 
1049 154.271383 0.000000 13.860430 99.691458 -5.314781 8.434084 -0.003777 
1050 149.551707 0.000000 18.480048 100.167193 0.800757 4.360340 -0.005312 
1051 149.551707 0.000000 23.099665 100.328680 4.277081 2.978436 -0.009301 
1052 154.271383 0.000000 23.099665 100.336723 3.739658 2.912796 -0.008993 
1053 149.551707 0.000000 27.719283 99.948661 7.361731 6.229538 -0.008274 
1054 147.191868 0.000000 16.170239 99.767019 7.018087 7.782500 -0.006328 
1055 144.832030 0.000000 16.170239 100.009202 2.527001 5.708626 -0.004081 
1056 147.191868 0.000000 13.860430 99.791165 -5.016426 7.576147 -0.004084 
1057 149.551707 0.000000 16.170239 98.333239 -19.114532 20.051013 -0.043683 
1058 147.191868 0.000000 18.480048 100.184580 0.898652 4.209845 -0.005548 
1059 151.911545 0.000000 16.170239 99.892916 -7.958413 6.708757 -0.008694 
1060 151.911545 0.000000 13.860430 99.723679 -5.211245 8.156892 -0.003850 
1061 154.271383 0.000000 16.170239 99.940789 -5.825846 6.300709 -0.006180 
1062 151.911545 0.000000 18.480048 100.149781 0.728847 4.510948 -0.005086 
1063 116.513974 0.000000 -110.869255 99.325656 -0.125674 11.586934 0.000014 
1064 116.513974 0.000000 -147.826199 99.324675 -0.102308 11.600662 0.000002 
1065 154.271383 0.000000 -110.869255 99.325633 -0.153301 11.590063 0.000007 
1066 -34.515662 0.000000 -110.869255 99.320898 -0.008842 11.603278 0.000072 
1067 -72.273071 0.000000 -110.869255 99.321763 -0.004523 11.606052 0.000049 
1068 -34.515662 0.000000 -147.826199 99.323662 -0.047463 11.604560 0.000014 
1069 59.877860 0.000000 -55.433840 99.321538 -0.164477 11.480434 0.000340 
1070 59.877860 0.000000 -73.912312 99.320940 -0.074150 11.554474 0.000184 
1071 78.756565 0.000000 -55.433840 99.327722 -0.156321 11.486574 0.000204 
1072 -34.515662 0.000000 110.872407 99.312704 0.007171 11.618587 0.000200 
1073 -72.273071 0.000000 110.872407 99.316913 0.002835 11.612904 0.000129 
1074 -34.515662 0.000000 147.829350 99.318000 0.012996 11.615471 0.000102 
1075 -110.030480 0.000000 110.872407 99.319899 0.031129 11.608684 0.000080 
1076 -147.787889 0.000000 110.872407 99.321471 0.021357 11.608416 0.000049 
1077 -110.030480 0.000000 147.829350 99.320974 0.031205 11.609118 0.000057 
1078 -15.636957 0.000000 -55.433840 99.293049 -0.055456 11.566024 0.000711 
1079 -34.515662 0.000000 -55.433840 99.302761 -0.027022 11.587431 0.000469 
1080 -15.636957 0.000000 -73.912312 99.310659 -0.030488 11.586201 0.000315 
1081 31.559804 0.000000 -27.716132 99.255372 -1.093888 10.890950 0.002856 
1082 31.559804 0.000000 -36.955368 99.276281 -0.505563 11.235930 0.001772 
1083 40.999156 0.000000 -27.716132 99.308513 -1.056307 10.888456 0.001815 
1084 -15.636957 0.000000 55.436991 99.260513 0.068244 11.658969 0.001141 
1085 -34.515662 0.000000 55.436991 99.284883 0.029470 11.629803 0.000726 
1086 -15.636957 0.000000 73.915463 99.289346 0.033413 11.641024 0.000611 
1087 -53.394366 0.000000 55.436991 99.300564 0.012360 11.617681 0.000443 
1088 -72.273071 0.000000 55.436991 99.309561 0.005274 11.612740 0.000276 
1089 -53.394366 0.000000 73.915463 99.306974 0.009188 11.617420 0.000316 
1090 -6.197605 0.000000 -27.716132 99.127366 -0.352305 11.390233 0.004390 
1091 -15.636957 0.000000 -27.716132 99.183853 -0.152829 11.499569 0.003030 
1092 -6.197605 0.000000 -36.955368 99.221677 -0.185838 11.473641 0.002338 
1093 31.559804 0.000000 27.719283 99.046753 2.676747 12.292681 0.003147 
1094 31.559804 0.000000 36.958519 99.123048 1.085326 12.193178 0.002477 
1095 17.400775 0.000000 -13.857278 99.007523 -4.144482 10.519644 0.006967 
1096 17.400775 0.000000 -18.476896 99.080398 -2.599479 10.562240 0.006476 
1097 22.120451 0.000000 -13.857278 99.064242 -4.360128 10.449691 0.005807 
1098 -6.197605 0.000000 27.719283 99.056593 0.543701 11.750912 0.004941 
1099 -15.636957 0.000000 27.719283 99.148931 0.234760 11.685461 0.003288 
1100 -6.197605 0.000000 36.958519 99.145471 0.279995 11.746273 0.003212 
1101 -25.076310 0.000000 27.719283 99.209140 0.107097 11.645661 0.002191 
1102 -34.515662 0.000000 27.719283 99.251476 0.051585 11.627238 0.001395 
1103 -25.076310 0.000000 36.958519 99.237203 0.083494 11.647537 0.001631 
1104 -1.477929 0.000000 -13.857278 98.772000 -1.164288 10.971064 0.012237 
1105 -6.197605 0.000000 -13.857278 98.874883 -0.677174 11.189136 0.009810 
1106 -1.477929 0.000000 -18.476896 98.973760 -0.920252 11.080304 0.008057 
1107 7.961423 0.000000 13.860430 99.216038 4.703810 9.937083 0.003531 
1108 3.241747 0.000000 13.860430 99.073072 3.214211 10.697517 0.005976 
1109 7.961423 0.000000 18.480048 98.754139 3.311617 11.350050 0.010783 
1110 10.321261 0.000000 -6.927851 99.235776 -4.975134 9.610756 0.003514 
1111 10.321261 0.000000 -9.237660 99.095013 -4.486460 10.271808 0.005454 
1112 12.681099 0.000000 -6.927851 99.430674 -5.397994 10.182889 -0.001929 
1113 -1.477929 0.000000 13.860430 99.018209 2.021353 11.164866 0.006665 
1114 -6.197605 0.000000 13.860430 98.983912 1.180740 11.438630 0.006995 
1115 -1.477929 0.000000 18.480048 98.828531 1.547297 11.550175 0.009712 
1116 -10.917281 0.000000 13.860430 99.005101 0.654789 11.535118 0.006450 
1117 -15.636957 0.000000 13.860430 99.053297 0.370409 11.562137 0.005462 
1118 -10.917281 0.000000 18.480048 98.989821 0.578461 11.596942 0.006619 
1119 0.881909 0.000000 -6.927851 97.726793 -1.743749 10.353072 0.033925 
1120 -1.477929 0.000000 -6.927851 97.939774 -1.113876 10.964473 0.028634 
1121 0.881909 0.000000 -9.237660 98.258672 -1.752771 10.566834 0.023050 
1122 10.321261 0.000000 6.931003 101.806501 4.797024 4.534818 -0.040814 
1123 7.961423 0.000000 6.931003 101.862927 4.879306 5.473434 -0.042982 
1124 10.321261 0.000000 9.240812 100.763929 5.593522 6.234301 -0.022352 
1125 5.601585 0.000000 6.931003 101.860954 4.528167 6.682173 -0.044081 
1126 3.241747 0.000000 6.931003 101.727145 3.822864 8.152981 -0.042950 
1127 5.601585 0.000000 9.240812 100.484363 4.638265 8.176382 -0.018547 
1128 6.781504 0.000000 -3.463138 98.904691 -3.792259 6.054403 0.016683 
1129 6.781504 0.000000 -4.618042 98.740582 -3.943367 7.453285 0.017920 
1130 7.961423 0.000000 -3.463138 99.562835 -4.190525 6.386678 0.002889 
1131 0.881909 0.000000 6.931003 101.110746 2.900652 9.572850 -0.032344 
1132 -1.477929 0.000000 6.931003 100.416532 2.127632 10.640115 -0.020122 
1133 0.881909 0.000000 9.240812 100.070643 2.981228 10.052213 -0.012407 
1134 -3.837767 0.000000 6.931003 99.793992 1.535924 11.197244 -0.008658 
1135 -6.197605 0.000000 6.931003 99.374595 1.077789 11.429788 -0.000711 
1136 -3.837767 0.000000 9.240812 99.430922 1.606084 11.157017 -0.001357 
1137 2.061828 0.000000 -3.463138 95.240477 -1.816736 8.516735 0.085342 
1138 0.881909 0.000000 -3.463138 95.277019 -1.352389 10.034097 0.081978 
1139 2.061828 0.000000 -4.618042 96.398638 -2.021272 9.238344 0.061787 
1140 5.011626 0.000000 -1.730781 100.019691 0.104405 -7.564314 -0.006117 
1141 5.011626 0.000000 -2.308233 99.570286 0.061358 -12.390558 -0.006777 
1142 5.601585 0.000000 -1.730781 99.570286 0.061358 -12.390558 -0.006777 
1143 2.651788 0.000000 -1.730781 100.513131 0.244491 -1.024638 -0.010400 
1144 2.061828 0.000000 -1.730781 100.843663 0.293185 2.245333 -0.017457 
1145 2.651788 0.000000 -2.308233 100.420830 0.268863 1.369869 -0.008629 
1146 3.536727 0.000000 -0.864603 100.097388 0.209308 -3.347997 -0.003074 
1147 3.241747 0.000000 -0.864603 100.119233 0.235292 -3.024250 -0.003306 
1148 3.536727 0.000000 -1.153329 100.111541 0.193406 -3.633923 -0.003556 
1149 97.635269 0.000000 -55.433840 99.330707 -0.145505 11.495283 0.000125 
1150 97.635269 0.000000 -73.912312 99.325669 -0.071064 11.557272 0.000084 
1151 116.513974 0.000000 -55.433840 99.331956 -0.134431 11.504405 0.000079 
1152 135.392678 0.000000 -55.433840 99.332313 -0.123938 11.513135 0.000052 
1153 135.392678 0.000000 -73.912312 99.327204 -0.063959 11.563188 0.000040 
1154 154.271383 0.000000 -55.433840 99.335513 -0.307247 11.496015 0.000020 
1155 50.438508 0.000000 -27.716132 99.342206 -0.989182 10.911341 0.001109 
1156 50.438508 0.000000 -36.955368 99.321617 -0.493135 11.231391 0.000883 
1157 59.877860 0.000000 -27.716132 99.359117 -0.917834 10.946637 0.000709 
1158 69.317213 0.000000 -27.716132 99.368051 -0.848828 10.985066 0.000460 
1159 69.317213 0.000000 -36.955368 99.341704 -0.443004 11.261159 0.000422 
1160 78.756565 0.000000 -27.716132 99.372091 -0.784458 11.023567 0.000305 
1161 26.840128 0.000000 -13.857278 99.143323 -4.381014 10.360629 0.004407 
1162 26.840128 0.000000 -18.476896 99.209592 -2.769434 10.418718 0.004124 
1163 31.559804 0.000000 -13.857278 99.229196 -4.284590 10.273356 0.002967 
1164 36.279480 0.000000 -13.857278 99.269790 -4.121829 10.163653 0.002522 
1165 36.279480 0.000000 -18.476896 99.285975 -2.616473 10.316084 0.002903 
1166 40.999156 0.000000 -13.857278 99.329311 -3.946063 10.134210 0.001541 
1167 15.040937 0.000000 -6.927851 99.339393 -5.743783 10.551267 -0.001264 
1168 15.040937 0.000000 -9.237660 99.103244 -5.388287 10.706773 0.003488 
1169 17.400775 0.000000 -6.927851 99.201368 -6.095437 10.794277 0.000542 
1170 19.760613 0.000000 -6.927851 99.049823 -6.256590 10.980175 0.002942 
1171 19.760613 0.000000 -9.237660 98.982380 -5.925078 10.922766 0.004808 
1172 22.120451 0.000000 -6.927851 98.991034 -6.388967 11.065338 0.003751 
1173 9.141342 0.000000 -3.463138 99.959443 -4.534977 6.803943 -0.005875 
1174 9.141342 0.000000 -4.618042 99.589532 -4.702534 7.939484 -0.000322 
1175 10.321261 0.000000 -3.463138 100.154879 -4.824746 7.237733 -0.010666 
1176 11.501180 0.000000 -3.463138 100.202283 -5.060912 7.656018 -0.012472 
1177 11.501180 0.000000 -4.618042 99.838455 -5.239649 8.625556 -0.006957 
1178 12.681099 0.000000 -3.463138 100.147845 -5.246952 8.042362 -0.012180 
1179 6.191545 0.000000 -1.730781 97.675922 -0.025925 -20.112852 0.005489 
1180 6.191545 0.000000 -2.308233 98.724918 -3.335800 4.006099 0.022621 
1181 6.781504 0.000000 -1.730781 99.626670 -3.422293 3.290601 0.005199 
1182 7.371464 0.000000 -1.730781 100.052614 -3.594106 3.692634 -0.003708 
1183 7.371464 0.000000 -2.308233 99.717562 -3.726395 4.565594 0.002168 
1184 7.961423 0.000000 -1.730781 100.358486 -3.757185 4.064986 -0.010247 
1185 4.716646 0.000000 -0.864603 100.113893 0.139456 -5.034804 -0.004816 
1186 4.716646 0.000000 -1.153329 100.113893 0.139456 -5.034804 -0.004816 
1187 5.011626 0.000000 -0.864603 100.086023 0.121906 -6.013449 -0.005339 
1188 5.306605 0.000000 -0.864603 100.086023 0.121906 -6.013449 -0.005339 
1189 5.306605 0.000000 -1.153329 100.019691 0.104405 -7.564314 -0.006117 
1190 5.601585 0.000000 -0.864603 100.019691 0.104405 -7.564314 -0.006117 
1191 3.979196 0.000000 -0.431513 100.111541 0.193406 -3.633923 -0.003556 
1192 3.831707 0.000000 -0.431513 100.111541 0.193406 -3.633923 -0.003556 
1193 3.979196 0.000000 -0.575877 100.120623 0.176019 -3.980620 -0.004002 
1194 2.946767 0.000000 0.290302 100.541227 0.239743 -0.546428 -0.010889 
1195 2.946767 0.000000 0.001576 100.541227 0.239743 -0.546428 -0.010889 
1196 2.946767 0.000000 0.579028 100.513131 0.244491 -1.024638 -0.010400 
1197 2.946767 0.000000 -0.287150 100.517026 0.242944 -0.738687 -0.010428 
1198 2.651788 0.000000 -0.287150 100.509896 0.242537 -0.545041 -0.010260 
1199 2.946767 0.000000 -0.575877 100.513131 0.244491 -1.024638 -0.010400 
1200 2.356808 0.000000 -0.287150 100.505811 0.243969 -0.802781 -0.010212 
1201 2.061828 0.000000 -0.287150 100.490447 0.246470 -0.709044 -0.009889 
1202 2.356808 0.000000 -0.575877 100.513131 0.244491 -1.024638 -0.010400 
1203 -0.592990 0.000000 -0.287150 100.912369 0.349526 2.985528 -0.019234 
1204 -0.887970 0.000000 -0.287150 101.015212 0.355985 3.340233 -0.021536 
1205 -0.592990 0.000000 -0.575877 100.912369 0.349526 2.985528 -0.019234 
1206 -0.150520 0.000000 -0.142787 100.845325 0.339835 2.855548 -0.017805 
1207 -0.298010 0.000000 -0.142787 100.912369 0.349526 2.985528 -0.019234 
1208 -0.150520 0.000000 -0.287150 100.845325 0.339835 2.855548 -0.017805 
1209 0.439439 0.000000 0.145939 100.664613 0.337824 2.382171 -0.013915 
1210 0.586929 0.000000 0.145939 100.734894 0.332651 2.621744 -0.015450 
1211 0.439439 0.000000 0.290302 100.809194 0.328542 2.899167 -0.017101 
1212 26.840128 0.000000 13.860430 99.524003 7.093458 6.680756 0.000002 
1213 31.559804 0.000000 13.860430 99.639617 7.154405 6.138683 -0.001692 
1214 26.840128 0.000000 18.480048 99.099535 6.001587 10.352573 0.003609 
1215 4.052941 0.000000 -0.214969 100.120623 0.176019 -3.980620 -0.004002 
1216 3.979196 0.000000 -0.214969 100.111541 0.193406 -3.633923 -0.003556 
1217 4.052941 0.000000 -0.287150 100.120623 0.176019 -3.980620 -0.004002 
1218 4.569156 0.000000 -0.431513 100.122623 0.157773 -4.419539 -0.004410 
1219 4.569156 0.000000 -0.575877 100.122623 0.157773 -4.419539 -0.004410 
1220 4.716646 0.000000 -0.431513 100.113893 0.139456 -5.034804 -0.004816 
1221 4.864136 0.000000 -0.431513 100.113893 0.139456 -5.034804 -0.004816 
1222 4.864136 0.000000 -0.575877 100.113893 0.139456 -5.034804 -0.004816 
1223 5.011626 0.000000 -0.431513 100.113893 0.139456 -5.034804 -0.004816 
1224 4.347921 0.000000 -0.214969 100.122623 0.157773 -4.419539 -0.004410 
1225 4.347921 0.000000 -0.287150 100.122623 0.157773 -4.419539 -0.004410 
1226 4.421666 0.000000 -0.214969 100.122623 0.157773 -4.419539 -0.004410 
1227 4.237304 0.000000 0.037666 100.120623 0.176019 -3.980620 -0.004002 
1228 4.274176 0.000000 0.037666 100.120623 0.176019 -3.980620 -0.004002 
1229 4.237304 0.000000 0.073757 100.120623 0.176019 -3.980620 -0.004002 
1230 4.495411 0.000000 -0.214969 100.122623 0.157773 -4.419539 -0.004410 
1231 4.495411 0.000000 -0.287150 100.122623 0.157773 -4.419539 -0.004410 
1232 4.569156 0.000000 -0.214969 100.122623 0.157773 -4.419539 -0.004410 
1233 4.642901 0.000000 -0.214969 100.122623 0.157773 -4.419539 -0.004410 
1234 4.642901 0.000000 -0.287150 100.122623 0.157773 -4.419539 -0.004410 
1235 4.716646 0.000000 -0.214969 100.113893 0.139456 -5.034804 -0.004816 
1236 4.311049 0.000000 -0.106697 100.120623 0.176019 -3.980620 -0.004002 
1237 4.311049 0.000000 -0.142787 100.120623 0.176019 -3.980620 -0.004002 
1238 4.347921 0.000000 -0.106697 100.122623 0.157773 -4.419539 -0.004410 
1239 4.218867 0.000000 -0.016470 99.821951 0.155531 -5.654243 0.000358 
1240 4.237304 0.000000 -0.016470 100.120623 0.176019 -3.980620 -0.004002 
1241 4.218867 0.000000 0.001576 99.821951 0.155531 -5.654243 0.000358 
1242 4.495411 0.000000 0.073757 100.122623 0.157773 -4.419539 -0.004410 
1243 4.569156 0.000000 0.073757 100.122623 0.157773 -4.419539 -0.004410 
1244 4.495411 0.000000 0.145939 100.122623 0.157773 -4.419539 -0.004410 
1245 4.642901 0.000000 0.073757 100.122623 0.157773 -4.419539 -0.004410 
1246 4.716646 0.000000 0.073757 100.122623 0.157773 -4.419539 -0.004410 
1247 4.642901 0.000000 0.145939 100.122623 0.157773 -4.419539 -0.004410 
1248 4.311049 0.000000 0.037666 100.120623 0.176019 -3.980620 -0.004002 
1249 4.347921 0.000000 0.037666 100.122623 0.157773 -4.419539 -0.004410 
1250 4.311049 0.000000 0.073757 100.120623 0.176019 -3.980620 -0.004002 
1251 5.896565 0.000000 -0.864603 99.870430 0.084934 -9.733028 -0.006884 
1252 5.896565 0.000000 -1.153329 99.870430 0.084934 -9.733028 -0.006884 
1253 6.191545 0.000000 -0.864603 99.570286 0.061358 -12.390558 -0.006777 
1254 6.486524 0.000000 -0.864603 99.080825 0.033483 -15.194515 -0.004788 
1255 6.486524 0.000000 -1.153329 98.433179 0.003717 -17.774805 -0.000503 
1256 6.781504 0.000000 -0.864603 97.675922 -0.025925 -20.112852 0.005489 
1257 5.159115 0.000000 -0.431513 100.086023 0.121906 -6.013449 -0.005339 
1258 5.159115 0.000000 -0.575877 100.086023 0.121906 -6.013449 -0.005339 
1259 5.306605 0.000000 -0.431513 100.086023 0.121906 -6.013449 -0.005339 
1260 5.454095 0.000000 -0.431513 100.086023 0.121906 -6.013449 -0.005339 
1261 5.454095 0.000000 -0.575877 100.086023 0.121906 -6.013449 -0.005339 
1262 5.601585 0.000000 -0.431513 100.019691 0.104405 -7.564314 -0.006117 
1263 4.790391 0.000000 -0.070606 100.113893 0.139456 -5.034804 -0.004816 
1264 4.790391 0.000000 -0.142787 100.113893 0.139456 -5.034804 -0.004816 
1265 4.790391 0.000000 0.001576 100.113893 0.139456 -5.034804 -0.004816 
1266 5.159115 0.000000 0.145939 100.086023 0.121906 -6.013449 -0.005339 
1267 5.306605 0.000000 0.145939 100.086023 0.121906 -6.013449 -0.005339 
1268 5.159115 0.000000 0.290302 100.086023 0.121906 -6.013449 -0.005339 
1269 5.454095 0.000000 0.145939 100.086023 0.121906 -6.013449 -0.005339 
1270 5.601585 0.000000 0.145939 100.019691 0.104405 -7.564314 -0.006117 
1271 5.454095 0.000000 0.290302 100.086023 0.121906 -6.013449 -0.005339 
1272 4.790391 0.000000 0.073757 100.113893 0.139456 -5.034804 -0.004816 
1273 4.864136 0.000000 0.073757 100.113893 0.139456 -5.034804 -0.004816 
1274 4.790391 0.000000 0.145939 100.113893 0.139456 -5.034804 -0.004816 
1275 4.937881 0.000000 0.073757 100.113893 0.139456 -5.034804 -0.004816 
1276 5.011626 0.000000 0.073757 100.113893 0.139456 -5.034804 -0.004816 
1277 4.937881 0.000000 0.145939 100.113893 0.139456 -5.034804 -0.004816 
1278 5.749075 0.000000 -0.431513 100.019691 0.104405 -7.564314 -0.006117 
1279 5.749075 0.000000 -0.575877 100.019691 0.104405 -7.564314 -0.006117 
1280 5.896565 0.000000 -0.431513 99.870430 0.084934 -9.733028 -0.006884 
1281 6.044055 0.000000 -0.142787 99.870430 0.084934 -9.733028 -0.006884 
1282 6.044055 0.000000 -0.287150 99.870430 0.084934 -9.733028 -0.006884 
1283 6.044055 0.000000 0.001576 99.870430 0.084934 -9.733028 -0.006884 
1284 5.749075 0.000000 0.145939 100.019691 0.104405 -7.564314 -0.006117 
1285 5.896565 0.000000 0.145939 100.019691 0.104405 -7.564314 -0.006117 
1286 5.749075 0.000000 0.290302 100.019691 0.104405 -7.564314 -0.006117 
1287 6.044055 0.000000 0.145939 99.870430 0.084934 -9.733028 -0.006884 
1288 6.191545 0.000000 0.145939 99.870430 0.084934 -9.733028 -0.006884 
1289 6.044055 0.000000 0.290302 99.870430 0.084934 -9.733028 -0.006884 
1290 8.551383 0.000000 -1.730781 100.576647 -3.912126 4.408019 -0.015040 
1291 8.551383 0.000000 -2.308233 100.274674 -4.071296 5.156750 -0.009818 
1292 9.141342 0.000000 -1.730781 100.726744 -4.060173 4.725145 -0.018469 
1293 9.731302 0.000000 -1.730781 100.822105 -4.201429 5.020022 -0.020795 
1294 9.731302 0.000000 -2.308233 100.552213 -4.375406 5.709795 -0.016249 
1295 10.321261 0.000000 -1.730781 100.870766 -4.336664 5.296613 -0.022177 
1296 7.076484 0.000000 -0.864603 100.580206 -3.843624 2.163841 -0.013583 
1297 7.076484 0.000000 -1.153329 100.308674 -3.565023 2.598724 -0.008129 
1298 7.371464 0.000000 -0.864603 100.726849 -3.908708 2.443721 -0.016715 
1299 7.666443 0.000000 -0.864603 100.851620 -3.970849 2.700662 -0.019411 
1300 7.666443 0.000000 -1.153329 100.620629 -3.708554 3.084405 -0.014778 
1301 7.961423 0.000000 -0.864603 100.954155 -4.032189 2.938773 -0.021664 
1302 7.076484 0.000000 0.290302 101.713169 6.063297 0.409571 -0.038250 
1303 7.076484 0.000000 0.579028 102.033609 3.460571 1.185301 -0.042424 
1304 6.339034 0.000000 0.145939 99.570286 0.061358 -12.390558 -0.006777 
1305 6.486524 0.000000 0.145939 99.570286 0.061358 -12.390558 -0.006777 
1306 6.339034 0.000000 0.290302 99.570286 0.061358 -12.390558 -0.006777 
1307 6.634014 0.000000 0.145939 99.080825 0.033483 -15.194515 -0.004788 
1308 6.781504 0.000000 0.145939 98.433179 0.003717 -17.774805 -0.000503 
1309 6.634014 0.000000 0.290302 99.080825 0.033483 -15.194515 -0.004788 
1310 8.846362 0.000000 -0.287150 101.614194 -7.656225 2.764718 -0.039171 
1311 8.551383 0.000000 -0.287150 101.590158 -7.813217 2.397985 -0.038736 
1312 8.846362 0.000000 -0.575877 101.359059 -4.921330 3.249250 -0.030844 
1313 8.256403 0.000000 -0.287150 101.550892 -7.893810 2.011014 -0.037894 
1314 8.256403 0.000000 -0.575877 101.262101 -4.876820 2.789364 -0.028558 
1315 8.256403 0.000000 0.001576 102.551924 7.996305 -59.101843 -0.407387 
1316 8.256403 0.000000 0.290302 101.654534 6.259328 1.756317 -0.037591 
1317 8.256403 0.000000 0.579028 101.908857 3.333495 2.221520 -0.040146 
1318 13.861018 0.000000 3.466289 101.643292 1.559099 3.662523 -0.034720 
1319 12.681099 0.000000 3.466289 101.982311 1.945245 3.382207 -0.041561 
1320 13.861018 0.000000 4.621194 101.668532 2.290191 3.459381 -0.035370 
1321 13.861018 0.000000 -3.463138 100.100244 -5.356346 8.577567 -0.012232 
1322 13.861018 0.000000 -4.618042 99.821507 -5.541777 9.428993 -0.008395 
1323 15.040937 0.000000 -3.463138 99.942716 -5.467238 8.883384 -0.009735 
1324 16.220856 0.000000 -3.463138 99.781484 -5.556495 9.143506 -0.007082 
1325 16.220856 0.000000 -4.618042 99.585226 -5.763739 9.909050 -0.004863 
1326 17.400775 0.000000 -3.463138 99.635890 -5.626283 9.345897 -0.004631 
1327 10.911221 0.000000 -1.730781 100.880359 -4.463842 5.557146 -0.022765 
1328 10.911221 0.000000 -2.308233 100.637557 -4.640232 6.217507 -0.018811 
1329 11.501180 0.000000 -1.730781 100.857466 -4.581776 5.803096 -0.022690 
1330 12.091140 0.000000 -1.730781 100.807660 -4.688912 6.035491 -0.022060 
1331 12.091140 0.000000 -2.308233 100.589711 -4.860046 6.678270 -0.018651 
1332 12.681099 0.000000 -1.730781 100.736693 -4.784657 6.254725 -0.020990 
1333 9.288832 0.000000 -0.142787 101.818012 -11.839031 2.866826 -0.051529 
1334 9.141342 0.000000 -0.142787 101.839299 -12.254190 2.536606 -0.052784 
1335 9.288832 0.000000 -0.287150 101.620555 -7.357058 3.243420 -0.039138 
1336 11.206200 0.000000 0.290302 101.197178 14.417589 7.075361 -0.049880 
1337 11.206200 0.000000 0.001576 101.577875 -13.017357 5.692947 -0.051993 
1338 11.206200 0.000000 0.579028 101.659435 3.879609 4.002735 -0.036571 
1339 10.616241 0.000000 -0.287150 101.542930 -6.526206 4.174747 -0.037099 
1340 10.616241 0.000000 -0.575877 101.404052 -4.942022 4.282394 -0.032554 
1341 10.911221 0.000000 -0.287150 101.514508 -6.381590 4.317223 -0.036456 
1342 9.878792 0.000000 -0.142787 101.720165 -10.320653 3.765797 -0.046769 
1343 9.878792 0.000000 -0.287150 101.597633 -6.960576 3.737472 -0.038450 
1344 10.026281 0.000000 -0.142787 101.698368 -9.987569 3.912699 -0.045762 
1345 13.271059 0.000000 -1.730781 100.649590 -4.868302 6.461459 -0.019579 
1346 13.271059 0.000000 -2.308233 100.455902 -5.032051 7.091206 -0.016699 
1347 13.861018 0.000000 -1.730781 100.550909 -4.940407 6.655921 -0.017919 
1348 14.450978 0.000000 -1.730781 100.479990 -4.984991 7.038771 -0.017062 
1349 14.450978 0.000000 -2.308233 100.320714 -5.138292 7.653760 -0.014923 
1350 15.040937 0.000000 -1.730781 100.368511 -5.037118 7.209103 -0.015118 
1351 24.480290 0.000000 6.931003 100.062157 2.440943 3.051592 -0.002771 
1352 26.840128 0.000000 6.931003 99.981803 2.271753 3.106033 -0.001117 
1353 24.480290 0.000000 9.240812 100.006247 4.592953 3.256164 -0.003295 
1354 20.940532 0.000000 3.466289 100.184032 0.534532 4.327427 -0.005585 
1355 22.120451 0.000000 3.466289 100.038560 0.484561 4.433162 -0.002760 
1356 20.940532 0.000000 4.621194 100.269951 1.030823 3.746886 -0.006916 
1357 15.630897 0.000000 1.733932 100.995935 0.808925 4.526998 -0.022133 
1358 15.040937 0.000000 1.733932 101.142755 0.845654 4.416679 -0.025008 
1359 15.630897 0.000000 2.311385 101.085068 0.717180 4.261981 -0.023687 
1360 14.155998 0.000000 0.290302 100.745631 -13.876788 8.539270 -0.041517 
1361 14.155998 0.000000 0.001576 100.985704 -6.864090 5.417346 -0.027458 
1362 14.155998 0.000000 0.579028 100.653045 10.892289 9.040558 -0.033141 
1363 24.480290 0.000000 -2.308233 99.223295 -5.681353 9.403754 0.003403 
1364 24.480290 0.000000 -4.618042 99.056908 -6.305222 10.739360 0.003264 
1365 26.840128 0.000000 -2.308233 99.189371 -5.794342 9.643905 0.003489 
1366 18.580694 0.000000 -3.463138 99.502316 -5.736501 9.530217 -0.002444 
1367 18.580694 0.000000 -4.618042 99.348106 -5.992195 10.235394 -0.001072 
1368 19.760613 0.000000 -3.463138 99.383924 -5.790728 9.703432 -0.000485 
1369 20.940532 0.000000 -1.153329 99.605667 -5.157718 7.793866 -0.000864 
1370 20.940532 0.000000 -2.308233 99.407957 -5.514263 8.952056 0.000751 
1371 22.120451 0.000000 -1.153329 99.488830 -5.204363 7.995091 0.001097 
1372 15.630897 0.000000 -0.575877 100.542713 -5.022929 6.152194 -0.017192 
1373 15.630897 0.000000 -1.153329 100.404520 -4.967571 6.744273 -0.015123 
1374 16.220856 0.000000 -0.575877 100.417857 -5.021828 6.294629 -0.014859 
1375 19.170654 0.000000 1.733932 100.257081 1.231351 5.155679 -0.007958 
1376 19.760613 0.000000 1.733932 100.152069 1.428725 5.267516 -0.006022 
1377 19.170654 0.000000 2.311385 100.338304 0.545463 4.745341 -0.009059 
1378 17.695755 0.000000 0.867754 97.975045 14.921380 26.764377 -0.053809 
1379 17.695755 0.000000 0.579028 100.169181 -10.080727 7.181637 -0.018706 
1380 17.695755 0.000000 1.156480 100.337930 3.943186 6.015741 -0.011944 
1381 45.718832 0.000000 13.860430 100.002437 6.637214 4.580222 -0.006552 
1382 40.999156 0.000000 13.860430 99.904295 6.900796 5.059718 -0.005409 
1383 45.718832 0.000000 18.480048 99.510612 7.111980 8.882278 -0.003184 
1384 45.718832 0.000000 -13.857278 99.371217 -3.763062 10.121056 0.000876 
1385 45.718832 0.000000 -18.476896 99.361545 -2.396327 10.335586 0.001472 
1386 50.438508 0.000000 -13.857278 99.400781 -3.580171 10.119708 0.000426 
1387 55.158184 0.000000 -4.618042 99.325641 -6.604180 10.849038 -0.002690 
1388 55.158184 0.000000 -9.237660 99.403590 -5.144424 10.217031 -0.001193 
1389 59.877860 0.000000 -4.618042 99.355489 -6.506161 10.771767 -0.002987 
1390 48.078670 0.000000 6.931003 100.057685 0.890783 4.182737 -0.002983 
1391 45.718832 0.000000 6.931003 100.056025 1.005055 4.030371 -0.002846 
1392 48.078670 0.000000 9.240812 100.185756 2.380320 3.104228 -0.005249 
1393 43.358994 0.000000 6.931003 100.051232 1.134869 3.879298 -0.002659 
1394 40.999156 0.000000 6.931003 100.043033 1.277748 3.731004 -0.002416 
1395 43.358994 0.000000 9.240812 100.162184 2.847526 2.958893 -0.004933 
1396 52.798346 0.000000 2.311385 99.627773 -5.204187 8.123910 -0.001877 
1397 52.798346 0.000000 0.001576 99.405362 -6.045630 10.033436 -0.001865 
1398 55.158184 0.000000 2.311385 99.607806 -5.305635 8.402582 -0.002047 
1399 57.518022 0.000000 2.311385 99.587411 -5.408567 8.669355 -0.002206 
1400 57.518022 0.000000 0.001576 99.392841 -6.215793 10.329716 -0.002428 
1401 59.877860 0.000000 2.311385 99.564718 -5.510767 8.923108 -0.002312 
1402 88.195917 0.000000 -27.716132 99.373343 -0.725392 11.060706 0.000207 
1403 88.195917 0.000000 -36.955368 99.348030 -0.392764 11.297068 0.000219 
1404 97.635269 0.000000 -27.716132 99.373005 -0.671553 11.095877 0.000144 
1405 107.074622 0.000000 -27.716132 99.371766 -0.622598 11.128862 0.000101 
1406 107.074622 0.000000 -36.955368 99.349191 -0.347720 11.331086 0.000122 
1407 116.513974 0.000000 -27.716132 99.370029 -0.578102 11.159631 0.000073 
1408 64.597536 0.000000 -4.618042 99.379174 -6.380813 10.684988 -0.003110 
1409 64.597536 0.000000 -9.237660 99.446569 -4.706549 10.131593 -0.001442 
1410 69.317213 0.000000 -4.618042 99.400106 -6.230588 10.595291 -0.003146 
1411 62.237698 0.000000 2.311385 99.547002 -5.614712 9.162780 -0.002509 
1412 62.237698 0.000000 0.001576 99.383971 -6.372502 10.563111 -0.002936 
1413 64.597536 0.000000 2.311385 99.528365 -5.714798 9.387106 -0.002667 
1414 66.957375 0.000000 6.931003 99.904109 3.898773 6.218349 -0.003470 
1415 66.957375 0.000000 4.621194 99.762658 -4.974038 7.429817 -0.003253 
1416 66.957375 0.000000 9.240812 100.147785 0.953609 4.134018 -0.004758 
1417 125.953326 0.000000 -27.716132 99.368037 -0.537636 11.188245 0.000053 
1418 125.953326 0.000000 -36.955368 99.348336 -0.308630 11.361542 0.000073 
1419 135.392678 0.000000 -27.716132 99.365936 -0.500795 11.214812 0.000039 
1420 144.832030 0.000000 -9.237660 99.456410 -1.950088 10.442341 -0.000442 
1421 144.832030 0.000000 -18.476896 99.396753 -0.887944 10.955064 -0.000052 
1422 154.271383 0.000000 -9.237660 99.448645 -1.761568 10.514805 -0.000370 
1423 130.673002 0.000000 4.621194 99.402931 -6.660748 10.883058 -0.004375 
1424 130.673002 0.000000 0.001576 99.478506 -5.322283 10.237594 -0.002911 
1425 135.392678 0.000000 4.621194 99.411113 -6.587004 10.818437 -0.004300 
1426 121.233650 0.000000 23.099665 100.091881 6.903308 4.972694 -0.009077 
1427 116.513974 0.000000 23.099665 100.030481 7.143687 5.489355 -0.008726 
1428 121.233650 0.000000 27.719283 99.592869 7.027518 9.242235 -0.005354 
1429 140.112354 0.000000 4.621194 99.420803 -6.482348 10.740171 -0.004187 
1430 140.112354 0.000000 0.001576 99.490515 -4.879759 10.144660 -0.002509 
1431 144.832030 0.000000 4.621194 99.431307 -6.349934 10.654330 -0.004042 
1432 149.551707 0.000000 4.621194 99.442033 -6.193412 10.566070 -0.003872 
1433 149.551707 0.000000 0.001576 99.497557 -4.440591 10.091770 -0.002133 
1434 154.271383 0.000000 4.621194 99.452500 -6.016697 10.479579 -0.003682 
1435 142.472192 0.000000 16.170239 100.058611 1.352697 5.283907 -0.004148 
1436 142.472192 0.000000 13.860430 99.859120 -4.887216 6.990902 -0.004460 
1437 142.472192 0.000000 18.480048 100.218946 1.154432 3.911956 -0.006047 
1438 -110.030480 0.000000 -110.869255 99.323048 -0.022309 11.605943 0.000023 
1439 -147.787889 0.000000 -110.869255 99.323354 -0.014409 11.607104 0.000015 
1440 -110.030480 0.000000 -147.826199 99.323662 -0.023291 11.606908 0.000009 
1441 -53.394366 0.000000 -55.433840 99.310642 -0.013329 11.597983 0.000288 
1442 -72.273071 0.000000 -55.433840 99.315578 -0.007111 11.602953 0.000179 
1443 -53.394366 0.000000 -73.912312 99.316190 -0.010769 11.600699 0.000172 
1444 -25.076310 0.000000 -27.716132 99.233805 -0.073655 11.551873 0.001920 
1445 -34.515662 0.000000 -27.716132 99.265817 -0.037812 11.577088 0.001227 
1446 -25.076310 0.000000 -36.955368 99.264226 -0.062745 11.559551 0.001299 
1447 -10.917281 0.000000 -13.857278 98.999004 -0.366974 11.335992 0.007056 
1448 -15.636957 0.000000 -13.857278 99.094518 -0.203489 11.419645 0.004983 
1449 -10.917281 0.000000 -18.476896 99.089723 -0.351053 11.347625 0.005233 
1450 -3.837767 0.000000 -6.927851 98.286685 -0.701884 11.300047 0.021154 
1451 -6.197605 0.000000 -6.927851 98.599878 -0.423187 11.431436 0.014721 
1452 -3.837767 0.000000 -9.237660 98.517475 -0.796176 11.178463 0.016872 
1453 -0.298010 0.000000 -3.463138 95.946135 -0.969776 11.297185 0.066577 
1454 -1.477929 0.000000 -3.463138 96.934241 -0.641516 11.828468 0.046343 
1455 -0.298010 0.000000 -4.618042 96.731221 -1.211808 10.955815 0.052157 
1456 1.471868 0.000000 -1.730781 100.805267 0.317017 2.933720 -0.017041 
1457 0.881909 0.000000 -1.730781 100.845325 0.339835 2.855548 -0.017805 
1458 1.471868 0.000000 -2.308233 100.845325 0.339835 2.855548 -0.017805 
1459 2.946767 0.000000 -0.864603 100.513131 0.244491 -1.024638 -0.010400 
1460 2.651788 0.000000 -0.864603 100.513131 0.244491 -1.024638 -0.010400 
1461 2.946767 0.000000 -1.153329 100.513131 0.244491 -1.024638 -0.010400 
1462 -2.657848 0.000000 -3.463138 97.656835 -0.428009 11.981477 0.031940 
1463 -3.837767 0.000000 -3.463138 98.136859 -0.285228 11.930981 0.022673 
1464 -2.657848 0.000000 -4.618042 97.768766 -0.625831 11.570799 0.030699 
1465 0.291949 0.000000 -1.730781 100.912369 0.349526 2.985528 -0.019234 
1466 -0.298010 0.000000 -1.730781 101.015212 0.355985 3.340233 -0.021536 
1467 0.291949 0.000000 -2.308233 101.015212 0.355985 3.340233 -0.021536 
1468 36.279480 0.000000 13.860430 99.790198 7.075598 5.561299 -0.003908 
1469 36.279480 0.000000 18.480048 99.335651 6.657728 9.670499 -0.000542 
1470 11.501180 0.000000 3.466289 102.229081 2.311018 3.315286 -0.046712 
1471 10.321261 0.000000 3.466289 102.450649 2.664106 3.272772 -0.051394 
1472 11.501180 0.000000 4.621194 102.205276 3.068517 3.387622 -0.046681 
1473 9.141342 0.000000 3.466289 102.672643 2.971311 3.254981 -0.056110 
1474 7.961423 0.000000 3.466289 102.947599 3.235128 3.279488 -0.061943 
1475 9.141342 0.000000 4.621194 102.559328 3.672073 3.699575 -0.054559 
1476 4.790391 0.000000 -0.214969 100.113893 0.139456 -5.034804 -0.004816 
1477 4.790391 0.000000 -0.287150 100.113893 0.139456 -5.034804 -0.004816 
1478 4.864136 0.000000 -0.214969 100.113893 0.139456 -5.034804 -0.004816 
1479 4.937881 0.000000 -0.214969 100.113893 0.139456 -5.034804 -0.004816 
1480 4.937881 0.000000 -0.287150 100.113893 0.139456 -5.034804 -0.004816 
1481 5.011626 0.000000 -0.214969 100.113893 0.139456 -5.034804 -0.004816 
1482 6.044055 0.000000 -0.431513 99.870430 0.084934 -9.733028 -0.006884 
1483 6.044055 0.000000 -0.575877 99.870430 0.084934 -9.733028 -0.006884 
1484 6.191545 0.000000 -0.431513 99.870430 0.084934 -9.733028 -0.006884 
1485 6.339034 0.000000 -0.431513 99.570286 0.061358 -12.390558 -0.006777 
1486 6.339034 0.000000 -0.575877 99.570286 0.061358 -12.390558 -0.006777 
1487 6.486524 0.000000 -0.431513 99.080825 0.033483 -15.194515 -0.004788 
1488 6.634014 0.000000 -0.431513 99.080825 0.033483 -15.194515 -0.004788 
1489 6.634014 0.000000 -0.575877 98.433179 0.003717 -17.774805 -0.000503 
1490 6.781504 0.000000 -0.431513 98.433179 0.003717 -17.774805 -0.000503 
1491 8.256403 0.000000 -0.864603 101.039329 -4.090316 3.160634 -0.023567 
1492 8.256403 0.000000 -1.153329 100.838053 -3.845817 3.506373 -0.019540 
1493 8.551383 0.000000 -0.864603 101.108747 -4.144894 3.368086 -0.025150 
1494 8.846362 0.000000 -0.864603 101.164206 -4.195559 3.562477 -0.026449 
1495 8.846362 0.000000 -1.153329 100.986346 -3.975188 3.879613 -0.022910 
1496 9.141342 0.000000 -0.864603 101.207173 -4.243199 3.744923 -0.027492 
1497 9.436322 0.000000 -0.864603 101.238713 -4.288909 3.916399 -0.028301 
1498 9.436322 0.000000 -1.153329 101.080001 -4.098560 4.213693 -0.025172 
1499 9.731302 0.000000 -0.864603 101.259781 -4.333507 4.077792 -0.028895 
1500 10.026281 0.000000 -0.864603 101.271852 -4.376922 4.229976 -0.029304 
1501 10.026281 0.000000 -1.153329 101.128765 -4.217407 4.516091 -0.026521 
1502 10.321261 0.000000 -0.864603 101.274700 -4.420461 4.374298 -0.029524 
1503 10.616241 0.000000 -0.864603 101.269427 -4.463536 4.511741 -0.029578 
1504 10.616241 0.000000 -1.153329 101.138466 -4.333062 4.793440 -0.027074 
1505 10.911221 0.000000 -0.864603 101.257731 -4.508538 4.645968 -0.029504 
1506 11.206200 0.000000 -0.287150 101.481051 -6.252097 4.447499 -0.035727 
1507 11.206200 0.000000 -0.575877 101.359340 -4.952446 4.542969 -0.031888 
1508 11.501180 0.000000 -0.287150 101.441935 -6.134266 4.567153 -0.034895 
1509 14.450978 0.000000 1.733932 101.284655 0.911528 4.303218 -0.027793 
1510 13.861018 0.000000 1.733932 101.466324 1.010520 3.988784 -0.031235 
1511 14.450978 0.000000 2.311385 101.378918 0.916816 4.078433 -0.029516 
1512 13.271059 0.000000 1.733932 101.608062 1.112276 3.872718 -0.034043 
1513 12.681099 0.000000 1.733932 101.742837 1.230391 3.753309 -0.036721 
1514 13.271059 0.000000 2.311385 101.711321 1.207032 3.691842 -0.036028 
1515 11.796160 0.000000 -0.287150 101.400838 -6.030454 4.681896 -0.034042 
1516 11.796160 0.000000 -0.575877 101.289978 -4.965800 4.779053 -0.030716 
1517 12.091140 0.000000 -0.287150 101.351923 -5.932008 4.783404 -0.033028 
1518 29.199966 0.000000 6.931003 99.959795 2.107537 3.185590 -0.000655 
1519 31.559804 0.000000 6.931003 99.965602 1.939047 3.283747 -0.000766 
1520 29.199966 0.000000 9.240812 99.973462 4.239831 3.042206 -0.002192 
1521 24.480290 0.000000 -6.927851 98.992967 -6.489578 11.094008 0.003520 
1522 24.480290 0.000000 -9.237660 99.009868 -6.108966 10.889910 0.004114 
1523 26.840128 0.000000 -6.927851 99.006507 -6.555847 11.093973 0.003166 
1524 29.199966 0.000000 -2.308233 99.172317 -5.899500 9.849242 0.003304 
1525 29.199966 0.000000 -4.618042 99.051779 -6.495498 10.916664 0.002738 
1526 31.559804 0.000000 -2.308233 99.179335 -5.994874 10.032156 0.002688 
1527 20.940532 0.000000 -3.463138 99.260001 -5.848079 9.860282 0.001603 
1528 20.940532 0.000000 -4.618042 99.145144 -6.118877 10.498775 0.002258 
1529 22.120451 0.000000 -3.463138 99.190630 -5.908088 9.991821 0.002648 
1530 15.630897 0.000000 -1.730781 100.261829 -5.085131 7.366342 -0.013256 
1531 15.630897 0.000000 -2.308233 100.122634 -5.237341 7.969793 -0.011549 
1532 16.220856 0.000000 -1.730781 100.152307 -5.120689 7.513884 -0.011316 
1533 16.810816 0.000000 -0.575877 100.298380 -5.013096 6.424747 -0.012617 
1534 16.810816 0.000000 -1.153329 100.174400 -5.022889 7.033488 -0.010961 
1535 17.400775 0.000000 -0.575877 100.185603 -5.005779 6.550142 -0.010512 
1536 17.990735 0.000000 -0.575877 100.095672 -4.994886 6.649617 -0.008831 
1537 17.990735 0.000000 -1.153329 99.984066 -5.050668 7.260980 -0.007504 
1538 18.580694 0.000000 -0.575877 100.000766 -4.990984 6.762886 -0.007080 
1539 38.639318 0.000000 6.931003 100.026636 1.431909 3.586306 -0.002024 
1540 36.279480 0.000000 6.931003 100.010887 1.593800 3.448305 -0.001661 
1541 38.639318 0.000000 9.240812 100.119298 3.330000 2.880933 -0.004326 
1542 33.919642 0.000000 6.931003 99.980239 1.767966 3.389081 -0.001066 
1543 33.919642 0.000000 9.240812 100.032320 3.807742 2.951807 -0.002968 
1544 55.158184 0.000000 -13.857278 99.420694 -3.398735 10.128160 0.000139 
1545 55.158184 0.000000 -18.476896 99.400627 -2.170885 10.385371 0.000695 
1546 59.877860 0.000000 -13.857278 99.435978 -3.229263 10.142678 -0.000082 
1547 33.919642 0.000000 -2.308233 99.194889 -6.086828 10.185683 0.001958 
1548 33.919642 0.000000 -4.618042 99.109102 -6.613122 10.996489 0.001273 
1549 36.279480 0.000000 -2.308233 99.208834 -6.171958 10.260711 0.001423 
1550 64.597536 0.000000 -13.857278 99.446250 -3.062512 10.163095 -0.000222 
1551 64.597536 0.000000 -18.476896 99.416744 -1.963418 10.448112 0.000329 
1552 69.317213 0.000000 -13.857278 99.452273 -2.905087 10.187964 -0.000299 
1553 74.036889 0.000000 -4.618042 99.418399 -6.059092 10.506773 -0.003112 
1554 74.036889 0.000000 -9.237660 99.468832 -4.275045 10.088747 -0.001411 
1555 78.756565 0.000000 -4.618042 99.434341 -5.870308 10.422812 -0.003028 
1556 66.957375 0.000000 2.311385 99.509823 -5.814749 9.595977 -0.002810 
1557 66.957375 0.000000 0.001576 99.377039 -6.500246 10.736738 -0.003333 
1558 69.317213 0.000000 2.311385 99.492335 -5.912400 9.789304 -0.002951 
1559 71.677051 0.000000 2.311385 99.476027 -6.007125 9.966939 -0.003091 
1560 71.677051 0.000000 0.001576 99.372743 -6.600782 10.854460 -0.003633 
1561 74.036889 0.000000 2.311385 99.461004 -6.098295 10.128807 -0.003227 
1562 76.396727 0.000000 2.311385 99.447346 -6.185270 10.274921 -0.003361 
1563 76.396727 0.000000 0.001576 99.372096 -6.669210 10.921917 -0.003858 
1564 78.756565 0.000000 2.311385 99.435109 -6.267413 10.405387 -0.003489 
1565 83.476241 0.000000 -4.618042 99.448117 -5.668166 10.345904 -0.002909 
1566 83.476241 0.000000 -9.237660 99.480038 -3.864405 10.081119 -0.001284 
1567 88.195917 0.000000 -4.618042 99.459868 -5.456384 10.277756 -0.002767 
1568 81.116403 0.000000 2.311385 99.424326 -6.344108 10.520410 -0.003612 
1569 81.116403 0.000000 0.001576 99.374926 -6.703384 10.945709 -0.004012 
1570 83.476241 0.000000 2.311385 99.415009 -6.414764 10.620300 -0.003728 
1571 85.836079 0.000000 2.311385 99.407151 -6.478828 10.705469 -0.003836 
1572 85.836079 0.000000 0.001576 99.380799 -6.702358 10.933149 -0.004100 
1573 88.195917 0.000000 2.311385 99.400726 -6.535794 10.776432 -0.003935 
1574 111.794298 0.000000 23.099665 99.966567 7.315094 6.025978 -0.008314 
1575 107.074622 0.000000 23.099665 99.901532 7.418902 6.570313 -0.007853 
1576 111.794298 0.000000 27.719283 99.500052 6.609135 10.017915 -0.004430 
1577 144.832030 0.000000 -27.716132 99.363815 -0.467207 11.239456 0.000029 
1578 144.832030 0.000000 -36.955368 99.346733 -0.274954 11.388333 0.000046 
1579 154.271383 0.000000 -27.716132 99.361727 -0.436537 11.262308 0.000022 
1580 6.781504 0.000000 3.466289 103.320324 3.370281 3.401787 -0.069802 
1581 5.601585 0.000000 3.466289 103.860237 3.380351 3.753383 -0.081246 
1582 6.781504 0.000000 4.621194 102.970104 3.903903 4.346704 -0.063698 
1583 4.421666 0.000000 3.466289 104.492204 3.228933 4.536954 -0.094963 
1584 3.241747 0.000000 3.466289 104.954708 2.985061 5.843224 -0.105854 
1585 4.421666 0.000000 4.621194 103.502700 3.641207 5.744671 -0.075907 
1586 2.061828 0.000000 3.466289 104.976633 2.653801 7.531426 -0.108386 
1587 0.881909 0.000000 3.466289 104.406101 2.282529 9.331342 -0.099292 
1588 2.061828 0.000000 4.621194 103.477819 2.981024 8.101140 -0.078217 
1589 -0.298010 0.000000 3.466289 103.278702 1.930757 10.809269 -0.078706 
1590 -1.477929 0.000000 3.466289 101.909401 1.582229 11.504462 -0.052038 
1591 -0.298010 0.000000 4.621194 102.288675 2.220165 10.397845 -0.057602 
1592 -2.657848 0.000000 3.466289 100.878446 1.326281 11.783045 -0.031706 
1593 -3.837767 0.000000 3.466289 100.179872 1.111710 11.816055 -0.017686 
1594 -2.657848 0.000000 4.621194 100.660782 1.535504 11.348780 -0.026375 
1595 2.356808 0.000000 -0.864603 100.513131 0.244491 -1.024638 -0.010400 
1596 2.061828 0.000000 -0.864603 100.513131 0.244491 -1.024638 -0.010400 
1597 2.356808 0.000000 -1.153329 100.513131 0.244491 -1.024638 -0.010400 
1598 -0.887970 0.000000 -1.730781 101.396628 0.356876 4.715787 -0.030364 
1599 -1.477929 0.000000 -1.730781 102.388949 0.334446 8.075560 -0.054882 
1600 -0.887970 0.000000 -2.308233 103.270416 0.308880 12.972645 -0.083316 
1601 12.091140 0.000000 1.733932 101.868497 1.364202 3.626555 -0.039220 
1602 11.501180 0.000000 1.733932 101.985769 1.505751 3.495757 -0.041558 
1603 12.091140 0.000000 2.311385 101.979038 1.515868 3.500723 -0.041428 
1604 10.911221 0.000000 1.733932 102.093560 1.653601 3.356302 -0.043709 
1605 10.321261 0.000000 1.733932 102.193162 1.801305 3.207645 -0.045698 
1606 10.911221 0.000000 2.311385 102.216406 1.847985 3.298157 -0.046249 
1607 11.206200 0.000000 -0.864603 101.237742 -4.550394 4.772335 -0.029256 
1608 11.206200 0.000000 -1.153329 101.115222 -4.443373 5.050875 -0.026954 
1609 11.501180 0.000000 -0.864603 101.211078 -4.591012 4.893907 -0.028871 
1610 11.796160 0.000000 -0.864603 101.178245 -4.630107 5.011106 -0.028359 
1611 11.796160 0.000000 -1.153329 101.064039 -4.546398 5.291467 -0.026261 
1612 12.091140 0.000000 -0.864603 101.139900 -4.667488 5.124189 -0.027732 
1613 12.386120 0.000000 -0.287150 101.299258 -5.842747 4.877903 -0.031947 
1614 12.386120 0.000000 -0.575877 101.202640 -4.980138 4.998180 -0.029176 
1615 12.681099 0.000000 -0.287150 101.243500 -5.762323 4.966753 -0.030812 
1616 12.976079 0.000000 -0.287150 101.184946 -5.689799 5.051477 -0.029628 
1617 12.976079 0.000000 -0.575877 101.096491 -4.993391 5.196970 -0.027244 
1618 13.271059 0.000000 -0.287150 101.124376 -5.621276 5.131481 -0.028407 
1619 29.199966 0.000000 -6.927851 99.036904 -6.589368 11.072602 0.002567 
1620 29.199966 0.000000 -9.237660 99.084457 -6.117087 10.784836 0.002854 
1621 31.559804 0.000000 -6.927851 99.080694 -6.597953 11.036273 0.001768 
1622 16.810816 0.000000 -1.730781 100.047247 -5.150506 7.651300 -0.009452 
1623 16.810816 0.000000 -2.308233 99.925341 -5.305371 8.243848 -0.008118 
1624 17.400775 0.000000 -1.730781 99.950658 -5.178273 7.780879 -0.007749 
1625 17.990735 0.000000 -1.730781 99.870992 -5.200755 7.878884 -0.006334 
1626 17.990735 0.000000 -2.308233 99.761934 -5.362219 8.459923 -0.005277 
1627 18.580694 0.000000 -1.730781 99.786262 -5.227959 7.987666 -0.004843 
1628 19.170654 0.000000 -0.575877 99.918638 -4.990701 6.859595 -0.005570 
1629 19.170654 0.000000 -1.153329 99.814679 -5.098386 7.481828 -0.004494 
1630 19.760613 0.000000 -0.575877 99.842288 -4.993342 6.968477 -0.004198 
1631 33.919642 0.000000 -6.927851 99.122498 -6.587320 10.987780 0.001061 
1632 33.919642 0.000000 -9.237660 99.182590 -6.015623 10.665316 0.001288 
1633 36.279480 0.000000 -6.927851 99.151310 -6.556576 10.874279 0.000778 
1634 38.639318 0.000000 -2.308233 99.229881 -6.255147 10.392730 0.000630 
1635 38.639318 0.000000 -4.618042 99.167080 -6.677611 10.965400 0.000106 
1636 40.999156 0.000000 -2.308233 99.247623 -6.331605 10.510046 -0.000064 
1637 43.358994 0.000000 -2.308233 99.264211 -6.401590 10.611727 -0.000697 
1638 43.358994 0.000000 -4.618042 99.226257 -6.701876 10.967270 -0.001105 
1639 45.718832 0.000000 -2.308233 99.277421 -6.466064 10.698908 -0.001228 
1640 74.036889 0.000000 -13.857278 99.455837 -2.755378 10.216235 -0.000343 
1641 74.036889 0.000000 -18.476896 99.423041 -1.776354 10.515219 0.000133 
1642 78.756565 0.000000 -13.857278 99.457575 -2.613375 10.247128 -0.000364 
1643 83.476241 0.000000 -13.857278 99.457949 -2.478942 10.279998 -0.000371 
1644 83.476241 0.000000 -18.476896 99.423848 -1.609074 10.582851 0.000031 
1645 88.195917 0.000000 -13.857278 99.457299 -2.351866 10.314306 -0.000367 
1646 92.915593 0.000000 -4.618042 99.469717 -5.238376 10.219400 -0.002610 
1647 92.915593 0.000000 -9.237660 99.484161 -3.482388 10.101270 -0.001126 
1648 97.635269 0.000000 -4.618042 99.477785 -5.017186 10.171308 -0.002446 
1649 102.354945 0.000000 23.099665 99.836610 7.458610 7.111351 -0.007355 
1650 97.635269 0.000000 23.099665 99.772839 7.439340 7.639654 -0.006833 
1651 102.354945 0.000000 27.719283 99.422609 6.123181 10.654821 -0.003587 
1652 102.354945 0.000000 -4.618042 99.484200 -4.795460 10.133509 -0.002279 
1653 102.354945 0.000000 -9.237660 99.483627 -3.132698 10.142151 -0.000967 
1654 107.074622 0.000000 -4.618042 99.489095 -4.575441 10.105695 -0.002114 
1 115 117 99 118 
2 116 115 118 100 
3 152 116 100 154 
4 153 152 154 108 
5 155 157 115 158 
6 156 155 158 116 
7 164 156 116 167 
8 165 164 167 152 
9 5 170 168 169 
10 170 123 171 168 
11 168 171 155 172 
12 169 168 172 156 
13 6 175 173 174 
14 175 18 45 173 
15 173 45 28 176 
16 174 173 176 29 
17 18 179 177 178 
18 179 34 61 177 
19 177 61 44 180 
20 178 177 180 45 
21 34 183 181 182 
22 183 50 77 181 
23 181 77 60 184 
24 182 181 184 61 
25 50 187 185 186 
26 187 66 93 185 
27 185 93 76 188 
28 186 185 188 77 
29 66 191 189 190 
30 190 189 192 93 
31 193 153 108 196 
32 194 193 196 109 
33 98 199 197 198 
34 199 114 165 197 
35 197 165 152 200 
36 198 197 200 153 
37 114 206 204 205 
38 206 166 207 204 
39 204 207 164 208 
40 205 204 208 165 
41 16 211 209 210 
42 211 15 32 209 
43 209 32 18 175 
44 210 209 175 6 
45 32 214 212 213 
46 214 31 48 212 
47 212 48 34 179 
48 213 212 179 18 
49 48 217 215 216 
50 217 47 64 215 
51 215 64 50 183 
52 216 215 183 34 
53 64 220 218 219 
54 220 63 80 218 
55 218 80 66 187 
56 219 218 187 50 
57 80 223 221 222 
58 222 221 191 66 
59 112 229 227 228 
60 229 111 202 227 
61 227 202 114 199 
62 228 227 199 98 
63 224 232 230 231 
64 232 112 228 230 
65 234 198 153 236 
66 235 234 236 193 
67 230 239 237 238 
68 239 228 240 237 
69 237 240 98 241 
70 221 244 242 243 
71 244 96 225 242 
72 242 225 82 245 
73 243 242 245 191 
74 225 248 246 247 
75 248 224 231 246 
76 247 246 249 82 
77 231 252 250 251 
78 252 230 238 250 
79 241 98 256 254 
80 254 256 198 257 
81 255 254 257 234 
82 238 260 258 259 
83 260 237 261 258 
84 258 261 241 262 
85 259 258 262 233 
86 191 245 263 264 
87 245 82 194 263 
88 263 194 109 265 
89 264 263 265 189 
90 82 249 266 267 
91 266 235 193 268 
92 267 266 268 194 
93 269 255 234 271 
94 270 269 271 235 
95 274 233 275 272 
96 272 275 255 276 
97 273 272 276 269 
98 249 279 277 278 
99 279 195 270 277 
100 277 270 235 280 
101 278 277 280 266 
102 195 283 281 282 
103 283 253 273 281 
104 281 273 269 284 
105 282 281 284 270 
106 250 287 285 286 
107 287 238 259 285 
108 285 259 233 274 
109 286 285 274 253 
110 253 290 288 289 
111 290 274 291 288 
112 288 291 272 292 
113 289 288 292 273 
114 120 295 293 294 
115 295 119 160 293 
116 293 160 123 170 
117 294 293 170 5 
118 311 312 101 313 
119 117 311 313 99 
120 314 315 117 316 
121 157 314 316 115 
122 317 318 157 319 
123 171 317 319 155 
124 160 322 320 321 
125 321 320 324 123 
126 123 324 333 334 
127 333 335 317 336 
128 334 333 336 171 
129 320 339 337 338 
130 339 323 340 337 
131 337 340 163 341 
132 338 337 341 324 
133 342 343 314 344 
134 318 342 344 157 
135 345 346 318 347 
136 335 345 347 317 
137 352 354 345 355 
138 353 352 355 335 
139 340 358 356 357 
140 357 356 360 163 
141 7 363 361 362 
142 363 12 364 361 
143 361 364 10 25 
144 362 361 25 11 
145 11 367 365 366 
146 367 25 368 365 
147 365 368 23 41 
148 366 365 41 24 
149 24 371 369 370 
150 371 41 372 369 
151 369 372 39 57 
152 370 369 57 40 
153 40 375 373 374 
154 375 57 376 373 
155 373 376 55 73 
156 374 373 73 56 
157 56 379 377 378 
158 379 73 380 377 
159 377 380 71 89 
160 378 377 89 72 
161 72 383 381 382 
162 383 89 384 381 
163 381 384 87 105 
164 382 381 105 88 
165 88 387 385 386 
166 387 105 388 385 
167 385 388 103 121 
168 386 385 121 104 
169 121 391 389 390 
170 391 103 392 389 
171 389 392 122 161 
172 390 389 161 119 
173 161 395 393 394 
174 395 122 396 393 
175 393 396 162 330 
176 394 393 330 159 
177 159 399 397 398 
178 399 330 400 397 
179 397 400 329 349 
180 398 397 349 323 
181 323 403 401 402 
182 403 349 404 401 
183 401 404 348 358 
184 402 401 358 340 
185 410 331 411 409 
186 409 411 107 412 
187 414 350 415 413 
188 413 415 332 416 
189 358 419 417 418 
190 419 348 420 417 
191 418 417 421 356 
192 349 423 422 404 
193 423 329 424 422 
194 422 424 350 414 
195 404 422 414 348 
196 348 426 425 420 
197 426 414 427 425 
198 425 427 413 428 
199 420 425 428 359 
200 324 341 429 430 
201 341 163 353 429 
202 429 353 335 431 
203 430 429 431 333 
204 163 360 432 433 
205 360 351 434 432 
206 432 434 352 435 
207 433 432 435 353 
208 356 421 436 437 
209 421 359 438 436 
210 436 438 351 439 
211 437 436 439 360 
212 417 442 440 441 
213 442 420 443 440 
214 440 443 359 444 
215 441 440 444 421 
216 445 446 342 447 
217 346 445 447 318 
218 412 107 449 448 
219 448 449 346 450 
220 354 448 450 345 
221 350 452 451 415 
222 452 409 453 451 
223 451 453 412 454 
224 415 451 454 332 
225 331 456 455 411 
226 456 405 457 455 
227 455 457 408 458 
228 411 455 458 107 
229 405 472 471 457 
230 472 407 473 471 
231 471 473 328 474 
232 457 471 474 408 
233 475 476 311 477 
234 315 475 477 117 
235 478 479 315 480 
236 343 478 480 314 
237 327 482 481 469 
238 482 463 483 481 
239 481 483 466 484 
240 469 481 484 151 
241 485 486 343 487 
242 446 485 487 342 
243 467 490 488 489 
244 490 469 491 488 
245 488 491 151 492 
246 489 488 492 470 
247 463 498 497 483 
248 498 465 499 497 
249 497 499 91 500 
250 483 497 500 466 
251 501 502 475 503 
252 479 501 503 315 
253 465 505 504 499 
254 505 493 506 504 
255 504 506 496 507 
256 499 504 507 91 
257 520 521 308 522 
258 312 520 522 101 
259 523 524 312 525 
260 476 523 525 311 
261 526 527 476 528 
262 502 526 528 475 
263 495 531 529 530 
264 531 516 532 529 
265 529 532 519 533 
266 530 529 533 462 
267 461 535 534 518 
268 535 512 536 534 
269 534 536 515 537 
270 518 534 537 147 
271 516 539 538 532 
272 539 518 540 538 
273 538 540 147 541 
274 532 538 541 519 
275 512 547 546 536 
276 547 514 548 546 
277 546 548 75 549 
278 550 551 520 552 
279 524 550 552 312 
280 515 549 553 554 
281 549 75 555 553 
282 553 555 524 556 
283 554 553 556 523 
284 536 559 557 558 
285 559 546 560 557 
286 557 560 549 561 
287 558 557 561 515 
288 570 572 521 573 
289 551 570 573 520 
290 545 576 574 575 
291 576 511 577 574 
292 574 577 551 578 
293 575 574 578 550 
294 588 590 570 591 
295 577 588 591 551 
296 544 594 592 593 
297 594 585 595 592 
298 511 598 596 597 
299 598 589 599 596 
300 596 599 588 600 
301 597 596 600 577 
302 601 603 566 604 
303 572 601 604 521 
304 606 143 607 605 
305 605 607 572 608 
306 590 605 608 570 
307 589 610 609 599 
308 609 611 590 612 
309 599 609 612 588 
310 585 617 616 595 
311 617 587 618 616 
312 616 618 143 606 
313 592 621 619 620 
314 621 595 622 619 
315 619 622 571 610 
316 620 619 610 589 
317 571 624 623 611 
318 624 606 625 623 
319 623 625 605 626 
320 611 623 626 590 
321 610 629 627 628 
322 629 571 630 627 
323 627 630 611 631 
324 628 627 631 609 
325 143 633 632 607 
326 633 602 634 632 
327 632 634 601 635 
328 607 632 635 572 
329 640 642 568 643 
330 603 640 643 566 
331 648 584 649 647 
332 567 652 650 651 
333 652 641 653 650 
334 650 653 640 654 
335 651 650 654 603 
336 655 657 636 658 
337 642 655 658 568 
338 641 660 659 653 
339 660 59 661 659 
340 659 661 642 662 
341 653 659 662 640 
342 584 664 663 649 
343 664 644 665 663 
344 663 665 637 656 
345 59 667 666 661 
346 667 656 668 666 
347 666 668 655 669 
348 661 666 669 642 
349 682 684 638 685 
350 657 682 685 636 
351 656 687 686 668 
352 687 637 688 686 
353 686 688 657 689 
354 668 686 689 655 
355 644 700 699 665 
356 700 646 701 699 
357 699 701 563 683 
358 665 699 683 637 
359 563 703 702 684 
360 703 679 704 702 
361 702 704 678 705 
362 684 702 705 638 
363 683 708 706 707 
364 708 563 709 706 
365 706 709 684 710 
366 707 706 710 682 
367 679 716 715 704 
368 716 139 717 715 
369 20 38 719 720 
370 38 19 721 719 
371 719 721 22 722 
372 720 719 722 9 
373 36 54 723 724 
374 54 35 725 723 
375 723 725 38 726 
376 724 723 726 20 
377 52 70 727 728 
378 70 51 729 727 
379 727 729 54 730 
380 728 727 730 36 
381 67 307 731 732 
382 307 69 733 731 
383 731 733 51 734 
384 732 731 734 70 
385 85 565 735 736 
386 565 305 737 735 
387 735 737 307 738 
388 736 735 738 67 
389 562 681 739 740 
390 681 564 741 739 
391 739 741 305 742 
392 740 739 742 565 
393 678 718 743 744 
394 718 680 745 743 
395 743 745 564 746 
396 744 743 746 681 
397 704 749 747 748 
398 749 715 750 747 
399 747 750 718 751 
400 748 747 751 678 
401 753 693 754 752 
402 139 756 755 717 
403 756 712 757 755 
404 715 760 759 750 
405 760 717 761 759 
406 759 761 680 762 
407 750 759 762 718 
408 43 764 763 676 
409 764 671 765 763 
410 763 765 670 766 
411 676 763 766 306 
412 675 768 767 713 
413 768 43 769 767 
414 767 769 676 770 
415 713 767 770 674 
416 712 772 771 757 
417 772 675 773 771 
418 771 773 713 774 
419 757 771 774 711 
420 305 677 775 737 
421 677 306 776 775 
422 775 776 69 777 
423 737 775 777 307 
424 564 714 778 741 
425 714 674 779 778 
426 778 779 677 780 
427 741 778 780 305 
428 680 758 781 745 
429 758 711 782 781 
430 781 782 714 783 
431 745 781 783 564 
432 755 786 784 785 
433 786 757 787 784 
434 784 787 711 788 
435 785 784 788 758 
436 671 798 797 765 
437 798 135 799 797 
438 797 799 672 800 
439 765 797 800 670 
440 805 134 806 804 
441 135 808 807 799 
442 808 794 809 807 
443 807 809 793 810 
444 799 807 810 672 
445 794 816 815 809 
446 816 27 817 815 
447 815 817 795 818 
448 809 815 818 793 
449 134 820 819 806 
450 820 801 821 819 
451 819 821 790 812 
452 27 823 822 817 
453 823 812 824 822 
454 822 824 811 825 
455 817 822 825 795 
456 812 839 838 824 
457 839 790 840 838 
458 838 840 813 841 
459 824 838 841 811 
460 35 301 842 725 
461 301 37 843 842 
462 842 843 19 844 
463 725 842 844 38 
464 53 792 845 846 
465 792 299 847 845 
466 845 847 301 848 
467 846 845 848 35 
468 789 837 849 850 
469 837 791 851 849 
470 849 851 299 852 
471 850 849 852 792 
472 813 855 853 854 
473 855 834 856 853 
474 853 856 837 857 
475 854 853 857 789 
476 834 869 868 856 
477 869 836 870 868 
478 868 870 791 871 
479 856 868 871 837 
480 299 833 872 847 
481 833 300 873 872 
482 872 873 37 874 
483 847 872 874 301 
484 791 867 875 851 
485 867 830 876 875 
486 875 876 833 877 
487 851 875 877 299 
488 836 879 878 870 
489 879 864 880 878 
490 878 880 867 881 
491 870 878 881 791 
492 830 889 890 876 
493 889 832 891 890 
494 890 891 300 892 
495 876 890 892 833 
496 866 895 893 894 
497 895 886 896 893 
498 893 896 889 897 
499 894 893 897 830 
500 899 858 900 898 
501 886 906 905 896 
502 906 888 907 905 
503 905 907 832 908 
504 896 905 908 889 
505 19 298 909 721 
506 298 21 910 909 
507 909 910 3 911 
508 721 909 911 22 
509 37 829 912 843 
510 829 296 913 912 
511 912 913 298 914 
512 843 912 914 19 
513 300 885 915 873 
514 885 826 916 915 
515 915 916 829 917 
516 873 915 917 37 
517 832 904 918 891 
518 904 882 919 918 
519 918 919 885 920 
520 891 918 920 300 
521 888 922 921 907 
522 922 901 923 921 
523 921 923 904 924 
524 907 921 924 832 
525 883 934 933 903 
526 934 827 935 933 
527 933 935 884 936 
528 903 933 936 882 
529 901 938 937 923 
530 938 903 939 937 
531 937 939 882 940 
532 923 937 940 904 
533 882 936 941 919 
534 941 942 826 943 
535 919 941 943 885 
536 944 945 296 946 
537 916 944 946 829 
538 947 949 932 950 
539 942 947 950 826 
540 936 953 951 952 
541 953 884 954 951 
542 951 954 942 955 
543 952 951 955 941 
544 858 960 959 900 
545 960 860 961 959 
546 959 961 127 930 
547 827 963 962 935 
548 963 930 964 962 
549 962 964 929 948 
550 935 962 948 884 
551 884 966 965 954 
552 966 948 967 965 
553 965 967 947 968 
554 954 965 968 942 
555 973 975 828 976 
556 949 973 976 932 
557 948 978 977 967 
558 978 929 979 977 
559 977 979 949 980 
560 967 977 980 947 
561 930 982 981 964 
562 982 127 983 981 
563 981 983 931 974 
564 964 981 974 929 
565 929 985 984 979 
566 985 974 986 984 
567 984 986 973 987 
568 979 984 987 949 
569 296 928 988 913 
570 928 297 989 988 
571 988 989 21 990 
572 913 988 990 298 
573 991 992 928 993 
574 945 991 993 296 
575 994 996 972 997 
576 975 994 997 828 
577 974 999 998 986 
578 999 931 1000 998 
579 998 1000 975 1001 
580 986 998 1001 973 
581 860 1003 1002 961 
582 1003 956 1004 1002 
583 1002 1004 926 970 
584 961 1002 970 127 
585 127 1006 1005 983 
586 1006 970 1007 1005 
587 1005 1007 969 995 
588 983 1005 995 931 
589 931 1009 1008 1000 
590 1009 995 1010 1008 
591 1008 1010 994 1011 
592 1000 1008 1011 975 
593 969 1017 1016 996 
594 1017 971 1018 1016 
595 996 1016 1019 972 
596 995 1021 1020 1010 
597 1021 969 1022 1020 
598 1020 1022 996 1023 
599 1010 1020 1023 994 
600 1024 1025 297 1026 
601 992 1024 1026 928 
602 971 1028 1027 1018 
603 1028 1012 1029 1027 
604 972 1019 1031 1032 
605 1019 925 1033 1031 
606 1031 1033 992 1034 
607 1032 1031 1034 991 
608 1016 1037 1035 1036 
609 1037 1018 1038 1035 
610 1035 1038 925 1039 
611 1036 1035 1039 1019 
612 925 1030 1040 1033 
613 1030 1015 1041 1040 
614 1040 1041 1024 1042 
615 1033 1040 1042 992 
616 1018 1044 1043 1038 
617 1044 1027 1045 1043 
618 1043 1045 1030 1046 
619 1038 1043 1046 925 
620 1012 1048 1047 1029 
621 1048 1014 1049 1047 
622 1015 1050 1051 1041 
623 1050 927 1052 1051 
624 1051 1052 1025 1053 
625 1041 1051 1053 1024 
626 1029 1056 1054 1055 
627 1056 1047 1057 1054 
628 1054 1057 1050 1058 
629 1055 1054 1058 1015 
630 1047 1060 1059 1057 
631 1060 1049 1061 1059 
632 1059 1061 927 1062 
633 1057 1059 1062 1050 
634 12 1064 1063 364 
635 1064 2 1065 1063 
636 1063 1065 13 125 
637 364 1063 125 10 
638 17 1068 1066 1067 
639 1068 7 362 1066 
640 1066 362 11 33 
641 1067 1066 33 15 
642 25 1070 1069 368 
643 1070 10 1071 1069 
644 1069 1071 26 129 
645 368 1069 129 23 
646 28 46 1072 1073 
647 46 20 720 1072 
648 1072 720 9 1074 
649 1073 1072 1074 30 
650 29 176 1075 1076 
651 176 28 1073 1075 
652 1075 1073 30 1077 
653 1076 1075 1077 4 
654 33 1080 1078 1079 
655 1080 11 366 1078 
656 1078 366 24 49 
657 1079 1078 49 31 
658 41 1082 1081 372 
659 1082 23 1083 1081 
660 1081 1083 42 133 
661 372 1081 133 39 
662 44 62 1084 1085 
663 62 36 724 1084 
664 1084 724 20 1086 
665 1085 1084 1086 46 
666 45 180 1087 1088 
667 180 44 1085 1087 
668 1087 1085 46 1089 
669 1088 1087 1089 28 
670 49 1092 1090 1091 
671 1092 24 370 1090 
672 1090 370 40 65 
673 1091 1090 65 47 
674 51 304 1093 729 
675 304 53 846 1093 
676 1093 846 35 1094 
677 729 1093 1094 54 
678 57 1096 1095 376 
679 1096 39 1097 1095 
680 1095 1097 58 137 
681 376 1095 137 55 
682 60 78 1098 1099 
683 78 52 728 1098 
684 1098 728 36 1100 
685 1099 1098 1100 62 
686 61 184 1101 1102 
687 184 60 1099 1101 
688 1101 1099 62 1103 
689 1102 1101 1103 44 
690 65 1106 1104 1105 
691 1106 40 374 1104 
692 1104 374 56 81 
693 1105 1104 81 63 
694 68 86 1107 1108 
695 86 67 732 1107 
696 1107 732 70 1109 
697 1108 1107 1109 52 
698 73 1111 1110 380 
699 1111 55 1112 1110 
700 1110 1112 74 141 
701 380 1110 141 71 
702 76 94 1113 1114 
703 94 68 1108 1113 
704 1113 1108 52 1115 
705 1114 1113 1115 78 
706 77 188 1116 1117 
707 188 76 1114 1116 
708 1116 1114 78 1118 
709 1117 1116 1118 60 
710 81 1121 1119 1120 
711 1121 56 378 1119 
712 1119 378 72 97 
713 1120 1119 97 79 
714 83 310 1122 1123 
715 310 85 736 1122 
716 1122 736 67 1124 
717 1123 1122 1124 86 
718 84 102 1125 1126 
719 102 83 1123 1125 
720 1125 1123 86 1127 
721 1126 1125 1127 68 
722 89 1129 1128 384 
723 1129 71 1130 1128 
724 1128 1130 90 145 
725 384 1128 145 87 
726 92 110 1131 1132 
727 110 84 1126 1131 
728 1131 1126 68 1133 
729 1132 1131 1133 94 
730 93 192 1134 1135 
731 192 92 1132 1134 
732 1134 1132 94 1136 
733 1135 1134 1136 76 
734 97 1139 1137 1138 
735 1139 72 382 1137 
736 1137 382 88 113 
737 1138 1137 113 95 
738 105 1141 1140 388 
739 1141 87 1142 1140 
740 1140 1142 106 149 
741 388 1140 149 103 
742 113 1145 1143 1144 
743 1145 88 386 1143 
744 1143 386 104 203 
745 1144 1143 203 111 
746 104 1148 1146 1147 
747 1148 121 390 1146 
748 1146 390 119 295 
749 1147 1146 295 120 
750 10 1150 1149 1071 
751 1150 125 1151 1149 
752 1149 1151 124 859 
753 1071 1149 859 26 
754 125 1153 1152 1151 
755 1153 13 1154 1152 
756 1152 1154 126 957 
757 1151 1152 957 124 
758 23 1156 1155 1083 
759 1156 129 1157 1155 
760 1155 1157 128 802 
761 1083 1155 802 42 
762 129 1159 1158 1157 
763 1159 26 1160 1158 
764 1158 1160 130 862 
765 1157 1158 862 128 
766 39 1162 1161 1097 
767 1162 133 1163 1161 
768 1161 1163 132 691 
769 1097 1161 691 58 
770 133 1165 1164 1163 
771 1165 42 1166 1164 
772 1164 1166 134 805 
773 1163 1164 805 132 
774 55 1168 1167 1112 
775 1168 137 1169 1167 
776 1167 1169 136 580 
777 1112 1167 580 74 
778 137 1171 1170 1169 
779 1171 58 1172 1170 
780 1170 1172 138 694 
781 1169 1170 694 136 
782 71 1174 1173 1130 
783 1174 141 1175 1173 
784 1173 1175 140 509 
785 1130 1173 509 90 
786 141 1177 1176 1175 
787 1177 74 1178 1176 
788 1176 1178 142 583 
789 1175 1176 583 140 
790 87 1180 1179 1142 
791 1180 145 1181 1179 
792 1179 1181 144 460 
793 1142 1179 460 106 
794 145 1183 1182 1181 
795 1183 90 1184 1182 
796 1182 1184 146 513 
797 1181 1182 513 144 
798 103 1186 1185 392 
799 1186 149 1187 1185 
800 1185 1187 148 326 
801 392 1185 326 122 
802 149 1189 1188 1187 
803 1189 106 1190 1188 
804 1188 1190 150 464 
805 1187 1188 464 148 
806 119 1193 1191 1192 
807 1193 161 394 1191 
808 1191 394 159 322 
809 1192 1191 322 160 
810 166 1195 1194 207 
811 1195 5 169 1194 
812 1194 169 156 1196 
813 207 1194 1196 164 
814 201 1199 1197 1198 
815 1199 120 294 1197 
816 1197 294 5 1195 
817 1198 1197 1195 166 
818 202 1202 1200 1201 
819 1202 201 1198 1200 
820 1200 1198 166 206 
821 1201 1200 206 114 
822 246 1205 1203 1204 
823 1205 231 251 1203 
824 1203 251 195 279 
825 1204 1203 279 249 
826 251 1208 1206 1207 
827 1208 250 286 1206 
828 1206 286 253 283 
829 1207 1206 283 195 
830 233 262 1209 275 
831 262 241 1210 1209 
832 1209 1210 254 1211 
833 275 1209 1211 255 
834 69 673 1212 733 
835 673 302 1213 1212 
836 1212 1213 304 1214 
837 733 1212 1214 51 
838 322 1217 1215 1216 
839 1217 159 398 1215 
840 1215 398 323 339 
841 1216 1215 339 320 
842 122 1219 1218 396 
843 1219 326 1220 1218 
844 1218 1220 325 406 
845 396 1218 406 162 
846 326 1222 1221 1220 
847 1222 148 1223 1221 
848 1221 1223 327 468 
849 1220 1221 468 325 
850 330 1225 1224 400 
851 1225 162 1226 1224 
852 1224 1226 331 410 
853 400 1224 410 329 
854 351 416 1227 434 
855 416 332 1228 1227 
856 1227 1228 354 1229 
857 434 1227 1229 352 
858 162 1231 1230 1226 
859 1231 406 1232 1230 
860 1230 1232 405 456 
861 1226 1230 456 331 
862 406 1234 1233 1232 
863 1234 325 1235 1233 
864 1233 1235 407 472 
865 1232 1233 472 405 
866 329 1237 1236 424 
867 1237 410 1238 1236 
868 1236 1238 409 452 
869 424 1236 452 350 
870 359 428 1239 438 
871 428 413 1240 1239 
872 1239 1240 416 1241 
873 438 1239 1241 351 
874 107 458 1242 449 
875 458 408 1243 1242 
876 1242 1243 445 1244 
877 449 1242 1244 346 
878 408 474 1245 1243 
879 474 328 1246 1245 
880 1245 1246 446 1247 
881 1243 1245 1247 445 
882 332 454 1248 1228 
883 454 412 1249 1248 
884 1248 1249 448 1250 
885 1228 1248 1250 354 
886 106 1252 1251 1190 
887 1252 460 1253 1251 
888 1251 1253 459 494 
889 1190 1251 494 150 
890 460 1255 1254 1253 
891 1255 144 1256 1254 
892 1254 1256 461 517 
893 1253 1254 517 459 
894 148 1258 1257 1223 
895 1258 464 1259 1257 
896 1257 1259 463 482 
897 1223 1257 482 327 
898 464 1261 1260 1259 
899 1261 150 1262 1260 
900 1260 1262 465 498 
901 1259 1260 498 463 
902 407 1264 1263 473 
903 1264 467 489 1263 
904 1263 489 470 1265 
905 473 1263 1265 328 
906 151 484 1266 486 
907 484 466 1267 1266 
908 1266 1267 478 1268 
909 486 1266 1268 343 
910 466 500 1269 1267 
911 500 91 1270 1269 
912 1269 1270 479 1271 
913 1267 1269 1271 478 
914 328 1265 1272 1246 
915 1265 470 1273 1272 
916 1272 1273 485 1274 
917 1246 1272 1274 446 
918 470 492 1275 1273 
919 492 151 1276 1275 
920 1275 1276 486 1277 
921 1273 1275 1277 485 
922 150 1279 1278 1262 
923 1279 494 1280 1278 
924 1278 1280 493 505 
925 1262 1278 505 465 
926 493 1282 1281 506 
927 1282 495 530 1281 
928 1281 530 462 1283 
929 506 1281 1283 496 
930 91 507 1284 1270 
931 507 496 1285 1284 
932 1284 1285 501 1286 
933 1270 1284 1286 479 
934 496 1283 1287 1285 
935 1283 462 1288 1287 
936 1287 1288 502 1289 
937 1285 1287 1289 501 
938 90 1291 1290 1184 
939 1291 509 1292 1290 
940 1290 1292 508 543 
941 1184 1290 543 146 
942 509 1294 1293 1292 
943 1294 140 1295 1293 
944 1293 1295 510 586 
945 1292 1293 586 508 
946 144 1297 1296 1256 
947 1297 513 1298 1296 
948 1296 1298 512 535 
949 1256 1296 535 461 
950 513 1300 1299 1298 
951 1300 146 1301 1299 
952 1299 1301 514 547 
953 1298 1299 547 512 
954 147 537 1302 527 
955 537 515 554 1302 
956 1302 554 523 1303 
957 527 1302 1303 476 
958 462 533 1304 1288 
959 533 519 1305 1304 
960 1304 1305 526 1306 
961 1288 1304 1306 502 
962 519 541 1307 1305 
963 541 147 1308 1307 
964 1307 1308 527 1309 
965 1305 1307 1309 526 
966 542 1312 1310 1311 
967 1312 544 593 1310 
968 1310 593 511 576 
969 1311 1310 576 545 
970 514 1314 1313 548 
971 1314 542 1311 1313 
972 1313 1311 545 1315 
973 548 1313 1315 75 
974 75 1315 1316 555 
975 1315 545 575 1316 
976 1316 575 550 1317 
977 555 1316 1317 524 
978 309 639 1318 1319 
979 639 562 740 1318 
980 1318 740 565 1320 
981 1319 1318 1320 85 
982 74 1322 1321 1178 
983 1322 580 1323 1321 
984 1321 1323 579 645 
985 1178 1321 645 142 
986 580 1325 1324 1323 
987 1325 136 1326 1324 
988 1324 1326 581 697 
989 1323 1324 697 579 
990 140 1328 1327 1295 
991 1328 583 1329 1327 
992 1327 1329 582 614 
993 1295 1327 614 510 
994 583 1331 1330 1329 
995 1331 142 1332 1330 
996 1330 1332 584 648 
997 1329 1330 648 582 
998 593 1335 1333 1334 
999 1335 592 620 1333 
1000 1333 620 589 598 
1001 1334 1333 598 511 
1002 602 1337 1336 634 
1003 1337 567 651 1336 
1004 1336 651 603 1338 
1005 634 1336 1338 601 
1006 587 1340 1339 618 
1007 1340 613 1341 1339 
1008 1339 1341 602 633 
1009 618 1339 633 143 
1010 595 1343 1342 622 
1011 1343 616 1344 1342 
1012 1342 1344 606 624 
1013 622 1342 624 571 
1014 142 1346 1345 1332 
1015 1346 645 1347 1345 
1016 1345 1347 644 664 
1017 1332 1345 664 584 
1018 645 1349 1348 1347 
1019 1349 579 1350 1348 
1020 1348 1350 646 700 
1021 1347 1348 700 644 
1022 306 766 1351 776 
1023 766 670 1352 1351 
1024 1351 1352 673 1353 
1025 776 1351 1353 69 
1026 674 770 1354 779 
1027 770 676 1355 1354 
1028 1354 1355 306 1356 
1029 779 1354 1356 677 
1030 638 705 1357 1358 
1031 705 678 744 1357 
1032 1357 744 681 1359 
1033 1358 1357 1359 562 
1034 637 1361 1360 688 
1035 1361 683 707 1360 
1036 1360 707 682 1362 
1037 688 1360 1362 657 
1038 138 1364 1363 695 
1039 1364 690 1365 1363 
1040 1363 1365 671 764 
1041 695 1363 764 43 
1042 136 1367 1366 1326 
1043 1367 694 1368 1366 
1044 1366 1368 693 753 
1045 1326 1366 753 581 
1046 693 1370 1369 754 
1047 1370 695 1371 1369 
1048 1369 1371 43 768 
1049 754 1369 768 675 
1050 646 1373 1372 701 
1051 1373 696 1374 1372 
1052 1372 1374 679 703 
1053 701 1372 703 563 
1054 711 774 1375 782 
1055 774 713 1376 1375 
1056 1375 1376 674 1377 
1057 782 1375 1377 714 
1058 717 1379 1378 761 
1059 1379 755 785 1378 
1060 1378 785 758 1380 
1061 761 1378 1380 680 
1062 303 814 1381 1382 
1063 814 789 850 1381 
1064 1381 850 792 1383 
1065 1382 1381 1383 53 
1066 42 1385 1384 1166 
1067 1385 802 1386 1384 
1068 1384 1386 801 820 
1069 1166 1384 820 134 
1070 801 1388 1387 821 
1071 1388 803 1389 1387 
1072 1387 1389 131 835 
1073 821 1387 835 790 
1074 811 841 1390 1391 
1075 841 813 854 1390 
1076 1390 854 789 1392 
1077 1391 1390 1392 814 
1078 795 825 1393 1394 
1079 825 811 1391 1393 
1080 1393 1391 814 1395 
1081 1394 1393 1395 303 
1082 790 1397 1396 840 
1083 1397 835 1398 1396 
1084 1396 1398 834 855 
1085 840 1396 855 813 
1086 835 1400 1399 1398 
1087 1400 131 1401 1399 
1088 1399 1401 836 869 
1089 1398 1399 869 834 
1090 26 1403 1402 1160 
1091 1403 859 1404 1402 
1092 1402 1404 858 899 
1093 1160 1402 899 130 
1094 859 1406 1405 1404 
1095 1406 124 1407 1405 
1096 1405 1407 860 960 
1097 1404 1405 960 858 
1098 803 1409 1408 1389 
1099 1409 861 1410 1408 
1100 1408 1410 831 865 
1101 1389 1408 865 131 
1102 131 1412 1411 1401 
1103 1412 865 1413 1411 
1104 1411 1413 864 879 
1105 1401 1411 879 836 
1106 864 1415 1414 880 
1107 1415 866 894 1414 
1108 1414 894 830 1416 
1109 880 1414 1416 867 
1110 124 1418 1417 1407 
1111 1418 957 1419 1417 
1112 1417 1419 956 1003 
1113 1407 1417 1003 860 
1114 956 1421 1420 1004 
1115 1421 958 1422 1420 
1116 1420 1422 8 1013 
1117 1004 1420 1013 926 
1118 970 1424 1423 1007 
1119 1424 926 1425 1423 
1120 1423 1425 971 1017 
1121 1007 1423 1017 969 
1122 828 997 1426 1427 
1123 997 972 1032 1426 
1124 1426 1032 991 1428 
1125 1427 1426 1428 945 
1126 926 1430 1429 1425 
1127 1430 1013 1431 1429 
1128 1429 1431 1012 1028 
1129 1425 1429 1028 971 
1130 1013 1433 1432 1431 
1131 1433 8 1434 1432 
1132 1432 1434 1014 1048 
1133 1431 1432 1048 1012 
1134 1027 1436 1435 1045 
1135 1436 1029 1055 1435 
1136 1435 1055 1015 1437 
1137 1045 1435 1437 1030 
1138 1 1440 1438 1439 
1139 1440 17 1067 1438 
1140 1438 1067 15 211 
1141 1439 1438 211 16 
1142 15 1443 1441 1442 
1143 1443 33 1079 1441 
1144 1441 1079 31 214 
1145 1442 1441 214 32 
1146 31 1446 1444 1445 
1147 1446 49 1091 1444 
1148 1444 1091 47 217 
1149 1445 1444 217 48 
1150 47 1449 1447 1448 
1151 1449 65 1105 1447 
1152 1447 1105 63 220 
1153 1448 1447 220 64 
1154 63 1452 1450 1451 
1155 1452 81 1120 1450 
1156 1450 1120 79 223 
1157 1451 1450 223 80 
1158 79 1455 1453 1454 
1159 1455 97 1138 1453 
1160 1453 1138 95 226 
1161 1454 1453 226 96 
1162 95 1458 1456 1457 
1163 1458 113 1144 1456 
1164 1456 1144 111 229 
1165 1457 1456 229 112 
1166 203 1461 1459 1460 
1167 1461 104 1147 1459 
1168 1459 1147 120 1199 
1169 1460 1459 1199 201 
1170 223 1464 1462 1463 
1171 1464 79 1454 1462 
1172 1462 1454 96 244 
1173 1463 1462 244 221 
1174 226 1467 1465 1466 
1175 1467 95 1457 1465 
1176 1465 1457 112 232 
1177 1466 1465 232 224 
1178 302 796 1468 1213 
1179 796 303 1382 1468 
1180 1468 1382 53 1469 
1181 1213 1468 1469 304 
1182 308 569 1470 1471 
1183 569 309 1319 1470 
1184 1470 1319 85 1472 
1185 1471 1470 1472 310 
1186 101 522 1473 1474 
1187 522 308 1471 1473 
1188 1473 1471 310 1475 
1189 1474 1473 1475 83 
1190 325 1477 1476 1235 
1191 1477 468 1478 1476 
1192 1476 1478 467 1264 
1193 1235 1476 1264 407 
1194 468 1480 1479 1478 
1195 1480 327 1481 1479 
1196 1479 1481 469 490 
1197 1478 1479 490 467 
1198 494 1483 1482 1280 
1199 1483 459 1484 1482 
1200 1482 1484 495 1282 
1201 1280 1482 1282 493 
1202 459 1486 1485 1484 
1203 1486 517 1487 1485 
1204 1485 1487 516 531 
1205 1484 1485 531 495 
1206 517 1489 1488 1487 
1207 1489 461 1490 1488 
1208 1488 1490 518 539 
1209 1487 1488 539 516 
1210 146 1492 1491 1301 
1211 1492 543 1493 1491 
1212 1491 1493 542 1314 
1213 1301 1491 1314 514 
1214 543 1495 1494 1493 
1215 1495 508 1496 1494 
1216 1494 1496 544 1312 
1217 1493 1494 1312 542 
1218 508 1498 1497 1496 
1219 1498 586 1499 1497 
1220 1497 1499 585 594 
1221 1496 1497 594 544 
1222 586 1501 1500 1499 
1223 1501 510 1502 1500 
1224 1500 1502 587 617 
1225 1499 1500 617 585 
1226 510 1504 1503 1502 
1227 1504 614 1505 1503 
1228 1503 1505 613 1340 
1229 1502 1503 1340 587 
1230 613 1507 1506 1341 
1231 1507 615 1508 1506 
1232 1506 1508 567 1337 
1233 1341 1506 1337 602 
1234 636 685 1509 1510 
1235 685 638 1358 1509 
1236 1509 1358 562 1511 
1237 1510 1509 1511 639 
1238 568 658 1512 1513 
1239 658 636 1510 1512 
1240 1512 1510 639 1514 
1241 1513 1512 1514 309 
1242 615 1516 1515 1508 
1243 1516 647 1517 1515 
1244 1515 1517 641 652 
1245 1508 1515 652 567 
1246 670 800 1518 1352 
1247 800 672 1519 1518 
1248 1518 1519 302 1520 
1249 1352 1518 1520 673 
1250 58 1522 1521 1172 
1251 1522 691 1523 1521 
1252 1521 1523 690 1364 
1253 1172 1521 1364 138 
1254 690 1525 1524 1365 
1255 1525 692 1526 1524 
1256 1524 1526 135 798 
1257 1365 1524 798 671 
1258 694 1528 1527 1368 
1259 1528 138 1529 1527 
1260 1527 1529 695 1370 
1261 1368 1527 1370 693 
1262 579 1531 1530 1350 
1263 1531 697 1532 1530 
1264 1530 1532 696 1373 
1265 1350 1530 1373 646 
1266 696 1534 1533 1374 
1267 1534 698 1535 1533 
1268 1533 1535 139 716 
1269 1374 1533 716 679 
1270 698 1537 1536 1535 
1271 1537 752 1538 1536 
1272 1536 1538 712 756 
1273 1535 1536 756 139 
1274 793 818 1539 1540 
1275 818 795 1394 1539 
1276 1539 1394 303 1541 
1277 1540 1539 1541 796 
1278 672 810 1542 1519 
1279 810 793 1540 1542 
1280 1542 1540 796 1543 
1281 1519 1542 1543 302 
1282 802 1545 1544 1386 
1283 1545 128 1546 1544 
1284 1544 1546 803 1388 
1285 1386 1544 1388 801 
1286 692 1548 1547 1526 
1287 1548 804 1549 1547 
1288 1547 1549 794 808 
1289 1526 1547 808 135 
1290 128 1551 1550 1546 
1291 1551 862 1552 1550 
1292 1550 1552 861 1409 
1293 1546 1550 1409 803 
1294 861 1554 1553 1410 
1295 1554 863 1555 1553 
1296 1553 1555 14 887 
1297 1410 1553 887 831 
1298 865 1557 1556 1413 
1299 1557 831 1558 1556 
1300 1556 1558 866 1415 
1301 1413 1556 1415 864 
1302 831 1560 1559 1558 
1303 1560 887 1561 1559 
1304 1559 1561 886 895 
1305 1558 1559 895 866 
1306 887 1563 1562 1561 
1307 1563 14 1564 1562 
1308 1562 1564 888 906 
1309 1561 1562 906 886 
1310 863 1566 1565 1555 
1311 1566 898 1567 1565 
1312 1565 1567 883 902 
1313 1555 1565 902 14 
1314 14 1569 1568 1564 
1315 1569 902 1570 1568 
1316 1568 1570 901 922 
1317 1564 1568 922 888 
1318 902 1572 1571 1570 
1319 1572 883 1573 1571 
1320 1571 1573 903 938 
1321 1570 1571 938 901 
1322 932 976 1574 1575 
1323 976 828 1427 1574 
1324 1574 1427 945 1576 
1325 1575 1574 1576 944 
1326 957 1578 1577 1419 
1327 1578 126 1579 1577 
1328 1577 1579 958 1421 
1329 1419 1577 1421 956 
1330 99 313 1580 1581 
1331 313 101 1474 1580 
1332 1580 1474 83 1582 
1333 1581 1580 1582 102 
1334 100 118 1583 1584 
1335 118 99 1581 1583 
1336 1583 1581 102 1585 
1337 1584 1583 1585 84 
1338 108 154 1586 1587 
1339 154 100 1584 1586 
1340 1586 1584 84 1588 
1341 1587 1586 1588 110 
1342 109 196 1589 1590 
1343 196 108 1587 1589 
1344 1589 1587 110 1591 
1345 1590 1589 1591 92 
1346 189 265 1592 1593 
1347 265 109 1590 1592 
1348 1592 1590 92 1594 
1349 1593 1592 1594 192 
1350 111 1597 1595 1596 
1351 1597 203 1460 1595 
1352 1595 1460 201 1202 
1353 1596 1595 1202 202 
1354 96 1600 1598 1599 
1355 1600 226 1466 1598 
1356 1598 1466 224 248 
1357 1599 1598 248 225 
1358 566 643 1601 1602 
1359 643 568 1513 1601 
1360 1601 1513 309 1603 
1361 1602 1601 1603 569 
1362 521 604 1604 1605 
1363 604 566 1602 1604 
1364 1604 1602 569 1606 
1365 1605 1604 1606 308 
1366 614 1608 1607 1505 
1367 1608 582 1609 1607 
1368 1607 1609 615 1507 
1369 1505 1607 1507 613 
1370 582 1611 1610 1609 
1371 1611 648 1612 1610 
1372 1610 1612 647 1516 
1373 1609 1610 1516 615 
1374 647 1614 1613 1517 
1375 1614 649 1615 1613 
1376 1613 1615 59 660 
1377 1517 1613 660 641 
1378 649 1617 1616 1615 
1379 1617 663 1618 1616 
1380 1616 1618 656 667 
1381 1615 1616 667 59 
1382 691 1620 1619 1523 
1383 1620 132 1621 1619 
1384 1619 1621 692 1525 
1385 1523 1619 1525 690 
1386 697 1623 1622 1532 
1387 1623 581 1624 1622 
1388 1622 1624 698 1534 
1389 1532 1622 1534 696 
1390 581 1626 1625 1624 
1391 1626 753 1627 1625 
1392 1625 1627 752 1537 
1393 1624 1625 1537 698 
1394 752 1629 1628 1538 
1395 1629 754 1630 1628 
1396 1628 1630 675 772 
1397 1538 1628 772 712 
1398 132 1632 1631 1621 
1399 1632 805 1633 1631 
1400 1631 1633 804 1548 
1401 1621 1631 1548 692 
1402 804 1635 1634 1549 
1403 1635 806 1636 1634 
1404 1634 1636 27 816 
1405 1549 1634 816 794 
1406 806 1638 1637 1636 
1407 1638 819 1639 1637 
1408 1637 1639 812 823 
1409 1636 1637 823 27 
1410 862 1641 1640 1552 
1411 1641 130 1642 1640 
1412 1640 1642 863 1554 
1413 1552 1640 1554 861 
1414 130 1644 1643 1642 
1415 1644 899 1645 1643 
1416 1643 1645 898 1566 
1417 1642 1643 1566 863 
1418 898 1647 1646 1567 
1419 1647 900 1648 1646 
1420 1646 1648 827 934 
1421 1567 1646 934 883 
1422 826 950 1649 1650 
1423 950 932 1575 1649 
1424 1649 1575 944 1651 
1425 1650 1649 1651 916 
1426 900 1653 1652 1648 
1427 1653 959 1654 1652 
1428 1652 1654 930 963 
1429 1648 1652 963 827 
