2 0.000000 100.000000 5791.461216
1639 1417 
1 -147.787889 0.000000 -147.826199 99.910282 0.027780 3.879069 0.000289 
2 154.271383 0.000000 -147.826199 99.912385 0.183248 3.784327 0.000316 
3 154.271383 0.000000 147.829350 99.938291 -0.224367 3.812904 -0.000225 
4 -147.787889 0.000000 147.829350 99.936643 -0.034381 3.880851 -0.000239 
5 3.241747 0.000000 0.001576 102.281580 -0.278194 -0.824382 -0.046228 
6 -147.787889 0.000000 0.001576 99.921131 -0.004594 3.895687 0.000059 
7 3.241747 0.000000 -147.826199 99.881806 0.004740 3.829915 0.000896 
8 154.271383 0.000000 0.001576 99.649620 3.876106 10.776687 -0.006121 
9 3.241747 0.000000 147.829350 99.959054 -0.017402 3.848638 -0.000662 
10 78.756565 0.000000 -73.912312 99.867817 0.131454 3.444145 0.001454 
11 3.241747 0.000000 -73.912312 99.735457 0.069539 3.663457 0.003941 
12 78.756565 0.000000 -147.826199 99.895640 0.157152 3.793794 0.000644 
13 154.271383 0.000000 -73.912312 99.921885 0.494474 3.474582 0.000330 
14 78.756565 0.000000 0.001576 99.776310 0.863208 6.273954 0.000458 
15 -72.273071 0.000000 -73.912312 99.861198 0.003014 3.880434 0.001268 
16 -147.787889 0.000000 -73.912312 99.909125 0.018273 3.887513 0.000305 
17 -72.273071 0.000000 -147.826199 99.894726 0.055351 3.867385 0.000608 
18 -72.273071 0.000000 0.001576 99.896322 -0.008942 3.948614 0.000513 
19 78.756565 0.000000 73.915463 99.966029 -0.201661 3.715523 -0.000705 
20 3.241747 0.000000 73.915463 100.037557 -0.101597 3.802085 -0.002198 
21 154.271383 0.000000 73.915463 99.939823 -0.665855 3.706805 -0.000215 
22 78.756565 0.000000 147.829350 99.950124 -0.186831 3.821637 -0.000467 
23 40.999156 0.000000 -36.955368 99.641612 1.361305 2.102949 0.006527 
24 3.241747 0.000000 -36.955368 99.118803 0.676338 3.045797 0.016573 
25 40.999156 0.000000 -73.912312 99.792159 0.118806 3.492948 0.002931 
26 78.756565 0.000000 -36.955368 99.898466 1.293449 2.133446 0.001407 
27 40.999156 0.000000 0.001576 99.586747 0.372027 3.520222 0.006995 
28 -72.273071 0.000000 73.915463 99.964373 -0.015991 3.895001 -0.000805 
29 -147.787889 0.000000 73.915463 99.935081 -0.026565 3.889385 -0.000215 
30 -72.273071 0.000000 147.829350 99.949069 -0.066377 3.873510 -0.000482 
31 -34.515662 0.000000 -36.955368 99.650844 0.057911 3.879411 0.005466 
32 -72.273071 0.000000 -36.955368 99.852646 0.001831 3.913905 0.001413 
33 -34.515662 0.000000 -73.912312 99.793413 0.020314 3.827918 0.002662 
34 -34.515662 0.000000 0.001576 99.766933 -0.003731 4.145094 0.002938 
35 40.999156 0.000000 36.958519 100.006645 -1.204201 3.681006 -0.001633 
36 3.241747 0.000000 36.958519 100.231330 -0.575406 3.766333 -0.006084 
37 78.756565 0.000000 36.958519 99.943514 -1.405791 3.775262 -0.000493 
38 40.999156 0.000000 73.915463 100.005125 -0.166684 3.731473 -0.001498 
39 22.120451 0.000000 -18.476896 98.618489 7.707863 2.098872 0.021058 
40 3.241747 0.000000 -18.476896 97.488479 3.779659 2.816241 0.047378 
41 22.120451 0.000000 -36.955368 99.320747 1.185460 2.355774 0.012843 
42 40.999156 0.000000 -18.476896 99.534607 8.144797 1.766695 0.002340 
43 22.120451 0.000000 0.001576 99.645321 1.014238 1.629743 0.006713 
44 -34.515662 0.000000 36.958519 100.038424 -0.081115 3.965031 -0.002341 
45 -72.273071 0.000000 36.958519 99.952972 -0.018236 3.927907 -0.000603 
46 -34.515662 0.000000 73.915463 100.005306 -0.041525 3.875923 -0.001609 
47 -15.636957 0.000000 -18.476896 98.840084 0.547308 4.059265 0.021386 
48 -34.515662 0.000000 -18.476896 99.609908 0.063315 4.010431 0.006178 
49 -15.636957 0.000000 -36.955368 99.368419 0.222864 3.670422 0.011240 
50 -15.636957 0.000000 0.001576 99.464183 0.145828 4.981777 0.008204 
51 22.120451 0.000000 18.480048 100.125319 -5.362079 2.936796 -0.006246 
52 3.241747 0.000000 18.480048 100.986985 -2.463534 3.680180 -0.021798 
53 40.999156 0.000000 18.480048 99.884768 -6.164849 3.285238 -0.002576 
54 22.120451 0.000000 36.958519 100.116255 -0.985725 3.645341 -0.003752 
55 12.681099 0.000000 -9.237660 99.801831 7.722845 8.556540 -0.009326 
56 3.241747 0.000000 -9.237660 97.494291 5.974172 5.184233 0.043230 
57 12.681099 0.000000 -18.476896 97.989282 6.310398 2.255745 0.035319 
58 22.120451 0.000000 -9.237660 98.654730 8.542223 10.572411 0.008250 
59 12.681099 0.000000 0.001576 102.364929 3.303615 2.771411 -0.049717 
60 -15.636957 0.000000 18.480048 100.291779 -0.408123 4.356581 -0.007759 
61 -34.515662 0.000000 18.480048 99.978131 -0.077928 4.080427 -0.001228 
62 -15.636957 0.000000 36.958519 100.156439 -0.219918 3.929870 -0.004680 
63 -6.197605 0.000000 -9.237660 97.719020 2.002658 4.972762 0.042225 
64 -15.636957 0.000000 -9.237660 98.874372 0.539425 4.586107 0.020254 
65 -6.197605 0.000000 -18.476896 98.034805 1.549651 3.694383 0.037313 
66 -6.197605 0.000000 0.001576 99.583827 0.533012 6.532127 0.004011 
67 12.681099 0.000000 9.240812 101.572601 -8.680320 -0.468655 -0.039256 
68 3.241747 0.000000 9.240812 102.957532 -4.217802 2.966422 -0.062684 
69 22.120451 0.000000 9.240812 100.080508 -10.218564 -1.201674 -0.012197 
70 12.681099 0.000000 18.480048 100.599177 -4.216786 2.987732 -0.014690 
71 7.961423 0.000000 -4.618042 101.547136 4.448231 6.217311 -0.037026 
72 3.241747 0.000000 -4.618042 98.104264 4.777290 5.438506 0.032315 
73 7.961423 0.000000 -9.237660 99.083322 7.636576 6.472736 0.008228 
74 12.681099 0.000000 -4.618042 101.802959 2.395318 7.945641 -0.043271 
75 7.961423 0.000000 0.001576 103.852277 9.209027 3.620126 -0.088321 
76 -6.197605 0.000000 9.240812 101.041806 -1.032377 5.042349 -0.023594 
77 -15.636957 0.000000 9.240812 100.094555 -0.295243 4.755074 -0.004162 
78 -6.197605 0.000000 18.480048 100.687078 -1.044890 4.289057 -0.015738 
79 -1.477929 0.000000 -4.618042 97.336350 2.906443 6.703604 0.047225 
80 -6.197605 0.000000 -4.618042 98.231889 1.509089 5.943810 0.031289 
81 -1.477929 0.000000 -9.237660 97.147641 3.639044 5.036842 0.052372 
82 -1.477929 0.000000 0.001576 102.699354 0.292135 4.715330 -0.056948 
83 7.961423 0.000000 4.621194 104.113310 -7.958669 -0.377028 -0.090306 
84 3.241747 0.000000 4.621194 105.448737 -4.590917 2.413080 -0.114634 
85 12.681099 0.000000 4.621194 102.176105 -9.519645 -1.419925 -0.053260 
86 7.961423 0.000000 9.240812 102.617693 -6.813891 0.897002 -0.057762 
87 5.601585 0.000000 -2.308233 100.408488 3.308946 2.413318 -0.009864 
88 3.241747 0.000000 -2.308233 102.034868 -0.580066 -4.464567 -0.043138 
89 5.601585 0.000000 -4.618042 99.985528 5.065241 5.411973 -0.005205 
90 7.961423 0.000000 -2.308233 102.525394 2.258403 3.488571 -0.052873 
91 5.601585 0.000000 0.001576 102.016810 -0.776920 -7.696277 -0.046727 
92 -1.477929 0.000000 4.621194 103.151024 -1.583726 5.884773 -0.067727 
93 -6.197605 0.000000 4.621194 100.762796 -0.457013 5.887910 -0.018802 
94 -1.477929 0.000000 9.240812 102.052692 -2.124553 4.585466 -0.044029 
95 0.881909 0.000000 -2.308233 102.332945 0.192378 3.071742 -0.048150 
96 -1.477929 0.000000 -2.308233 97.684561 1.981145 7.939755 0.039076 
97 0.881909 0.000000 -4.618042 97.225841 3.953049 6.144429 0.049376 
98 0.881909 0.000000 0.001576 102.213052 0.056885 2.579771 -0.045417 
99 5.601585 0.000000 2.311385 106.023455 -6.131655 -0.556005 -0.127888 
100 3.241747 0.000000 2.311385 102.034868 -0.580066 -4.464567 -0.043138 
101 7.961423 0.000000 2.311385 104.427720 -7.717698 -0.323725 -0.096482 
102 5.601585 0.000000 4.621194 105.033133 -6.422070 0.646281 -0.107362 
103 4.421666 0.000000 -1.153329 102.034868 -0.580066 -4.464567 -0.043138 
104 3.241747 0.000000 -1.153329 101.876929 -0.362231 -3.103991 -0.038867 
105 4.421666 0.000000 -2.308233 102.016810 -0.776920 -7.696277 -0.046727 
106 5.601585 0.000000 -1.153329 102.016810 -0.776920 -7.696277 -0.046727 
107 4.421666 0.000000 0.001576 102.034868 -0.580066 -4.464567 -0.043138 
108 0.881909 0.000000 2.311385 102.332945 0.192378 3.071742 -0.048150 
109 -1.477929 0.000000 2.311385 103.338497 -0.810228 7.413639 -0.073446 
110 0.881909 0.000000 4.621194 104.646955 -2.898363 4.462339 -0.097930 
111 2.061828 0.000000 -1.153329 102.193967 -0.226546 -1.015485 -0.044469 
112 0.881909 0.000000 -1.153329 102.300262 0.103679 2.992990 -0.047431 
113 2.061828 0.000000 -2.308233 102.329188 0.047419 3.034055 -0.048047 
114 2.061828 0.000000 0.001576 102.178428 -0.220397 -0.693571 -0.044096 
115 4.421666 0.000000 1.156480 102.034868 -0.580066 -4.464567 -0.043138 
116 3.241747 0.000000 1.156480 101.876929 -0.362231 -3.103991 -0.038867 
117 5.601585 0.000000 1.156480 102.016810 -0.776920 -7.696277 -0.046727 
118 4.421666 0.000000 2.311385 102.016810 -0.776920 -7.696277 -0.046727 
119 3.831707 0.000000 -0.575877 101.964246 -0.462310 -3.620401 -0.041003 
120 3.241747 0.000000 -0.575877 102.193967 -0.226546 -1.015485 -0.044469 
121 3.831707 0.000000 -1.153329 102.003240 -0.519436 -3.990562 -0.042086 
122 4.421666 0.000000 -0.575877 102.034868 -0.580066 -4.464567 -0.043138 
123 3.831707 0.000000 0.001576 102.032493 -0.526385 -4.639705 -0.043243 
124 116.513974 0.000000 -36.955368 99.954316 1.157224 2.249837 0.000273 
125 116.513974 0.000000 -73.912312 99.905627 0.127585 3.449800 0.000695 
126 154.271383 0.000000 -36.955368 99.968376 1.032823 2.358549 -0.000031 
127 116.513974 0.000000 0.001576 99.717321 2.090242 8.783825 -0.002507 
128 59.877860 0.000000 -18.476896 99.829417 7.756757 1.524438 -0.002840 
129 59.877860 0.000000 -36.955368 99.816980 1.353095 2.086971 0.003038 
130 78.756565 0.000000 -18.476896 99.937620 7.264913 1.352767 -0.004214 
131 59.877860 0.000000 0.001576 99.757837 0.489895 4.927256 0.002386 
132 31.559804 0.000000 -9.237660 98.835588 9.820845 10.612894 0.002244 
133 31.559804 0.000000 -18.476896 99.209736 8.143110 1.958311 0.008728 
134 40.999156 0.000000 -9.237660 99.214948 10.473327 10.497687 -0.006350 
135 31.559804 0.000000 0.001576 99.405096 0.508261 2.578951 0.011172 
136 17.400775 0.000000 -4.618042 100.083236 1.543469 8.530120 -0.009180 
137 17.400775 0.000000 -9.237660 99.225159 7.924395 10.038394 -0.000920 
138 22.120451 0.000000 -4.618042 99.059665 2.084887 9.200895 0.009818 
139 17.400775 0.000000 0.001576 100.603346 1.842868 1.332608 -0.012621 
140 10.321261 0.000000 -2.308233 102.833020 0.977229 4.288050 -0.059397 
141 10.321261 0.000000 -4.618042 102.115477 3.409346 7.188310 -0.049087 
142 12.681099 0.000000 -2.308233 102.272669 0.051171 4.723096 -0.048201 
143 10.321261 0.000000 0.001576 103.204642 4.770494 3.334664 -0.068508 
144 6.781504 0.000000 -1.153329 102.544700 2.232086 1.127395 -0.052167 
145 6.781504 0.000000 -2.308233 101.767550 2.843766 2.920903 -0.037325 
146 7.961423 0.000000 -1.153329 103.093993 1.514464 1.971359 -0.063455 
147 6.781504 0.000000 0.001576 100.544909 -0.882244 -17.832200 -0.042804 
148 5.011626 0.000000 -0.575877 102.054990 -0.645470 -5.102712 -0.044168 
149 5.011626 0.000000 -1.153329 102.055115 -0.713221 -6.100492 -0.045297 
150 5.601585 0.000000 -0.575877 102.016810 -0.776920 -7.696277 -0.046727 
151 5.011626 0.000000 0.001576 102.054990 -0.645470 -5.102712 -0.044168 
152 2.061828 0.000000 1.156480 102.193967 -0.226546 -1.015485 -0.044469 
153 0.881909 0.000000 1.156480 102.300262 0.103679 2.992990 -0.047431 
154 2.061828 0.000000 2.311385 102.329188 0.047419 3.034055 -0.048047 
155 3.831707 0.000000 0.579028 101.964246 -0.462310 -3.620401 -0.041003 
156 3.241747 0.000000 0.579028 102.193967 -0.226546 -1.015485 -0.044469 
157 4.421666 0.000000 0.579028 102.034868 -0.580066 -4.464567 -0.043138 
158 3.831707 0.000000 1.156480 102.003240 -0.519436 -3.990562 -0.042086 
159 4.126686 0.000000 -0.287150 102.003240 -0.519436 -3.990562 -0.042086 
160 3.831707 0.000000 -0.287150 101.964246 -0.462310 -3.620401 -0.041003 
161 4.126686 0.000000 -0.575877 102.003240 -0.519436 -3.990562 -0.042086 
162 4.421666 0.000000 -0.287150 102.034868 -0.580066 -4.464567 -0.043138 
163 4.126686 0.000000 0.001576 101.636911 -0.578959 -6.689586 -0.037515 
164 2.651788 0.000000 0.579028 102.193967 -0.226546 -1.015485 -0.044469 
165 2.061828 0.000000 0.579028 102.193967 -0.226546 -1.015485 -0.044469 
166 2.651788 0.000000 0.001576 102.204076 -0.238155 -0.516629 -0.044600 
167 2.651788 0.000000 1.156480 102.193967 -0.226546 -1.015485 -0.044469 
168 3.536727 0.000000 0.290302 101.966021 -0.390005 -2.983593 -0.040612 
169 3.241747 0.000000 0.290302 102.232013 -0.250378 -0.789439 -0.045207 
170 3.536727 0.000000 0.001576 102.026972 -0.422158 -3.278996 -0.042043 
171 3.831707 0.000000 0.290302 101.964246 -0.462310 -3.620401 -0.041003 
172 3.536727 0.000000 0.579028 101.921370 -0.410093 -3.325547 -0.039919 
173 -110.030480 0.000000 36.958519 99.934711 -0.007183 3.904913 -0.000219 
174 -147.787889 0.000000 36.958519 99.929595 -0.017155 3.894043 -0.000109 
175 -110.030480 0.000000 0.001576 99.915573 -0.004983 3.909662 0.000159 
176 -110.030480 0.000000 73.915463 99.943907 -0.007299 3.893445 -0.000394 
177 -53.394366 0.000000 18.480048 99.938732 -0.029279 3.987956 -0.000365 
178 -72.273071 0.000000 18.480048 99.929610 -0.015188 3.944382 -0.000149 
179 -53.394366 0.000000 0.001576 99.864951 -0.011173 4.001441 0.001098 
180 -53.394366 0.000000 36.958519 99.979071 -0.035081 3.947193 -0.001140 
181 -25.076310 0.000000 9.240812 99.899034 -0.098922 4.298801 0.000169 
182 -34.515662 0.000000 9.240812 99.886766 -0.049078 4.136253 0.000552 
183 -25.076310 0.000000 0.001576 99.652521 0.025855 4.349905 0.005045 
184 -25.076310 0.000000 18.480048 100.043201 -0.153371 4.165304 -0.002602 
185 -10.917281 0.000000 4.621194 100.023767 -0.225329 5.373303 -0.003368 
186 -15.636957 0.000000 4.621194 99.829040 -0.107818 4.932361 0.000982 
187 -10.917281 0.000000 0.001576 99.450356 0.298341 5.527694 0.007898 
188 -10.917281 0.000000 9.240812 100.367704 -0.561031 4.989647 -0.009889 
189 -3.837767 0.000000 2.311385 101.226986 -0.227933 6.999550 -0.029595 
190 -6.197605 0.000000 2.311385 100.306908 -0.006680 6.320431 -0.010142 
191 -3.837767 0.000000 0.001576 99.976423 0.595168 7.601105 -0.005342 
192 -3.837767 0.000000 4.621194 101.629154 -0.850398 6.107603 -0.036651 
193 -0.298010 0.000000 1.156480 102.332945 0.192378 3.071742 -0.048150 
194 -1.477929 0.000000 1.156480 103.011760 0.324094 5.914701 -0.064651 
195 -0.298010 0.000000 0.001576 102.332945 0.192378 3.071742 -0.048150 
196 -0.298010 0.000000 2.311385 102.699354 0.292135 4.715330 -0.056948 
197 1.471868 0.000000 0.579028 102.431216 -0.075496 2.281732 -0.049737 
198 0.881909 0.000000 0.579028 102.329188 0.047419 3.034055 -0.048047 
199 1.471868 0.000000 0.001576 102.356906 -0.073009 2.062914 -0.048120 
200 1.471868 0.000000 1.156480 102.383630 -0.014147 2.839921 -0.049047 
201 2.651788 0.000000 -0.575877 102.193967 -0.226546 -1.015485 -0.044469 
202 2.061828 0.000000 -0.575877 102.193967 -0.226546 -1.015485 -0.044469 
203 2.651788 0.000000 -1.153329 102.193967 -0.226546 -1.015485 -0.044469 
204 2.356808 0.000000 0.290302 102.192776 -0.228713 -0.785967 -0.044403 
205 2.061828 0.000000 0.290302 102.178428 -0.220397 -0.693571 -0.044096 
206 2.356808 0.000000 0.001576 102.204076 -0.238155 -0.516629 -0.044600 
207 2.651788 0.000000 0.290302 102.204076 -0.238155 -0.516629 -0.044600 
208 2.356808 0.000000 0.579028 102.193967 -0.226546 -1.015485 -0.044469 
209 -110.030480 0.000000 -36.955368 99.898759 -0.002208 3.901255 0.000502 
210 -147.787889 0.000000 -36.955368 99.913244 0.008215 3.892855 0.000219 
211 -110.030480 0.000000 -73.912312 99.894345 -0.000718 3.888423 0.000600 
212 -53.394366 0.000000 -18.476896 99.803168 0.007033 3.966082 0.002360 
213 -72.273071 0.000000 -18.476896 99.866786 -0.002313 3.935809 0.001113 
214 -53.394366 0.000000 -36.955368 99.789615 0.013703 3.914883 0.002671 
215 -25.076310 0.000000 -9.237660 99.436892 0.142321 4.214076 0.009453 
216 -34.515662 0.000000 -9.237660 99.661332 0.039349 4.094311 0.005085 
217 -25.076310 0.000000 -18.476896 99.375382 0.172882 4.021098 0.010833 
218 -10.917281 0.000000 -4.618042 98.784712 0.796028 5.308917 0.021276 
219 -15.636957 0.000000 -4.618042 99.107509 0.387040 4.848971 0.015404 
220 -10.917281 0.000000 -9.237660 98.386976 1.058183 4.783011 0.029601 
221 -3.837767 0.000000 -2.308233 98.616785 1.436418 7.219947 0.022054 
222 -6.197605 0.000000 -2.308233 98.812051 1.070462 6.371410 0.019444 
223 -3.837767 0.000000 -4.618042 97.891639 2.115417 6.414208 0.037161 
224 -0.298010 0.000000 -1.153329 102.332945 0.192378 3.071742 -0.048150 
225 -1.477929 0.000000 -1.153329 103.011760 0.324094 5.914701 -0.064651 
226 -0.298010 0.000000 -2.308233 102.699354 0.292135 4.715330 -0.056948 
227 1.471868 0.000000 -0.575877 102.431216 -0.075496 2.281732 -0.049737 
228 0.881909 0.000000 -0.575877 102.329188 0.047419 3.034055 -0.048047 
229 1.471868 0.000000 -1.153329 102.383630 -0.014147 2.839921 -0.049047 
230 0.291949 0.000000 -0.575877 102.301964 0.151979 2.939520 -0.047436 
231 -0.298010 0.000000 -0.575877 102.332945 0.192378 3.071742 -0.048150 
232 0.291949 0.000000 -1.153329 102.301964 0.151979 2.939520 -0.047436 
233 0.291949 0.000000 0.001576 102.140824 0.121751 2.419940 -0.043862 
234 0.291949 0.000000 0.579028 102.300262 0.103679 2.992990 -0.047431 
235 -0.298010 0.000000 0.579028 102.332945 0.192378 3.071742 -0.048150 
236 0.291949 0.000000 1.156480 102.301964 0.151979 2.939520 -0.047436 
237 0.586929 0.000000 -0.287150 102.300262 0.103679 2.992990 -0.047431 
238 0.291949 0.000000 -0.287150 102.300262 0.103679 2.992990 -0.047431 
239 0.586929 0.000000 -0.575877 102.300262 0.103679 2.992990 -0.047431 
240 0.881909 0.000000 -0.287150 102.270414 0.050728 2.793461 -0.046704 
241 0.586929 0.000000 0.001576 102.158506 0.113782 2.480466 -0.044253 
242 -2.657848 0.000000 -1.153329 99.076920 1.153221 8.321794 0.011318 
243 -3.837767 0.000000 -1.153329 99.230093 1.027901 7.518692 0.009580 
244 -2.657848 0.000000 -2.308233 98.300511 1.668374 7.737826 0.027435 
245 -2.657848 0.000000 0.001576 100.258906 0.597564 8.549229 -0.012529 
246 -0.887970 0.000000 -0.575877 102.398524 0.227980 3.419049 -0.049720 
247 -1.477929 0.000000 -0.575877 102.699354 0.292135 4.715330 -0.056948 
248 -0.887970 0.000000 -1.153329 102.511846 0.261604 3.942977 -0.052429 
249 -0.887970 0.000000 0.001576 102.398524 0.227980 3.419049 -0.049720 
250 -0.003030 0.000000 -0.287150 102.301964 0.151979 2.939520 -0.047436 
251 -0.298010 0.000000 -0.287150 102.332945 0.192378 3.071742 -0.048150 
252 -0.003030 0.000000 -0.575877 102.301964 0.151979 2.939520 -0.047436 
253 -0.003030 0.000000 0.001576 102.603422 0.189474 3.797561 -0.054192 
254 0.586929 0.000000 0.290302 102.300262 0.103679 2.992990 -0.047431 
255 0.291949 0.000000 0.290302 102.300262 0.103679 2.992990 -0.047431 
256 0.881909 0.000000 0.290302 102.270414 0.050728 2.793461 -0.046704 
257 0.586929 0.000000 0.579028 102.300262 0.103679 2.992990 -0.047431 
258 0.439439 0.000000 -0.142787 102.158506 0.113782 2.480466 -0.044253 
259 0.291949 0.000000 -0.142787 102.216125 0.112238 2.704555 -0.045546 
260 0.439439 0.000000 -0.287150 102.300262 0.103679 2.992990 -0.047431 
261 0.586929 0.000000 -0.142787 102.229757 0.106141 2.722309 -0.045835 
262 0.439439 0.000000 0.001576 102.158506 0.113782 2.480466 -0.044253 
263 -2.657848 0.000000 1.156480 101.401974 0.051582 8.134983 -0.034854 
264 -3.837767 0.000000 1.156480 100.694747 0.167291 7.400546 -0.019423 
265 -2.657848 0.000000 2.311385 102.065344 -0.436615 7.387130 -0.047209 
266 -0.887970 0.000000 0.579028 102.398524 0.227980 3.419049 -0.049720 
267 -1.477929 0.000000 0.579028 102.699354 0.292135 4.715330 -0.056948 
268 -0.887970 0.000000 1.156480 102.511846 0.261604 3.942977 -0.052429 
269 -0.003030 0.000000 0.290302 102.301964 0.151979 2.939520 -0.047436 
270 -0.298010 0.000000 0.290302 102.332945 0.192378 3.071742 -0.048150 
271 -0.003030 0.000000 0.579028 102.301964 0.151979 2.939520 -0.047436 
272 0.144460 0.000000 0.145939 102.301964 0.151979 2.939520 -0.047436 
273 -0.003030 0.000000 0.145939 102.301964 0.151979 2.939520 -0.047436 
274 0.144460 0.000000 0.001576 102.335981 0.163753 2.070753 -0.047697 
275 0.291949 0.000000 0.145939 102.216125 0.112238 2.704555 -0.045546 
276 0.144460 0.000000 0.290302 102.301964 0.151979 2.939520 -0.047436 
277 -0.592990 0.000000 0.290302 102.332945 0.192378 3.071742 -0.048150 
278 -0.887970 0.000000 0.290302 102.398524 0.227980 3.419049 -0.049720 
279 -0.592990 0.000000 0.001576 102.332945 0.192378 3.071742 -0.048150 
280 -0.592990 0.000000 0.579028 102.332945 0.192378 3.071742 -0.048150 
281 -0.150520 0.000000 0.145939 102.301964 0.151979 2.939520 -0.047436 
282 -0.298010 0.000000 0.145939 102.332945 0.192378 3.071742 -0.048150 
283 -0.150520 0.000000 0.001576 102.301964 0.151979 2.939520 -0.047436 
284 -0.150520 0.000000 0.290302 102.301964 0.151979 2.939520 -0.047436 
285 0.144460 0.000000 -0.142787 102.301964 0.151979 2.939520 -0.047436 
286 -0.003030 0.000000 -0.142787 102.301964 0.151979 2.939520 -0.047436 
287 0.144460 0.000000 -0.287150 102.301964 0.151979 2.939520 -0.047436 
288 0.070715 0.000000 0.073757 102.438328 0.157489 2.348910 -0.049915 
289 -0.003030 0.000000 0.073757 102.301964 0.151979 2.939520 -0.047436 
290 0.070715 0.000000 0.001576 102.335981 0.163753 2.070753 -0.047697 
291 0.144460 0.000000 0.073757 102.335981 0.163753 2.070753 -0.047697 
292 0.070715 0.000000 0.145939 102.301964 0.151979 2.939520 -0.047436 
293 3.536727 0.000000 -0.287150 101.876929 -0.362231 -3.103991 -0.038867 
294 3.241747 0.000000 -0.287150 102.232013 -0.250378 -0.789439 -0.045207 
295 3.536727 0.000000 -0.575877 101.921370 -0.410093 -3.325547 -0.039919 
296 116.513974 0.000000 36.958519 99.931276 -1.578062 3.826468 -0.000339 
297 154.271383 0.000000 36.958519 99.927102 -1.769582 3.863100 -0.000348 
298 116.513974 0.000000 73.915463 99.947168 -0.221484 3.717260 -0.000330 
299 59.877860 0.000000 18.480048 99.916002 -6.629071 3.286887 -0.003796 
300 78.756565 0.000000 18.480048 99.936170 -7.080370 3.167758 -0.004740 
301 59.877860 0.000000 36.958519 99.961227 -1.317661 3.735609 -0.000794 
302 31.559804 0.000000 9.240812 99.863483 -10.471911 -1.088874 -0.008356 
303 40.999156 0.000000 9.240812 99.908486 -10.478508 -0.915822 -0.009234 
304 31.559804 0.000000 18.480048 99.887320 -5.861982 3.195642 -0.002205 
305 17.400775 0.000000 4.621194 100.820811 -9.543672 -2.108946 -0.026037 
306 22.120451 0.000000 4.621194 99.980792 -9.374763 -1.985185 -0.008799 
307 17.400775 0.000000 9.240812 100.593104 -9.844538 -1.051409 -0.021699 
308 10.321261 0.000000 2.311385 103.416313 -8.746157 -0.223683 -0.077148 
309 12.681099 0.000000 2.311385 102.408690 -9.190333 -0.342807 -0.057212 
310 10.321261 0.000000 4.621194 103.133949 -9.001382 -0.997647 -0.071863 
311 6.781504 0.000000 1.156480 104.574390 -7.454920 -0.606922 -0.099175 
312 7.961423 0.000000 1.156480 104.074383 -8.328725 0.209403 -0.090089 
313 6.781504 0.000000 2.311385 105.082112 -6.987383 -0.488153 -0.109131 
314 5.011626 0.000000 0.579028 102.054990 -0.645470 -5.102712 -0.044168 
315 5.601585 0.000000 0.579028 102.016810 -0.776920 -7.696277 -0.046727 
316 5.011626 0.000000 1.156480 102.055115 -0.713221 -6.100492 -0.045297 
317 4.126686 0.000000 0.290302 102.003240 -0.519436 -3.990562 -0.042086 
318 4.421666 0.000000 0.290302 102.034868 -0.580066 -4.464567 -0.043138 
319 4.126686 0.000000 0.579028 102.003240 -0.519436 -3.990562 -0.042086 
320 3.979196 0.000000 -0.142787 101.964246 -0.462310 -3.620401 -0.041003 
321 3.831707 0.000000 -0.142787 102.040582 -0.496477 -3.936589 -0.042802 
322 3.979196 0.000000 -0.287150 101.964246 -0.462310 -3.620401 -0.041003 
323 4.126686 0.000000 -0.142787 102.003240 -0.519436 -3.990562 -0.042086 
324 3.979196 0.000000 0.001576 101.859679 -0.527787 -5.444908 -0.040532 
325 4.716646 0.000000 -0.287150 102.054990 -0.645470 -5.102712 -0.044168 
326 4.716646 0.000000 -0.575877 102.054990 -0.645470 -5.102712 -0.044168 
327 5.011626 0.000000 -0.287150 102.054990 -0.645470 -5.102712 -0.044168 
328 4.716646 0.000000 0.001576 102.034868 -0.580066 -4.464567 -0.043138 
329 4.274176 0.000000 -0.142787 102.003240 -0.519436 -3.990562 -0.042086 
330 4.274176 0.000000 -0.287150 102.003240 -0.519436 -3.990562 -0.042086 
331 4.421666 0.000000 -0.142787 102.034868 -0.580066 -4.464567 -0.043138 
332 4.274176 0.000000 0.001576 102.003240 -0.519436 -3.990562 -0.042086 
333 3.979196 0.000000 0.145939 101.961844 -0.497558 -4.408460 -0.041590 
334 3.831707 0.000000 0.145939 102.032493 -0.526385 -4.639705 -0.043243 
335 4.126686 0.000000 0.145939 102.003240 -0.519436 -3.990562 -0.042086 
336 3.979196 0.000000 0.290302 101.964246 -0.462310 -3.620401 -0.041003 
337 4.052941 0.000000 -0.070606 101.883460 -0.580848 -5.905418 -0.041545 
338 3.979196 0.000000 -0.070606 101.859679 -0.527787 -5.444908 -0.040532 
339 4.052941 0.000000 -0.142787 102.003240 -0.519436 -3.990562 -0.042086 
340 4.126686 0.000000 -0.070606 101.636911 -0.578959 -6.689586 -0.037515 
341 4.052941 0.000000 0.001576 101.883460 -0.580848 -5.905418 -0.041545 
342 6.191545 0.000000 0.579028 101.624981 -0.863743 -12.581703 -0.048668 
343 6.191545 0.000000 0.001576 101.896482 -0.829269 -9.924474 -0.048208 
344 6.781504 0.000000 0.579028 99.805262 -0.876576 -20.184706 -0.036928 
345 6.191545 0.000000 1.156480 101.624981 -0.863743 -12.581703 -0.048668 
346 6.191545 0.000000 -0.575877 101.624981 -0.863743 -12.581703 -0.048668 
347 6.191545 0.000000 -1.153329 101.624981 -0.863743 -12.581703 -0.048668 
348 6.781504 0.000000 -0.575877 99.805262 -0.876576 -20.184706 -0.036928 
349 5.896565 0.000000 0.290302 102.016810 -0.776920 -7.696277 -0.046727 
350 5.601585 0.000000 0.290302 102.016810 -0.776920 -7.696277 -0.046727 
351 5.896565 0.000000 0.001576 102.016810 -0.776920 -7.696277 -0.046727 
352 6.191545 0.000000 0.290302 101.896482 -0.829269 -9.924474 -0.048208 
353 5.896565 0.000000 0.579028 101.896482 -0.829269 -9.924474 -0.048208 
354 5.896565 0.000000 -0.287150 102.016810 -0.776920 -7.696277 -0.046727 
355 5.601585 0.000000 -0.287150 102.016810 -0.776920 -7.696277 -0.046727 
356 5.896565 0.000000 -0.575877 101.896482 -0.829269 -9.924474 -0.048208 
357 6.191545 0.000000 -0.287150 101.896482 -0.829269 -9.924474 -0.048208 
358 9.141342 0.000000 1.156480 103.762622 -9.086719 0.655862 -0.084968 
359 9.141342 0.000000 0.001576 103.482427 6.094408 3.559641 -0.075843 
360 10.321261 0.000000 1.156480 103.386794 -9.664159 0.830777 -0.078292 
361 9.141342 0.000000 2.311385 103.908522 -8.303783 -0.227343 -0.086599 
362 7.371464 0.000000 0.579028 103.659065 -12.080672 0.769511 -0.089174 
363 7.371464 0.000000 0.001576 104.175330 12.247091 2.875735 -0.101076 
364 7.961423 0.000000 0.579028 103.493173 -13.231513 1.998087 -0.088990 
365 7.371464 0.000000 1.156480 104.284318 -7.900730 -0.161626 -0.093767 
366 6.486524 0.000000 0.290302 101.624981 -0.863743 -12.581703 -0.048668 
367 6.486524 0.000000 0.001576 101.624981 -0.863743 -12.581703 -0.048668 
368 6.781504 0.000000 0.290302 100.544909 -0.882244 -17.832200 -0.042804 
369 6.486524 0.000000 0.579028 101.165890 -0.881094 -15.303426 -0.046951 
370 6.044055 0.000000 0.145939 101.896482 -0.829269 -9.924474 -0.048208 
371 5.896565 0.000000 0.145939 102.016810 -0.776920 -7.696277 -0.046727 
372 6.044055 0.000000 0.001576 101.896482 -0.829269 -9.924474 -0.048208 
373 6.191545 0.000000 0.145939 101.896482 -0.829269 -9.924474 -0.048208 
374 6.044055 0.000000 0.290302 101.896482 -0.829269 -9.924474 -0.048208 
375 9.141342 0.000000 -1.153329 103.202663 0.780121 2.457887 -0.065744 
376 9.141342 0.000000 -2.308233 102.824262 1.574111 3.937738 -0.059081 
377 10.321261 0.000000 -1.153329 103.089189 0.201609 2.741134 -0.063494 
378 7.371464 0.000000 -0.575877 103.352986 2.546625 1.014546 -0.068935 
379 7.371464 0.000000 -1.153329 102.888520 1.875415 1.598058 -0.059212 
380 7.961423 0.000000 -0.575877 103.443308 2.055280 1.491908 -0.070697 
381 6.486524 0.000000 -0.287150 101.165890 -0.881094 -15.303426 -0.046951 
382 6.486524 0.000000 -0.575877 101.165890 -0.881094 -15.303426 -0.046951 
383 6.781504 0.000000 -0.287150 100.544909 -0.882244 -17.832200 -0.042804 
384 7.076484 0.000000 0.290302 102.032841 -34.051810 6.437180 -0.161166 
385 7.076484 0.000000 0.001576 104.331762 13.817714 1.784183 -0.107923 
386 7.371464 0.000000 0.290302 101.510306 -35.439456 14.103325 -0.175920 
387 7.076484 0.000000 0.579028 103.768198 -11.627500 0.166734 -0.090307 
388 6.634014 0.000000 0.145939 101.165890 -0.881094 -15.303426 -0.046951 
389 6.486524 0.000000 0.145939 101.624981 -0.863743 -12.581703 -0.048668 
390 6.634014 0.000000 0.001576 101.165890 -0.881094 -15.303426 -0.046951 
391 6.781504 0.000000 0.145939 100.544909 -0.882244 -17.832200 -0.042804 
392 6.634014 0.000000 0.290302 101.165890 -0.881094 -15.303426 -0.046951 
393 8.551383 0.000000 0.579028 103.508519 -14.438462 3.278100 -0.093323 
394 8.551383 0.000000 0.001576 103.621351 7.108388 3.625749 -0.080106 
395 9.141342 0.000000 0.579028 103.534555 -15.374834 3.990158 -0.097171 
396 8.551383 0.000000 1.156480 103.913745 -8.727706 0.487375 -0.087448 
397 7.666443 0.000000 0.290302 100.809904 -34.648429 24.637062 -0.197014 
398 7.666443 0.000000 0.001576 103.998434 10.644976 3.411237 -0.094063 
399 7.961423 0.000000 0.290302 100.050519 -27.720878 36.715398 -0.212657 
400 7.666443 0.000000 0.579028 103.581280 -12.600957 1.381364 -0.088977 
401 8.551383 0.000000 -0.575877 103.443371 1.609410 1.808253 -0.070639 
402 8.551383 0.000000 -1.153329 103.199321 1.160570 2.257411 -0.065654 
403 9.141342 0.000000 -0.575877 103.374819 1.171654 1.995708 -0.069171 
404 7.666443 0.000000 -0.287150 103.665858 3.921975 1.331964 -0.076377 
405 7.371464 0.000000 -0.287150 103.665321 4.311471 0.994412 -0.076608 
406 7.666443 0.000000 -0.575877 103.408525 2.302401 1.271619 -0.070024 
407 7.961423 0.000000 -0.287150 103.643564 3.532823 1.589092 -0.075699 
408 7.518954 0.000000 0.145939 103.907081 29.801220 19.918797 -0.208155 
409 7.371464 0.000000 0.145939 104.228178 35.427276 22.307744 -0.261624 
410 7.518954 0.000000 0.001576 104.079234 11.436593 3.203609 -0.097355 
411 7.666443 0.000000 0.145939 103.669959 25.574964 17.539443 -0.170917 
412 7.518954 0.000000 0.290302 101.161711 -35.548856 18.967552 -0.185718 
413 8.256403 0.000000 0.290302 100.161899 -13.211000 43.737725 -0.211993 
414 8.256403 0.000000 0.001576 103.708698 7.988446 3.654208 -0.083266 
415 8.551383 0.000000 0.290302 101.683277 -1.248955 42.254612 -0.212650 
416 8.256403 0.000000 0.579028 103.453551 -13.839302 2.689009 -0.090139 
417 15.040937 0.000000 2.311385 101.547988 -9.147853 -0.838974 -0.039638 
418 15.040937 0.000000 0.001576 101.428134 2.530730 1.706618 -0.029698 
419 17.400775 0.000000 2.311385 100.797830 -8.922079 -0.890047 -0.024060 
420 15.040937 0.000000 4.621194 101.481124 -9.599594 -2.021838 -0.039466 
421 11.501180 0.000000 1.156480 102.943154 -10.060606 0.890910 -0.069930 
422 11.501180 0.000000 0.001576 102.824844 3.895830 3.082027 -0.059762 
423 12.681099 0.000000 1.156480 102.477658 -10.331157 0.847016 -0.060912 
424 11.501180 0.000000 2.311385 102.908277 -9.023986 -0.253923 -0.067161 
425 9.731302 0.000000 0.579028 103.402669 -16.230050 4.571039 -0.097642 
426 9.731302 0.000000 0.001576 103.347936 5.394730 3.471514 -0.072195 
427 10.321261 0.000000 0.579028 103.242600 -17.125891 5.135762 -0.097871 
428 9.731302 0.000000 1.156480 103.574172 -9.376933 0.788318 -0.081616 
429 8.846362 0.000000 0.290302 102.490624 3.998596 39.577135 -0.208667 
430 8.846362 0.000000 0.001576 103.539415 6.541422 3.607754 -0.077622 
431 9.141342 0.000000 0.290302 102.549072 7.180020 37.337869 -0.196198 
432 8.846362 0.000000 0.579028 103.543258 -14.914700 3.714104 -0.095745 
433 15.040937 0.000000 -2.308233 101.284775 -0.430799 4.625488 -0.028019 
434 15.040937 0.000000 -4.618042 100.883405 1.703429 8.132624 -0.024650 
435 17.400775 0.000000 -2.308233 100.427170 -0.480701 4.881726 -0.010968 
436 11.501180 0.000000 -1.153329 102.795352 -0.247315 2.916081 -0.057545 
437 11.501180 0.000000 -2.308233 102.627176 0.463184 4.536482 -0.055313 
438 12.681099 0.000000 -1.153329 102.394080 -0.576247 3.014378 -0.049397 
439 9.731302 0.000000 -0.575877 103.291162 0.851350 2.143963 -0.067439 
440 9.731302 0.000000 -1.153329 103.161905 0.497459 2.625509 -0.064952 
441 10.321261 0.000000 -0.575877 103.174985 0.552149 2.239109 -0.065040 
442 9.436322 0.000000 0.290302 102.544759 9.871084 34.807116 -0.182440 
443 9.436322 0.000000 0.001576 103.420598 5.728400 3.519452 -0.074102 
444 9.731302 0.000000 0.290302 102.532239 12.023293 32.093320 -0.168740 
445 9.436322 0.000000 0.579028 103.472123 -15.791684 4.286893 -0.097424 
446 40.999156 0.000000 110.872407 99.974029 -0.051897 3.802016 -0.000926 
447 3.241747 0.000000 110.872407 99.981969 -0.036063 3.832629 -0.001108 
448 78.756565 0.000000 110.872407 99.958707 -0.063232 3.785402 -0.000608 
449 40.999156 0.000000 147.829350 99.956741 -0.086930 3.837850 -0.000609 
450 22.120451 0.000000 55.436991 100.070575 -0.311463 3.706085 -0.002795 
451 3.241747 0.000000 55.436991 100.099971 -0.211041 3.779823 -0.003434 
452 40.999156 0.000000 55.436991 100.021277 -0.382980 3.676821 -0.001792 
453 22.120451 0.000000 73.915463 100.027386 -0.137457 3.759323 -0.001963 
454 12.681099 0.000000 27.719283 100.393755 -1.742583 3.580497 -0.009476 
455 3.241747 0.000000 27.719283 100.515663 -1.169834 3.779496 -0.011905 
456 22.120451 0.000000 27.719283 100.097154 -2.135688 3.603184 -0.003698 
457 12.681099 0.000000 36.958519 100.189107 -0.797925 3.680093 -0.005204 
458 7.961423 0.000000 13.860430 101.425774 -4.992104 2.446106 -0.031809 
459 3.241747 0.000000 13.860430 101.613202 -3.279247 3.359065 -0.034728 
460 12.681099 0.000000 13.860430 100.881377 -6.555121 1.805159 -0.022328 
461 7.961423 0.000000 18.480048 100.868561 -3.372573 3.274937 -0.019657 
462 10.321261 0.000000 6.931003 102.504599 -8.745096 -0.656860 -0.058410 
463 7.961423 0.000000 6.931003 103.210098 -7.658028 0.184688 -0.071100 
464 12.681099 0.000000 6.931003 101.996510 -9.354886 -1.528093 -0.049314 
465 10.321261 0.000000 9.240812 102.136544 -7.854768 0.130139 -0.049359 
466 9.141342 0.000000 3.466289 103.854953 -8.473078 -0.621647 -0.085803 
467 7.961423 0.000000 3.466289 104.399551 -7.889537 -0.455720 -0.096172 
468 10.321261 0.000000 3.466289 103.326996 -8.897832 -0.770335 -0.075623 
469 9.141342 0.000000 4.621194 103.618557 -8.534552 -0.717765 -0.081016 
470 9.731302 0.000000 1.733932 103.637399 -8.598666 0.175581 -0.081468 
471 9.141342 0.000000 1.733932 103.856973 -8.347309 0.113961 -0.085596 
472 10.321261 0.000000 1.733932 103.410901 -8.812106 0.206656 -0.077151 
473 9.731302 0.000000 2.311385 103.662116 -8.542117 -0.211973 -0.081885 
474 9.436322 0.000000 0.867754 103.608714 -10.706384 1.398663 -0.085135 
475 9.141342 0.000000 0.867754 103.672264 -10.489608 1.320782 -0.085971 
476 9.731302 0.000000 0.867754 103.529268 -10.907207 1.472237 -0.083944 
477 9.436322 0.000000 1.156480 103.665368 -9.228509 0.739645 -0.083222 
478 9.288832 0.000000 0.434665 103.187278 -22.730512 13.580305 -0.134872 
479 9.141342 0.000000 0.434665 103.224335 -22.446863 12.906865 -0.132571 
480 9.288832 0.000000 0.290302 102.547766 8.585846 36.102193 -0.189313 
481 9.436322 0.000000 0.434665 103.143871 -23.010156 14.290638 -0.137235 
482 9.288832 0.000000 0.579028 103.503038 -15.576388 4.145136 -0.097268 
483 10.911221 0.000000 0.579028 103.072841 -18.026548 5.645486 -0.098084 
484 10.911221 0.000000 0.001576 103.025808 4.292471 3.212609 -0.064306 
485 11.501180 0.000000 0.579028 102.888307 -18.912000 6.083046 -0.098067 
486 10.911221 0.000000 1.156480 103.166422 -9.871045 0.882663 -0.074153 
487 10.026281 0.000000 0.290302 102.530374 13.642008 29.365388 -0.156091 
488 10.026281 0.000000 0.001576 103.275632 5.077457 3.409398 -0.070326 
489 10.321261 0.000000 0.290302 102.541405 14.742588 26.768296 -0.144863 
490 10.026281 0.000000 0.579028 103.327752 -16.679808 4.854005 -0.097840 
491 10.911221 0.000000 -0.575877 103.023759 0.293944 2.302790 -0.061928 
492 10.911221 0.000000 -1.153329 102.957154 -0.030993 2.844006 -0.060826 
493 11.501180 0.000000 -0.575877 102.842316 0.076443 2.342969 -0.058204 
494 10.616241 0.000000 0.290302 102.551125 15.440514 24.444867 -0.135269 
495 10.616241 0.000000 0.001576 103.115019 4.526249 3.276946 -0.066393 
496 10.911221 0.000000 0.290302 102.546507 15.836758 22.437356 -0.127002 
497 10.616241 0.000000 0.579028 103.159553 -17.580765 5.399709 -0.098013 
498 13.861018 0.000000 1.156480 102.005646 -10.489153 0.748166 -0.051573 
499 13.861018 0.000000 0.001576 101.886834 2.894853 2.417978 -0.039515 
500 15.040937 0.000000 1.156480 101.582666 -10.570948 0.247921 -0.043084 
501 13.861018 0.000000 2.311385 101.922433 -9.222824 -0.396945 -0.047340 
502 12.091140 0.000000 0.579028 102.694480 -19.851891 6.459295 -0.098198 
503 12.091140 0.000000 0.001576 102.602091 3.574293 2.936428 -0.054859 
504 12.681099 0.000000 0.579028 102.495181 -20.906369 6.771599 -0.098819 
505 12.091140 0.000000 1.156480 102.712387 -10.212697 0.877871 -0.065490 
506 13.861018 0.000000 -1.153329 101.934191 -0.773126 3.079698 -0.040066 
507 13.861018 0.000000 -2.308233 101.836706 -0.228318 4.871933 -0.039450 
508 15.040937 0.000000 -1.153329 101.417091 -0.877234 2.751448 -0.029377 
509 12.091140 0.000000 -0.575877 102.637185 -0.101065 2.364428 -0.053999 
510 12.091140 0.000000 -1.153329 102.605155 -0.428892 2.971398 -0.053683 
511 12.681099 0.000000 -0.575877 102.415503 -0.240970 2.371711 -0.049462 
512 11.796160 0.000000 0.290302 102.335574 16.230365 17.637932 -0.104709 
513 11.501180 0.000000 0.290302 102.424073 16.173719 19.102775 -0.111720 
514 11.796160 0.000000 0.001576 102.715616 3.726957 3.011279 -0.057346 
515 12.091140 0.000000 0.290302 102.237108 16.239623 16.270192 -0.098087 
516 11.796160 0.000000 0.579028 102.792122 -19.371645 6.278931 -0.098091 
517 13.271059 0.000000 0.579028 102.286247 -22.155669 7.030825 -0.100278 
518 13.271059 0.000000 0.001576 102.125907 3.090218 2.598238 -0.044600 
519 13.861018 0.000000 0.579028 102.065956 -23.702996 7.284357 -0.103235 
520 13.271059 0.000000 1.156480 102.241587 -10.421292 0.802300 -0.056259 
521 12.386120 0.000000 0.290302 102.129997 16.211475 14.977331 -0.091767 
522 12.386120 0.000000 0.001576 102.485288 3.436355 2.857385 -0.052321 
523 12.681099 0.000000 0.290302 102.016963 16.147461 13.738390 -0.085694 
524 12.386120 0.000000 0.579028 102.595533 -20.360395 6.623517 -0.098426 
525 13.271059 0.000000 -0.575877 102.183702 -0.346035 2.369582 -0.044724 
526 13.271059 0.000000 -1.153329 102.168479 -0.690215 3.049243 -0.044817 
527 13.861018 0.000000 -0.575877 101.946803 -0.420660 2.362603 -0.039891 
528 12.976079 0.000000 0.290302 101.902662 16.040824 12.537117 -0.079864 
529 12.976079 0.000000 0.001576 102.246251 3.196530 2.687548 -0.047174 
530 13.271059 0.000000 0.290302 101.789808 15.878020 11.367060 -0.074249 
531 12.976079 0.000000 0.579028 102.392287 -21.500738 6.905520 -0.099415 
532 26.840128 0.000000 4.621194 99.748486 -9.191086 -1.729653 -0.003723 
533 26.840128 0.000000 0.001576 99.385215 0.674013 2.109285 0.011768 
534 31.559804 0.000000 4.621194 99.718022 -9.047551 -1.465384 -0.002769 
535 26.840128 0.000000 9.240812 99.889059 -10.400182 -1.162460 -0.008734 
536 19.760613 0.000000 2.311385 100.194578 -8.739897 -0.769707 -0.011593 
537 19.760613 0.000000 0.001576 100.022986 1.317017 1.416267 -0.000834 
538 22.120451 0.000000 2.311385 99.832899 -8.553501 -0.646812 -0.004019 
539 19.760613 0.000000 4.621194 100.298493 -9.503982 -2.056221 -0.015434 
540 16.220856 0.000000 1.156480 101.139917 -10.663536 0.152528 -0.034302 
541 16.220856 0.000000 0.001576 100.998092 2.170447 1.468060 -0.020748 
542 17.400775 0.000000 1.156480 100.790183 -10.781304 0.089925 -0.027491 
543 16.220856 0.000000 2.311385 101.124323 -9.052480 -0.879794 -0.030885 
544 14.450978 0.000000 0.579028 101.851959 -25.710431 7.181914 -0.108643 
545 14.450978 0.000000 0.001576 101.656104 2.717176 2.253329 -0.034642 
546 15.040937 0.000000 0.579028 101.594731 -28.553874 7.831549 -0.119815 
547 14.450978 0.000000 1.156480 101.815502 -10.524480 0.304348 -0.047725 
548 13.566039 0.000000 0.290302 101.682308 15.653116 10.242826 -0.068923 
549 13.566039 0.000000 0.001576 102.006042 2.990197 2.508047 -0.042046 
550 13.861018 0.000000 0.290302 101.574875 15.344198 9.153105 -0.063668 
551 13.566039 0.000000 0.579028 102.177450 -22.884162 7.154640 -0.101510 
552 26.840128 0.000000 -4.618042 98.879103 2.762134 9.670228 0.012178 
553 26.840128 0.000000 -9.237660 98.659527 9.275156 10.651081 0.006682 
554 31.559804 0.000000 -4.618042 98.966585 3.307967 10.061346 0.009344 
555 19.760613 0.000000 -2.308233 99.761348 -0.272679 5.214488 0.002041 
556 19.760613 0.000000 -4.618042 99.452412 1.779115 8.912367 0.002662 
557 22.120451 0.000000 -2.308233 99.345407 -0.018688 5.500286 0.010024 
558 16.220856 0.000000 -1.153329 100.966142 -0.874107 2.831960 -0.020295 
559 16.220856 0.000000 -2.308233 100.830148 -0.496477 4.752915 -0.018956 
560 17.400775 0.000000 -1.153329 100.558237 -0.834509 2.918017 -0.012117 
561 14.450978 0.000000 -0.575877 101.684558 -0.480696 1.918663 -0.034366 
562 14.450978 0.000000 -1.153329 101.653025 -0.847484 2.720708 -0.034146 
563 15.040937 0.000000 -0.575877 101.451318 -0.506498 1.963570 -0.029648 
564 15.630897 0.000000 0.579028 101.348925 -32.671654 8.869223 -0.141770 
565 15.630897 0.000000 0.001576 101.207842 2.346893 1.574061 -0.025101 
566 16.220856 0.000000 0.579028 101.085477 -38.905327 10.667545 -0.184569 
567 15.630897 0.000000 1.156480 101.356528 -10.615885 0.196725 -0.038588 
568 14.745958 0.000000 0.290302 101.284807 13.914116 5.849874 -0.048644 
569 14.450978 0.000000 0.290302 101.369477 14.475181 7.142807 -0.053632 
570 14.745958 0.000000 0.001576 101.541245 2.623930 1.782952 -0.032069 
571 15.040937 0.000000 0.290302 101.196209 13.282720 5.031210 -0.044242 
572 14.745958 0.000000 0.579028 101.721327 -27.002655 7.484537 -0.113239 
573 15.630897 0.000000 -0.575877 101.228069 -0.513017 1.973040 -0.025128 
574 15.630897 0.000000 -1.153329 101.184610 -0.887351 2.785655 -0.024687 
575 16.220856 0.000000 -0.575877 101.006002 -0.513324 1.982532 -0.020641 
576 15.335917 0.000000 0.290302 101.111373 12.619407 4.313415 -0.040136 
577 15.335917 0.000000 0.001576 101.316973 2.437874 1.636798 -0.027375 
578 15.630897 0.000000 0.290302 101.027975 11.951757 3.697235 -0.036317 
579 15.335917 0.000000 0.579028 101.471574 -30.419197 8.285678 -0.129046 
580 18.580694 0.000000 1.156480 100.452348 -11.009617 0.056642 -0.021189 
581 18.580694 0.000000 0.001576 100.325884 1.556064 1.302009 -0.006940 
582 19.760613 0.000000 1.156480 100.125043 -11.338717 0.155766 -0.015362 
583 18.580694 0.000000 2.311385 100.486729 -8.816958 -0.845738 -0.017604 
584 16.810816 0.000000 0.579028 100.791998 -49.380809 14.205779 -0.279930 
585 16.810816 0.000000 0.001576 100.797118 2.004565 1.391709 -0.016601 
586 17.400775 0.000000 0.579028 100.418955 -70.534773 23.302981 -0.560215 
587 16.810816 0.000000 1.156480 100.935571 -10.719779 0.116040 -0.030292 
588 18.580694 0.000000 -1.153329 100.238881 -0.747209 3.020550 -0.005752 
589 18.580694 0.000000 -2.308233 100.103394 -0.393973 5.034142 -0.004619 
590 19.760613 0.000000 -1.153329 99.902220 -0.642194 3.194304 0.000893 
591 16.810816 0.000000 -0.575877 100.794776 -0.504688 1.999367 -0.016384 
592 16.810816 0.000000 -1.153329 100.751829 -0.856507 2.873169 -0.015992 
593 17.400775 0.000000 -0.575877 100.604765 -0.495253 2.023397 -0.012566 
594 16.515836 0.000000 0.290302 100.783630 10.032537 2.364285 -0.026358 
595 16.220856 0.000000 0.290302 100.865517 10.650459 2.732099 -0.029475 
596 16.515836 0.000000 0.001576 100.896154 2.086448 1.426671 -0.018642 
597 16.810816 0.000000 0.290302 100.702226 9.441144 2.058110 -0.023431 
598 16.515836 0.000000 0.579028 100.944707 -43.384455 12.104622 -0.221857 
599 17.990735 0.000000 0.579028 98.725935 -131.727334 67.601451 -2.166886 
600 17.990735 0.000000 0.001576 100.484320 1.700182 1.303139 -0.010169 
601 18.580694 0.000000 0.579028 85.989590 247.464014 290.323824 -14.292057 
602 17.990735 0.000000 1.156480 100.619103 -10.883743 0.062443 -0.024266 
603 17.105796 0.000000 0.290302 100.622003 8.877955 1.804458 -0.020686 
604 17.105796 0.000000 0.001576 100.701325 1.924821 1.362765 -0.014632 
605 17.400775 0.000000 0.290302 100.587900 8.354752 1.597384 -0.019028 
606 17.105796 0.000000 0.579028 100.623406 -57.819245 17.506319 -0.377461 
607 17.990735 0.000000 -0.575877 100.462691 -0.465863 2.046106 -0.009716 
608 17.990735 0.000000 -1.153329 100.412291 -0.788807 2.957148 -0.009200 
609 18.580694 0.000000 -0.575877 100.293555 -0.443953 2.093982 -0.006338 
610 24.480290 0.000000 2.311385 99.664709 -8.435133 -0.478541 -0.000443 
611 24.480290 0.000000 0.001576 99.460222 0.813427 1.862094 0.010354 
612 26.840128 0.000000 2.311385 99.596946 -8.356099 -0.301538 0.001053 
613 24.480290 0.000000 4.621194 99.832277 -9.276159 -1.862662 -0.005600 
614 20.940532 0.000000 1.156480 99.912171 -11.739142 0.234365 -0.012030 
615 20.940532 0.000000 0.001576 99.811176 1.152482 1.521944 0.003408 
616 22.120451 0.000000 1.156480 99.742454 -12.273579 0.324788 -0.009930 
617 20.940532 0.000000 2.311385 99.994674 -8.638862 -0.712487 -0.007407 
618 19.170654 0.000000 0.579028 99.756724 96.845420 13.220062 -0.950521 
619 19.170654 0.000000 0.001576 100.190819 1.426518 1.393798 -0.004218 
620 19.760613 0.000000 0.579028 99.921643 54.197098 4.848613 -0.294517 
621 19.170654 0.000000 1.156480 100.259299 -11.179412 0.126834 -0.017692 
622 18.285715 0.000000 0.290302 100.371696 6.907163 1.185995 -0.012359 
623 17.990735 0.000000 0.290302 100.443453 7.360156 1.284773 -0.014471 
624 18.285715 0.000000 0.001576 100.402427 1.626697 1.304962 -0.008500 
625 18.580694 0.000000 0.290302 100.304179 6.482128 1.100567 -0.010416 
626 18.285715 0.000000 0.579028 92.481320 -196.517843 218.159357 -8.476556 
627 50.438508 0.000000 9.240812 99.988102 -10.442081 -0.962731 -0.010758 
628 50.438508 0.000000 0.001576 99.705208 0.387213 4.236371 0.004077 
629 59.877860 0.000000 9.240812 100.037107 -10.380799 -1.040823 -0.011627 
630 50.438508 0.000000 18.480048 99.895537 -6.398532 3.305365 -0.003098 
631 36.279480 0.000000 4.621194 99.762851 -8.907401 -1.091823 -0.003316 
632 36.279480 0.000000 0.001576 99.488079 0.417999 3.140724 0.009208 
633 40.999156 0.000000 4.621194 99.831042 -8.783557 -0.905176 -0.004421 
634 36.279480 0.000000 9.240812 99.860131 -10.480139 -0.917255 -0.008272 
635 29.199966 0.000000 2.311385 99.570065 -8.318645 -0.129221 0.001659 
636 29.199966 0.000000 0.001576 99.379799 0.581084 2.347669 0.011781 
637 31.559804 0.000000 2.311385 99.576387 -8.315767 0.028528 0.001539 
638 29.199966 0.000000 4.621194 99.718588 -9.119457 -1.592240 -0.002950 
639 50.438508 0.000000 -9.237660 99.415597 10.890395 10.165965 -0.010541 
640 50.438508 0.000000 -18.476896 99.724012 7.976242 1.630865 -0.001116 
641 59.877860 0.000000 -9.237660 99.531712 11.197145 9.786955 -0.012772 
642 36.279480 0.000000 -4.618042 99.116903 3.717117 10.516996 0.005142 
643 36.279480 0.000000 -9.237660 99.055387 10.190245 10.640984 -0.002904 
644 40.999156 0.000000 -4.618042 99.246327 4.063334 10.772799 0.001760 
645 33.919642 0.000000 2.311385 99.612383 -8.350657 0.179346 0.000761 
646 33.919642 0.000000 0.001576 99.439927 0.456057 2.793530 0.010369 
647 36.279480 0.000000 2.311385 99.651560 -8.429095 0.458862 -0.000169 
648 33.919642 0.000000 4.621194 99.744139 -8.977967 -1.342266 -0.003130 
649 45.718832 0.000000 4.621194 99.889211 -8.666854 -0.736098 -0.005351 
650 45.718832 0.000000 0.001576 99.656957 0.366218 3.883079 0.005328 
651 50.438508 0.000000 4.621194 99.931461 -8.557379 -0.579315 -0.005986 
652 45.718832 0.000000 9.240812 99.953117 -10.463584 -0.932620 -0.010098 
653 38.639318 0.000000 2.311385 99.691869 -8.561499 0.580549 -0.001210 
654 38.639318 0.000000 0.001576 99.543667 0.387847 3.334031 0.007979 
655 40.999156 0.000000 2.311385 99.731516 -8.759946 0.696870 -0.002360 
656 38.639318 0.000000 4.621194 99.796741 -8.844617 -0.995617 -0.003861 
657 45.718832 0.000000 -4.618042 99.336175 4.378475 10.996315 -0.000777 
658 45.718832 0.000000 -9.237660 99.329218 10.700657 10.338617 -0.008768 
659 50.438508 0.000000 -4.618042 99.401415 4.676855 11.193705 -0.002781 
660 43.358994 0.000000 2.311385 99.767657 -9.046467 0.810515 -0.003608 
661 43.358994 0.000000 0.001576 99.625327 0.365431 3.703253 0.006095 
662 45.718832 0.000000 2.311385 99.797620 -9.456298 0.922387 -0.004984 
663 43.358994 0.000000 4.621194 99.862679 -8.724035 -0.818466 -0.004933 
664 97.635269 0.000000 18.480048 99.950403 -7.538559 2.981448 -0.005580 
665 97.635269 0.000000 0.001576 99.752441 1.402313 7.570960 -0.000984 
666 116.513974 0.000000 18.480048 99.963103 -7.999971 2.743267 -0.006415 
667 97.635269 0.000000 36.958519 99.935478 -1.490529 3.803928 -0.000379 
668 69.317213 0.000000 9.240812 100.066967 -10.299439 -1.119800 -0.012073 
669 69.317213 0.000000 0.001576 99.776328 0.653728 5.605361 0.001284 
670 78.756565 0.000000 9.240812 100.085513 -10.197183 -1.186714 -0.012250 
671 69.317213 0.000000 18.480048 99.927269 -6.853884 3.237780 -0.004292 
672 55.158184 0.000000 4.621194 99.961759 -8.453353 -0.429460 -0.006400 
673 55.158184 0.000000 0.001576 99.737399 0.429758 4.583791 0.003126 
674 59.877860 0.000000 4.621194 99.983353 -8.353373 -0.284437 -0.006653 
675 55.158184 0.000000 9.240812 100.009997 -10.409095 -1.001419 -0.011135 
676 48.078670 0.000000 2.311385 99.822969 -10.046019 1.035288 -0.006662 
677 48.078670 0.000000 0.001576 99.683387 0.373715 4.060626 0.004659 
678 50.438508 0.000000 2.311385 99.844056 -10.915579 1.152693 -0.008931 
679 48.078670 0.000000 4.621194 99.912023 -8.611381 -0.656597 -0.005700 
680 97.635269 0.000000 -18.476896 99.982202 6.780738 1.224446 -0.004392 
681 97.635269 0.000000 -36.955368 99.936019 1.224844 2.191660 0.000649 
682 116.513974 0.000000 -18.476896 100.004279 6.317445 1.131496 -0.004205 
683 69.317213 0.000000 -9.237660 99.605173 11.436765 9.374802 -0.013988 
684 69.317213 0.000000 -18.476896 99.897097 7.510742 1.431720 -0.003789 
685 78.756565 0.000000 -9.237660 99.655757 11.618925 8.938937 -0.014617 
686 55.158184 0.000000 -4.618042 99.448083 4.967731 11.367816 -0.004383 
687 55.158184 0.000000 -9.237660 99.481230 11.054030 9.981772 -0.011834 
688 59.877860 0.000000 -4.618042 99.481425 5.255215 11.519930 -0.005688 
689 52.798346 0.000000 2.311385 99.861137 -12.257636 1.281142 -0.012414 
690 52.798346 0.000000 0.001576 99.723021 0.406072 4.410669 0.003570 
691 55.158184 0.000000 2.311385 99.874082 -14.496179 1.436799 -0.018704 
692 52.798346 0.000000 4.621194 99.947909 -8.504723 -0.503739 -0.006217 
693 64.597536 0.000000 4.621194 99.998498 -8.260948 -0.140188 -0.006796 
694 64.597536 0.000000 0.001576 99.770452 0.566067 5.267250 0.001779 
695 69.317213 0.000000 4.621194 100.008302 -8.177657 0.002341 -0.006853 
696 64.597536 0.000000 9.240812 100.053996 -10.342644 -1.080889 -0.011894 
697 64.597536 0.000000 -4.618042 99.506194 5.543685 11.651999 -0.006798 
698 64.597536 0.000000 -9.237660 99.572443 11.325289 9.584274 -0.013479 
699 69.317213 0.000000 -4.618042 99.523978 5.830343 11.764893 -0.007743 
700 62.237698 0.000000 2.311385 99.415202 -105.736985 14.364656 -1.127004 
701 59.877860 0.000000 2.311385 99.870313 -29.706371 2.322690 -0.086194 
702 62.237698 0.000000 0.001576 99.764798 0.525446 5.097645 0.002072 
703 64.597536 0.000000 2.311385 99.791960 47.936202 4.943581 -0.228075 
704 62.237698 0.000000 4.621194 99.991208 -8.307643 -0.211499 -0.006730 
705 88.195917 0.000000 9.240812 100.097370 -10.075120 -1.232741 -0.012251 
706 88.195917 0.000000 0.001576 99.766885 1.113618 6.930444 -0.000270 
707 97.635269 0.000000 9.240812 100.104771 -9.935224 -1.252804 -0.012124 
708 88.195917 0.000000 18.480048 99.943665 -7.308701 3.081593 -0.005165 
709 74.036889 0.000000 4.621194 100.014625 -8.107626 0.144263 -0.006868 
710 74.036889 0.000000 0.001576 99.777890 0.753086 5.940989 0.000851 
711 78.756565 0.000000 4.621194 100.018360 -8.058141 0.286012 -0.006869 
712 74.036889 0.000000 9.240812 100.077278 -10.250887 -1.155450 -0.012188 
713 66.957375 0.000000 2.311385 99.901272 17.251242 2.363121 -0.028345 
714 66.957375 0.000000 0.001576 99.774015 0.608344 5.436609 0.001522 
715 69.317213 0.000000 2.311385 99.917002 9.642165 2.164764 -0.008106 
716 66.957375 0.000000 4.621194 100.003900 -8.217998 -0.068822 -0.006832 
717 88.195917 0.000000 -9.237660 99.694204 11.750512 8.487410 -0.014905 
718 88.195917 0.000000 -18.476896 99.964118 7.020759 1.283921 -0.004376 
719 97.635269 0.000000 -9.237660 99.725675 11.834730 8.027366 -0.014971 
720 74.036889 0.000000 -4.618042 99.537341 6.117126 11.858714 -0.008573 
721 74.036889 0.000000 -9.237660 99.632460 11.534416 9.159323 -0.014356 
722 78.756565 0.000000 -4.618042 99.547638 6.403729 11.933868 -0.009316 
723 71.677051 0.000000 2.311385 99.923122 6.253598 2.188539 -0.002853 
724 71.677051 0.000000 0.001576 99.777567 0.702015 5.773492 0.001061 
725 74.036889 0.000000 2.311385 99.926175 4.372406 2.269524 -0.000951 
726 71.677051 0.000000 4.621194 100.011836 -8.140603 0.073351 -0.006864 
727 83.476241 0.000000 4.621194 100.020141 -8.040648 0.428114 -0.006886 
728 83.476241 0.000000 0.001576 99.772437 0.983513 6.603922 0.000088 
729 88.195917 0.000000 4.621194 100.020412 -8.073444 0.571383 -0.006959 
730 83.476241 0.000000 9.240812 100.092106 -10.138516 -1.212709 -0.012269 
731 76.396727 0.000000 2.311385 99.927618 3.199411 2.373250 -0.000140 
732 76.396727 0.000000 0.001576 99.777433 0.806843 6.107822 0.000651 
733 78.756565 0.000000 2.311385 99.927972 2.414714 2.488891 0.000237 
734 76.396727 0.000000 4.621194 100.016771 -8.079722 0.215131 -0.006868 
735 83.476241 0.000000 -4.618042 99.555835 6.689668 11.990691 -0.009989 
736 83.476241 0.000000 -9.237660 99.676095 11.690818 8.714657 -0.014794 
737 88.195917 0.000000 -4.618042 99.562620 6.974317 12.029482 -0.010606 
738 81.116403 0.000000 2.311385 99.927489 1.865257 2.612129 0.000419 
739 81.116403 0.000000 0.001576 99.774617 0.922116 6.439338 0.000271 
740 83.476241 0.000000 2.311385 99.926321 1.468611 2.740923 0.000506 
741 81.116403 0.000000 4.621194 100.019463 -8.044456 0.356977 -0.006873 
742 135.392678 0.000000 18.480048 99.976068 -8.456886 2.457618 -0.007277 
743 135.392678 0.000000 0.001576 99.681404 2.919478 9.867829 -0.004228 
744 154.271383 0.000000 18.480048 99.990011 -8.899044 2.126923 -0.008172 
745 135.392678 0.000000 36.958519 99.928774 -1.670669 3.845696 -0.000334 
746 107.074622 0.000000 9.240812 100.108934 -9.779888 -1.243644 -0.011899 
747 107.074622 0.000000 0.001576 99.735428 1.728107 8.190587 -0.001723 
748 116.513974 0.000000 9.240812 100.110547 -9.611720 -1.203212 -0.011595 
749 107.074622 0.000000 18.480048 99.956795 -7.769278 2.868465 -0.005995 
750 92.915593 0.000000 4.621194 100.019467 -8.186803 0.717113 -0.007143 
751 92.915593 0.000000 0.001576 99.760107 1.253273 7.252988 -0.000626 
752 97.635269 0.000000 4.621194 100.017481 -8.433842 0.867322 -0.007538 
753 92.915593 0.000000 9.240812 100.101535 -10.007259 -1.246255 -0.012202 
754 85.836079 0.000000 2.311385 99.924571 1.176468 2.874159 0.000544 
755 85.836079 0.000000 0.001576 99.769839 1.047359 6.767646 -0.000092 
756 88.195917 0.000000 2.311385 99.922320 0.958667 3.011151 0.000554 
757 85.836079 0.000000 4.621194 100.020444 -8.049235 0.499536 -0.006913 
758 135.392678 0.000000 -18.476896 100.016356 5.879607 1.069763 -0.003899 
759 135.392678 0.000000 -36.955368 99.963610 1.093047 2.305565 0.000077 
760 154.271383 0.000000 -18.476896 100.023250 5.468618 1.034978 -0.003563 
761 107.074622 0.000000 -9.237660 99.752842 11.874321 7.564883 -0.014886 
762 107.074622 0.000000 -18.476896 99.994987 6.546079 1.173807 -0.004323 
763 116.513974 0.000000 -9.237660 99.777138 11.872068 7.105157 -0.014691 
764 92.915593 0.000000 -4.618042 99.568485 7.256967 12.050533 -0.011176 
765 92.915593 0.000000 -9.237660 99.710606 11.798369 8.258050 -0.014960 
766 97.635269 0.000000 -4.618042 99.573785 7.536863 12.054153 -0.011705 
767 90.555755 0.000000 2.311385 99.919630 0.795424 3.151421 0.000550 
768 90.555755 0.000000 0.001576 99.763626 1.182264 7.092250 -0.000448 
769 92.915593 0.000000 2.311385 99.916553 0.673248 3.294606 0.000537 
770 90.555755 0.000000 4.621194 100.020078 -8.117462 0.643835 -0.007032 
771 102.354945 0.000000 4.621194 100.014518 -8.916607 1.025255 -0.008346 
772 102.354945 0.000000 0.001576 99.744148 1.560622 7.883718 -0.001348 
773 107.074622 0.000000 4.621194 100.010481 -9.859880 1.197047 -0.010075 
774 102.354945 0.000000 9.240812 100.107206 -9.859326 -1.252029 -0.012023 
775 95.275431 0.000000 2.311385 99.913133 0.582645 3.440406 0.000519 
776 95.275431 0.000000 0.001576 99.756367 1.326628 7.412585 -0.000804 
777 97.635269 0.000000 2.311385 99.909410 0.516762 3.588561 0.000497 
778 95.275431 0.000000 4.621194 100.018597 -8.288872 0.791493 -0.007305 
779 102.354945 0.000000 -4.618042 99.578782 7.813222 12.040680 -0.012196 
780 102.354945 0.000000 -9.237660 99.739687 11.859934 7.796085 -0.014944 
781 107.074622 0.000000 -4.618042 99.583665 8.085259 12.010486 -0.012653 
782 99.995107 0.000000 2.311385 99.905416 0.470543 3.738838 0.000471 
783 99.995107 0.000000 0.001576 99.748359 1.480315 7.728032 -0.001165 
784 102.354945 0.000000 2.311385 99.901181 0.440196 3.891022 0.000442 
785 99.995107 0.000000 4.621194 100.016123 -8.636085 0.945044 -0.007870 
786 125.953326 0.000000 9.240812 100.110026 -9.433342 -1.130387 -0.011228 
787 125.953326 0.000000 0.001576 99.699086 2.487822 9.344869 -0.003342 
788 135.392678 0.000000 9.240812 100.107642 -9.247205 -1.024869 -0.010810 
789 125.953326 0.000000 18.480048 99.969492 -8.229578 2.606225 -0.006842 
790 111.794298 0.000000 4.621194 100.004818 -11.879427 1.399732 -0.014404 
791 111.794298 0.000000 0.001576 99.726442 1.904680 8.490863 -0.002109 
792 116.513974 0.000000 4.621194 99.993938 -17.508755 1.727980 -0.030833 
793 111.794298 0.000000 9.240812 100.110028 -9.697242 -1.227426 -0.011756 
794 104.714783 0.000000 2.311385 99.896732 0.422834 4.044913 0.000410 
795 104.714783 0.000000 0.001576 99.739830 1.643223 8.037932 -0.001534 
796 107.074622 0.000000 2.311385 99.892091 0.416233 4.200325 0.000375 
797 104.714783 0.000000 4.621194 100.012650 -9.307414 1.108808 -0.009039 
798 125.953326 0.000000 -9.237660 99.799351 11.830931 6.652604 -0.014414 
799 125.953326 0.000000 -18.476896 100.011172 6.095217 1.096993 -0.004059 
800 135.392678 0.000000 -9.237660 99.819927 11.754039 6.210938 -0.014075 
801 111.794298 0.000000 -4.618042 99.588573 8.352192 11.963988 -0.013078 
802 111.794298 0.000000 -9.237660 99.765289 11.878245 7.334382 -0.014800 
803 116.513974 0.000000 -4.618042 99.593608 8.613255 11.901648 -0.013472 
804 109.434460 0.000000 2.311385 99.887279 0.418661 4.357082 0.000337 
805 109.434460 0.000000 0.001576 99.730959 1.815263 8.341594 -0.001914 
806 111.794298 0.000000 2.311385 99.882316 0.428761 4.515019 0.000295 
807 109.434460 0.000000 4.621194 100.007931 -10.662145 1.292370 -0.011694 
808 121.233650 0.000000 4.621194 99.818123 -65.348351 6.299456 -0.427375 
809 121.233650 0.000000 0.001576 99.708172 2.284673 9.068739 -0.002918 
810 125.953326 0.000000 4.621194 99.963330 20.424450 2.592205 -0.041655 
811 121.233650 0.000000 9.240812 100.110534 -9.523648 -1.170886 -0.011419 
812 114.154136 0.000000 2.311385 99.877218 0.445461 4.673978 0.000250 
813 114.154136 0.000000 0.001576 99.721891 1.996345 8.638304 -0.002306 
814 116.513974 0.000000 2.311385 99.872000 0.467907 4.833811 0.000200 
815 114.154136 0.000000 4.621194 100.000671 -13.862286 1.531520 -0.019464 
816 121.233650 0.000000 -4.618042 99.598842 8.867708 11.823974 -0.013837 
817 121.233650 0.000000 -9.237660 99.788471 11.856168 6.877736 -0.014561 
818 125.953326 0.000000 -4.618042 99.604326 9.114841 11.731521 -0.014173 
819 118.873812 0.000000 2.311385 99.866676 0.495421 4.994377 0.000146 
820 118.873812 0.000000 0.001576 99.712744 2.186358 8.927334 -0.002711 
821 121.233650 0.000000 2.311385 99.861260 0.527458 5.155543 0.000087 
822 118.873812 0.000000 4.621194 99.976690 -26.019085 2.193607 -0.067714 
823 144.832030 0.000000 9.240812 100.103596 -9.055443 -0.887181 -0.010352 
824 144.832030 0.000000 0.001576 99.664782 3.383176 10.346929 -0.005157 
825 154.271383 0.000000 9.240812 100.098063 -8.859903 -0.718783 -0.009864 
826 144.832030 0.000000 18.480048 99.982895 -8.680538 2.297731 -0.007721 
827 130.673002 0.000000 4.621194 99.977951 6.835351 2.245334 -0.004735 
828 130.673002 0.000000 0.001576 99.690141 2.699500 9.611475 -0.003779 
829 135.392678 0.000000 4.621194 99.972657 3.420197 2.407652 -0.001203 
830 130.673002 0.000000 9.240812 100.109053 -9.341102 -1.081702 -0.011025 
831 116.513974 0.000000 110.872407 99.946706 -0.187491 3.790075 -0.000374 
832 154.271383 0.000000 110.872407 99.939739 -0.344625 3.774188 -0.000231 
833 116.513974 0.000000 147.829350 99.943428 -0.208510 3.815706 -0.000329 
834 135.392678 0.000000 55.436991 99.939364 -0.521485 3.705686 -0.000188 
835 116.513974 0.000000 55.436991 99.943566 -0.500360 3.699891 -0.000266 
836 154.271383 0.000000 55.436991 99.935213 -0.798574 3.757033 -0.000180 
837 135.392678 0.000000 73.915463 99.942297 -0.229607 3.718771 -0.000234 
838 125.953326 0.000000 27.719283 99.921327 -3.555979 3.957128 -0.001258 
839 116.513974 0.000000 27.719283 99.921498 -3.436778 3.954233 -0.001175 
840 135.392678 0.000000 27.719283 99.921280 -3.679704 3.957644 -0.001347 
841 125.953326 0.000000 36.958519 99.929884 -1.623643 3.836381 -0.000334 
842 130.673002 0.000000 13.860430 100.069503 -10.418905 -0.010944 -0.012246 
843 125.953326 0.000000 13.860430 100.064753 -10.387809 0.094169 -0.012087 
844 135.392678 0.000000 13.860430 100.074098 -10.444054 -0.114313 -0.012392 
845 130.673002 0.000000 18.480048 99.972752 -8.343601 2.533350 -0.007058 
846 128.313164 0.000000 6.931003 100.063127 -8.186549 0.063134 -0.007965 
847 125.953326 0.000000 6.931003 100.065075 -8.226768 -0.000937 -0.008070 
848 128.313164 0.000000 4.621194 99.977106 10.796866 2.252703 -0.011707 
849 130.673002 0.000000 6.931003 100.061117 -8.149292 0.127842 -0.007865 
850 128.313164 0.000000 9.240812 100.109596 -9.387446 -1.107066 -0.011128 
851 144.832030 0.000000 -9.237660 99.839118 11.644642 5.783222 -0.013689 
852 144.832030 0.000000 -18.476896 100.020280 5.670728 1.049268 -0.003731 
853 154.271383 0.000000 -9.237660 99.857074 11.506046 5.371931 -0.013268 
854 140.112354 0.000000 4.621194 99.964728 1.971606 2.634492 -0.000377 
855 140.112354 0.000000 0.001576 99.672933 3.147478 10.113213 -0.004688 
856 144.832030 0.000000 4.621194 99.955668 1.232960 2.887623 -0.000099 
857 140.112354 0.000000 9.240812 100.105816 -9.151907 -0.959979 -0.010585 
858 133.032840 0.000000 6.931003 100.059049 -8.115784 0.193133 -0.007772 
859 133.032840 0.000000 4.621194 99.975861 4.715088 2.312606 -0.002275 
860 135.392678 0.000000 6.931003 100.056928 -8.086997 0.258966 -0.007686 
861 133.032840 0.000000 9.240812 100.108401 -9.294344 -1.054299 -0.010919 
862 144.832030 0.000000 27.719283 99.921342 -3.808156 3.955811 -0.001443 
863 154.271383 0.000000 27.719283 99.921508 -3.941521 3.951578 -0.001546 
864 144.832030 0.000000 36.958519 99.927866 -1.719276 3.854566 -0.000339 
865 140.112354 0.000000 13.860430 100.078536 -10.463149 -0.215520 -0.012524 
866 144.832030 0.000000 13.860430 100.082810 -10.476109 -0.314144 -0.012642 
867 140.112354 0.000000 18.480048 99.979448 -8.569259 2.379064 -0.007498 
868 137.752516 0.000000 6.931003 100.054758 -8.064141 0.325320 -0.007609 
869 137.752516 0.000000 4.621194 99.968877 2.565175 2.516708 -0.000669 
870 140.112354 0.000000 6.931003 100.052541 -8.048728 0.392195 -0.007545 
871 137.752516 0.000000 9.240812 100.106779 -9.199716 -0.993423 -0.010699 
872 149.551707 0.000000 4.621194 99.945856 0.826178 3.157748 0.000017 
873 149.551707 0.000000 0.001576 99.656997 3.626194 10.568302 -0.005636 
874 154.271383 0.000000 4.621194 99.935461 0.598640 3.440851 0.000071 
875 149.551707 0.000000 9.240812 100.101005 -8.958034 -0.806688 -0.010111 
876 142.472192 0.000000 6.931003 100.050278 -8.042652 0.459618 -0.007495 
877 142.472192 0.000000 4.621194 99.960307 1.545577 2.758566 -0.000206 
878 144.832030 0.000000 6.931003 100.047969 -8.048310 0.527648 -0.007465 
879 142.472192 0.000000 9.240812 100.104754 -9.103807 -0.924557 -0.010470 
880 149.551707 0.000000 13.860430 100.086915 -10.482872 -0.409765 -0.012745 
881 154.271383 0.000000 13.860430 100.090841 -10.483402 -0.501960 -0.012833 
882 149.551707 0.000000 18.480048 99.986416 -8.790532 2.213665 -0.007946 
883 147.191868 0.000000 6.931003 100.045612 -8.068759 0.596377 -0.007459 
884 147.191868 0.000000 4.621194 99.950843 1.000384 3.020866 -0.000030 
885 149.551707 0.000000 6.931003 100.043204 -8.107953 0.665940 -0.007482 
886 147.191868 0.000000 9.240812 100.102345 -9.006843 -0.847881 -0.010232 
887 151.911545 0.000000 6.931003 100.040738 -8.171073 0.736518 -0.007546 
888 151.911545 0.000000 4.621194 99.940723 0.695681 3.297855 0.000049 
889 154.271383 0.000000 6.931003 100.038208 -8.265043 0.808346 -0.007661 
890 151.911545 0.000000 9.240812 100.099576 -8.909044 -0.763642 -0.009988 
891 4.716646 0.000000 0.290302 102.054990 -0.645470 -5.102712 -0.044168 
892 5.011626 0.000000 0.290302 102.054990 -0.645470 -5.102712 -0.044168 
893 4.716646 0.000000 0.579028 102.054990 -0.645470 -5.102712 -0.044168 
894 4.274176 0.000000 0.145939 102.003240 -0.519436 -3.990562 -0.042086 
895 4.421666 0.000000 0.145939 102.034868 -0.580066 -4.464567 -0.043138 
896 4.274176 0.000000 0.290302 102.003240 -0.519436 -3.990562 -0.042086 
897 4.200431 0.000000 -0.070606 101.728113 -0.550634 -5.672068 -0.038108 
898 4.200431 0.000000 -0.142787 102.003240 -0.519436 -3.990562 -0.042086 
899 4.274176 0.000000 -0.070606 102.003240 -0.519436 -3.990562 -0.042086 
900 4.200431 0.000000 0.001576 101.728113 -0.550634 -5.672068 -0.038108 
901 4.200431 0.000000 0.073757 102.003240 -0.519436 -3.990562 -0.042086 
902 4.126686 0.000000 0.073757 101.878736 -0.553173 -5.253446 -0.040718 
903 4.274176 0.000000 0.073757 102.003240 -0.519436 -3.990562 -0.042086 
904 4.200431 0.000000 0.145939 102.003240 -0.519436 -3.990562 -0.042086 
905 4.163559 0.000000 -0.034515 101.636911 -0.578959 -6.689586 -0.037515 
906 4.126686 0.000000 -0.034515 101.636911 -0.578959 -6.689586 -0.037515 
907 4.163559 0.000000 -0.070606 101.728113 -0.550634 -5.672068 -0.038108 
908 4.200431 0.000000 -0.034515 101.728113 -0.550634 -5.672068 -0.038108 
909 4.163559 0.000000 0.001576 101.636911 -0.578959 -6.689586 -0.037515 
910 40.999156 0.000000 -110.869255 99.858192 0.024525 3.736351 0.001438 
911 3.241747 0.000000 -110.869255 99.845534 0.015682 3.788524 0.001652 
912 40.999156 0.000000 -147.826199 99.886703 0.068948 3.803854 0.000817 
913 78.756565 0.000000 -110.869255 99.882394 0.028922 3.708326 0.000975 
914 22.120451 0.000000 -55.433840 99.621641 0.284510 3.251673 0.006487 
915 3.241747 0.000000 -55.433840 99.574122 0.185651 3.487795 0.007280 
916 22.120451 0.000000 -73.912312 99.751735 0.098497 3.563982 0.003688 
917 40.999156 0.000000 -55.433840 99.726961 0.340868 3.114495 0.004472 
918 12.681099 0.000000 -27.716132 98.563363 2.418401 1.965762 0.027555 
919 3.241747 0.000000 -27.716132 98.433931 1.587402 2.718806 0.030085 
920 12.681099 0.000000 -36.955368 99.167276 0.962528 2.655264 0.015787 
921 22.120451 0.000000 -27.716132 99.039969 2.949219 1.542048 0.018001 
922 7.961423 0.000000 -13.857278 97.736185 7.269684 3.857668 0.037991 
923 3.241747 0.000000 -13.857278 97.183958 5.173012 3.612505 0.051547 
924 7.961423 0.000000 -18.476896 97.645779 5.136517 2.427984 0.043302 
925 12.681099 0.000000 -13.857278 98.295487 8.786471 4.698849 0.023872 
926 5.601585 0.000000 -6.927851 99.341344 6.466419 6.214455 0.005086 
927 3.241747 0.000000 -6.927851 98.150174 5.785159 5.719456 0.030036 
928 5.601585 0.000000 -9.237660 98.227322 6.991139 5.624342 0.027088 
929 7.961423 0.000000 -6.927851 100.489951 6.522843 7.199353 -0.019261 
930 4.421666 0.000000 -3.463138 98.844373 4.232788 4.257951 0.019374 
931 3.241747 0.000000 -3.463138 97.666366 4.111098 4.715277 0.042215 
932 4.421666 0.000000 -4.618042 98.967567 5.000493 5.298151 0.015235 
933 5.601585 0.000000 -3.463138 100.145037 4.132738 4.239215 -0.006408 
934 3.831707 0.000000 -1.730781 102.034868 -0.580066 -4.464567 -0.043138 
935 3.241747 0.000000 -1.730781 101.964246 -0.462310 -3.620401 -0.041003 
936 3.831707 0.000000 -2.308233 102.055115 -0.713221 -6.100492 -0.045297 
937 4.421666 0.000000 -1.730781 102.054990 -0.645470 -5.102712 -0.044168 
938 4.126686 0.000000 -0.864603 102.003240 -0.519436 -3.990562 -0.042086 
939 3.831707 0.000000 -0.864603 101.964246 -0.462310 -3.620401 -0.041003 
940 4.126686 0.000000 -1.153329 102.034868 -0.580066 -4.464567 -0.043138 
941 4.421666 0.000000 -0.864603 102.034868 -0.580066 -4.464567 -0.043138 
942 4.274176 0.000000 -0.431513 102.003240 -0.519436 -3.990562 -0.042086 
943 4.126686 0.000000 -0.431513 102.003240 -0.519436 -3.990562 -0.042086 
944 4.274176 0.000000 -0.575877 102.003240 -0.519436 -3.990562 -0.042086 
945 4.421666 0.000000 -0.431513 102.034868 -0.580066 -4.464567 -0.043138 
946 4.200431 0.000000 -0.214969 102.003240 -0.519436 -3.990562 -0.042086 
947 4.126686 0.000000 -0.214969 102.003240 -0.519436 -3.990562 -0.042086 
948 4.200431 0.000000 -0.287150 102.003240 -0.519436 -3.990562 -0.042086 
949 4.274176 0.000000 -0.214969 102.003240 -0.519436 -3.990562 -0.042086 
950 4.163559 0.000000 -0.106697 101.728113 -0.550634 -5.672068 -0.038108 
951 4.126686 0.000000 -0.106697 101.728113 -0.550634 -5.672068 -0.038108 
952 4.163559 0.000000 -0.142787 102.003240 -0.519436 -3.990562 -0.042086 
953 4.200431 0.000000 -0.106697 102.003240 -0.519436 -3.990562 -0.042086 
954 4.569156 0.000000 -0.142787 102.034868 -0.580066 -4.464567 -0.043138 
955 4.569156 0.000000 -0.287150 102.034868 -0.580066 -4.464567 -0.043138 
956 4.716646 0.000000 -0.142787 102.054990 -0.645470 -5.102712 -0.044168 
957 4.569156 0.000000 0.001576 102.034868 -0.580066 -4.464567 -0.043138 
958 4.347921 0.000000 -0.070606 102.034868 -0.580066 -4.464567 -0.043138 
959 4.347921 0.000000 -0.142787 102.034868 -0.580066 -4.464567 -0.043138 
960 4.421666 0.000000 -0.070606 102.034868 -0.580066 -4.464567 -0.043138 
961 4.347921 0.000000 0.001576 102.034868 -0.580066 -4.464567 -0.043138 
962 4.237304 0.000000 -0.034515 102.003240 -0.519436 -3.990562 -0.042086 
963 4.237304 0.000000 -0.070606 102.003240 -0.519436 -3.990562 -0.042086 
964 4.274176 0.000000 -0.034515 102.003240 -0.519436 -3.990562 -0.042086 
965 4.237304 0.000000 0.001576 102.003240 -0.519436 -3.990562 -0.042086 
966 4.181995 0.000000 -0.052560 101.728113 -0.550634 -5.672068 -0.038108 
967 4.163559 0.000000 -0.052560 101.728113 -0.550634 -5.672068 -0.038108 
968 4.181995 0.000000 -0.070606 101.728113 -0.550634 -5.672068 -0.038108 
969 4.200431 0.000000 -0.052560 101.728113 -0.550634 -5.672068 -0.038108 
970 4.181995 0.000000 -0.034515 101.728113 -0.550634 -5.672068 -0.038108 
971 4.237304 0.000000 -0.106697 102.003240 -0.519436 -3.990562 -0.042086 
972 4.237304 0.000000 -0.142787 102.003240 -0.519436 -3.990562 -0.042086 
973 4.274176 0.000000 -0.106697 102.003240 -0.519436 -3.990562 -0.042086 
974 4.218867 0.000000 -0.052560 101.728113 -0.550634 -5.672068 -0.038108 
975 4.218867 0.000000 -0.070606 102.003240 -0.519436 -3.990562 -0.042086 
976 4.237304 0.000000 -0.052560 102.003240 -0.519436 -3.990562 -0.042086 
977 4.218867 0.000000 -0.034515 101.728113 -0.550634 -5.672068 -0.038108 
978 4.052941 0.000000 0.073757 101.883460 -0.580848 -5.905418 -0.041545 
979 3.979196 0.000000 0.073757 101.859679 -0.527787 -5.444908 -0.040532 
980 4.052941 0.000000 0.145939 102.003240 -0.519436 -3.990562 -0.042086 
981 4.163559 0.000000 0.037666 101.728113 -0.550634 -5.672068 -0.038108 
982 4.126686 0.000000 0.037666 101.636911 -0.578959 -6.689586 -0.037515 
983 4.200431 0.000000 0.037666 102.003240 -0.519436 -3.990562 -0.042086 
984 4.163559 0.000000 0.073757 102.003240 -0.519436 -3.990562 -0.042086 
985 4.181995 0.000000 -0.016470 101.728113 -0.550634 -5.672068 -0.038108 
986 4.163559 0.000000 -0.016470 101.636911 -0.578959 -6.689586 -0.037515 
987 4.200431 0.000000 -0.016470 101.728113 -0.550634 -5.672068 -0.038108 
988 4.181995 0.000000 0.001576 101.728113 -0.550634 -5.672068 -0.038108 
989 4.191213 0.000000 -0.043538 101.728113 -0.550634 -5.672068 -0.038108 
990 4.181995 0.000000 -0.043538 101.728113 -0.550634 -5.672068 -0.038108 
991 4.191213 0.000000 -0.052560 101.728113 -0.550634 -5.672068 -0.038108 
992 4.200431 0.000000 -0.043538 101.728113 -0.550634 -5.672068 -0.038108 
993 4.191213 0.000000 -0.034515 101.728113 -0.550634 -5.672068 -0.038108 
994 4.569156 0.000000 0.145939 102.034868 -0.580066 -4.464567 -0.043138 
995 4.716646 0.000000 0.145939 102.054990 -0.645470 -5.102712 -0.044168 
996 4.569156 0.000000 0.290302 102.034868 -0.580066 -4.464567 -0.043138 
997 4.347921 0.000000 0.073757 102.034868 -0.580066 -4.464567 -0.043138 
998 4.421666 0.000000 0.073757 102.034868 -0.580066 -4.464567 -0.043138 
999 4.347921 0.000000 0.145939 102.034868 -0.580066 -4.464567 -0.043138 
1000 4.311049 0.000000 -0.034515 102.003240 -0.519436 -3.990562 -0.042086 
1001 4.311049 0.000000 -0.070606 102.003240 -0.519436 -3.990562 -0.042086 
1002 4.347921 0.000000 -0.034515 102.034868 -0.580066 -4.464567 -0.043138 
1003 4.311049 0.000000 0.001576 102.003240 -0.519436 -3.990562 -0.042086 
1004 4.495411 0.000000 -0.070606 102.034868 -0.580066 -4.464567 -0.043138 
1005 4.495411 0.000000 -0.142787 102.034868 -0.580066 -4.464567 -0.043138 
1006 4.569156 0.000000 -0.070606 102.034868 -0.580066 -4.464567 -0.043138 
1007 4.495411 0.000000 0.001576 102.034868 -0.580066 -4.464567 -0.043138 
1008 5.306605 0.000000 -0.287150 102.055115 -0.713221 -6.100492 -0.045297 
1009 5.306605 0.000000 -0.575877 102.055115 -0.713221 -6.100492 -0.045297 
1010 5.306605 0.000000 0.001576 102.055115 -0.713221 -6.100492 -0.045297 
1011 4.864136 0.000000 -0.142787 102.054990 -0.645470 -5.102712 -0.044168 
1012 4.864136 0.000000 -0.287150 102.054990 -0.645470 -5.102712 -0.044168 
1013 5.011626 0.000000 -0.142787 102.054990 -0.645470 -5.102712 -0.044168 
1014 4.864136 0.000000 0.001576 102.054990 -0.645470 -5.102712 -0.044168 
1015 4.642901 0.000000 -0.070606 102.034868 -0.580066 -4.464567 -0.043138 
1016 4.642901 0.000000 -0.142787 102.034868 -0.580066 -4.464567 -0.043138 
1017 4.716646 0.000000 -0.070606 102.034868 -0.580066 -4.464567 -0.043138 
1018 4.642901 0.000000 0.001576 102.034868 -0.580066 -4.464567 -0.043138 
1019 5.306605 0.000000 0.290302 102.055115 -0.713221 -6.100492 -0.045297 
1020 5.306605 0.000000 0.579028 102.055115 -0.713221 -6.100492 -0.045297 
1021 4.864136 0.000000 0.145939 102.054990 -0.645470 -5.102712 -0.044168 
1022 5.011626 0.000000 0.145939 102.054990 -0.645470 -5.102712 -0.044168 
1023 4.864136 0.000000 0.290302 102.054990 -0.645470 -5.102712 -0.044168 
1024 5.159115 0.000000 0.145939 102.055115 -0.713221 -6.100492 -0.045297 
1025 5.159115 0.000000 0.001576 102.055115 -0.713221 -6.100492 -0.045297 
1026 5.306605 0.000000 0.145939 102.055115 -0.713221 -6.100492 -0.045297 
1027 5.159115 0.000000 0.290302 102.055115 -0.713221 -6.100492 -0.045297 
1028 4.937881 0.000000 0.073757 102.054990 -0.645470 -5.102712 -0.044168 
1029 4.864136 0.000000 0.073757 102.054990 -0.645470 -5.102712 -0.044168 
1030 4.937881 0.000000 0.001576 102.054990 -0.645470 -5.102712 -0.044168 
1031 5.011626 0.000000 0.073757 102.054990 -0.645470 -5.102712 -0.044168 
1032 4.937881 0.000000 0.145939 102.054990 -0.645470 -5.102712 -0.044168 
1033 5.454095 0.000000 0.145939 102.055115 -0.713221 -6.100492 -0.045297 
1034 5.454095 0.000000 0.001576 102.055115 -0.713221 -6.100492 -0.045297 
1035 5.601585 0.000000 0.145939 102.016810 -0.776920 -7.696277 -0.046727 
1036 5.454095 0.000000 0.290302 102.055115 -0.713221 -6.100492 -0.045297 
1037 5.749075 0.000000 0.145939 102.016810 -0.776920 -7.696277 -0.046727 
1038 5.749075 0.000000 0.001576 102.016810 -0.776920 -7.696277 -0.046727 
1039 5.749075 0.000000 0.290302 102.016810 -0.776920 -7.696277 -0.046727 
1040 116.513974 0.000000 -110.869255 99.902358 0.140873 3.691049 0.000588 
1041 116.513974 0.000000 -147.826199 99.905120 0.173116 3.786541 0.000460 
1042 154.271383 0.000000 -110.869255 99.913314 0.271323 3.704053 0.000354 
1043 -34.515662 0.000000 -110.869255 99.857878 0.006665 3.840317 0.001366 
1044 -72.273071 0.000000 -110.869255 99.880450 0.001585 3.869059 0.000893 
1045 -34.515662 0.000000 -147.826199 99.886284 0.039212 3.849071 0.000791 
1046 59.877860 0.000000 -55.433840 99.814636 0.357329 3.069630 0.002749 
1047 59.877860 0.000000 -73.912312 99.834667 0.128713 3.456629 0.002107 
1048 78.756565 0.000000 -55.433840 99.869181 0.354343 3.069000 0.001660 
1049 -34.515662 0.000000 110.872407 99.973145 -0.020886 3.863119 -0.000955 
1050 -72.273071 0.000000 110.872407 99.957102 -0.011159 3.879291 -0.000647 
1051 -34.515662 0.000000 147.829350 99.956068 -0.092799 3.863055 -0.000615 
1052 -110.030480 0.000000 110.872407 99.944771 -0.047332 3.884002 -0.000404 
1053 -147.787889 0.000000 110.872407 99.936983 -0.032031 3.884508 -0.000249 
1054 -110.030480 0.000000 147.829350 99.942033 -0.047341 3.878812 -0.000346 
1055 -15.636957 0.000000 -55.433840 99.633785 0.090615 3.711117 0.005933 
1056 -34.515662 0.000000 -55.433840 99.732189 0.035769 3.833665 0.003879 
1057 -15.636957 0.000000 -73.912312 99.754373 0.040828 3.760486 0.003492 
1058 59.877860 0.000000 55.436991 99.984474 -0.426266 3.676334 -0.001059 
1059 78.756565 0.000000 55.436991 99.962782 -0.455369 3.684296 -0.000634 
1060 59.877860 0.000000 73.915463 99.982876 -0.187294 3.719001 -0.001044 
1061 31.559804 0.000000 -27.716132 99.370515 3.199783 1.309759 0.011355 
1062 31.559804 0.000000 -36.955368 99.495809 1.312138 2.181795 0.009410 
1063 40.999156 0.000000 -27.716132 99.602944 3.248778 1.229016 0.006719 
1064 -15.636957 0.000000 55.436991 100.076291 -0.117588 3.860287 -0.003018 
1065 -34.515662 0.000000 55.436991 100.027219 -0.060015 3.902070 -0.002067 
1066 -15.636957 0.000000 73.915463 100.027801 -0.067199 3.845865 -0.002036 
1067 -53.394366 0.000000 55.436991 99.987597 -0.031558 3.911976 -0.001282 
1068 -72.273071 0.000000 55.436991 99.963141 -0.018002 3.909503 -0.000791 
1069 -53.394366 0.000000 73.915463 99.982225 -0.025392 3.890383 -0.001158 
1070 -6.197605 0.000000 -27.716132 98.780246 0.838704 3.359061 0.023048 
1071 -15.636957 0.000000 -27.716132 99.149070 0.351212 3.725031 0.015546 
1072 -6.197605 0.000000 -36.955368 99.207168 0.410632 3.414157 0.014611 
1073 31.559804 0.000000 27.719283 100.001589 -2.406646 3.681426 -0.001966 
1074 40.999156 0.000000 27.719283 99.958332 -2.571199 3.759656 -0.001241 
1075 31.559804 0.000000 36.958519 100.047940 -1.112349 3.648736 -0.002414 
1076 17.400775 0.000000 -13.857278 98.478651 9.673520 5.337373 0.017989 
1077 17.400775 0.000000 -18.476896 98.325417 7.146887 2.181917 0.027627 
1078 22.120451 0.000000 -13.857278 98.567564 10.363390 5.505686 0.014672 
1079 -6.197605 0.000000 27.719283 100.343254 -0.661219 3.963035 -0.008491 
1080 -15.636957 0.000000 27.719283 100.199465 -0.302458 4.039696 -0.005634 
1081 -6.197605 0.000000 36.958519 100.213415 -0.371383 3.866664 -0.005782 
1082 -25.076310 0.000000 27.719283 100.089909 -0.155617 4.040791 -0.003434 
1083 -34.515662 0.000000 27.719283 100.024189 -0.085676 4.017768 -0.002099 
1084 -25.076310 0.000000 36.958519 100.089711 -0.132397 3.961314 -0.003366 
1085 -1.477929 0.000000 -13.857278 97.247356 3.320065 3.929391 0.051649 
1086 -6.197605 0.000000 -13.857278 97.775931 1.949812 4.209049 0.041835 
1087 -1.477929 0.000000 -18.476896 97.649218 2.497102 3.290002 0.044757 
1088 17.400775 0.000000 13.860430 100.383271 -7.518286 1.522817 -0.013564 
1089 22.120451 0.000000 13.860430 100.077986 -8.133961 1.484446 -0.008397 
1090 17.400775 0.000000 18.480048 100.322662 -4.888904 2.907470 -0.009699 
1091 10.321261 0.000000 -6.927851 101.095113 6.030136 8.378881 -0.032679 
1092 10.321261 0.000000 -9.237660 99.651737 7.812260 7.506674 -0.004785 
1093 12.681099 0.000000 -6.927851 100.796597 5.244213 9.149882 -0.027118 
1094 -1.477929 0.000000 13.860430 101.348285 -2.064568 4.171249 -0.029314 
1095 -6.197605 0.000000 13.860430 100.855685 -1.208472 4.591684 -0.019441 
1096 -1.477929 0.000000 18.480048 100.898726 -1.647308 4.060885 -0.019976 
1097 -10.917281 0.000000 13.860430 100.474591 -0.673351 4.630858 -0.011704 
1098 -15.636957 0.000000 13.860430 100.237762 -0.389127 4.543685 -0.006841 
1099 -10.917281 0.000000 18.480048 100.466358 -0.648928 4.367900 -0.011299 
1100 0.881909 0.000000 -6.927851 97.213446 4.570093 5.757318 0.049551 
1101 -1.477929 0.000000 -6.927851 97.211905 3.453490 5.797154 0.050431 
1102 0.881909 0.000000 -9.237660 97.147056 4.800479 5.053324 0.051387 
1103 5.601585 0.000000 6.931003 103.708284 -6.240804 1.314977 -0.079608 
1104 3.241747 0.000000 6.931003 103.775027 -4.675153 2.674116 -0.079826 
1105 5.601585 0.000000 9.240812 102.961729 -5.508699 1.908817 -0.063511 
1106 6.781504 0.000000 -3.463138 101.268170 3.795156 4.552987 -0.029038 
1107 6.781504 0.000000 -4.618042 100.864659 4.816230 5.745495 -0.022989 
1108 7.961423 0.000000 -3.463138 102.014596 3.311970 5.012973 -0.044308 
1109 0.881909 0.000000 6.931003 103.540112 -3.105702 4.095804 -0.074698 
1110 -1.477929 0.000000 6.931003 102.568925 -1.973470 5.057359 -0.054986 
1111 0.881909 0.000000 9.240812 102.593036 -3.077091 3.908013 -0.055007 
1112 -3.837767 0.000000 6.931003 101.663068 -1.272337 5.360790 -0.036574 
1113 -6.197605 0.000000 6.931003 101.019954 -0.775614 5.383928 -0.023462 
1114 -3.837767 0.000000 9.240812 101.505565 -1.443808 4.885486 -0.032933 
1115 2.061828 0.000000 -3.463138 96.904569 3.805171 5.477019 0.056503 
1116 0.881909 0.000000 -3.463138 96.695205 3.390280 6.317515 0.059863 
1117 2.061828 0.000000 -4.618042 97.484281 4.414150 5.766913 0.044407 
1118 6.781504 0.000000 3.466289 104.995248 -7.165632 -0.227583 -0.107540 
1119 5.601585 0.000000 3.466289 105.654440 -6.320588 0.178946 -0.120284 
1120 6.781504 0.000000 4.621194 104.593204 -7.242517 0.060032 -0.099220 
1121 4.421666 0.000000 3.466289 106.278229 -5.364787 0.941905 -0.132473 
1122 3.241747 0.000000 3.466289 106.598588 -4.382198 2.111822 -0.138692 
1123 4.421666 0.000000 4.621194 105.359565 -5.510530 1.435039 -0.113306 
1124 5.011626 0.000000 -1.730781 102.016810 -0.776920 -7.696277 -0.046727 
1125 5.011626 0.000000 -2.308233 101.624981 -0.863743 -12.581703 -0.048668 
1126 5.601585 0.000000 -1.730781 101.624981 -0.863743 -12.581703 -0.048668 
1127 2.061828 0.000000 3.466289 106.410144 -3.421514 3.505352 -0.134711 
1128 0.881909 0.000000 3.466289 105.678641 -2.554575 4.868459 -0.119820 
1129 2.061828 0.000000 4.621194 105.212728 -3.702635 3.474434 -0.109550 
1130 -0.298010 0.000000 3.466289 104.505442 -1.839931 5.894240 -0.095951 
1131 -1.477929 0.000000 3.466289 103.378475 -1.231357 6.597437 -0.073215 
1132 -0.298010 0.000000 4.621194 103.843475 -2.215031 5.221320 -0.081564 
1133 2.651788 0.000000 -1.730781 102.193967 -0.226546 -1.015485 -0.044469 
1134 2.061828 0.000000 -1.730781 102.431216 -0.075496 2.281732 -0.049737 
1135 2.651788 0.000000 -2.308233 102.158112 -0.232920 1.500343 -0.043859 
1136 3.536727 0.000000 -0.864603 101.921370 -0.410093 -3.325547 -0.039919 
1137 3.241747 0.000000 -0.864603 101.920652 -0.320876 -3.013613 -0.039700 
1138 3.536727 0.000000 -1.153329 101.964246 -0.462310 -3.620401 -0.041003 
1139 97.635269 0.000000 -55.433840 99.900522 0.344074 3.084428 0.001025 
1140 97.635269 0.000000 -73.912312 99.890621 0.130398 3.444138 0.000998 
1141 116.513974 0.000000 -55.433840 99.918511 0.331484 3.104729 0.000654 
1142 135.392678 0.000000 -55.433840 99.929080 0.318424 3.125959 0.000431 
1143 135.392678 0.000000 -73.912312 99.915435 0.124038 3.457782 0.000493 
1144 154.271383 0.000000 -55.433840 99.935457 0.305579 3.146802 0.000291 
1145 50.438508 0.000000 -27.716132 99.751123 3.203905 1.218002 0.003796 
1146 50.438508 0.000000 -36.955368 99.744098 1.369613 2.080738 0.004491 
1147 59.877860 0.000000 -27.716132 99.840061 3.126246 1.236506 0.002066 
1148 69.317213 0.000000 -27.716132 99.896779 3.032951 1.268217 0.000983 
1149 69.317213 0.000000 -36.955368 99.865741 1.325692 2.107128 0.002064 
1150 78.756565 0.000000 -27.716132 99.932482 2.935893 1.304537 0.000318 
1151 26.840128 0.000000 -13.857278 98.754388 10.847077 5.425993 0.010047 
1152 26.840128 0.000000 -18.476896 98.890138 8.025411 1.976613 0.015243 
1153 31.559804 0.000000 -13.857278 98.990252 11.112996 5.262263 0.004974 
1154 36.279480 0.000000 -13.857278 99.246280 11.214170 5.192964 -0.000255 
1155 36.279480 0.000000 -18.476896 99.392826 8.177591 1.853355 0.005076 
1156 40.999156 0.000000 -13.857278 99.407975 11.241351 5.001946 -0.003333 
1157 15.040937 0.000000 -6.927851 100.301885 4.774768 9.923458 -0.018174 
1158 15.040937 0.000000 -9.237660 99.607892 7.676615 9.379680 -0.006864 
1159 17.400775 0.000000 -6.927851 99.698785 4.831378 10.525179 -0.007397 
1160 19.760613 0.000000 -6.927851 99.127842 4.993945 10.892406 0.003009 
1161 19.760613 0.000000 -9.237660 98.847454 8.171422 10.396121 0.005433 
1162 22.120451 0.000000 -6.927851 98.817519 5.347025 11.132357 0.008258 
1163 9.141342 0.000000 -3.463138 102.411264 2.733417 5.472903 -0.052549 
1164 9.141342 0.000000 -4.618042 101.958075 3.962688 6.709981 -0.045618 
1165 10.321261 0.000000 -3.463138 102.510006 2.132563 5.874213 -0.054736 
1166 11.501180 0.000000 -3.463138 102.375467 1.573857 6.203616 -0.052170 
1167 11.501180 0.000000 -4.618042 102.044662 2.873832 7.596404 -0.047908 
1168 12.681099 0.000000 -3.463138 102.074453 1.105126 6.469716 -0.046227 
1169 6.191545 0.000000 -1.730781 99.805262 -0.876576 -20.184706 -0.036928 
1170 6.191545 0.000000 -2.308233 101.132845 3.063977 2.637527 -0.024420 
1171 6.781504 0.000000 -1.730781 102.065482 2.394570 2.006728 -0.042712 
1172 7.371464 0.000000 -1.730781 102.485918 2.079160 2.367256 -0.051329 
1173 7.371464 0.000000 -2.308233 102.183603 2.520632 3.205471 -0.045812 
1174 7.961423 0.000000 -1.730781 102.764527 1.749091 2.682762 -0.057080 
1175 4.716646 0.000000 -0.864603 102.054990 -0.645470 -5.102712 -0.044168 
1176 4.716646 0.000000 -1.153329 102.054990 -0.645470 -5.102712 -0.044168 
1177 5.011626 0.000000 -0.864603 102.055115 -0.713221 -6.100492 -0.045297 
1178 5.306605 0.000000 -0.864603 102.055115 -0.713221 -6.100492 -0.045297 
1179 5.306605 0.000000 -1.153329 102.016810 -0.776920 -7.696277 -0.046727 
1180 5.601585 0.000000 -0.864603 102.016810 -0.776920 -7.696277 -0.046727 
1181 3.979196 0.000000 -0.431513 101.964246 -0.462310 -3.620401 -0.041003 
1182 3.831707 0.000000 -0.431513 101.964246 -0.462310 -3.620401 -0.041003 
1183 3.979196 0.000000 -0.575877 102.003240 -0.519436 -3.990562 -0.042086 
1184 2.946767 0.000000 0.290302 102.241132 -0.258616 -0.519908 -0.045359 
1185 2.946767 0.000000 0.001576 102.241132 -0.258616 -0.519908 -0.045359 
1186 2.946767 0.000000 0.579028 102.193967 -0.226546 -1.015485 -0.044469 
1187 -2.657848 0.000000 3.466289 102.310825 -0.845423 6.671052 -0.051272 
1188 -3.837767 0.000000 3.466289 101.495491 -0.548088 6.555212 -0.034461 
1189 -2.657848 0.000000 4.621194 102.337538 -1.167880 6.085094 -0.051136 
1190 2.946767 0.000000 -0.287150 102.205861 -0.236671 -0.716803 -0.044661 
1191 2.651788 0.000000 -0.287150 102.204076 -0.238155 -0.516629 -0.044600 
1192 2.946767 0.000000 -0.575877 102.193967 -0.226546 -1.015485 -0.044469 
1193 2.356808 0.000000 -0.287150 102.192776 -0.228713 -0.785967 -0.044403 
1194 2.061828 0.000000 -0.287150 102.178428 -0.220397 -0.693571 -0.044096 
1195 2.356808 0.000000 -0.575877 102.193967 -0.226546 -1.015485 -0.044469 
1196 -0.592990 0.000000 -0.287150 102.332945 0.192378 3.071742 -0.048150 
1197 -0.887970 0.000000 -0.287150 102.398524 0.227980 3.419049 -0.049720 
1198 -0.592990 0.000000 -0.575877 102.332945 0.192378 3.071742 -0.048150 
1199 -0.150520 0.000000 -0.142787 102.301964 0.151979 2.939520 -0.047436 
1200 -0.298010 0.000000 -0.142787 102.332945 0.192378 3.071742 -0.048150 
1201 -0.150520 0.000000 -0.287150 102.301964 0.151979 2.939520 -0.047436 
1202 0.439439 0.000000 0.145939 102.158506 0.113782 2.480466 -0.044253 
1203 0.586929 0.000000 0.145939 102.229757 0.106141 2.722309 -0.045835 
1204 0.439439 0.000000 0.290302 102.300262 0.103679 2.992990 -0.047431 
1205 97.635269 0.000000 55.436991 99.950579 -0.478839 3.692754 -0.000398 
1206 97.635269 0.000000 73.915463 99.954622 -0.212482 3.715823 -0.000478 
1207 50.438508 0.000000 27.719283 99.940023 -2.690304 3.819112 -0.000983 
1208 59.877860 0.000000 27.719283 99.931075 -2.795647 3.861599 -0.000895 
1209 50.438508 0.000000 36.958519 99.977186 -1.268043 3.709529 -0.001081 
1210 26.840128 0.000000 13.860430 99.942837 -8.504192 1.541283 -0.006327 
1211 31.559804 0.000000 13.860430 99.906255 -8.728176 1.597387 -0.005999 
1212 26.840128 0.000000 18.480048 100.015446 -5.675238 3.017108 -0.004440 
1213 15.040937 0.000000 6.931003 101.321530 -9.738828 -1.900837 -0.036451 
1214 17.400775 0.000000 6.931003 100.730225 -10.093974 -2.060201 -0.025271 
1215 15.040937 0.000000 9.240812 101.021543 -9.293989 -0.892056 -0.029253 
1216 11.501180 0.000000 3.466289 102.814368 -9.194069 -0.912004 -0.065616 
1217 12.681099 0.000000 3.466289 102.316076 -9.362926 -1.038277 -0.055732 
1218 11.501180 0.000000 4.621194 102.643868 -9.313829 -1.229837 -0.062402 
1219 4.052941 0.000000 -0.214969 102.003240 -0.519436 -3.990562 -0.042086 
1220 3.979196 0.000000 -0.214969 101.964246 -0.462310 -3.620401 -0.041003 
1221 4.052941 0.000000 -0.287150 102.003240 -0.519436 -3.990562 -0.042086 
1222 4.569156 0.000000 -0.431513 102.034868 -0.580066 -4.464567 -0.043138 
1223 4.569156 0.000000 -0.575877 102.034868 -0.580066 -4.464567 -0.043138 
1224 4.716646 0.000000 -0.431513 102.054990 -0.645470 -5.102712 -0.044168 
1225 4.864136 0.000000 -0.431513 102.054990 -0.645470 -5.102712 -0.044168 
1226 4.864136 0.000000 -0.575877 102.054990 -0.645470 -5.102712 -0.044168 
1227 5.011626 0.000000 -0.431513 102.054990 -0.645470 -5.102712 -0.044168 
1228 4.347921 0.000000 -0.214969 102.034868 -0.580066 -4.464567 -0.043138 
1229 4.347921 0.000000 -0.287150 102.034868 -0.580066 -4.464567 -0.043138 
1230 4.421666 0.000000 -0.214969 102.034868 -0.580066 -4.464567 -0.043138 
1231 5.896565 0.000000 -0.864603 101.896482 -0.829269 -9.924474 -0.048208 
1232 5.896565 0.000000 -1.153329 101.896482 -0.829269 -9.924474 -0.048208 
1233 6.191545 0.000000 -0.864603 101.624981 -0.863743 -12.581703 -0.048668 
1234 6.486524 0.000000 -0.864603 101.165890 -0.881094 -15.303426 -0.046951 
1235 6.486524 0.000000 -1.153329 100.544909 -0.882244 -17.832200 -0.042804 
1236 6.781504 0.000000 -0.864603 99.805262 -0.876576 -20.184706 -0.036928 
1237 8.551383 0.000000 1.733932 104.076453 -8.057910 0.011623 -0.089684 
1238 7.961423 0.000000 1.733932 104.307992 -7.732999 -0.139687 -0.093998 
1239 8.551383 0.000000 2.311385 104.161363 -8.028687 -0.264027 -0.091412 
1240 6.339034 0.000000 0.145939 101.624981 -0.863743 -12.581703 -0.048668 
1241 6.339034 0.000000 0.001576 101.624981 -0.863743 -12.581703 -0.048668 
1242 6.339034 0.000000 0.290302 101.624981 -0.863743 -12.581703 -0.048668 
1243 8.551383 0.000000 -1.730781 102.930231 1.421452 2.945386 -0.060533 
1244 8.551383 0.000000 -2.308233 102.701722 1.905799 3.726223 -0.056516 
1245 9.141342 0.000000 -1.730781 103.010081 1.100641 3.160475 -0.062228 
1246 9.731302 0.000000 -1.730781 103.018021 0.792612 3.334312 -0.062446 
1247 9.731302 0.000000 -2.308233 102.857675 1.281208 4.126096 -0.059837 
1248 10.321261 0.000000 -1.730781 102.965713 0.505095 3.476008 -0.061428 
1249 7.076484 0.000000 -0.287150 103.586400 4.655147 0.574296 -0.075214 
1250 7.076484 0.000000 -0.575877 103.224998 2.754934 0.712656 -0.066350 
1251 8.846362 0.000000 0.867754 103.729667 -10.265222 1.210968 -0.086668 
1252 8.551383 0.000000 0.867754 103.773403 -10.019662 1.063033 -0.087044 
1253 8.846362 0.000000 1.156480 103.831691 -8.899794 0.599835 -0.086059 
1254 8.256403 0.000000 0.867754 103.813970 -9.753061 0.865163 -0.087321 
1255 7.961423 0.000000 0.867754 103.871057 -9.470584 0.627078 -0.087928 
1256 8.256403 0.000000 1.156480 103.983325 -8.523760 0.372677 -0.088533 
1257 8.256403 0.000000 -0.287150 103.578464 3.136260 1.773593 -0.074148 
1258 8.256403 0.000000 -0.575877 103.422221 1.786917 1.645677 -0.070206 
1259 8.551383 0.000000 -0.287150 103.535219 2.817701 1.916003 -0.073115 
1260 13.861018 0.000000 3.466289 101.974703 -9.374263 -1.502670 -0.048897 
1261 15.040937 0.000000 3.466289 101.525932 -9.363798 -1.582055 -0.039770 
1262 13.861018 0.000000 4.621194 101.900815 -9.561291 -1.909092 -0.047884 
1263 10.911221 0.000000 1.733932 103.170221 -8.977468 0.219376 -0.072474 
1264 11.501180 0.000000 1.733932 102.933952 -9.123681 0.199470 -0.067868 
1265 10.911221 0.000000 2.311385 103.159574 -8.895599 -0.228085 -0.072108 
1266 10.026281 0.000000 0.867754 103.443741 -11.099790 1.533735 -0.082617 
1267 10.321261 0.000000 0.867754 103.346741 -11.273226 1.589076 -0.081016 
1268 10.026281 0.000000 1.156480 103.484774 -9.522476 0.815477 -0.080044 
1269 13.861018 0.000000 -3.463138 101.543530 0.709096 6.326891 -0.035162 
1270 13.861018 0.000000 -4.618042 101.283307 1.958445 7.893221 -0.032445 
1271 15.040937 0.000000 -3.463138 101.105961 0.481788 6.508182 -0.026500 
1272 16.220856 0.000000 -3.463138 100.672700 0.361217 6.671623 -0.017963 
1273 16.220856 0.000000 -4.618042 100.476143 1.560643 8.338345 -0.016742 
1274 17.400775 0.000000 -3.463138 100.261493 0.346018 6.823137 -0.009904 
1275 10.911221 0.000000 -1.730781 102.865922 0.245747 3.593080 -0.059437 
1276 10.911221 0.000000 -2.308233 102.751031 0.710588 4.419218 -0.057781 
1277 11.501180 0.000000 -1.730781 102.722008 0.013028 3.688300 -0.056541 
1278 12.091140 0.000000 -1.730781 102.546164 -0.178959 3.768603 -0.052995 
1279 12.091140 0.000000 -2.308233 102.464089 0.241789 4.636228 -0.052044 
1280 12.681099 0.000000 -1.730781 102.345069 -0.347985 3.835556 -0.048935 
1281 11.206200 0.000000 0.290302 102.500485 16.054024 20.686808 -0.119203 
1282 11.206200 0.000000 0.001576 102.928858 4.083658 3.148605 -0.062094 
1283 11.206200 0.000000 0.579028 102.982251 -18.466567 5.872284 -0.098084 
1284 10.616241 0.000000 0.867754 103.250842 -11.447110 1.629224 -0.079443 
1285 10.911221 0.000000 0.867754 103.150831 -11.609677 1.659545 -0.077763 
1286 10.616241 0.000000 1.156480 103.274050 -9.761246 0.869267 -0.076157 
1287 13.271059 0.000000 -1.730781 102.126008 -0.484783 3.894119 -0.044512 
1288 13.271059 0.000000 -2.308233 102.062682 -0.099620 4.801360 -0.043985 
1289 13.861018 0.000000 -1.730781 101.895182 -0.590530 3.947211 -0.039856 
1290 14.450978 0.000000 -1.730781 101.592892 -0.693767 3.615798 -0.033467 
1291 14.450978 0.000000 -2.308233 101.516888 -0.361868 4.561701 -0.032662 
1292 15.040937 0.000000 -1.730781 101.358048 -0.742840 3.665753 -0.028744 
1293 14.155998 0.000000 0.290302 101.470698 14.953837 8.117915 -0.058582 
1294 14.155998 0.000000 0.001576 101.768799 2.802127 2.329440 -0.037017 
1295 14.155998 0.000000 0.579028 101.950614 -24.635742 7.431440 -0.105607 
1296 24.480290 0.000000 -2.308233 99.204215 0.246723 5.772023 0.012515 
1297 24.480290 0.000000 -4.618042 98.934184 2.433857 9.436005 0.011707 
1298 26.840128 0.000000 -2.308233 99.124040 0.488829 6.052161 0.013756 
1299 18.580694 0.000000 -3.463138 99.951485 0.489513 7.057978 -0.004035 
1300 18.580694 0.000000 -4.618042 99.784670 1.695018 8.765412 -0.003669 
1301 19.760613 0.000000 -3.463138 99.608882 0.571245 7.191977 0.002602 
1302 20.940532 0.000000 -1.153329 99.674942 -0.540279 3.317859 0.005361 
1303 20.940532 0.000000 -2.308233 99.530208 -0.151221 5.351731 0.006507 
1304 22.120451 0.000000 -1.153329 99.499347 -0.427588 3.464332 0.008770 
1305 15.630897 0.000000 -1.730781 101.125849 -0.769328 3.717185 -0.024085 
1306 15.630897 0.000000 -2.308233 101.054432 -0.474711 4.689058 -0.023421 
1307 16.220856 0.000000 -1.730781 100.900414 -0.776553 3.770443 -0.019571 
1308 16.810816 0.000000 -1.730781 100.692572 -0.760181 3.833467 -0.015427 
1309 16.810816 0.000000 -2.308233 100.622966 -0.505033 4.815836 -0.014843 
1310 17.400775 0.000000 -1.730781 100.497631 -0.744140 3.889505 -0.011546 
1311 15.925877 0.000000 0.290302 100.945447 11.293209 3.174211 -0.032760 
1312 15.925877 0.000000 0.001576 101.100793 2.258326 1.518506 -0.022878 
1313 15.925877 0.000000 0.579028 101.221057 -35.436395 9.635218 -0.159428 
1314 17.990735 0.000000 -1.730781 100.349711 -0.697429 3.946593 -0.008613 
1315 17.990735 0.000000 -2.308233 100.279473 -0.440401 4.950615 -0.008068 
1316 18.580694 0.000000 -1.730781 100.174234 -0.650431 4.024247 -0.005149 
1317 19.170654 0.000000 -0.575877 100.142566 -0.410681 2.214586 -0.003361 
1318 19.170654 0.000000 -1.153329 100.083191 -0.682154 3.152038 -0.002705 
1319 19.760613 0.000000 -0.575877 99.965988 -0.389568 2.248232 0.000160 
1320 17.695755 0.000000 0.290302 100.518296 7.840451 1.421329 -0.016742 
1321 17.695755 0.000000 0.001576 100.570695 1.775662 1.315707 -0.011935 
1322 17.695755 0.000000 0.579028 99.959414 -91.683522 35.194362 -0.963640 
1323 45.718832 0.000000 -13.857278 99.525259 11.218957 4.819761 -0.005437 
1324 45.718832 0.000000 -18.476896 99.642547 8.071888 1.693904 0.000334 
1325 50.438508 0.000000 -13.857278 99.613720 11.164756 4.643291 -0.006911 
1326 55.158184 0.000000 -13.857278 99.680826 11.090585 4.471688 -0.007926 
1327 55.158184 0.000000 -18.476896 99.780566 7.872033 1.576460 -0.002062 
1328 59.877860 0.000000 -13.857278 99.731900 11.002598 4.303630 -0.008603 
1329 107.074622 0.000000 27.719283 99.921820 -3.321866 3.948818 -0.001100 
1330 97.635269 0.000000 27.719283 99.922348 -3.210960 3.940583 -0.001031 
1331 107.074622 0.000000 36.958519 99.933076 -1.533764 3.815747 -0.000353 
1332 88.195917 0.000000 27.719283 99.923184 -3.103688 3.928987 -0.000971 
1333 78.756565 0.000000 27.719283 99.924537 -2.999500 3.913116 -0.000922 
1334 88.195917 0.000000 36.958519 99.938788 -1.448041 3.790612 -0.000423 
1335 57.518022 0.000000 2.311385 99.875924 -18.775972 1.674430 -0.033054 
1336 57.518022 0.000000 0.001576 99.743437 0.463490 4.755425 0.002842 
1337 57.518022 0.000000 4.621194 99.968305 -8.397829 -0.357065 -0.006431 
1338 88.195917 0.000000 -27.716132 99.955525 2.839147 1.342410 -0.000097 
1339 88.195917 0.000000 -36.955368 99.920695 1.259344 2.162208 0.000959 
1340 97.635269 0.000000 -27.716132 99.970733 2.744461 1.380623 -0.000359 
1341 107.074622 0.000000 -27.716132 99.980948 2.652590 1.418704 -0.000524 
1342 107.074622 0.000000 -36.955368 99.946734 1.190682 2.220992 0.000430 
1343 116.513974 0.000000 -27.716132 99.987885 2.563835 1.456478 -0.000627 
1344 64.597536 0.000000 -13.857278 99.772766 10.906817 4.140597 -0.009071 
1345 64.597536 0.000000 -18.476896 99.868587 7.632784 1.475402 -0.003417 
1346 69.317213 0.000000 -13.857278 99.805072 10.802234 3.982144 -0.009360 
1347 74.036889 0.000000 -13.857278 99.831302 10.691964 3.828009 -0.009526 
1348 74.036889 0.000000 -18.476896 99.919613 7.387856 1.390915 -0.004044 
1349 78.756565 0.000000 -13.857278 99.852970 10.577027 3.678330 -0.009602 
1350 83.476241 0.000000 -13.857278 99.871175 10.458202 3.533233 -0.009611 
1351 83.476241 0.000000 -18.476896 99.952193 7.142431 1.317135 -0.004319 
1352 88.195917 0.000000 -13.857278 99.886704 10.336094 3.392825 -0.009570 
1353 92.915593 0.000000 -13.857278 99.900135 10.211195 3.257183 -0.009491 
1354 92.915593 0.000000 -18.476896 99.973977 6.900137 1.253047 -0.004398 
1355 97.635269 0.000000 -13.857278 99.911893 10.083920 3.126358 -0.009385 
1356 125.953326 0.000000 -27.716132 99.992613 2.478285 1.493887 -0.000690 
1357 125.953326 0.000000 -36.955368 99.959728 1.124652 2.278045 0.000160 
1358 135.392678 0.000000 -27.716132 99.995814 2.395926 1.530916 -0.000725 
1359 144.832030 0.000000 -27.716132 99.997937 2.316691 1.567563 -0.000741 
1360 144.832030 0.000000 -36.955368 99.966393 1.062437 2.332394 0.000015 
1361 154.271383 0.000000 -27.716132 99.999283 2.240488 1.603825 -0.000745 
1362 102.354945 0.000000 -13.857278 99.922297 9.954632 3.000375 -0.009256 
1363 102.354945 0.000000 -18.476896 99.989122 6.662688 1.198054 -0.004365 
1364 107.074622 0.000000 -13.857278 99.931588 9.823653 2.879236 -0.009112 
1365 111.794298 0.000000 -13.857278 99.939952 9.691277 2.762924 -0.008955 
1366 111.794298 0.000000 -18.476896 99.999989 6.430980 1.151643 -0.004268 
1367 116.513974 0.000000 -13.857278 99.947533 9.557772 2.651405 -0.008789 
1368 121.233650 0.000000 13.860430 100.059845 -10.350890 0.200614 -0.011915 
1369 116.513974 0.000000 13.860430 100.054774 -10.308291 0.307980 -0.011731 
1370 121.233650 0.000000 18.480048 99.966280 -8.114982 2.676208 -0.006627 
1371 121.233650 0.000000 -13.857278 99.954444 9.423383 2.544629 -0.008617 
1372 121.233650 0.000000 -18.476896 100.007975 6.205514 1.113302 -0.004134 
1373 125.953326 0.000000 -13.857278 99.960773 9.288339 2.442533 -0.008440 
1374 130.673002 0.000000 -4.618042 99.610093 9.353981 11.624885 -0.014481 
1375 130.673002 0.000000 -9.237660 99.809825 11.796754 6.430204 -0.014251 
1376 135.392678 0.000000 -4.618042 99.616164 9.584499 11.504705 -0.014760 
1377 140.112354 0.000000 -4.618042 99.622550 9.805811 11.371656 -0.015012 
1378 140.112354 0.000000 -9.237660 99.829685 11.703198 5.995168 -0.013887 
1379 144.832030 0.000000 -4.618042 99.629253 10.017381 11.226447 -0.015237 
1380 4.237304 0.000000 0.037666 102.003240 -0.519436 -3.990562 -0.042086 
1381 4.274176 0.000000 0.037666 102.003240 -0.519436 -3.990562 -0.042086 
1382 4.237304 0.000000 0.073757 102.003240 -0.519436 -3.990562 -0.042086 
1383 4.495411 0.000000 -0.214969 102.034868 -0.580066 -4.464567 -0.043138 
1384 4.495411 0.000000 -0.287150 102.034868 -0.580066 -4.464567 -0.043138 
1385 4.569156 0.000000 -0.214969 102.034868 -0.580066 -4.464567 -0.043138 
1386 4.642901 0.000000 -0.214969 102.034868 -0.580066 -4.464567 -0.043138 
1387 4.642901 0.000000 -0.287150 102.034868 -0.580066 -4.464567 -0.043138 
1388 4.716646 0.000000 -0.214969 102.054990 -0.645470 -5.102712 -0.044168 
1389 4.311049 0.000000 -0.106697 102.003240 -0.519436 -3.990562 -0.042086 
1390 4.311049 0.000000 -0.142787 102.003240 -0.519436 -3.990562 -0.042086 
1391 4.347921 0.000000 -0.106697 102.034868 -0.580066 -4.464567 -0.043138 
1392 4.218867 0.000000 -0.016470 101.728113 -0.550634 -5.672068 -0.038108 
1393 4.237304 0.000000 -0.016470 102.003240 -0.519436 -3.990562 -0.042086 
1394 4.218867 0.000000 0.001576 101.728113 -0.550634 -5.672068 -0.038108 
1395 4.495411 0.000000 0.073757 102.034868 -0.580066 -4.464567 -0.043138 
1396 4.569156 0.000000 0.073757 102.034868 -0.580066 -4.464567 -0.043138 
1397 4.495411 0.000000 0.145939 102.034868 -0.580066 -4.464567 -0.043138 
1398 4.642901 0.000000 0.073757 102.034868 -0.580066 -4.464567 -0.043138 
1399 4.716646 0.000000 0.073757 102.034868 -0.580066 -4.464567 -0.043138 
1400 4.642901 0.000000 0.145939 102.034868 -0.580066 -4.464567 -0.043138 
1401 4.311049 0.000000 0.037666 102.003240 -0.519436 -3.990562 -0.042086 
1402 4.347921 0.000000 0.037666 102.034868 -0.580066 -4.464567 -0.043138 
1403 4.311049 0.000000 0.073757 102.003240 -0.519436 -3.990562 -0.042086 
1404 5.159115 0.000000 -0.142787 102.055115 -0.713221 -6.100492 -0.045297 
1405 5.159115 0.000000 -0.287150 102.055115 -0.713221 -6.100492 -0.045297 
1406 5.306605 0.000000 -0.142787 102.055115 -0.713221 -6.100492 -0.045297 
1407 4.790391 0.000000 0.073757 102.054990 -0.645470 -5.102712 -0.044168 
1408 4.790391 0.000000 0.001576 102.054990 -0.645470 -5.102712 -0.044168 
1409 4.790391 0.000000 0.145939 102.054990 -0.645470 -5.102712 -0.044168 
1410 -110.030480 0.000000 -110.869255 99.898211 0.037335 3.879778 0.000529 
1411 -147.787889 0.000000 -110.869255 99.908717 0.024578 3.882516 0.000317 
1412 -110.030480 0.000000 -147.826199 99.903548 0.038894 3.875521 0.000426 
1413 -53.394366 0.000000 -55.433840 99.807414 0.012220 3.880313 0.002342 
1414 -72.273071 0.000000 -55.433840 99.853148 0.003201 3.893925 0.001419 
1415 -53.394366 0.000000 -73.912312 99.831954 0.008725 3.864139 0.001865 
1416 -25.076310 0.000000 -27.716132 99.433132 0.151324 3.881361 0.009796 
1417 -34.515662 0.000000 -27.716132 99.618370 0.065969 3.933483 0.006070 
1418 -25.076310 0.000000 -36.955368 99.531254 0.114811 3.814955 0.007896 
1419 -10.917281 0.000000 -13.857278 98.338955 1.057776 4.292352 0.030991 
1420 -15.636957 0.000000 -13.857278 98.797801 0.583027 4.298247 0.022018 
1421 -10.917281 0.000000 -18.476896 98.470069 0.921613 3.942370 0.028725 
1422 -3.837767 0.000000 -6.927851 97.547718 2.520286 5.669912 0.044594 
1423 -6.197605 0.000000 -6.927851 97.941781 1.754815 5.454534 0.037458 
1424 -3.837767 0.000000 -9.237660 97.378715 2.672531 5.002833 0.048522 
1425 -0.298010 0.000000 -3.463138 97.012530 2.949667 6.927682 0.053188 
1426 -1.477929 0.000000 -3.463138 97.399840 2.470497 7.308439 0.045375 
1427 -0.298010 0.000000 -4.618042 97.274774 3.458437 6.413436 0.048453 
1428 1.471868 0.000000 -1.730781 102.329188 0.047419 3.034055 -0.048047 
1429 0.881909 0.000000 -1.730781 102.301964 0.151979 2.939520 -0.047436 
1430 1.471868 0.000000 -2.308233 102.301964 0.151979 2.939520 -0.047436 
1431 2.946767 0.000000 -0.864603 102.193967 -0.226546 -1.015485 -0.044469 
1432 2.651788 0.000000 -0.864603 102.193967 -0.226546 -1.015485 -0.044469 
1433 2.946767 0.000000 -1.153329 102.193967 -0.226546 -1.015485 -0.044469 
1434 -2.657848 0.000000 -3.463138 97.866963 2.112681 7.138762 0.036663 
1435 -3.837767 0.000000 -3.463138 98.177662 1.798291 6.829783 0.031127 
1436 -2.657848 0.000000 -4.618042 97.620973 2.477914 6.617363 0.042022 
1437 0.291949 0.000000 -1.730781 102.332945 0.192378 3.071742 -0.048150 
1438 -0.298010 0.000000 -1.730781 102.398524 0.227980 3.419049 -0.049720 
1439 0.291949 0.000000 -2.308233 102.398524 0.227980 3.419049 -0.049720 
1440 69.317213 0.000000 27.719283 99.926844 -2.897452 3.891462 -0.000891 
1441 69.317213 0.000000 36.958519 99.950505 -1.362892 3.757187 -0.000608 
1442 36.279480 0.000000 13.860430 99.853209 -8.868616 1.735477 -0.005233 
1443 40.999156 0.000000 13.860430 99.880443 -8.998708 1.726746 -0.006006 
1444 36.279480 0.000000 18.480048 99.879895 -6.028726 3.249147 -0.002290 
1445 19.760613 0.000000 6.931003 100.313457 -10.127609 -2.160361 -0.017003 
1446 22.120451 0.000000 6.931003 100.030079 -10.136368 -2.164326 -0.011345 
1447 19.760613 0.000000 9.240812 100.269911 -10.065914 -1.177942 -0.015677 
1448 7.371464 0.000000 1.733932 104.580666 -7.372796 -0.340815 -0.099159 
1449 6.781504 0.000000 1.733932 104.920806 -6.980760 -0.581644 -0.105744 
1450 7.371464 0.000000 2.311385 104.729531 -7.369721 -0.402792 -0.102275 
1451 6.191545 0.000000 1.733932 99.805262 -0.876576 -20.184706 -0.036928 
1452 5.601585 0.000000 1.733932 101.896482 -0.829269 -9.924474 -0.048208 
1453 6.191545 0.000000 2.311385 105.506506 -6.575806 -0.555823 -0.117517 
1454 7.666443 0.000000 0.867754 103.944990 -9.187072 0.362239 -0.088909 
1455 7.371464 0.000000 0.867754 104.036270 -8.910351 0.075030 -0.090295 
1456 7.666443 0.000000 1.156480 104.164853 -8.107379 0.045238 -0.091605 
1457 7.076484 0.000000 0.867754 104.150691 -8.643425 -0.233666 -0.092213 
1458 6.781504 0.000000 0.867754 99.805262 -0.876576 -20.184706 -0.036928 
1459 7.076484 0.000000 1.156480 104.410049 -7.672141 -0.366500 -0.096045 
1460 7.076484 0.000000 -0.864603 102.937637 2.176260 1.015930 -0.060193 
1461 7.076484 0.000000 -1.153329 102.701180 2.031348 1.371041 -0.055354 
1462 7.371464 0.000000 -0.864603 103.070766 1.972497 1.261603 -0.062907 
1463 7.666443 0.000000 -0.864603 103.160824 1.774472 1.483683 -0.064751 
1464 7.666443 0.000000 -1.153329 102.974605 1.667317 1.784296 -0.060973 
1465 7.961423 0.000000 -0.864603 103.229038 1.570447 1.666739 -0.066148 
1466 8.256403 0.000000 -0.864603 103.267521 1.377236 1.829902 -0.066943 
1467 8.256403 0.000000 -1.153329 103.124489 1.312372 2.113212 -0.064085 
1468 8.551383 0.000000 -0.864603 103.287341 1.189969 1.967549 -0.067356 
1469 8.846362 0.000000 -0.287150 103.493807 2.538188 2.008796 -0.072145 
1470 8.846362 0.000000 -0.575877 103.394555 1.377789 1.911915 -0.069599 
1471 9.141342 0.000000 -0.287150 103.450520 2.304031 2.085497 -0.071167 
1472 16.220856 0.000000 3.466289 101.166956 -9.283890 -1.611419 -0.032354 
1473 17.400775 0.000000 3.466289 100.815810 -9.198363 -1.632389 -0.025110 
1474 16.220856 0.000000 4.621194 101.145990 -9.571557 -2.074833 -0.032643 
1475 12.091140 0.000000 1.733932 102.689214 -9.227716 0.178552 -0.063026 
1476 12.681099 0.000000 1.733932 102.443737 -9.298253 0.148725 -0.058120 
1477 12.091140 0.000000 2.311385 102.656830 -9.118131 -0.286100 -0.062165 
1478 9.436322 0.000000 -0.287150 103.396130 2.100818 2.150701 -0.069980 
1479 9.436322 0.000000 -0.575877 103.335433 1.015935 2.081039 -0.068357 
1480 9.731302 0.000000 -0.287150 103.340115 1.902964 2.196382 -0.068762 
1481 11.206200 0.000000 0.867754 103.047443 -11.761135 1.680669 -0.075992 
1482 11.501180 0.000000 0.867754 102.941314 -11.902660 1.693028 -0.074145 
1483 11.206200 0.000000 1.156480 103.055951 -9.970719 0.889688 -0.072074 
1484 13.271059 0.000000 1.733932 102.200144 -9.339199 0.112905 -0.053210 
1485 13.861018 0.000000 1.733932 101.960256 -9.354239 0.073680 -0.048340 
1486 13.271059 0.000000 2.311385 102.161913 -9.214204 -0.359554 -0.052209 
1487 11.796160 0.000000 0.867754 102.832851 -12.035429 1.696983 -0.072233 
1488 12.091140 0.000000 0.867754 102.722682 -12.160264 1.692705 -0.070269 
1489 11.796160 0.000000 1.156480 102.828492 -10.141044 0.886806 -0.067733 
1490 24.480290 0.000000 6.931003 99.933180 -10.136215 -2.096026 -0.009378 
1491 26.840128 0.000000 6.931003 99.850125 -10.131085 -2.028160 -0.007680 
1492 24.480290 0.000000 9.240812 99.968047 -10.323551 -1.184085 -0.010159 
1493 18.580694 0.000000 3.466289 100.492599 -9.185807 -1.553641 -0.018556 
1494 19.760613 0.000000 3.466289 100.254457 -9.073343 -1.525013 -0.013561 
1495 18.580694 0.000000 4.621194 100.521493 -9.582204 -2.064832 -0.020065 
1496 24.480290 0.000000 -6.927851 98.730911 5.741937 11.281876 0.009196 
1497 24.480290 0.000000 -9.237660 98.630700 8.922985 10.625164 0.007947 
1498 26.840128 0.000000 -6.927851 98.713986 6.115676 11.414336 0.008786 
1499 29.199966 0.000000 -2.308233 99.133232 0.700891 6.312412 0.013226 
1500 29.199966 0.000000 -4.618042 98.908069 3.055493 9.873825 0.011037 
1501 31.559804 0.000000 -2.308233 99.174033 0.878275 6.559048 0.012072 
1502 20.940532 0.000000 -3.463138 99.380243 0.702038 7.334822 0.006927 
1503 20.940532 0.000000 -4.618042 99.219214 1.919796 9.064945 0.006969 
1504 22.120451 0.000000 -3.463138 99.200958 0.847938 7.482369 0.010247 
1505 19.170654 0.000000 -1.730781 100.016654 -0.579045 4.146796 -0.002086 
1506 19.170654 0.000000 -2.308233 99.945201 -0.314416 5.160887 -0.001578 
1507 19.760613 0.000000 -1.730781 99.833187 -0.536152 4.195842 0.001544 
1508 45.718832 0.000000 13.860430 99.905869 -9.114224 1.694161 -0.006712 
1509 50.438508 0.000000 13.860430 99.927897 -9.221810 1.644160 -0.007333 
1510 45.718832 0.000000 18.480048 99.892571 -6.287832 3.303453 -0.002898 
1511 33.919642 0.000000 -2.308233 99.218235 1.028494 6.787862 0.010861 
1512 33.919642 0.000000 -4.618042 99.025071 3.526822 10.229528 0.007695 
1513 36.279480 0.000000 -2.308233 99.287471 1.158506 7.141999 0.008965 
1514 111.794298 0.000000 13.860430 100.049530 -10.260170 0.415859 -0.011535 
1515 107.074622 0.000000 13.860430 100.044093 -10.206700 0.523846 -0.011327 
1516 111.794298 0.000000 18.480048 99.959947 -7.884690 2.807366 -0.006204 
1517 102.354945 0.000000 13.860430 100.038437 -10.148068 0.631533 -0.011107 
1518 97.635269 0.000000 13.860430 100.032521 -10.084470 0.738508 -0.010875 
1519 102.354945 0.000000 18.480048 99.953623 -7.653862 2.926514 -0.005787 
1520 130.673002 0.000000 -13.857278 99.966595 9.152854 2.345046 -0.008259 
1521 130.673002 0.000000 -18.476896 100.013945 5.986576 1.082502 -0.003980 
1522 135.392678 0.000000 -13.857278 99.971966 9.017124 2.252083 -0.008077 
1523 140.112354 0.000000 -13.857278 99.976935 8.881333 2.163556 -0.007895 
1524 140.112354 0.000000 -18.476896 100.018454 5.774323 1.058707 -0.003815 
1525 144.832030 0.000000 -13.857278 99.981543 8.745652 2.079368 -0.007712 
1526 149.551707 0.000000 -4.618042 99.636267 10.218730 11.069815 -0.015435 
1527 149.551707 0.000000 -9.237660 99.848244 11.578787 5.575391 -0.013483 
1528 154.271383 0.000000 -4.618042 99.643583 10.409430 10.902520 -0.015606 
1529 5.159115 0.000000 -0.431513 102.055115 -0.713221 -6.100492 -0.045297 
1530 5.159115 0.000000 -0.575877 102.055115 -0.713221 -6.100492 -0.045297 
1531 5.306605 0.000000 -0.431513 102.055115 -0.713221 -6.100492 -0.045297 
1532 5.454095 0.000000 -0.142787 102.055115 -0.713221 -6.100492 -0.045297 
1533 5.454095 0.000000 -0.287150 102.055115 -0.713221 -6.100492 -0.045297 
1534 5.601585 0.000000 -0.142787 102.016810 -0.776920 -7.696277 -0.046727 
1535 4.790391 0.000000 -0.070606 102.054990 -0.645470 -5.102712 -0.044168 
1536 4.790391 0.000000 -0.142787 102.054990 -0.645470 -5.102712 -0.044168 
1537 4.864136 0.000000 -0.070606 102.054990 -0.645470 -5.102712 -0.044168 
1538 5.011626 0.000000 1.733932 102.016810 -0.776920 -7.696277 -0.046727 
1539 4.421666 0.000000 1.733932 102.054990 -0.645470 -5.102712 -0.044168 
1540 5.011626 0.000000 2.311385 101.624981 -0.863743 -12.581703 -0.048668 
1541 3.831707 0.000000 1.733932 102.034868 -0.580066 -4.464567 -0.043138 
1542 3.241747 0.000000 1.733932 101.964246 -0.462310 -3.620401 -0.041003 
1543 3.831707 0.000000 2.311385 102.055115 -0.713221 -6.100492 -0.045297 
1544 2.651788 0.000000 1.733932 102.193967 -0.226546 -1.015485 -0.044469 
1545 2.061828 0.000000 1.733932 102.431216 -0.075496 2.281732 -0.049737 
1546 2.651788 0.000000 2.311385 102.263630 -0.305266 0.760733 -0.045852 
1547 1.471868 0.000000 1.733932 102.329188 0.047419 3.034055 -0.048047 
1548 0.881909 0.000000 1.733932 102.300262 0.103679 2.992990 -0.047431 
1549 1.471868 0.000000 2.311385 102.301964 0.151979 2.939520 -0.047436 
1550 0.291949 0.000000 1.733932 102.332945 0.192378 3.071742 -0.048150 
1551 -0.298010 0.000000 1.733932 102.398524 0.227980 3.419049 -0.049720 
1552 0.291949 0.000000 2.311385 102.398524 0.227980 3.419049 -0.049720 
1553 -0.887970 0.000000 1.733932 102.699354 0.292135 4.715330 -0.056948 
1554 -1.477929 0.000000 1.733932 103.567802 0.361421 8.034706 -0.079098 
1555 -0.887970 0.000000 2.311385 104.107174 0.433763 12.971410 -0.100675 
1556 2.356808 0.000000 -0.864603 102.193967 -0.226546 -1.015485 -0.044469 
1557 2.061828 0.000000 -0.864603 102.193967 -0.226546 -1.015485 -0.044469 
1558 2.356808 0.000000 -1.153329 102.193967 -0.226546 -1.015485 -0.044469 
1559 -0.887970 0.000000 -1.730781 102.699354 0.292135 4.715330 -0.056948 
1560 -1.477929 0.000000 -1.730781 103.567802 0.361421 8.034706 -0.079098 
1561 -0.887970 0.000000 -2.308233 104.107174 0.433763 12.971410 -0.100675 
1562 6.486524 0.000000 0.867754 101.165890 -0.881094 -15.303426 -0.046951 
1563 6.191545 0.000000 0.867754 101.624981 -0.863743 -12.581703 -0.048668 
1564 6.486524 0.000000 1.156480 100.544909 -0.882244 -17.832200 -0.042804 
1565 5.896565 0.000000 0.867754 101.896482 -0.829269 -9.924474 -0.048208 
1566 5.601585 0.000000 0.867754 102.016810 -0.776920 -7.696277 -0.046727 
1567 5.896565 0.000000 1.156480 101.896482 -0.829269 -9.924474 -0.048208 
1568 5.749075 0.000000 -0.142787 102.016810 -0.776920 -7.696277 -0.046727 
1569 5.749075 0.000000 -0.287150 102.016810 -0.776920 -7.696277 -0.046727 
1570 5.896565 0.000000 -0.142787 102.016810 -0.776920 -7.696277 -0.046727 
1571 8.846362 0.000000 -0.864603 103.291459 1.010478 2.083335 -0.067449 
1572 8.846362 0.000000 -1.153329 103.187078 0.968757 2.361349 -0.065409 
1573 9.141342 0.000000 -0.864603 103.282734 0.841552 2.183498 -0.067280 
1574 9.436322 0.000000 -0.864603 103.261235 0.678798 2.266158 -0.066848 
1575 9.436322 0.000000 -1.153329 103.183966 0.646711 2.547481 -0.065384 
1576 9.731302 0.000000 -0.864603 103.230990 0.526562 2.337424 -0.066238 
1577 10.026281 0.000000 -0.287150 103.276966 1.718598 2.230801 -0.067406 
1578 10.026281 0.000000 -0.575877 103.237827 0.696656 2.195973 -0.066336 
1579 10.321261 0.000000 -0.287150 103.205881 1.547549 2.256218 -0.065894 
1580 10.616241 0.000000 -0.287150 103.127378 1.390065 2.273864 -0.064236 
1581 10.616241 0.000000 -0.575877 103.103485 0.417852 2.274300 -0.063568 
1582 10.911221 0.000000 -0.287150 103.041727 1.246073 2.285440 -0.062437 
1583 14.450978 0.000000 1.733932 101.790888 -9.321840 -0.347505 -0.044840 
1584 15.040937 0.000000 1.733932 101.559487 -9.299921 -0.383991 -0.040097 
1585 14.450978 0.000000 2.311385 101.776174 -9.176027 -0.808255 -0.044324 
1586 12.386120 0.000000 0.867754 102.611074 -12.278367 1.680709 -0.068262 
1587 12.681099 0.000000 0.867754 102.498449 -12.390693 1.661027 -0.066222 
1588 12.386120 0.000000 1.156480 102.595365 -10.275800 0.864457 -0.063215 
1589 12.976079 0.000000 0.867754 102.384939 -12.498562 1.634512 -0.064156 
1590 13.271059 0.000000 0.867754 102.270533 -12.603430 1.601963 -0.062067 
1591 12.976079 0.000000 1.156480 102.359618 -10.379500 0.826217 -0.058591 
1592 29.199966 0.000000 6.931003 99.810083 -10.114226 -1.955377 -0.006817 
1593 31.559804 0.000000 6.931003 99.815743 -10.082632 -1.878027 -0.006837 
1594 29.199966 0.000000 9.240812 99.862242 -10.446570 -1.124761 -0.008286 
1595 20.940532 0.000000 3.466289 100.057319 -8.972564 -1.483951 -0.009418 
1596 22.120451 0.000000 3.466289 99.894061 -8.886551 -1.420190 -0.005981 
1597 20.940532 0.000000 4.621194 100.113193 -9.430995 -2.033436 -0.011573 
1598 15.630897 0.000000 1.733932 101.336860 -9.264958 -0.414631 -0.035517 
1599 16.220856 0.000000 1.733932 101.125229 -9.220876 -0.438132 -0.031153 
1600 15.630897 0.000000 2.311385 101.330221 -9.105478 -0.863064 -0.035147 
1601 29.199966 0.000000 -6.927851 98.768731 6.449292 11.507887 0.007071 
1602 29.199966 0.000000 -9.237660 98.739306 9.573845 10.638870 0.004571 
1603 31.559804 0.000000 -6.927851 98.846052 6.731887 11.587218 0.004988 
1604 55.158184 0.000000 13.860430 99.947086 -9.323177 1.580427 -0.007884 
1605 59.877860 0.000000 13.860430 99.961624 -9.423588 1.508024 -0.008340 
1606 55.158184 0.000000 18.480048 99.909234 -6.516455 3.301694 -0.003522 
1607 33.919642 0.000000 6.931003 99.840738 -10.049705 -1.804107 -0.007242 
1608 36.279480 0.000000 6.931003 99.835344 -9.998277 -1.616169 -0.006967 
1609 33.919642 0.000000 9.240812 99.886327 -10.483892 -1.078639 -0.008835 
1610 33.919642 0.000000 -6.927851 98.918320 6.976647 11.648391 0.003081 
1611 33.919642 0.000000 -9.237660 98.916585 10.020969 10.554225 0.000370 
1612 36.279480 0.000000 -6.927851 99.033843 7.185976 11.820009 0.000095 
1613 38.639318 0.000000 -2.308233 99.350435 1.275352 7.339844 0.007399 
1614 38.639318 0.000000 -4.618042 99.188925 3.894150 10.649801 0.003297 
1615 40.999156 0.000000 -2.308233 99.398935 1.387311 7.528430 0.006125 
1616 43.358994 0.000000 -2.308233 99.442242 1.493579 7.710974 0.004955 
1617 43.358994 0.000000 -4.618042 99.294612 4.223837 10.888035 0.000419 
1618 45.718832 0.000000 -2.308233 99.477855 1.595804 7.887908 0.003939 
1619 64.597536 0.000000 13.860430 99.975529 -9.517929 1.426496 -0.008773 
1620 69.317213 0.000000 13.860430 99.986589 -9.610407 1.339057 -0.009147 
1621 64.597536 0.000000 18.480048 99.922011 -6.741243 3.265563 -0.004052 
1622 92.915593 0.000000 13.860430 100.026291 -10.016111 0.844344 -0.010629 
1623 88.195917 0.000000 13.860430 100.019670 -9.943203 0.948595 -0.010370 
1624 92.915593 0.000000 18.480048 99.947099 -7.423474 3.033180 -0.005373 
1625 83.476241 0.000000 13.860430 100.012556 -9.865963 1.050777 -0.010095 
1626 78.756565 0.000000 13.860430 100.004808 -9.784609 1.150352 -0.009802 
1627 83.476241 0.000000 18.480048 99.940046 -7.194314 3.126526 -0.004955 
1628 149.551707 0.000000 -13.857278 99.985822 8.610240 1.999417 -0.007530 
1629 149.551707 0.000000 -18.476896 100.021870 5.568827 1.041380 -0.003647 
1630 154.271383 0.000000 -13.857278 99.989802 8.475243 1.923599 -0.007349 
1631 5.454095 0.000000 -0.431513 102.055115 -0.713221 -6.100492 -0.045297 
1632 5.454095 0.000000 -0.575877 102.055115 -0.713221 -6.100492 -0.045297 
1633 5.601585 0.000000 -0.431513 102.016810 -0.776920 -7.696277 -0.046727 
1634 4.790391 0.000000 -0.214969 102.054990 -0.645470 -5.102712 -0.044168 
1635 4.790391 0.000000 -0.287150 102.054990 -0.645470 -5.102712 -0.044168 
1636 4.864136 0.000000 -0.214969 102.054990 -0.645470 -5.102712 -0.044168 
1637 4.937881 0.000000 -0.070606 102.054990 -0.645470 -5.102712 -0.044168 
1638 4.937881 0.000000 -0.142787 102.054990 -0.645470 -5.102712 -0.044168 
1639 5.011626 0.000000 -0.070606 102.054990 -0.645470 -5.102712 -0.044168 
1 155 157 115 158 
2 156 155 158 116 
3 164 156 116 167 
4 165 164 167 152 
5 5 170 168 169 
6 170 123 171 168 
7 168 171 155 172 
8 169 168 172 156 
9 6 175 173 174 
10 175 18 45 173 
11 173 45 28 176 
12 174 173 176 29 
13 18 179 177 178 
14 179 34 61 177 
15 177 61 44 180 
16 178 177 180 45 
17 34 183 181 182 
18 183 50 77 181 
19 181 77 60 184 
20 182 181 184 61 
21 50 187 185 186 
22 187 66 93 185 
23 185 93 76 188 
24 186 185 188 77 
25 66 191 189 190 
26 190 189 192 93 
27 98 199 197 198 
28 199 114 165 197 
29 197 165 152 200 
30 198 197 200 153 
31 114 206 204 205 
32 206 166 207 204 
33 204 207 164 208 
34 205 204 208 165 
35 16 211 209 210 
36 211 15 32 209 
37 209 32 18 175 
38 210 209 175 6 
39 32 214 212 213 
40 214 31 48 212 
41 212 48 34 179 
42 213 212 179 18 
43 48 217 215 216 
44 217 47 64 215 
45 215 64 50 183 
46 216 215 183 34 
47 64 220 218 219 
48 220 63 80 218 
49 218 80 66 187 
50 219 218 187 50 
51 80 223 221 222 
52 222 221 191 66 
53 112 229 227 228 
54 229 111 202 227 
55 227 202 114 199 
56 228 227 199 98 
57 224 232 230 231 
58 232 112 228 230 
59 234 198 153 236 
60 235 234 236 193 
61 230 239 237 238 
62 239 228 240 237 
63 237 240 98 241 
64 221 244 242 243 
65 244 96 225 242 
66 242 225 82 245 
67 243 242 245 191 
68 225 248 246 247 
69 248 224 231 246 
70 247 246 249 82 
71 231 252 250 251 
72 252 230 238 250 
73 241 98 256 254 
74 254 256 198 257 
75 255 254 257 234 
76 238 260 258 259 
77 260 237 261 258 
78 258 261 241 262 
79 259 258 262 233 
80 191 245 263 264 
81 245 82 194 263 
82 263 194 109 265 
83 264 263 265 189 
84 82 249 266 267 
85 266 235 193 268 
86 267 266 268 194 
87 269 255 234 271 
88 270 269 271 235 
89 274 233 275 272 
90 272 275 255 276 
91 273 272 276 269 
92 249 279 277 278 
93 279 195 270 277 
94 277 270 235 280 
95 278 277 280 266 
96 195 283 281 282 
97 283 253 273 281 
98 281 273 269 284 
99 282 281 284 270 
100 250 287 285 286 
101 287 238 259 285 
102 285 259 233 274 
103 286 285 274 253 
104 253 290 288 289 
105 290 274 291 288 
106 288 291 272 292 
107 289 288 292 273 
108 120 295 293 294 
109 295 119 160 293 
110 293 160 123 170 
111 294 293 170 5 
112 314 315 117 316 
113 157 314 316 115 
114 317 318 157 319 
115 171 317 319 155 
116 160 322 320 321 
117 321 320 324 123 
118 123 324 333 334 
119 333 335 317 336 
120 334 333 336 171 
121 320 339 337 338 
122 339 323 340 337 
123 337 340 163 341 
124 338 337 341 324 
125 349 352 342 353 
126 350 349 353 315 
127 150 356 354 355 
128 356 346 357 354 
129 354 357 343 351 
130 366 368 344 369 
131 352 366 369 342 
132 351 372 370 371 
133 372 343 373 370 
134 370 373 352 374 
135 371 370 374 349 
136 346 382 381 357 
137 382 348 383 381 
138 381 383 147 367 
139 357 381 367 343 
140 147 385 384 368 
141 385 363 386 384 
142 384 386 362 387 
143 368 384 387 344 
144 367 390 388 389 
145 390 147 391 388 
146 388 391 368 392 
147 389 388 392 366 
148 398 75 399 397 
149 397 399 364 400 
150 386 397 400 362 
151 378 406 404 405 
152 406 380 407 404 
153 404 407 75 398 
154 405 404 398 363 
155 363 410 408 409 
156 410 398 411 408 
157 408 411 397 412 
158 409 408 412 386 
159 75 414 413 399 
160 414 394 415 413 
161 413 415 393 416 
162 399 413 416 364 
163 394 430 429 415 
164 430 359 431 429 
165 429 431 395 432 
166 415 429 432 393 
167 440 377 441 439 
168 359 443 442 431 
169 443 426 444 442 
170 442 444 425 445 
171 20 38 446 447 
172 38 19 448 446 
173 446 448 22 449 
174 447 446 449 9 
175 36 54 450 451 
176 54 35 452 450 
177 450 452 38 453 
178 451 450 453 20 
179 52 70 454 455 
180 70 51 456 454 
181 454 456 54 457 
182 455 454 457 36 
183 68 86 458 459 
184 86 67 460 458 
185 458 460 70 461 
186 459 458 461 52 
187 83 310 462 463 
188 310 85 464 462 
189 462 464 67 465 
190 463 462 465 86 
191 101 361 466 467 
192 361 308 468 466 
193 466 468 310 469 
194 467 466 469 83 
195 358 428 470 471 
196 428 360 472 470 
197 470 472 308 473 
198 471 470 473 361 
199 395 445 474 475 
200 445 425 476 474 
201 474 476 428 477 
202 475 474 477 358 
203 431 480 478 479 
204 480 442 481 478 
205 478 481 445 482 
206 479 478 482 395 
207 426 488 487 444 
208 488 143 489 487 
209 487 489 427 490 
210 444 487 490 425 
211 377 492 491 441 
212 492 436 493 491 
213 491 493 422 484 
214 143 495 494 489 
215 495 484 496 494 
216 494 496 483 497 
217 489 494 497 427 
218 436 510 509 493 
219 510 438 511 509 
220 509 511 59 503 
221 493 509 503 422 
222 422 514 512 513 
223 514 503 515 512 
224 512 515 502 516 
225 513 512 516 485 
226 517 519 498 520 
227 503 522 521 515 
228 522 59 523 521 
229 521 523 504 524 
230 515 521 524 502 
231 438 526 525 511 
232 526 506 527 525 
233 525 527 499 518 
234 511 525 518 59 
235 59 529 528 523 
236 529 518 530 528 
237 528 530 517 531 
238 523 528 531 504 
239 540 542 419 543 
240 544 546 500 547 
241 519 544 547 498 
242 518 549 548 530 
243 549 499 550 548 
244 548 550 519 551 
245 530 548 551 517 
246 506 562 561 527 
247 562 508 563 561 
248 561 563 418 545 
249 527 561 545 499 
250 564 566 540 567 
251 546 564 567 500 
252 545 570 568 569 
253 570 418 571 568 
254 568 571 546 572 
255 569 568 572 544 
256 508 574 573 563 
257 574 558 575 573 
258 573 575 541 565 
259 563 573 565 418 
260 418 577 576 571 
261 577 565 578 576 
262 576 578 564 579 
263 571 576 579 546 
264 580 582 536 583 
265 542 580 583 419 
266 584 586 542 587 
267 566 584 587 540 
268 558 592 591 575 
269 592 560 593 591 
270 591 593 139 585 
271 575 591 585 541 
272 541 596 594 595 
273 596 585 597 594 
274 594 597 584 598 
275 595 594 598 566 
276 599 601 580 602 
277 586 599 602 542 
278 585 604 603 597 
279 604 139 605 603 
280 603 605 586 606 
281 597 603 606 584 
282 560 608 607 593 
283 608 588 609 607 
284 607 609 581 600 
285 593 607 600 139 
286 43 611 610 538 
287 611 533 612 610 
288 610 612 532 613 
289 538 610 613 306 
290 537 615 614 582 
291 615 43 616 614 
292 614 616 538 617 
293 582 614 617 536 
294 581 619 618 601 
295 619 537 620 618 
296 618 620 582 621 
297 601 618 621 580 
298 600 624 622 623 
299 624 581 625 622 
300 622 625 601 626 
301 623 622 626 599 
302 631 633 303 634 
303 533 636 635 612 
304 636 135 637 635 
305 635 637 534 638 
306 612 635 638 532 
307 643 134 644 642 
308 135 646 645 637 
309 646 632 647 645 
310 645 647 631 648 
311 637 645 648 534 
312 649 651 627 652 
313 633 649 652 303 
314 632 654 653 647 
315 654 27 655 653 
316 653 655 633 656 
317 647 653 656 631 
318 134 658 657 644 
319 658 639 659 657 
320 657 659 628 650 
321 27 661 660 655 
322 661 650 662 660 
323 660 662 649 663 
324 655 660 663 633 
325 668 670 300 671 
326 672 674 629 675 
327 651 672 675 627 
328 650 677 676 662 
329 677 628 678 676 
330 676 678 651 679 
331 662 676 679 649 
332 639 687 686 659 
333 687 641 688 686 
334 686 688 131 673 
335 659 686 673 628 
336 628 690 689 678 
337 690 673 691 689 
338 689 691 672 692 
339 678 689 692 651 
340 693 695 668 696 
341 674 693 696 629 
342 641 698 697 688 
343 698 683 699 697 
344 697 699 669 694 
345 688 697 694 131 
346 131 702 700 701 
347 702 694 703 700 
348 700 703 693 704 
349 701 700 704 674 
350 709 711 670 712 
351 695 709 712 668 
352 694 714 713 703 
353 714 669 715 713 
354 713 715 695 716 
355 703 713 716 693 
356 683 721 720 699 
357 721 685 722 720 
358 720 722 14 710 
359 699 720 710 669 
360 669 724 723 715 
361 724 710 725 723 
362 723 725 709 726 
363 715 723 726 695 
364 727 729 705 730 
365 711 727 730 670 
366 710 732 731 725 
367 732 14 733 731 
368 731 733 711 734 
369 725 731 734 709 
370 685 736 735 722 
371 736 717 737 735 
372 735 737 706 728 
373 722 735 728 14 
374 14 739 738 733 
375 739 728 740 738 
376 738 740 727 741 
377 733 738 741 711 
378 750 752 707 753 
379 729 750 753 705 
380 728 755 754 740 
381 755 706 756 754 
382 754 756 729 757 
383 740 754 757 727 
384 717 765 764 737 
385 765 719 766 764 
386 764 766 665 751 
387 737 764 751 706 
388 706 768 767 756 
389 768 751 769 767 
390 767 769 750 770 
391 756 767 770 729 
392 771 773 746 774 
393 752 771 774 707 
394 751 776 775 769 
395 776 665 777 775 
396 775 777 752 778 
397 769 775 778 750 
398 719 780 779 766 
399 780 761 781 779 
400 779 781 747 772 
401 766 779 772 665 
402 665 783 782 777 
403 783 772 784 782 
404 782 784 771 785 
405 777 782 785 752 
406 790 792 748 793 
407 773 790 793 746 
408 772 795 794 784 
409 795 747 796 794 
410 794 796 773 797 
411 784 794 797 771 
412 761 802 801 781 
413 802 763 803 801 
414 801 803 127 791 
415 781 801 791 747 
416 747 805 804 796 
417 805 791 806 804 
418 804 806 790 807 
419 796 804 807 773 
420 809 787 810 808 
421 808 810 786 811 
422 792 808 811 748 
423 791 813 812 806 
424 813 127 814 812 
425 812 814 792 815 
426 806 812 815 790 
427 763 817 816 803 
428 817 798 818 816 
429 816 818 787 809 
430 803 816 809 127 
431 127 820 819 814 
432 820 809 821 819 
433 819 821 808 822 
434 814 819 822 792 
435 787 828 827 810 
436 828 743 829 827 
437 19 298 831 448 
438 298 21 832 831 
439 831 832 3 833 
440 448 831 833 22 
441 296 745 834 835 
442 745 297 836 834 
443 834 836 21 837 
444 835 834 837 298 
445 666 789 838 839 
446 789 742 840 838 
447 838 840 745 841 
448 839 838 841 296 
449 786 830 842 843 
450 830 788 844 842 
451 842 844 742 845 
452 843 842 845 789 
453 810 848 846 847 
454 848 827 849 846 
455 846 849 830 850 
456 847 846 850 786 
457 743 855 854 829 
458 855 824 856 854 
459 827 859 858 849 
460 859 829 860 858 
461 858 860 788 861 
462 849 858 861 830 
463 742 826 862 840 
464 826 744 863 862 
465 862 863 297 864 
466 840 862 864 745 
467 788 857 865 844 
468 857 823 866 865 
469 865 866 826 867 
470 844 865 867 742 
471 829 869 868 860 
472 869 854 870 868 
473 868 870 857 871 
474 860 868 871 788 
475 824 873 872 856 
476 873 8 874 872 
477 854 877 876 870 
478 877 856 878 876 
479 876 878 823 879 
480 870 876 879 857 
481 823 875 880 866 
482 875 825 881 880 
483 880 881 744 882 
484 866 880 882 826 
485 856 884 883 878 
486 884 872 885 883 
487 883 885 875 886 
488 878 883 886 823 
489 872 888 887 885 
490 888 874 889 887 
491 887 889 825 890 
492 885 887 890 875 
493 891 892 314 893 
494 318 891 893 157 
495 894 895 318 896 
496 335 894 896 317 
497 901 903 894 904 
498 902 901 904 335 
499 340 907 905 906 
500 906 905 909 163 
501 7 912 910 911 
502 912 12 913 910 
503 910 913 10 25 
504 911 910 25 11 
505 11 916 914 915 
506 916 25 917 914 
507 914 917 23 41 
508 915 914 41 24 
509 24 920 918 919 
510 920 41 921 918 
511 918 921 39 57 
512 919 918 57 40 
513 40 924 922 923 
514 924 57 925 922 
515 922 925 55 73 
516 923 922 73 56 
517 56 928 926 927 
518 928 73 929 926 
519 926 929 71 89 
520 927 926 89 72 
521 72 932 930 931 
522 932 89 933 930 
523 930 933 87 105 
524 931 930 105 88 
525 88 936 934 935 
526 936 105 937 934 
527 934 937 103 121 
528 935 934 121 104 
529 121 940 938 939 
530 940 103 941 938 
531 938 941 122 161 
532 939 938 161 119 
533 161 944 942 943 
534 944 122 945 942 
535 942 945 162 330 
536 943 942 330 159 
537 159 948 946 947 
538 948 330 949 946 
539 946 949 329 898 
540 947 946 898 323 
541 323 952 950 951 
542 952 898 953 950 
543 950 953 897 907 
544 951 950 907 340 
545 959 331 960 958 
546 958 960 107 961 
547 963 899 964 962 
548 962 964 332 965 
549 907 968 966 967 
550 968 897 969 966 
551 967 966 970 905 
552 898 972 971 953 
553 972 329 973 971 
554 971 973 899 963 
555 953 971 963 897 
556 897 975 974 969 
557 975 963 976 974 
558 974 976 962 977 
559 969 974 977 908 
560 324 341 978 979 
561 341 163 902 978 
562 978 902 335 980 
563 979 978 980 333 
564 163 909 981 982 
565 909 900 983 981 
566 981 983 901 984 
567 982 981 984 902 
568 905 970 985 986 
569 970 908 987 985 
570 985 987 900 988 
571 986 985 988 909 
572 966 991 989 990 
573 991 969 992 989 
574 989 992 908 993 
575 990 989 993 970 
576 994 995 891 996 
577 895 994 996 318 
578 961 107 998 997 
579 997 998 895 999 
580 903 997 999 894 
581 899 1001 1000 964 
582 1001 958 1002 1000 
583 1000 1002 961 1003 
584 964 1000 1003 332 
585 331 1005 1004 960 
586 1005 954 1006 1004 
587 1004 1006 957 1007 
588 960 1004 1007 107 
589 1012 327 1013 1011 
590 954 1016 1015 1006 
591 1016 956 1017 1015 
592 1015 1017 328 1018 
593 1006 1015 1018 957 
594 1019 350 315 1020 
595 892 1019 1020 314 
596 1021 1022 892 1023 
597 995 1021 1023 891 
598 151 1025 1024 1022 
599 1025 1010 1026 1024 
600 1024 1026 1019 1027 
601 1022 1024 1027 892 
602 1014 1030 1028 1029 
603 1030 151 1031 1028 
604 1028 1031 1022 1032 
605 1029 1028 1032 1021 
606 1010 1034 1033 1026 
607 1034 91 1035 1033 
608 1033 1035 350 1036 
609 1026 1033 1036 1019 
610 91 1038 1037 1035 
611 1038 351 371 1037 
612 1037 371 349 1039 
613 1035 1037 1039 350 
614 12 1041 1040 913 
615 1041 2 1042 1040 
616 1040 1042 13 125 
617 913 1040 125 10 
618 17 1045 1043 1044 
619 1045 7 911 1043 
620 1043 911 11 33 
621 1044 1043 33 15 
622 25 1047 1046 917 
623 1047 10 1048 1046 
624 1046 1048 26 129 
625 917 1046 129 23 
626 28 46 1049 1050 
627 46 20 447 1049 
628 1049 447 9 1051 
629 1050 1049 1051 30 
630 29 176 1052 1053 
631 176 28 1050 1052 
632 1052 1050 30 1054 
633 1053 1052 1054 4 
634 33 1057 1055 1056 
635 1057 11 915 1055 
636 1055 915 24 49 
637 1056 1055 49 31 
638 35 301 1058 452 
639 301 37 1059 1058 
640 1058 1059 19 1060 
641 452 1058 1060 38 
642 41 1062 1061 921 
643 1062 23 1063 1061 
644 1061 1063 42 133 
645 921 1061 133 39 
646 44 62 1064 1065 
647 62 36 451 1064 
648 1064 451 20 1066 
649 1065 1064 1066 46 
650 45 180 1067 1068 
651 180 44 1065 1067 
652 1067 1065 46 1069 
653 1068 1067 1069 28 
654 49 1072 1070 1071 
655 1072 24 919 1070 
656 1070 919 40 65 
657 1071 1070 65 47 
658 51 304 1073 456 
659 304 53 1074 1073 
660 1073 1074 35 1075 
661 456 1073 1075 54 
662 57 1077 1076 925 
663 1077 39 1078 1076 
664 1076 1078 58 137 
665 925 1076 137 55 
666 60 78 1079 1080 
667 78 52 455 1079 
668 1079 455 36 1081 
669 1080 1079 1081 62 
670 61 184 1082 1083 
671 184 60 1080 1082 
672 1082 1080 62 1084 
673 1083 1082 1084 44 
674 65 1087 1085 1086 
675 1087 40 923 1085 
676 1085 923 56 81 
677 1086 1085 81 63 
678 67 307 1088 460 
679 307 69 1089 1088 
680 1088 1089 51 1090 
681 460 1088 1090 70 
682 73 1092 1091 929 
683 1092 55 1093 1091 
684 1091 1093 74 141 
685 929 1091 141 71 
686 76 94 1094 1095 
687 94 68 459 1094 
688 1094 459 52 1096 
689 1095 1094 1096 78 
690 77 188 1097 1098 
691 188 76 1095 1097 
692 1097 1095 78 1099 
693 1098 1097 1099 60 
694 81 1102 1100 1101 
695 1102 56 927 1100 
696 1100 927 72 97 
697 1101 1100 97 79 
698 84 102 1103 1104 
699 102 83 463 1103 
700 1103 463 86 1105 
701 1104 1103 1105 68 
702 89 1107 1106 933 
703 1107 71 1108 1106 
704 1106 1108 90 145 
705 933 1106 145 87 
706 92 110 1109 1110 
707 110 84 1104 1109 
708 1109 1104 68 1111 
709 1110 1109 1111 94 
710 93 192 1112 1113 
711 192 92 1110 1112 
712 1112 1110 94 1114 
713 1113 1112 1114 76 
714 97 1117 1115 1116 
715 1117 72 931 1115 
716 1115 931 88 113 
717 1116 1115 113 95 
718 99 313 1118 1119 
719 313 101 467 1118 
720 1118 467 83 1120 
721 1119 1118 1120 102 
722 100 118 1121 1122 
723 118 99 1119 1121 
724 1121 1119 102 1123 
725 1122 1121 1123 84 
726 105 1125 1124 937 
727 1125 87 1126 1124 
728 1124 1126 106 149 
729 937 1124 149 103 
730 108 154 1127 1128 
731 154 100 1122 1127 
732 1127 1122 84 1129 
733 1128 1127 1129 110 
734 109 196 1130 1131 
735 196 108 1128 1130 
736 1130 1128 110 1132 
737 1131 1130 1132 92 
738 113 1135 1133 1134 
739 1135 88 935 1133 
740 1133 935 104 203 
741 1134 1133 203 111 
742 104 1138 1136 1137 
743 1138 121 939 1136 
744 1136 939 119 295 
745 1137 1136 295 120 
746 10 1140 1139 1048 
747 1140 125 1141 1139 
748 1139 1141 124 681 
749 1048 1139 681 26 
750 125 1143 1142 1141 
751 1143 13 1144 1142 
752 1142 1144 126 759 
753 1141 1142 759 124 
754 23 1146 1145 1063 
755 1146 129 1147 1145 
756 1145 1147 128 640 
757 1063 1145 640 42 
758 129 1149 1148 1147 
759 1149 26 1150 1148 
760 1148 1150 130 684 
761 1147 1148 684 128 
762 39 1152 1151 1078 
763 1152 133 1153 1151 
764 1151 1153 132 553 
765 1078 1151 553 58 
766 133 1155 1154 1153 
767 1155 42 1156 1154 
768 1154 1156 134 643 
769 1153 1154 643 132 
770 55 1158 1157 1093 
771 1158 137 1159 1157 
772 1157 1159 136 434 
773 1093 1157 434 74 
774 137 1161 1160 1159 
775 1161 58 1162 1160 
776 1160 1162 138 556 
777 1159 1160 556 136 
778 71 1164 1163 1108 
779 1164 141 1165 1163 
780 1163 1165 140 376 
781 1108 1163 376 90 
782 141 1167 1166 1165 
783 1167 74 1168 1166 
784 1166 1168 142 437 
785 1165 1166 437 140 
786 87 1170 1169 1126 
787 1170 145 1171 1169 
788 1169 1171 144 347 
789 1126 1169 347 106 
790 145 1173 1172 1171 
791 1173 90 1174 1172 
792 1172 1174 146 379 
793 1171 1172 379 144 
794 103 1176 1175 941 
795 1176 149 1177 1175 
796 1175 1177 148 326 
797 941 1175 326 122 
798 149 1179 1178 1177 
799 1179 106 1180 1178 
800 1178 1180 150 1009 
801 1177 1178 1009 148 
802 119 1183 1181 1182 
803 1183 161 943 1181 
804 1181 943 159 322 
805 1182 1181 322 160 
806 166 1185 1184 207 
807 1185 5 169 1184 
808 1184 169 156 1186 
809 207 1184 1186 164 
810 189 265 1187 1188 
811 265 109 1131 1187 
812 1187 1131 92 1189 
813 1188 1187 1189 192 
814 201 1192 1190 1191 
815 1192 120 294 1190 
816 1190 294 5 1185 
817 1191 1190 1185 166 
818 202 1195 1193 1194 
819 1195 201 1191 1193 
820 1193 1191 166 206 
821 1194 1193 206 114 
822 246 1198 1196 1197 
823 1198 231 251 1196 
824 1196 251 195 279 
825 1197 1196 279 249 
826 251 1201 1199 1200 
827 1201 250 286 1199 
828 1199 286 253 283 
829 1200 1199 283 195 
830 233 262 1202 275 
831 262 241 1203 1202 
832 1202 1203 254 1204 
833 275 1202 1204 255 
834 37 667 1205 1059 
835 667 296 835 1205 
836 1205 835 298 1206 
837 1059 1205 1206 19 
838 53 630 1207 1074 
839 630 299 1208 1207 
840 1207 1208 301 1209 
841 1074 1207 1209 35 
842 69 535 1210 1089 
843 535 302 1211 1210 
844 1210 1211 304 1212 
845 1089 1210 1212 51 
846 85 420 1213 464 
847 420 305 1214 1213 
848 1213 1214 307 1215 
849 464 1213 1215 67 
850 308 424 1216 468 
851 424 309 1217 1216 
852 1216 1217 85 1218 
853 468 1216 1218 310 
854 322 1221 1219 1220 
855 1221 159 947 1219 
856 1219 947 323 339 
857 1220 1219 339 320 
858 122 1223 1222 945 
859 1223 326 1224 1222 
860 1222 1224 325 955 
861 945 1222 955 162 
862 326 1226 1225 1224 
863 1226 148 1227 1225 
864 1225 1227 327 1012 
865 1224 1225 1012 325 
866 330 1229 1228 949 
867 1229 162 1230 1228 
868 1228 1230 331 959 
869 949 1228 959 329 
870 106 1232 1231 1180 
871 1232 347 1233 1231 
872 1231 1233 346 356 
873 1180 1231 356 150 
874 347 1235 1234 1233 
875 1235 144 1236 1234 
876 1234 1236 348 382 
877 1233 1234 382 346 
878 312 396 1237 1238 
879 396 358 471 1237 
880 1237 471 361 1239 
881 1238 1237 1239 101 
882 343 1241 1240 373 
883 1241 367 389 1240 
884 1240 389 366 1242 
885 373 1240 1242 352 
886 90 1244 1243 1174 
887 1244 376 1245 1243 
888 1243 1245 375 402 
889 1174 1243 402 146 
890 376 1247 1246 1245 
891 1247 140 1248 1246 
892 1246 1248 377 440 
893 1245 1246 440 375 
894 348 1250 1249 383 
895 1250 378 405 1249 
896 1249 405 363 385 
897 383 1249 385 147 
898 393 432 1251 1252 
899 432 395 475 1251 
900 1251 475 358 1253 
901 1252 1251 1253 396 
902 364 416 1254 1255 
903 416 393 1252 1254 
904 1254 1252 396 1256 
905 1255 1254 1256 312 
906 380 1258 1257 407 
907 1258 401 1259 1257 
908 1257 1259 394 414 
909 407 1257 414 75 
910 309 501 1260 1217 
911 501 417 1261 1260 
912 1260 1261 420 1262 
913 1217 1260 1262 85 
914 360 486 1263 472 
915 486 421 1264 1263 
916 1263 1264 424 1265 
917 472 1263 1265 308 
918 425 490 1266 476 
919 490 427 1267 1266 
920 1266 1267 360 1268 
921 476 1266 1268 428 
922 74 1270 1269 1168 
923 1270 434 1271 1269 
924 1269 1271 433 507 
925 1168 1269 507 142 
926 434 1273 1272 1271 
927 1273 136 1274 1272 
928 1272 1274 435 559 
929 1271 1272 559 433 
930 140 1276 1275 1248 
931 1276 437 1277 1275 
932 1275 1277 436 492 
933 1248 1275 492 377 
934 437 1279 1278 1277 
935 1279 142 1280 1278 
936 1278 1280 438 510 
937 1277 1278 510 436 
938 484 1282 1281 496 
939 1282 422 513 1281 
940 1281 513 485 1283 
941 496 1281 1283 483 
942 427 497 1284 1267 
943 497 483 1285 1284 
944 1284 1285 486 1286 
945 1267 1284 1286 360 
946 142 1288 1287 1280 
947 1288 507 1289 1287 
948 1287 1289 506 526 
949 1280 1287 526 438 
950 507 1291 1290 1289 
951 1291 433 1292 1290 
952 1290 1292 508 562 
953 1289 1290 562 506 
954 499 1294 1293 550 
955 1294 545 569 1293 
956 1293 569 544 1295 
957 550 1293 1295 519 
958 138 1297 1296 557 
959 1297 552 1298 1296 
960 1296 1298 533 611 
961 557 1296 611 43 
962 136 1300 1299 1274 
963 1300 556 1301 1299 
964 1299 1301 555 589 
965 1274 1299 589 435 
966 555 1303 1302 590 
967 1303 557 1304 1302 
968 1302 1304 43 615 
969 590 1302 615 537 
970 433 1306 1305 1292 
971 1306 559 1307 1305 
972 1305 1307 558 574 
973 1292 1305 574 508 
974 559 1309 1308 1307 
975 1309 435 1310 1308 
976 1308 1310 560 592 
977 1307 1308 592 558 
978 565 1312 1311 578 
979 1312 541 595 1311 
980 1311 595 566 1313 
981 578 1311 1313 564 
982 435 1315 1314 1310 
983 1315 589 1316 1314 
984 1314 1316 588 608 
985 1310 1314 608 560 
986 588 1318 1317 609 
987 1318 590 1319 1317 
988 1317 1319 537 619 
989 609 1317 619 581 
990 139 1321 1320 605 
991 1321 600 623 1320 
992 1320 623 599 1322 
993 605 1320 1322 586 
994 42 1324 1323 1156 
995 1324 640 1325 1323 
996 1323 1325 639 658 
997 1156 1323 658 134 
998 640 1327 1326 1325 
999 1327 128 1328 1326 
1000 1326 1328 641 687 
1001 1325 1326 687 639 
1002 664 749 1329 1330 
1003 749 666 839 1329 
1004 1329 839 296 1331 
1005 1330 1329 1331 667 
1006 300 708 1332 1333 
1007 708 664 1330 1332 
1008 1332 1330 667 1334 
1009 1333 1332 1334 37 
1010 673 1336 1335 691 
1011 1336 131 701 1335 
1012 1335 701 674 1337 
1013 691 1335 1337 672 
1014 26 1339 1338 1150 
1015 1339 681 1340 1338 
1016 1338 1340 680 718 
1017 1150 1338 718 130 
1018 681 1342 1341 1340 
1019 1342 124 1343 1341 
1020 1341 1343 682 762 
1021 1340 1341 762 680 
1022 128 1345 1344 1328 
1023 1345 684 1346 1344 
1024 1344 1346 683 698 
1025 1328 1344 698 641 
1026 684 1348 1347 1346 
1027 1348 130 1349 1347 
1028 1347 1349 685 721 
1029 1346 1347 721 683 
1030 130 1351 1350 1349 
1031 1351 718 1352 1350 
1032 1350 1352 717 736 
1033 1349 1350 736 685 
1034 718 1354 1353 1352 
1035 1354 680 1355 1353 
1036 1353 1355 719 765 
1037 1352 1353 765 717 
1038 124 1357 1356 1343 
1039 1357 759 1358 1356 
1040 1356 1358 758 799 
1041 1343 1356 799 682 
1042 759 1360 1359 1358 
1043 1360 126 1361 1359 
1044 1359 1361 760 852 
1045 1358 1359 852 758 
1046 680 1363 1362 1355 
1047 1363 762 1364 1362 
1048 1362 1364 761 780 
1049 1355 1362 780 719 
1050 762 1366 1365 1364 
1051 1366 682 1367 1365 
1052 1365 1367 763 802 
1053 1364 1365 802 761 
1054 748 811 1368 1369 
1055 811 786 843 1368 
1056 1368 843 789 1370 
1057 1369 1368 1370 666 
1058 682 1372 1371 1367 
1059 1372 799 1373 1371 
1060 1371 1373 798 817 
1061 1367 1371 817 763 
1062 798 1375 1374 818 
1063 1375 800 1376 1374 
1064 1374 1376 743 828 
1065 818 1374 828 787 
1066 800 1378 1377 1376 
1067 1378 851 1379 1377 
1068 1377 1379 824 855 
1069 1376 1377 855 743 
1070 900 965 1380 983 
1071 965 332 1381 1380 
1072 1380 1381 903 1382 
1073 983 1380 1382 901 
1074 162 1384 1383 1230 
1075 1384 955 1385 1383 
1076 1383 1385 954 1005 
1077 1230 1383 1005 331 
1078 955 1387 1386 1385 
1079 1387 325 1388 1386 
1080 1386 1388 956 1016 
1081 1385 1386 1016 954 
1082 329 1390 1389 973 
1083 1390 959 1391 1389 
1084 1389 1391 958 1001 
1085 973 1389 1001 899 
1086 908 977 1392 987 
1087 977 962 1393 1392 
1088 1392 1393 965 1394 
1089 987 1392 1394 900 
1090 107 1007 1395 998 
1091 1007 957 1396 1395 
1092 1395 1396 994 1397 
1093 998 1395 1397 895 
1094 957 1018 1398 1396 
1095 1018 328 1399 1398 
1096 1398 1399 995 1400 
1097 1396 1398 1400 994 
1098 332 1003 1401 1381 
1099 1003 961 1402 1401 
1100 1401 1402 997 1403 
1101 1381 1401 1403 903 
1102 327 1405 1404 1013 
1103 1405 1008 1406 1404 
1104 1404 1406 1010 1025 
1105 1013 1404 1025 151 
1106 328 1408 1407 1399 
1107 1408 1014 1029 1407 
1108 1407 1029 1021 1409 
1109 1399 1407 1409 995 
1110 1 1412 1410 1411 
1111 1412 17 1044 1410 
1112 1410 1044 15 211 
1113 1411 1410 211 16 
1114 15 1415 1413 1414 
1115 1415 33 1056 1413 
1116 1413 1056 31 214 
1117 1414 1413 214 32 
1118 31 1418 1416 1417 
1119 1418 49 1071 1416 
1120 1416 1071 47 217 
1121 1417 1416 217 48 
1122 47 1421 1419 1420 
1123 1421 65 1086 1419 
1124 1419 1086 63 220 
1125 1420 1419 220 64 
1126 63 1424 1422 1423 
1127 1424 81 1101 1422 
1128 1422 1101 79 223 
1129 1423 1422 223 80 
1130 79 1427 1425 1426 
1131 1427 97 1116 1425 
1132 1425 1116 95 226 
1133 1426 1425 226 96 
1134 95 1430 1428 1429 
1135 1430 113 1134 1428 
1136 1428 1134 111 229 
1137 1429 1428 229 112 
1138 203 1433 1431 1432 
1139 1433 104 1137 1431 
1140 1431 1137 120 1192 
1141 1432 1431 1192 201 
1142 223 1436 1434 1435 
1143 1436 79 1426 1434 
1144 1434 1426 96 244 
1145 1435 1434 244 221 
1146 226 1439 1437 1438 
1147 1439 95 1429 1437 
1148 1437 1429 112 232 
1149 1438 1437 232 224 
1150 299 671 1440 1208 
1151 671 300 1333 1440 
1152 1440 1333 37 1441 
1153 1208 1440 1441 301 
1154 302 634 1442 1211 
1155 634 303 1443 1442 
1156 1442 1443 53 1444 
1157 1211 1442 1444 304 
1158 305 539 1445 1214 
1159 539 306 1446 1445 
1160 1445 1446 69 1447 
1161 1214 1445 1447 307 
1162 311 365 1448 1449 
1163 365 312 1238 1448 
1164 1448 1238 101 1450 
1165 1449 1448 1450 313 
1166 117 345 1451 1452 
1167 345 311 1449 1451 
1168 1451 1449 313 1453 
1169 1452 1451 1453 99 
1170 362 400 1454 1455 
1171 400 364 1255 1454 
1172 1454 1255 312 1456 
1173 1455 1454 1456 365 
1174 344 387 1457 1458 
1175 387 362 1455 1457 
1176 1457 1455 365 1459 
1177 1458 1457 1459 311 
1178 144 1461 1460 1236 
1179 1461 379 1462 1460 
1180 1460 1462 378 1250 
1181 1236 1460 1250 348 
1182 379 1464 1463 1462 
1183 1464 146 1465 1463 
1184 1463 1465 380 406 
1185 1462 1463 406 378 
1186 146 1467 1466 1465 
1187 1467 402 1468 1466 
1188 1466 1468 401 1258 
1189 1465 1466 1258 380 
1190 401 1470 1469 1259 
1191 1470 403 1471 1469 
1192 1469 1471 359 430 
1193 1259 1469 430 394 
1194 417 543 1472 1261 
1195 543 419 1473 1472 
1196 1472 1473 305 1474 
1197 1261 1472 1474 420 
1198 421 505 1475 1264 
1199 505 423 1476 1475 
1200 1475 1476 309 1477 
1201 1264 1475 1477 424 
1202 403 1479 1478 1471 
1203 1479 439 1480 1478 
1204 1478 1480 426 443 
1205 1471 1478 443 359 
1206 483 1283 1481 1285 
1207 1283 485 1482 1481 
1208 1481 1482 421 1483 
1209 1285 1481 1483 486 
1210 423 520 1484 1476 
1211 520 498 1485 1484 
1212 1484 1485 501 1486 
1213 1476 1484 1486 309 
1214 485 516 1487 1482 
1215 516 502 1488 1487 
1216 1487 1488 505 1489 
1217 1482 1487 1489 421 
1218 306 613 1490 1446 
1219 613 532 1491 1490 
1220 1490 1491 535 1492 
1221 1446 1490 1492 69 
1222 419 583 1493 1473 
1223 583 536 1494 1493 
1224 1493 1494 539 1495 
1225 1473 1493 1495 305 
1226 58 1497 1496 1162 
1227 1497 553 1498 1496 
1228 1496 1498 552 1297 
1229 1162 1496 1297 138 
1230 552 1500 1499 1298 
1231 1500 554 1501 1499 
1232 1499 1501 135 636 
1233 1298 1499 636 533 
1234 556 1503 1502 1301 
1235 1503 138 1504 1502 
1236 1502 1504 557 1303 
1237 1301 1502 1303 555 
1238 589 1506 1505 1316 
1239 1506 555 1507 1505 
1240 1505 1507 590 1318 
1241 1316 1505 1318 588 
1242 303 652 1508 1443 
1243 652 627 1509 1508 
1244 1508 1509 630 1510 
1245 1443 1508 1510 53 
1246 554 1512 1511 1501 
1247 1512 642 1513 1511 
1248 1511 1513 632 646 
1249 1501 1511 646 135 
1250 746 793 1514 1515 
1251 793 748 1369 1514 
1252 1514 1369 666 1516 
1253 1515 1514 1516 749 
1254 707 774 1517 1518 
1255 774 746 1515 1517 
1256 1517 1515 749 1519 
1257 1518 1517 1519 664 
1258 799 1521 1520 1373 
1259 1521 758 1522 1520 
1260 1520 1522 800 1375 
1261 1373 1520 1375 798 
1262 758 1524 1523 1522 
1263 1524 852 1525 1523 
1264 1523 1525 851 1378 
1265 1522 1523 1378 800 
1266 851 1527 1526 1379 
1267 1527 853 1528 1526 
1268 1526 1528 8 873 
1269 1379 1526 873 824 
1270 148 1530 1529 1227 
1271 1530 1009 1531 1529 
1272 1529 1531 1008 1405 
1273 1227 1529 1405 327 
1274 1008 1533 1532 1406 
1275 1533 355 1534 1532 
1276 1532 1534 91 1034 
1277 1406 1532 1034 1010 
1278 956 1536 1535 1017 
1279 1536 1011 1537 1535 
1280 1535 1537 1014 1408 
1281 1017 1535 1408 328 
1282 115 316 1538 1539 
1283 316 117 1452 1538 
1284 1538 1452 99 1540 
1285 1539 1538 1540 118 
1286 116 158 1541 1542 
1287 158 115 1539 1541 
1288 1541 1539 118 1543 
1289 1542 1541 1543 100 
1290 152 167 1544 1545 
1291 167 116 1542 1544 
1292 1544 1542 100 1546 
1293 1545 1544 1546 154 
1294 153 200 1547 1548 
1295 200 152 1545 1547 
1296 1547 1545 154 1549 
1297 1548 1547 1549 108 
1298 193 236 1550 1551 
1299 236 153 1548 1550 
1300 1550 1548 108 1552 
1301 1551 1550 1552 196 
1302 194 268 1553 1554 
1303 268 193 1551 1553 
1304 1553 1551 196 1555 
1305 1554 1553 1555 109 
1306 111 1558 1556 1557 
1307 1558 203 1432 1556 
1308 1556 1432 201 1195 
1309 1557 1556 1195 202 
1310 96 1561 1559 1560 
1311 1561 226 1438 1559 
1312 1559 1438 224 248 
1313 1560 1559 248 225 
1314 342 369 1562 1563 
1315 369 344 1458 1562 
1316 1562 1458 311 1564 
1317 1563 1562 1564 345 
1318 315 353 1565 1566 
1319 353 342 1563 1565 
1320 1565 1563 345 1567 
1321 1566 1565 1567 117 
1322 355 1569 1568 1534 
1323 1569 354 1570 1568 
1324 1568 1570 351 1038 
1325 1534 1568 1038 91 
1326 402 1572 1571 1468 
1327 1572 375 1573 1571 
1328 1571 1573 403 1470 
1329 1468 1571 1470 401 
1330 375 1575 1574 1573 
1331 1575 440 1576 1574 
1332 1574 1576 439 1479 
1333 1573 1574 1479 403 
1334 439 1578 1577 1480 
1335 1578 441 1579 1577 
1336 1577 1579 143 488 
1337 1480 1577 488 426 
1338 441 1581 1580 1579 
1339 1581 491 1582 1580 
1340 1580 1582 484 495 
1341 1579 1580 495 143 
1342 498 547 1583 1485 
1343 547 500 1584 1583 
1344 1583 1584 417 1585 
1345 1485 1583 1585 501 
1346 502 524 1586 1488 
1347 524 504 1587 1586 
1348 1586 1587 423 1588 
1349 1488 1586 1588 505 
1350 504 531 1589 1587 
1351 531 517 1590 1589 
1352 1589 1590 520 1591 
1353 1587 1589 1591 423 
1354 532 638 1592 1491 
1355 638 534 1593 1592 
1356 1592 1593 302 1594 
1357 1491 1592 1594 535 
1358 536 617 1595 1494 
1359 617 538 1596 1595 
1360 1595 1596 306 1597 
1361 1494 1595 1597 539 
1362 500 567 1598 1584 
1363 567 540 1599 1598 
1364 1598 1599 543 1600 
1365 1584 1598 1600 417 
1366 553 1602 1601 1498 
1367 1602 132 1603 1601 
1368 1601 1603 554 1500 
1369 1498 1601 1500 552 
1370 627 675 1604 1509 
1371 675 629 1605 1604 
1372 1604 1605 299 1606 
1373 1509 1604 1606 630 
1374 534 648 1607 1593 
1375 648 631 1608 1607 
1376 1607 1608 634 1609 
1377 1593 1607 1609 302 
1378 132 1611 1610 1603 
1379 1611 643 1612 1610 
1380 1610 1612 642 1512 
1381 1603 1610 1512 554 
1382 642 1614 1613 1513 
1383 1614 644 1615 1613 
1384 1613 1615 27 654 
1385 1513 1613 654 632 
1386 644 1617 1616 1615 
1387 1617 657 1618 1616 
1388 1616 1618 650 661 
1389 1615 1616 661 27 
1390 629 696 1619 1605 
1391 696 668 1620 1619 
1392 1619 1620 671 1621 
1393 1605 1619 1621 299 
1394 705 753 1622 1623 
1395 753 707 1518 1622 
1396 1622 1518 664 1624 
1397 1623 1622 1624 708 
1398 670 730 1625 1626 
1399 730 705 1623 1625 
1400 1625 1623 708 1627 
1401 1626 1625 1627 300 
1402 852 1629 1628 1525 
1403 1629 760 1630 1628 
1404 1628 1630 853 1527 
1405 1525 1628 1527 851 
1406 1009 1632 1631 1531 
1407 1632 150 1633 1631 
1408 1631 1633 355 1533 
1409 1531 1631 1533 1008 
1410 325 1635 1634 1388 
1411 1635 1012 1636 1634 
1412 1634 1636 1011 1536 
1413 1388 1634 1536 956 
1414 1011 1638 1637 1537 
1415 1638 1013 1639 1637 
1416 1637 1639 151 1030 
1417 1537 1637 1030 1014 
