2 0.000000 100.000000 5791.461216
1629 1405 
1 -147.787889 0.000000 -147.826199 98.808554 0.021292 15.446685 -0.000173 
2 154.271383 0.000000 -147.826199 98.806094 0.145899 15.493813 -0.000272 
3 154.271383 0.000000 147.829350 98.760243 -0.264176 15.607329 0.000276 
4 -147.787889 0.000000 147.829350 98.781556 -0.034306 15.450552 0.000348 
5 3.241747 0.000000 0.001576 104.986819 0.525195 -0.517053 -0.102278 
6 -147.787889 0.000000 0.001576 98.790938 -0.008372 15.432438 0.000219 
7 3.241747 0.000000 -147.826199 98.827135 0.013448 15.472144 -0.000619 
8 154.271383 0.000000 0.001576 98.905105 5.128678 14.766560 -0.002657 
9 3.241747 0.000000 147.829350 98.742192 -0.021955 15.512318 0.000935 
10 78.756565 0.000000 -73.912312 98.826362 0.146225 15.556000 -0.000866 
11 3.241747 0.000000 -73.912312 98.887794 0.094038 15.485972 -0.001862 
12 78.756565 0.000000 -147.826199 98.818393 0.130162 15.490794 -0.000506 
13 154.271383 0.000000 -73.912312 98.798902 0.359282 15.539314 -0.000282 
14 78.756565 0.000000 0.001576 98.452091 12.529577 17.454727 -0.015447 
15 -72.273071 0.000000 -73.912312 98.827033 0.010563 15.428877 -0.000483 
16 -147.787889 0.000000 -73.912312 98.805659 0.012620 15.438010 -0.000089 
17 -72.273071 0.000000 -147.826199 98.819178 0.045026 15.451247 -0.000397 
18 -72.273071 0.000000 0.001576 98.751062 -0.009909 15.382007 0.001162 
19 78.756565 0.000000 73.915463 98.611614 -0.534254 16.200507 0.001301 
20 3.241747 0.000000 73.915463 98.543244 -0.186776 15.720529 0.004206 
21 154.271383 0.000000 73.915463 98.612172 -1.598380 16.551995 -0.000088 
22 78.756565 0.000000 147.829350 98.748975 -0.203197 15.566886 0.000627 
23 40.999156 0.000000 -36.955368 98.895112 1.015708 15.467649 -0.002052 
24 3.241747 0.000000 -36.955368 99.006681 0.598063 15.367174 -0.003883 
25 40.999156 0.000000 -73.912312 98.863292 0.144511 15.542525 -0.001554 
26 78.756565 0.000000 -36.955368 98.826179 0.783119 15.487238 -0.000708 
27 40.999156 0.000000 0.001576 98.386830 12.858216 16.304391 -0.011114 
28 -72.273071 0.000000 73.915463 98.722828 -0.019062 15.452785 0.001501 
29 -147.787889 0.000000 73.915463 98.779428 -0.028060 15.441519 0.000418 
30 -72.273071 0.000000 147.829350 98.762527 -0.066354 15.463909 0.000683 
31 -34.515662 0.000000 -36.955368 98.856817 0.062745 15.340052 -0.000799 
32 -72.273071 0.000000 -36.955368 98.809290 0.007938 15.397724 -0.000037 
33 -34.515662 0.000000 -73.912312 98.858959 0.034643 15.436504 -0.001138 
34 -34.515662 0.000000 0.001576 98.570438 -0.098582 15.198038 0.005288 
35 40.999156 0.000000 36.958519 98.087681 -4.264451 17.721935 0.004655 
36 3.241747 0.000000 36.958519 97.762986 -1.479711 16.361892 0.017250 
37 78.756565 0.000000 36.958519 98.371455 -7.567858 17.651740 -0.004580 
38 40.999156 0.000000 73.915463 98.561560 -0.362702 15.999380 0.002951 
39 22.120451 0.000000 -18.476896 99.191065 5.395831 15.551117 -0.010982 
40 3.241747 0.000000 -18.476896 99.645418 2.825418 14.860396 -0.015802 
41 22.120451 0.000000 -36.955368 98.967786 0.972637 15.449779 -0.003426 
42 40.999156 0.000000 -18.476896 98.859853 4.662264 15.027058 -0.002082 
43 22.120451 0.000000 0.001576 99.409389 13.232337 12.479974 -0.021307 
44 -34.515662 0.000000 36.958519 98.478872 -0.155483 15.459787 0.006288 
45 -72.273071 0.000000 36.958519 98.710671 -0.023247 15.418602 0.001847 
46 -34.515662 0.000000 73.915463 98.638903 -0.063236 15.514220 0.002967 
47 -15.636957 0.000000 -18.476896 99.007380 0.379518 14.787972 -0.002129 
48 -34.515662 0.000000 -18.476896 98.777778 0.024866 15.242084 0.001063 
49 -15.636957 0.000000 -36.955368 98.932660 0.205167 15.322058 -0.002248 
50 -15.636957 0.000000 0.001576 98.282326 -0.566096 14.317528 0.013527 
51 22.120451 0.000000 18.480048 98.275282 -14.963572 10.104855 0.001595 
52 3.241747 0.000000 18.480048 96.719213 -6.983721 14.762860 0.037868 
53 40.999156 0.000000 18.480048 100.228212 -16.673619 3.440779 -0.033554 
54 22.120451 0.000000 36.958519 97.824943 -2.922990 17.241230 0.012448 
55 12.681099 0.000000 -9.237660 100.724557 10.073482 17.599719 -0.055666 
56 3.241747 0.000000 -9.237660 100.633874 4.788504 14.431167 -0.035836 
57 12.681099 0.000000 -18.476896 99.572014 4.679366 15.436939 -0.017478 
58 22.120451 0.000000 -9.237660 98.815699 11.654494 18.290582 -0.023492 
59 12.681099 0.000000 0.001576 104.391358 17.052131 9.597465 -0.128044 
60 -15.636957 0.000000 18.480048 97.605128 -1.128521 15.116232 0.024346 
61 -34.515662 0.000000 18.480048 98.430852 -0.191269 15.329096 0.007635 
62 -15.636957 0.000000 36.958519 98.141109 -0.504350 15.680530 0.012219 
63 -6.197605 0.000000 -9.237660 99.229635 0.909341 14.131371 -0.004704 
64 -15.636957 0.000000 -9.237660 98.755395 0.140607 14.458080 0.003832 
65 -6.197605 0.000000 -18.476896 99.288671 1.129282 14.645307 -0.007400 
66 -6.197605 0.000000 0.001576 99.121372 -1.453365 14.028445 -0.002396 
67 12.681099 0.000000 9.240812 103.907374 -6.058896 -1.914140 -0.083712 
68 3.241747 0.000000 9.240812 101.671214 -8.701482 8.271790 -0.048117 
69 22.120451 0.000000 9.240812 101.310116 -2.200800 -5.008773 -0.029367 
70 12.681099 0.000000 18.480048 97.477487 -11.737685 12.850253 0.019524 
71 7.961423 0.000000 -4.618042 102.825272 9.909295 13.208320 -0.084569 
72 3.241747 0.000000 -4.618042 99.846582 5.357356 12.054453 -0.014335 
73 7.961423 0.000000 -9.237660 101.264277 7.926154 15.854573 -0.056865 
74 12.681099 0.000000 -4.618042 101.892782 12.125578 16.081973 -0.078780 
75 7.961423 0.000000 0.001576 106.719607 -8.610034 1.306088 -0.146491 
76 -6.197605 0.000000 9.240812 97.803728 -3.669192 13.666280 0.023420 
77 -15.636957 0.000000 9.240812 97.771959 -1.160797 14.593414 0.022633 
78 -6.197605 0.000000 18.480048 96.930895 -2.970760 15.128008 0.036672 
79 -1.477929 0.000000 -4.618042 99.100953 1.365627 13.935857 -0.001707 
80 -6.197605 0.000000 -4.618042 98.975368 -0.005141 14.029088 0.000706 
81 -1.477929 0.000000 -9.237660 99.648903 2.198642 14.073508 -0.013280 
82 -1.477929 0.000000 0.001576 104.992180 -0.555792 4.941396 -0.104808 
83 7.961423 0.000000 4.621194 109.156619 -1.581222 1.121560 -0.191893 
84 3.241747 0.000000 4.621194 108.516540 -5.551599 5.744469 -0.183966 
85 12.681099 0.000000 4.621194 106.084034 3.779060 0.495734 -0.126835 
86 7.961423 0.000000 9.240812 104.037391 -8.801697 2.772513 -0.090894 
87 5.601585 0.000000 -2.308233 102.624510 7.850050 7.127413 -0.064421 
88 3.241747 0.000000 -2.308233 104.992231 1.148761 -4.099073 -0.104149 
89 5.601585 0.000000 -4.618042 101.712328 7.823223 12.007174 -0.055077 
90 7.961423 0.000000 -2.308233 104.620635 10.212243 9.237909 -0.113511 
91 5.601585 0.000000 0.001576 105.136169 1.551548 -7.185526 -0.110765 
92 -1.477929 0.000000 4.621194 102.552091 -4.702399 11.804447 -0.067839 
93 -6.197605 0.000000 4.621194 98.836355 -2.896298 13.561958 0.003906 
94 -1.477929 0.000000 9.240812 99.136410 -6.120258 12.077288 -0.001135 
95 0.881909 0.000000 -2.308233 104.609085 -0.412372 3.204324 -0.095350 
96 -1.477929 0.000000 -2.308233 98.205225 0.345480 15.517245 0.011483 
97 0.881909 0.000000 -4.618042 98.680898 3.106530 13.333452 0.007465 
98 0.881909 0.000000 0.001576 104.588892 -0.158514 2.697737 -0.094614 
99 5.601585 0.000000 2.311385 110.745394 -1.651569 1.748188 -0.227033 
100 3.241747 0.000000 2.311385 104.992231 1.148761 -4.099073 -0.104149 
101 7.961423 0.000000 2.311385 109.161515 1.178292 2.596565 -0.192437 
102 5.601585 0.000000 4.621194 109.421805 -4.194958 2.745488 -0.199827 
103 4.421666 0.000000 -1.153329 104.992231 1.148761 -4.099073 -0.104149 
104 3.241747 0.000000 -1.153329 104.550944 0.667738 -2.859597 -0.093952 
105 4.421666 0.000000 -2.308233 105.136169 1.551548 -7.185526 -0.110765 
106 5.601585 0.000000 -1.153329 105.136169 1.551548 -7.185526 -0.110765 
107 4.421666 0.000000 0.001576 104.992231 1.148761 -4.099073 -0.104149 
108 0.881909 0.000000 2.311385 104.609085 -0.412372 3.204324 -0.095350 
109 -1.477929 0.000000 2.311385 104.527906 -3.341115 14.243260 -0.114012 
110 0.881909 0.000000 4.621194 106.138889 -5.593566 9.490474 -0.138682 
111 2.061828 0.000000 -1.153329 104.844437 0.438564 -0.746934 -0.099311 
112 0.881909 0.000000 -1.153329 104.669398 -0.229226 3.116221 -0.096545 
113 2.061828 0.000000 -2.308233 104.757635 -0.121542 3.181450 -0.098430 
114 2.061828 0.000000 0.001576 104.826808 0.426990 -0.448985 -0.098904 
115 4.421666 0.000000 1.156480 104.992231 1.148761 -4.099073 -0.104149 
116 3.241747 0.000000 1.156480 104.550944 0.667738 -2.859597 -0.093952 
117 5.601585 0.000000 1.156480 105.136169 1.551548 -7.185526 -0.110765 
118 4.421666 0.000000 2.311385 105.136169 1.551548 -7.185526 -0.110765 
119 3.831707 0.000000 -0.575877 104.777281 0.890544 -3.332538 -0.099018 
120 3.241747 0.000000 -0.575877 104.844437 0.438564 -0.746934 -0.099311 
121 3.831707 0.000000 -1.153329 104.888929 1.015785 -3.669523 -0.101618 
122 4.421666 0.000000 -0.575877 104.992231 1.148761 -4.099073 -0.104149 
123 3.831707 0.000000 0.001576 104.903953 1.014591 -4.292218 -0.102429 
124 116.513974 0.000000 -36.955368 98.804264 0.578111 15.511339 -0.000322 
125 116.513974 0.000000 -73.912312 98.806648 0.129129 15.551002 -0.000460 
126 154.271383 0.000000 -36.955368 98.794902 0.435448 15.528813 -0.000177 
127 116.513974 0.000000 0.001576 98.817923 8.685288 15.290373 -0.007421 
128 59.877860 0.000000 -18.476896 98.879365 3.647674 14.965459 -0.001440 
129 59.877860 0.000000 -36.955368 98.849665 0.908369 15.476357 -0.001160 
130 78.756565 0.000000 -18.476896 98.871387 2.848660 15.026738 -0.000947 
131 59.877860 0.000000 0.001576 98.302441 13.113499 18.011200 -0.015974 
132 31.559804 0.000000 -9.237660 98.472226 11.385477 17.398023 -0.012910 
133 31.559804 0.000000 -18.476896 98.856768 5.151892 15.159487 -0.002901 
134 40.999156 0.000000 -9.237660 98.533356 10.502732 16.332796 -0.008589 
135 31.559804 0.000000 0.001576 98.541703 12.844597 14.729371 -0.009241 
136 17.400775 0.000000 -4.618042 100.073194 12.549151 18.231288 -0.050451 
137 17.400775 0.000000 -9.237660 99.582889 11.368380 18.304165 -0.038103 
138 22.120451 0.000000 -4.618042 98.694920 12.856693 18.684575 -0.025510 
139 17.400775 0.000000 0.001576 101.120167 14.067030 11.430769 -0.055383 
140 10.321261 0.000000 -2.308233 104.407873 11.793497 11.319160 -0.116821 
141 10.321261 0.000000 -4.618042 102.735650 11.325086 14.753224 -0.090053 
142 12.681099 0.000000 -2.308233 103.146624 12.651693 12.962429 -0.096732 
143 10.321261 0.000000 0.001576 104.461884 44.451196 22.925060 -0.341375 
144 6.781504 0.000000 -1.153329 105.390114 9.851574 5.038684 -0.122952 
145 6.781504 0.000000 -2.308233 104.001531 9.125496 8.109607 -0.096536 
146 7.961423 0.000000 -1.153329 105.870387 11.106150 6.685403 -0.137658 
147 6.781504 0.000000 0.001576 103.622337 1.990164 -17.545913 -0.104941 
148 5.011626 0.000000 -0.575877 105.079789 1.289501 -4.698191 -0.106550 
149 5.011626 0.000000 -1.153329 105.136077 1.425945 -5.645734 -0.108750 
150 5.601585 0.000000 -0.575877 105.136169 1.551548 -7.185526 -0.110765 
151 5.011626 0.000000 0.001576 105.079789 1.289501 -4.698191 -0.106550 
152 2.061828 0.000000 1.156480 104.844437 0.438564 -0.746934 -0.099311 
153 0.881909 0.000000 1.156480 104.669398 -0.229226 3.116221 -0.096545 
154 2.061828 0.000000 2.311385 104.757635 -0.121542 3.181450 -0.098430 
155 3.831707 0.000000 0.579028 104.777281 0.890544 -3.332538 -0.099018 
156 3.241747 0.000000 0.579028 104.844437 0.438564 -0.746934 -0.099311 
157 4.421666 0.000000 0.579028 104.992231 1.148761 -4.099073 -0.104149 
158 3.831707 0.000000 1.156480 104.888929 1.015785 -3.669523 -0.101618 
159 4.126686 0.000000 -0.287150 104.888929 1.015785 -3.669523 -0.101618 
160 3.831707 0.000000 -0.287150 104.777281 0.890544 -3.332538 -0.099018 
161 4.126686 0.000000 -0.575877 104.888929 1.015785 -3.669523 -0.101618 
162 4.421666 0.000000 -0.287150 104.992231 1.148761 -4.099073 -0.104149 
163 4.126686 0.000000 0.001576 104.547642 1.193245 -6.387222 -0.097243 
164 2.651788 0.000000 0.579028 104.844437 0.438564 -0.746934 -0.099311 
165 2.061828 0.000000 0.579028 104.844437 0.438564 -0.746934 -0.099311 
166 2.651788 0.000000 0.001576 104.876780 0.464538 -0.264717 -0.099942 
167 2.651788 0.000000 1.156480 104.844437 0.438564 -0.746934 -0.099311 
168 3.536727 0.000000 0.290302 104.675944 0.713227 -2.704767 -0.096488 
169 3.241747 0.000000 0.290302 104.909518 0.479348 -0.506764 -0.100649 
170 3.536727 0.000000 0.001576 104.771593 0.773183 -2.959197 -0.098644 
171 3.831707 0.000000 0.290302 104.777281 0.890544 -3.332538 -0.099018 
172 3.536727 0.000000 0.579028 104.663287 0.774443 -3.061860 -0.096438 
173 -110.030480 0.000000 36.958519 98.765295 -0.005862 15.429221 0.000736 
174 -147.787889 0.000000 36.958519 98.783191 -0.019768 15.435749 0.000362 
175 -110.030480 0.000000 0.001576 98.781416 -0.002301 15.419919 0.000446 
176 -110.030480 0.000000 73.915463 98.761971 -0.006528 15.442515 0.000760 
177 -53.394366 0.000000 18.480048 98.648007 -0.051719 15.368766 0.003237 
178 -72.273071 0.000000 18.480048 98.723094 -0.019239 15.396132 0.001671 
179 -53.394366 0.000000 0.001576 98.704908 -0.026263 15.331794 0.002228 
180 -53.394366 0.000000 36.958519 98.637853 -0.055552 15.420113 0.003279 
181 -25.076310 0.000000 9.240812 98.260168 -0.394090 15.158516 0.011500 
182 -34.515662 0.000000 9.240812 98.476664 -0.162788 15.248924 0.006979 
183 -25.076310 0.000000 0.001576 98.432994 -0.223054 15.020035 0.008529 
184 -25.076310 0.000000 18.480048 98.192870 -0.422133 15.321920 0.012322 
185 -10.917281 0.000000 4.621194 98.069818 -1.703161 13.979798 0.018398 
186 -15.636957 0.000000 4.621194 98.009538 -0.935670 14.398732 0.018593 
187 -10.917281 0.000000 0.001576 98.466885 -0.944336 13.996951 0.010747 
188 -10.917281 0.000000 9.240812 97.601229 -2.095230 14.266464 0.026608 
189 -3.837767 0.000000 2.311385 100.655620 -2.763749 13.774516 -0.032893 
190 -6.197605 0.000000 2.311385 99.132924 -2.238666 13.792838 -0.002259 
191 -3.837767 0.000000 0.001576 100.106818 -1.582403 14.580901 -0.023648 
192 -3.837767 0.000000 4.621194 100.185407 -3.772852 13.016090 -0.022077 
193 -0.298010 0.000000 1.156480 104.609085 -0.412372 3.204324 -0.095350 
194 -1.477929 0.000000 1.156480 105.387888 -0.569070 6.197844 -0.114534 
195 -0.298010 0.000000 0.001576 104.609085 -0.412372 3.204324 -0.095350 
196 -0.298010 0.000000 2.311385 104.992180 -0.555792 4.941396 -0.104808 
197 1.471868 0.000000 0.579028 104.974283 0.103066 2.516257 -0.102594 
198 0.881909 0.000000 0.579028 104.757635 -0.121542 3.181450 -0.098430 
199 1.471868 0.000000 0.001576 104.883280 0.092369 2.273273 -0.100568 
200 1.471868 0.000000 1.156480 104.871655 -0.009893 3.026495 -0.100722 
201 2.651788 0.000000 -0.575877 104.844437 0.438564 -0.746934 -0.099311 
202 2.061828 0.000000 -0.575877 104.844437 0.438564 -0.746934 -0.099311 
203 2.651788 0.000000 -1.153329 104.844437 0.438564 -0.746934 -0.099311 
204 2.356808 0.000000 0.290302 104.850167 0.446058 -0.535084 -0.099404 
205 2.061828 0.000000 0.290302 104.826808 0.426990 -0.448985 -0.098904 
206 2.356808 0.000000 0.001576 104.876780 0.464538 -0.264717 -0.099942 
207 2.651788 0.000000 0.290302 104.876780 0.464538 -0.264717 -0.099942 
208 2.356808 0.000000 0.579028 104.844437 0.438564 -0.746934 -0.099311 
209 -110.030480 0.000000 -36.955368 98.800970 0.001821 15.423324 0.000049 
210 -147.787889 0.000000 -36.955368 98.799614 0.003390 15.433626 0.000044 
211 -110.030480 0.000000 -73.912312 98.811744 0.003640 15.433874 -0.000197 
212 -53.394366 0.000000 -18.476896 98.777005 0.004727 15.338886 0.000782 
213 -72.273071 0.000000 -18.476896 98.784071 0.000735 15.383782 0.000505 
214 -53.394366 0.000000 -36.955368 98.822997 0.020551 15.373614 -0.000233 
215 -25.076310 0.000000 -9.237660 98.630121 -0.016135 15.063662 0.004519 
216 -34.515662 0.000000 -9.237660 98.679735 -0.024039 15.196796 0.003137 
217 -25.076310 0.000000 -18.476896 98.780089 0.091886 15.145483 0.001310 
218 -10.917281 0.000000 -4.618042 98.743914 -0.143092 14.057639 0.005200 
219 -15.636957 0.000000 -4.618042 98.539541 -0.167785 14.345623 0.008413 
220 -10.917281 0.000000 -9.237660 98.878843 0.409202 14.212439 0.002081 
221 -3.837767 0.000000 -2.308233 99.312360 -0.440223 14.425059 -0.007122 
222 -6.197605 0.000000 -2.308233 98.991450 -0.669203 14.075285 0.000213 
223 -3.837767 0.000000 -4.618042 99.103943 0.446260 14.071735 -0.001980 
224 -0.298010 0.000000 -1.153329 104.609085 -0.412372 3.204324 -0.095350 
225 -1.477929 0.000000 -1.153329 105.387888 -0.569070 6.197844 -0.114534 
226 -0.298010 0.000000 -2.308233 104.992180 -0.555792 4.941396 -0.104808 
227 1.471868 0.000000 -0.575877 104.974283 0.103066 2.516257 -0.102594 
228 0.881909 0.000000 -0.575877 104.757635 -0.121542 3.181450 -0.098430 
229 1.471868 0.000000 -1.153329 104.871655 -0.009893 3.026495 -0.100722 
230 0.291949 0.000000 -0.575877 104.617606 -0.329398 3.063244 -0.095434 
231 -0.298010 0.000000 -0.575877 104.609085 -0.412372 3.204324 -0.095350 
232 0.291949 0.000000 -1.153329 104.617606 -0.329398 3.063244 -0.095434 
233 0.291949 0.000000 0.001576 104.424970 -0.293142 2.524777 -0.091103 
234 0.291949 0.000000 0.579028 104.669398 -0.229226 3.116221 -0.096545 
235 -0.298010 0.000000 0.579028 104.609085 -0.412372 3.204324 -0.095350 
236 0.291949 0.000000 1.156480 104.617606 -0.329398 3.063244 -0.095434 
237 0.586929 0.000000 -0.287150 104.669398 -0.229226 3.116221 -0.096545 
238 0.291949 0.000000 -0.287150 104.669398 -0.229226 3.116221 -0.096545 
239 0.586929 0.000000 -0.575877 104.669398 -0.229226 3.116221 -0.096545 
240 0.881909 0.000000 -0.287150 104.674882 -0.136817 2.917977 -0.096536 
241 0.586929 0.000000 0.001576 104.459390 -0.274801 2.582785 -0.091851 
242 -2.657848 0.000000 -1.153329 99.676699 -0.826611 15.335966 -0.017132 
243 -3.837767 0.000000 -1.153329 99.630457 -0.989041 14.604177 -0.014049 
244 -2.657848 0.000000 -2.308233 99.153248 -0.169817 14.776649 -0.004974 
245 -2.657848 0.000000 0.001576 100.764105 -1.560082 15.503119 -0.039619 
246 -0.887970 0.000000 -0.575877 104.654417 -0.474546 3.562959 -0.096547 
247 -1.477929 0.000000 -0.575877 104.992180 -0.555792 4.941396 -0.104808 
248 -0.887970 0.000000 -1.153329 104.770284 -0.523470 4.124049 -0.099409 
249 -0.887970 0.000000 0.001576 104.654417 -0.474546 3.562959 -0.096547 
250 -0.003030 0.000000 -0.287150 104.617606 -0.329398 3.063244 -0.095434 
251 -0.298010 0.000000 -0.287150 104.609085 -0.412372 3.204324 -0.095350 
252 -0.003030 0.000000 -0.575877 104.617606 -0.329398 3.063244 -0.095434 
253 -0.003030 0.000000 0.001576 104.940897 -0.370688 3.967178 -0.102847 
254 0.586929 0.000000 0.290302 104.669398 -0.229226 3.116221 -0.096545 
255 0.291949 0.000000 0.290302 104.669398 -0.229226 3.116221 -0.096545 
256 0.881909 0.000000 0.290302 104.674882 -0.136817 2.917977 -0.096536 
257 0.586929 0.000000 0.579028 104.669398 -0.229226 3.116221 -0.096545 
258 0.439439 0.000000 -0.142787 104.459390 -0.274801 2.582785 -0.091851 
259 0.291949 0.000000 -0.142787 104.541425 -0.261703 2.812597 -0.093689 
260 0.439439 0.000000 -0.287150 104.669398 -0.229226 3.116221 -0.096545 
261 0.586929 0.000000 -0.142787 104.568272 -0.246467 2.837915 -0.094264 
262 0.439439 0.000000 0.001576 104.459390 -0.274801 2.582785 -0.091851 
263 -2.657848 0.000000 1.156480 101.772463 -2.314901 14.854636 -0.058365 
264 -3.837767 0.000000 1.156480 100.510442 -2.182897 14.263787 -0.031057 
265 -2.657848 0.000000 2.311385 102.064991 -3.032196 13.855624 -0.061843 
266 -0.887970 0.000000 0.579028 104.654417 -0.474546 3.562959 -0.096547 
267 -1.477929 0.000000 0.579028 104.992180 -0.555792 4.941396 -0.104808 
268 -0.887970 0.000000 1.156480 104.770284 -0.523470 4.124049 -0.099409 
269 -0.003030 0.000000 0.290302 104.617606 -0.329398 3.063244 -0.095434 
270 -0.298010 0.000000 0.290302 104.609085 -0.412372 3.204324 -0.095350 
271 -0.003030 0.000000 0.579028 104.617606 -0.329398 3.063244 -0.095434 
272 0.144460 0.000000 0.145939 104.617606 -0.329398 3.063244 -0.095434 
273 -0.003030 0.000000 0.145939 104.617606 -0.329398 3.063244 -0.095434 
274 0.144460 0.000000 0.001576 104.502108 -0.386761 2.186214 -0.092562 
275 0.291949 0.000000 0.145939 104.541425 -0.261703 2.812597 -0.093689 
276 0.144460 0.000000 0.290302 104.617606 -0.329398 3.063244 -0.095434 
277 -0.592990 0.000000 0.290302 104.609085 -0.412372 3.204324 -0.095350 
278 -0.887970 0.000000 0.290302 104.654417 -0.474546 3.562959 -0.096547 
279 -0.592990 0.000000 0.001576 104.609085 -0.412372 3.204324 -0.095350 
280 -0.592990 0.000000 0.579028 104.609085 -0.412372 3.204324 -0.095350 
281 -0.150520 0.000000 0.145939 104.617606 -0.329398 3.063244 -0.095434 
282 -0.298010 0.000000 0.145939 104.609085 -0.412372 3.204324 -0.095350 
283 -0.150520 0.000000 0.001576 104.617606 -0.329398 3.063244 -0.095434 
284 -0.150520 0.000000 0.290302 104.617606 -0.329398 3.063244 -0.095434 
285 0.144460 0.000000 -0.142787 104.617606 -0.329398 3.063244 -0.095434 
286 -0.003030 0.000000 -0.142787 104.617606 -0.329398 3.063244 -0.095434 
287 0.144460 0.000000 -0.287150 104.617606 -0.329398 3.063244 -0.095434 
288 0.070715 0.000000 0.073757 104.637922 -0.361540 2.468960 -0.095532 
289 -0.003030 0.000000 0.073757 104.617606 -0.329398 3.063244 -0.095434 
290 0.070715 0.000000 0.001576 104.502108 -0.386761 2.186214 -0.092562 
291 0.144460 0.000000 0.073757 104.502108 -0.386761 2.186214 -0.092562 
292 0.070715 0.000000 0.145939 104.617606 -0.329398 3.063244 -0.095434 
293 3.536727 0.000000 -0.287150 104.550944 0.667738 -2.859597 -0.093952 
294 3.241747 0.000000 -0.287150 104.909518 0.479348 -0.506764 -0.100649 
295 3.536727 0.000000 -0.575877 104.663287 0.774443 -3.061860 -0.096438 
296 116.513974 0.000000 36.958519 98.847991 -12.869360 14.974028 -0.016077 
297 154.271383 0.000000 36.958519 100.389152 -17.089043 5.220589 -0.039727 
298 116.513974 0.000000 73.915463 98.621489 -0.745265 16.387489 0.000470 
299 59.877860 0.000000 18.480048 101.585820 -12.883765 -3.404116 -0.049726 
300 78.756565 0.000000 18.480048 102.104507 -4.766940 -6.120944 -0.048552 
301 59.877860 0.000000 36.958519 98.253980 -5.717984 17.857617 -0.000543 
302 31.559804 0.000000 9.240812 101.095273 0.849158 -3.919708 -0.023634 
303 40.999156 0.000000 9.240812 101.054310 3.578762 -1.546669 -0.022717 
304 31.559804 0.000000 18.480048 99.369514 -16.500191 6.899081 -0.019415 
305 17.400775 0.000000 4.621194 102.330143 6.100885 2.068864 -0.051296 
306 22.120451 0.000000 4.621194 100.485180 6.317228 3.214710 -0.014751 
307 17.400775 0.000000 9.240812 102.318957 -3.872709 -4.398953 -0.050352 
308 10.321261 0.000000 2.311385 107.513034 3.809306 3.727833 -0.158746 
309 12.681099 0.000000 2.311385 105.502429 5.518708 4.706196 -0.118337 
310 10.321261 0.000000 4.621194 107.927554 1.380181 0.497768 -0.165051 
311 6.781504 0.000000 1.156480 108.935263 0.258786 2.175182 -0.187169 
312 7.961423 0.000000 1.156480 108.312038 1.614470 3.499112 -0.174635 
313 6.781504 0.000000 2.311385 109.879870 -0.277591 2.052661 -0.207788 
314 5.011626 0.000000 0.579028 105.079789 1.289501 -4.698191 -0.106550 
315 5.601585 0.000000 0.579028 105.136169 1.551548 -7.185526 -0.110765 
316 5.011626 0.000000 1.156480 105.136077 1.425945 -5.645734 -0.108750 
317 4.126686 0.000000 0.290302 104.888929 1.015785 -3.669523 -0.101618 
318 4.421666 0.000000 0.290302 104.992231 1.148761 -4.099073 -0.104149 
319 4.126686 0.000000 0.579028 104.888929 1.015785 -3.669523 -0.101618 
320 3.979196 0.000000 -0.142787 104.777281 0.890544 -3.332538 -0.099018 
321 3.831707 0.000000 -0.142787 104.888398 0.950713 -3.598262 -0.101543 
322 3.979196 0.000000 -0.287150 104.777281 0.890544 -3.332538 -0.099018 
323 4.126686 0.000000 -0.142787 104.888929 1.015785 -3.669523 -0.101618 
324 3.979196 0.000000 0.001576 104.719772 1.045812 -5.145396 -0.099380 
325 4.716646 0.000000 -0.287150 105.079789 1.289501 -4.698191 -0.106550 
326 4.716646 0.000000 -0.575877 105.079789 1.289501 -4.698191 -0.106550 
327 5.011626 0.000000 -0.287150 105.079789 1.289501 -4.698191 -0.106550 
328 4.716646 0.000000 0.001576 104.992231 1.148761 -4.099073 -0.104149 
329 4.274176 0.000000 -0.142787 104.888929 1.015785 -3.669523 -0.101618 
330 4.274176 0.000000 -0.287150 104.888929 1.015785 -3.669523 -0.101618 
331 4.421666 0.000000 -0.142787 104.992231 1.148761 -4.099073 -0.104149 
332 4.274176 0.000000 0.001576 104.888929 1.015785 -3.669523 -0.101618 
333 3.979196 0.000000 0.145939 104.803392 0.964760 -4.106467 -0.100154 
334 3.831707 0.000000 0.145939 104.903953 1.014591 -4.292218 -0.102429 
335 4.126686 0.000000 0.145939 104.888929 1.015785 -3.669523 -0.101618 
336 3.979196 0.000000 0.290302 104.777281 0.890544 -3.332538 -0.099018 
337 4.052941 0.000000 -0.070606 104.808019 1.163118 -5.577288 -0.101718 
338 3.979196 0.000000 -0.070606 104.719772 1.045812 -5.145396 -0.099380 
339 4.052941 0.000000 -0.142787 104.888929 1.015785 -3.669523 -0.101618 
340 4.126686 0.000000 -0.070606 104.547642 1.193245 -6.387222 -0.097243 
341 4.052941 0.000000 0.001576 104.808019 1.163118 -5.577288 -0.101718 
342 9.141342 0.000000 -1.153329 105.809578 11.842549 8.057646 -0.140084 
343 9.141342 0.000000 -2.308233 104.701104 11.098169 10.324218 -0.119208 
344 10.321261 0.000000 -1.153329 105.365611 12.320859 9.178560 -0.133796 
345 9.141342 0.000000 0.001576 105.765513 -21.847237 4.047624 -0.168003 
346 15.040937 0.000000 -2.308233 101.809342 12.908551 14.899622 -0.075377 
347 15.040937 0.000000 -4.618042 101.154104 12.357926 17.679752 -0.069744 
348 17.400775 0.000000 -2.308233 100.538982 12.902872 15.630320 -0.051888 
349 15.040937 0.000000 0.001576 102.596034 14.948214 10.787133 -0.086576 
350 11.501180 0.000000 -1.153329 104.666728 12.717434 10.074654 -0.121836 
351 11.501180 0.000000 -2.308233 103.843516 12.295619 12.195411 -0.108339 
352 12.681099 0.000000 -1.153329 103.849769 13.041524 10.844428 -0.107246 
353 11.501180 0.000000 0.001576 105.157187 20.938036 10.378717 -0.160415 
354 9.141342 0.000000 1.156480 107.654255 2.713050 4.559678 -0.161759 
355 10.321261 0.000000 1.156480 106.845373 3.517048 5.495703 -0.145851 
356 9.141342 0.000000 2.311385 108.413084 2.540504 3.168615 -0.176989 
357 9.731302 0.000000 -0.575877 106.213596 14.550865 7.761119 -0.155329 
358 9.141342 0.000000 -0.575877 106.558766 15.227287 6.916792 -0.163448 
359 9.731302 0.000000 -1.153329 105.622245 12.083454 8.638007 -0.137668 
360 10.321261 0.000000 -0.575877 105.837496 14.109492 8.327510 -0.147000 
361 9.731302 0.000000 0.001576 90.058625 -95.131633 81.818935 -1.385492 
362 8.551383 0.000000 -0.575877 106.762397 15.953032 5.627420 -0.168438 
363 7.961423 0.000000 -0.575877 106.746053 15.869948 4.329888 -0.166532 
364 8.551383 0.000000 -1.153329 105.899030 11.528935 7.395721 -0.140222 
365 8.551383 0.000000 0.001576 106.586090 -10.420812 2.513917 -0.147551 
366 15.040937 0.000000 2.311385 103.313633 6.262797 6.292160 -0.075252 
367 17.400775 0.000000 2.311385 101.732981 6.070992 7.055675 -0.043624 
368 15.040937 0.000000 4.621194 103.826596 5.392564 1.545152 -0.081143 
369 11.501180 0.000000 1.156480 105.949219 3.844517 6.308429 -0.127981 
370 12.681099 0.000000 1.156480 104.963870 3.626898 7.087176 -0.108080 
371 11.501180 0.000000 2.311385 106.537703 4.792097 4.239158 -0.139122 
372 9.731302 0.000000 0.579028 106.710609 1.120382 5.959905 -0.142393 
373 9.141342 0.000000 0.579028 107.107666 1.246698 5.268275 -0.150136 
374 10.321261 0.000000 0.579028 106.305611 0.571672 6.711407 -0.134625 
375 9.731302 0.000000 1.156480 107.248486 3.190581 5.052029 -0.153794 
376 9.436322 0.000000 -0.287150 106.976931 23.393841 7.175068 -0.204282 
377 9.141342 0.000000 -0.287150 107.554008 27.353834 5.575555 -0.234718 
378 9.436322 0.000000 -0.575877 106.389625 14.856958 7.385634 -0.159403 
379 9.731302 0.000000 -0.287150 106.601087 20.790939 7.873946 -0.185805 
380 9.436322 0.000000 0.001576 104.143573 -41.029481 9.331172 -0.261637 
381 8.551383 0.000000 0.579028 107.409638 1.094499 4.591800 -0.155911 
382 7.961423 0.000000 0.579028 107.661046 0.669550 3.883997 -0.160643 
383 8.551383 0.000000 1.156480 108.001264 2.213589 4.062039 -0.168567 
384 8.846362 0.000000 -0.287150 108.514507 33.259174 1.449963 -0.288367 
385 8.551383 0.000000 -0.287150 109.405473 39.128708 -7.756567 -0.356078 
386 8.846362 0.000000 -0.575877 106.700483 15.630099 6.326688 -0.166932 
387 8.846362 0.000000 0.001576 106.325415 -14.026551 2.973356 -0.151068 
388 9.436322 0.000000 0.290302 106.476469 -2.611057 6.112893 -0.138142 
389 9.141342 0.000000 0.290302 106.677980 -1.818573 5.560549 -0.141442 
390 9.731302 0.000000 0.290302 106.222062 -3.805710 6.789079 -0.134370 
391 9.436322 0.000000 0.579028 106.891609 1.241886 5.612605 -0.145886 
392 9.288832 0.000000 -0.142787 110.005516 76.169678 3.813748 -0.791758 
393 9.141342 0.000000 -0.142787 118.273958 124.400099 -32.917742 -2.054769 
394 9.288832 0.000000 -0.287150 107.230358 25.163546 6.552504 -0.217449 
395 9.436322 0.000000 -0.142787 107.991412 53.790265 9.304995 -0.464212 
396 9.288832 0.000000 0.001576 105.247610 -29.025577 5.551686 -0.195036 
397 10.911221 0.000000 -0.575877 105.455991 13.882168 8.780786 -0.139078 
398 10.911221 0.000000 -1.153329 105.030537 12.518602 9.641591 -0.128109 
399 11.501180 0.000000 -0.575877 105.056034 13.766349 9.157676 -0.131015 
400 10.911221 0.000000 0.001576 105.357779 26.416279 12.315488 -0.194975 
401 10.026281 0.000000 -0.287150 106.320157 19.030808 8.232677 -0.173392 
402 10.026281 0.000000 -0.575877 106.034830 14.310205 8.072064 -0.151333 
403 10.321261 0.000000 -0.287150 106.067294 17.785751 8.442181 -0.163787 
404 10.026281 0.000000 0.001576 98.379085 73.656387 65.972750 -0.945611 
405 9.583812 0.000000 -0.142787 107.182590 42.210507 10.386975 -0.337772 
406 9.583812 0.000000 -0.287150 106.772260 21.960434 7.589811 -0.194018 
407 9.731302 0.000000 -0.142787 106.792253 35.270890 10.414646 -0.275709 
408 9.583812 0.000000 0.001576 101.281154 -63.039765 22.155407 -0.472275 
409 8.846362 0.000000 0.290302 106.856095 -1.315999 5.087104 -0.144584 
410 8.551383 0.000000 0.290302 107.010870 -1.072362 4.659257 -0.147418 
411 8.846362 0.000000 0.579028 107.232532 1.264366 4.950784 -0.152492 
412 9.288832 0.000000 0.145939 106.227753 -7.395523 5.952198 -0.137446 
413 9.141342 0.000000 0.145939 106.371074 -6.262788 5.506010 -0.138434 
414 9.436322 0.000000 0.145939 106.053786 -8.833207 6.521650 -0.136796 
415 9.288832 0.000000 0.290302 106.579906 -2.168478 5.827801 -0.139794 
416 9.362577 0.000000 -0.070606 87.570469 -314.180022 40.509822 -9.801872 
417 9.288832 0.000000 -0.070606 102.332495 -143.245721 -6.596760 -2.103479 
418 9.362577 0.000000 -0.142787 108.700362 62.914232 7.606344 -0.583183 
419 9.436322 0.000000 -0.070606 2.577880 275.135120 707.173057 -56.579971 
420 9.362577 0.000000 0.001576 104.824692 -34.215873 6.931576 -0.220699 
421 10.911221 0.000000 0.579028 105.834874 -0.555458 7.648431 -0.125983 
422 11.501180 0.000000 0.579028 105.247116 -2.596032 9.100795 -0.116652 
423 10.911221 0.000000 1.156480 106.411115 3.743684 5.915240 -0.137233 
424 10.026281 0.000000 0.290302 105.917358 -5.555958 7.742128 -0.130930 
425 10.321261 0.000000 0.290302 105.483378 -8.147879 9.299222 -0.127961 
426 10.026281 0.000000 0.579028 106.516112 0.908291 6.325175 -0.138651 
427 10.616241 0.000000 0.290302 104.793229 -12.089212 12.239605 -0.127758 
428 10.616241 0.000000 0.001576 105.244363 32.261641 15.045170 -0.234355 
429 10.911221 0.000000 0.290302 103.490414 -17.845981 18.818998 -0.138290 
430 10.616241 0.000000 0.579028 106.082821 0.088432 7.138480 -0.130453 
431 13.861018 0.000000 1.156480 103.935398 2.555532 7.986236 -0.087288 
432 13.861018 0.000000 0.001576 103.503308 15.650557 9.694699 -0.105186 
433 15.040937 0.000000 1.156480 102.824360 -0.163517 10.276896 -0.067849 
434 13.861018 0.000000 2.311385 104.473642 5.977153 5.130887 -0.097679 
435 12.091140 0.000000 0.579028 104.393059 -6.378740 12.088661 -0.108473 
436 12.091140 0.000000 0.001576 104.805828 18.423470 9.768431 -0.141911 
437 12.681099 0.000000 0.579028 102.579231 -13.028581 21.255846 -0.114405 
438 12.091140 0.000000 1.156480 105.474931 3.804571 6.688425 -0.118417 
439 11.206200 0.000000 0.290302 100.562450 -22.586247 35.680762 -0.189606 
440 11.206200 0.000000 0.001576 105.298991 23.055365 11.039201 -0.174129 
441 11.501180 0.000000 0.290302 96.379007 -1.327465 62.768199 -0.323052 
442 11.206200 0.000000 0.579028 105.560263 -1.423808 8.276317 -0.121349 
443 13.861018 0.000000 -1.153329 102.985751 13.237159 11.495133 -0.091343 
444 13.861018 0.000000 -2.308233 102.390806 12.861356 13.611418 -0.083456 
445 15.040937 0.000000 -1.153329 102.301404 13.257550 12.814859 -0.080556 
446 12.091140 0.000000 -0.575877 104.631131 13.724605 9.495597 -0.122620 
447 12.091140 0.000000 -1.153329 104.272101 12.886486 10.461859 -0.114818 
448 12.681099 0.000000 -0.575877 104.187307 13.724611 9.821670 -0.113983 
449 13.271059 0.000000 0.579028 97.523842 -2.890239 52.204655 -0.224458 
450 13.271059 0.000000 0.001576 103.951037 16.218399 9.609741 -0.116120 
451 13.861018 0.000000 0.579028 100.196693 33.866034 32.329196 -0.223146 
452 13.271059 0.000000 1.156480 104.460946 3.223101 7.501409 -0.097875 
453 12.386120 0.000000 0.290302 103.378019 29.991754 18.357793 -0.192353 
454 12.091140 0.000000 0.290302 102.246533 34.537268 27.090038 -0.238105 
455 12.386120 0.000000 0.001576 104.603322 17.647015 9.650686 -0.134641 
456 12.681099 0.000000 0.290302 103.741535 26.282764 14.469561 -0.166246 
457 12.386120 0.000000 0.579028 103.707554 -9.354788 15.220916 -0.107445 
458 13.271059 0.000000 -0.575877 103.732947 13.734211 10.128304 -0.105174 
459 13.271059 0.000000 -1.153329 103.421211 13.151632 11.176628 -0.099383 
460 13.861018 0.000000 -0.575877 103.276086 13.739932 10.417477 -0.096326 
461 12.976079 0.000000 0.290302 103.807849 23.647769 12.509873 -0.149178 
462 12.976079 0.000000 0.001576 104.172727 16.586869 9.586759 -0.121899 
463 13.271059 0.000000 0.290302 103.742100 21.760701 11.425463 -0.136649 
464 12.976079 0.000000 0.579028 100.498425 -14.937355 33.645162 -0.145505 
465 26.840128 0.000000 4.621194 99.905826 6.112160 4.578133 -0.003949 
466 26.840128 0.000000 0.001576 98.771424 12.958780 13.648461 -0.011000 
467 31.559804 0.000000 4.621194 99.703244 5.443603 5.963311 -0.000593 
468 26.840128 0.000000 9.240812 101.093960 -0.700334 -4.714102 -0.024270 
469 19.760613 0.000000 2.311385 100.542913 4.890265 7.756747 -0.019296 
470 19.760613 0.000000 0.001576 100.058570 13.527250 11.868072 -0.033556 
471 22.120451 0.000000 2.311385 99.781650 1.484475 9.188473 -0.004301 
472 19.760613 0.000000 4.621194 101.168765 6.263266 2.569324 -0.028095 
473 16.220856 0.000000 1.156480 101.246203 -7.583622 15.639415 -0.055290 
474 16.220856 0.000000 0.001576 101.843918 14.436699 11.111868 -0.070408 
475 17.400775 0.000000 1.156480 94.144124 10.095719 59.627513 -0.252048 
476 16.220856 0.000000 2.311385 102.510464 6.260191 6.704385 -0.059253 
477 14.450978 0.000000 0.579028 102.117485 28.211913 17.355896 -0.152512 
478 14.450978 0.000000 0.001576 103.050372 15.251910 9.838452 -0.094880 
479 15.040937 0.000000 0.579028 102.376679 23.265688 13.081995 -0.119342 
480 14.450978 0.000000 1.156480 103.307734 1.530480 9.373930 -0.076270 
481 26.840128 0.000000 -4.618042 98.225876 13.022077 18.795001 -0.017115 
482 26.840128 0.000000 -9.237660 98.521866 11.638642 17.885490 -0.016191 
483 31.559804 0.000000 -4.618042 98.099906 13.095854 18.736977 -0.014617 
484 19.760613 0.000000 -2.308233 99.531562 12.924873 16.070490 -0.033184 
485 19.760613 0.000000 -4.618042 99.223040 12.776081 18.492205 -0.035040 
486 22.120451 0.000000 -2.308233 98.956124 12.873742 16.504310 -0.023044 
487 16.220856 0.000000 -1.153329 101.514088 13.255926 13.262504 -0.065672 
488 16.220856 0.000000 -2.308233 101.114897 12.930042 15.342322 -0.062680 
489 17.400775 0.000000 -1.153329 100.793416 13.229121 13.661793 -0.052097 
490 15.630897 0.000000 0.579028 102.163812 20.385403 11.649094 -0.098871 
491 15.630897 0.000000 0.001576 102.252392 14.652021 10.944016 -0.079000 
492 16.220856 0.000000 0.579028 101.851725 18.569117 11.076369 -0.084127 
493 15.630897 0.000000 1.156480 102.179292 -2.872374 11.874681 -0.058987 
494 40.999156 0.000000 110.872407 98.695123 -0.086254 15.644050 0.001453 
495 3.241747 0.000000 110.872407 98.693106 -0.053474 15.564879 0.001740 
496 78.756565 0.000000 110.872407 98.711196 -0.117982 15.708757 0.000932 
497 40.999156 0.000000 147.829350 98.742061 -0.074561 15.547094 0.000829 
498 22.120451 0.000000 55.436991 98.321300 -0.737945 16.274711 0.006751 
499 3.241747 0.000000 55.436991 98.326531 -0.448462 15.927501 0.007801 
500 40.999156 0.000000 55.436991 98.391338 -1.022442 16.562638 0.004378 
501 22.120451 0.000000 73.915463 98.538032 -0.274608 15.866669 0.003843 
502 12.681099 0.000000 27.719283 96.987071 -5.180644 17.014080 0.027719 
503 3.241747 0.000000 27.719283 96.949631 -3.228230 16.389975 0.032172 
504 22.120451 0.000000 27.719283 97.534729 -6.973433 17.190341 0.014284 
505 12.681099 0.000000 36.958519 97.732522 -2.195158 16.830646 0.016026 
506 17.400775 0.000000 13.860430 99.984470 -13.752068 2.280188 -0.019121 
507 12.681099 0.000000 13.860430 99.864195 -13.256342 5.362351 -0.017734 
508 22.120451 0.000000 13.860430 100.094121 -13.754587 -0.068704 -0.020803 
509 17.400775 0.000000 18.480048 97.867020 -13.558008 11.493888 0.010612 
510 15.040937 0.000000 6.931003 103.949481 1.302868 -2.328602 -0.081261 
511 12.681099 0.000000 6.931003 105.318788 -0.445809 -1.850318 -0.109567 
512 17.400775 0.000000 6.931003 102.578267 2.243182 -2.590091 -0.053404 
513 15.040937 0.000000 9.240812 103.114815 -4.693248 -3.400319 -0.066625 
514 13.861018 0.000000 3.466289 104.578136 5.804387 3.596576 -0.098321 
515 12.681099 0.000000 3.466289 105.876296 5.029254 2.561850 -0.124165 
516 15.040937 0.000000 3.466289 103.686252 6.251112 3.962196 -0.080561 
517 13.861018 0.000000 4.621194 104.766673 4.732227 1.322341 -0.100020 
518 14.450978 0.000000 1.733932 103.619961 5.442964 7.285267 -0.081980 
519 13.861018 0.000000 1.733932 104.254760 5.428787 6.279092 -0.093795 
520 15.040937 0.000000 1.733932 103.219338 5.282841 7.537216 -0.073895 
521 14.450978 0.000000 2.311385 103.793353 6.175235 6.089830 -0.084828 
522 14.745958 0.000000 0.867754 100.603032 -13.741306 26.859477 -0.103122 
523 14.450978 0.000000 0.867754 101.890523 -10.347569 19.316245 -0.086187 
524 14.745958 0.000000 0.579028 102.297687 25.427527 14.565464 -0.132353 
525 15.040937 0.000000 0.867754 98.357479 -12.985039 41.605355 -0.157381 
526 14.745958 0.000000 1.156480 103.031617 0.802054 9.771367 -0.071164 
527 16.220856 0.000000 3.466289 102.812942 6.570230 4.304495 -0.063220 
528 17.400775 0.000000 3.466289 102.003088 6.732465 4.610144 -0.047121 
529 16.220856 0.000000 4.621194 103.068430 5.818591 1.833826 -0.066032 
530 15.630897 0.000000 1.733932 102.751490 5.076864 7.782800 -0.064422 
531 16.220856 0.000000 1.733932 102.317020 4.745626 8.031904 -0.055581 
532 15.630897 0.000000 2.311385 102.930585 6.259836 6.503130 -0.067618 
533 15.335917 0.000000 0.867754 95.895130 5.697884 57.217915 -0.250223 
534 15.335917 0.000000 0.579028 102.291690 21.646935 12.197379 -0.108096 
535 15.630897 0.000000 0.867754 97.044807 30.320469 47.475277 -0.259093 
536 15.335917 0.000000 1.156480 102.514200 -1.336967 10.943296 -0.063070 
537 18.580694 0.000000 1.156480 99.767209 27.326049 15.892742 -0.095279 
538 18.580694 0.000000 0.001576 100.507753 13.770742 11.691246 -0.042813 
539 19.760613 0.000000 1.156480 100.088463 19.393581 11.174682 -0.051869 
540 18.580694 0.000000 2.311385 101.050511 5.654268 7.414346 -0.029815 
541 16.810816 0.000000 0.579028 101.536294 17.341996 10.847227 -0.072803 
542 16.810816 0.000000 0.001576 101.422159 14.276296 11.294618 -0.061784 
543 17.400775 0.000000 0.579028 101.159026 16.465049 10.791463 -0.062070 
544 16.810816 0.000000 1.156480 99.065837 -14.780024 28.388920 -0.083842 
545 15.925877 0.000000 0.867754 99.251679 34.765027 30.553226 -0.199300 
546 15.925877 0.000000 0.579028 102.013232 19.382479 11.300465 -0.091008 
547 16.220856 0.000000 0.867754 100.383710 31.643975 21.268412 -0.153058 
548 15.925877 0.000000 1.156480 101.774165 -4.889051 13.299059 -0.055875 
549 18.580694 0.000000 -1.153329 100.233228 13.150799 13.940928 -0.041399 
550 18.580694 0.000000 -2.308233 99.979393 12.911204 15.895115 -0.041523 
551 19.760613 0.000000 -1.153329 99.786080 13.101597 14.118919 -0.032826 
552 17.990735 0.000000 0.579028 100.866458 15.777447 10.769961 -0.053896 
553 17.990735 0.000000 0.001576 100.779822 13.919726 11.556993 -0.048390 
554 18.580694 0.000000 0.579028 100.602529 15.230545 10.807919 -0.046965 
555 17.990735 0.000000 1.156480 98.289290 34.984567 28.435626 -0.169329 
556 16.810816 0.000000 1.733932 101.913677 4.290692 8.317303 -0.047399 
557 17.400775 0.000000 1.733932 101.463160 3.660255 8.655392 -0.038309 
558 16.810816 0.000000 2.311385 102.115080 6.185613 6.888567 -0.051320 
559 17.105796 0.000000 0.867754 100.999857 23.210591 12.959307 -0.090765 
560 16.810816 0.000000 0.867754 101.033620 25.325232 14.301630 -0.105370 
561 17.105796 0.000000 0.579028 101.315340 16.882939 10.814548 -0.066679 
562 17.400775 0.000000 0.867754 100.957109 21.565975 12.142245 -0.080486 
563 17.105796 0.000000 1.156480 96.430661 -12.959274 45.063164 -0.149750 
564 19.760613 0.000000 6.931003 101.632338 3.006148 -2.346782 -0.034368 
565 22.120451 0.000000 6.931003 101.100233 3.530222 -1.871072 -0.023722 
566 19.760613 0.000000 9.240812 101.654049 -2.965630 -4.871193 -0.036607 
567 18.580694 0.000000 3.466289 101.367653 6.635010 4.805236 -0.034251 
568 19.760613 0.000000 3.466289 100.867786 6.593414 5.156400 -0.024437 
569 18.580694 0.000000 4.621194 101.662903 6.150102 2.240118 -0.037819 
570 17.990735 0.000000 1.733932 101.100159 2.726769 9.025780 -0.031014 
571 18.580694 0.000000 1.733932 100.729424 1.325269 9.594260 -0.024022 
572 17.990735 0.000000 2.311385 101.350897 5.906209 7.243302 -0.035935 
573 17.695755 0.000000 1.445206 100.820998 -3.146626 12.030999 -0.031952 
574 17.400775 0.000000 1.445206 101.119028 -1.475078 11.084682 -0.035010 
575 17.695755 0.000000 1.156480 96.037030 33.296699 45.130092 -0.236851 
576 17.990735 0.000000 1.445206 100.449450 -5.359288 13.560779 -0.030271 
577 17.695755 0.000000 1.733932 101.281895 3.238130 8.819921 -0.034630 
578 24.480290 0.000000 2.311385 94.930771 -15.544123 38.314077 -0.072144 
579 24.480290 0.000000 0.001576 99.039923 13.068275 13.075889 -0.015067 
580 26.840128 0.000000 2.311385 99.012525 20.288633 11.206633 -0.034070 
581 24.480290 0.000000 4.621194 100.133263 6.254471 3.906044 -0.008105 
582 50.438508 0.000000 9.240812 100.720077 5.204047 1.696720 -0.017449 
583 50.438508 0.000000 0.001576 98.317231 13.022620 17.508749 -0.014242 
584 59.877860 0.000000 9.240812 100.309504 5.324267 4.930435 -0.011465 
585 50.438508 0.000000 18.480048 100.978894 -15.473490 -0.188082 -0.043620 
586 36.279480 0.000000 4.621194 99.554584 2.205452 7.630727 0.002579 
587 36.279480 0.000000 0.001576 98.440465 12.821891 15.437204 -0.009323 
588 40.999156 0.000000 4.621194 98.923381 23.738646 12.428293 -0.050382 
589 36.279480 0.000000 9.240812 101.143508 2.328131 -2.992729 -0.024439 
590 29.199966 0.000000 2.311385 99.169062 15.115948 10.041800 -0.016383 
591 29.199966 0.000000 0.001576 98.633337 12.890240 14.200550 -0.009635 
592 31.559804 0.000000 2.311385 99.111351 13.703942 10.374440 -0.011849 
593 29.199966 0.000000 4.621194 99.798276 5.873561 5.263200 -0.002190 
594 50.438508 0.000000 -9.237660 98.678142 9.461369 15.737584 -0.007456 
595 50.438508 0.000000 -18.476896 98.867519 4.124442 14.973742 -0.001601 
596 59.877860 0.000000 -9.237660 98.777055 8.403677 15.321973 -0.006229 
597 36.279480 0.000000 -4.618042 98.094184 13.061808 18.309521 -0.012832 
598 36.279480 0.000000 -9.237660 98.443825 10.973715 16.704561 -0.009065 
599 40.999156 0.000000 -4.618042 98.181751 12.941593 18.102589 -0.013484 
600 33.919642 0.000000 2.311385 99.061042 13.162528 10.925935 -0.010572 
601 33.919642 0.000000 0.001576 98.473384 12.819394 15.223616 -0.009310 
602 36.279480 0.000000 2.311385 99.024883 12.934782 11.316562 -0.010130 
603 33.919642 0.000000 4.621194 99.634326 4.558491 6.721202 0.000705 
604 45.718832 0.000000 4.621194 99.442558 13.734277 9.655292 -0.017068 
605 45.718832 0.000000 0.001576 98.345560 12.935051 16.996527 -0.012805 
606 50.438508 0.000000 4.621194 99.305403 12.857353 10.944928 -0.014667 
607 45.718832 0.000000 9.240812 100.904542 4.547923 0.044694 -0.020241 
608 59.877860 0.000000 55.436991 98.452585 -1.303286 16.779229 0.002385 
609 78.756565 0.000000 55.436991 98.480614 -1.621493 16.970111 0.001095 
610 59.877860 0.000000 73.915463 98.590815 -0.447377 16.107464 0.002020 
611 50.438508 0.000000 27.719283 98.461276 -11.671124 15.854786 -0.008221 
612 40.999156 0.000000 27.719283 98.190544 -10.132244 16.658521 -0.002155 
613 59.877860 0.000000 27.719283 98.752823 -13.217061 14.641255 -0.014118 
614 50.438508 0.000000 36.958519 98.181052 -4.956024 17.828438 0.001807 
615 45.718832 0.000000 13.860430 101.828565 -6.294822 -6.039903 -0.044516 
616 40.999156 0.000000 13.860430 101.660838 -8.401678 -5.643162 -0.043736 
617 50.438508 0.000000 13.860430 101.901330 -4.128808 -6.002244 -0.043696 
618 45.718832 0.000000 18.480048 100.618298 -16.248939 1.615203 -0.039068 
619 43.358994 0.000000 6.931003 100.192898 5.558143 4.438833 -0.008921 
620 40.999156 0.000000 6.931003 100.265930 5.630590 3.654453 -0.009832 
621 43.358994 0.000000 4.621194 99.446949 15.538371 9.371311 -0.021896 
622 45.718832 0.000000 6.931003 100.114465 5.297389 5.218047 -0.007820 
623 43.358994 0.000000 9.240812 100.984858 4.100751 -0.763741 -0.021534 
624 97.635269 0.000000 18.480048 101.574641 2.745841 -2.506319 -0.033123 
625 97.635269 0.000000 0.001576 98.667005 10.824895 16.205069 -0.011496 
626 116.513974 0.000000 18.480048 100.569814 5.469747 4.017604 -0.016035 
627 97.635269 0.000000 36.958519 98.533847 -9.965131 16.861145 -0.009252 
628 69.317213 0.000000 9.240812 93.174613 26.860272 50.887926 -0.199256 
629 69.317213 0.000000 0.001576 98.358607 12.983093 17.922749 -0.016420 
630 78.756565 0.000000 9.240812 99.525845 12.911951 10.465989 -0.018165 
631 69.317213 0.000000 18.480048 101.980802 -9.126236 -5.553335 -0.051421 
632 55.158184 0.000000 4.621194 99.123738 12.697425 12.373849 -0.013985 
633 55.158184 0.000000 0.001576 98.298155 13.082515 17.845221 -0.015213 
634 59.877860 0.000000 4.621194 98.956327 12.688179 13.712834 -0.014139 
635 55.158184 0.000000 9.240812 100.511307 5.501642 3.338583 -0.014394 
636 48.078670 0.000000 6.931003 100.025169 4.652875 6.028884 -0.006303 
637 48.078670 0.000000 4.621194 99.383307 13.106628 10.255917 -0.015401 
638 50.438508 0.000000 6.931003 99.896039 2.939938 7.060607 -0.003771 
639 48.078670 0.000000 9.240812 100.815535 4.916720 0.868091 -0.018870 
640 55.158184 0.000000 13.860430 101.880016 -2.027172 -5.536710 -0.041430 
641 59.877860 0.000000 13.860430 101.797810 -0.058935 -4.681611 -0.038472 
642 55.158184 0.000000 18.480048 101.295577 -14.353267 -1.891115 -0.047039 
643 52.798346 0.000000 6.931003 99.370481 -4.137615 10.597574 -0.000392 
644 52.798346 0.000000 4.621194 99.219074 12.753106 11.660633 -0.014304 
645 55.158184 0.000000 6.931003 98.012659 30.685132 19.392055 -0.092411 
646 52.798346 0.000000 9.240812 100.620260 5.405528 2.521948 -0.016002 
647 97.635269 0.000000 -18.476896 98.857165 2.249785 15.117677 -0.000634 
648 97.635269 0.000000 -36.955368 98.812673 0.671752 15.499695 -0.000464 
649 116.513974 0.000000 -18.476896 98.842599 1.800782 15.206319 -0.000433 
650 69.317213 0.000000 -9.237660 98.838357 7.395684 15.052599 -0.005030 
651 69.317213 0.000000 -18.476896 98.876553 3.220071 14.988723 -0.001160 
652 78.756565 0.000000 -9.237660 98.872855 6.479093 14.895547 -0.003970 
653 64.597536 0.000000 4.621194 98.799794 12.711964 14.886496 -0.014460 
654 64.597536 0.000000 0.001576 98.326778 13.089275 18.028741 -0.016452 
655 69.317213 0.000000 4.621194 98.664544 12.778748 15.871840 -0.014990 
656 64.597536 0.000000 9.240812 100.067582 3.535120 6.674482 -0.007057 
657 57.518022 0.000000 6.931003 99.603242 16.432976 9.359156 -0.027844 
658 57.518022 0.000000 4.621194 99.036239 12.679960 13.060835 -0.013954 
659 59.877860 0.000000 6.931003 99.614792 13.972480 9.434792 -0.020735 
660 57.518022 0.000000 9.240812 100.406686 5.495824 4.138265 -0.012883 
661 69.317213 0.000000 27.719283 99.079307 -14.730097 12.924993 -0.020074 
662 78.756565 0.000000 27.719283 99.474126 -16.044081 10.632260 -0.026556 
663 69.317213 0.000000 36.958519 98.313232 -6.580996 17.806378 -0.002587 
664 64.597536 0.000000 13.860430 101.645390 1.666447 -3.502874 -0.034683 
665 69.317213 0.000000 13.860430 101.446461 3.103756 -2.076605 -0.030533 
666 64.597536 0.000000 18.480048 101.814274 -11.123395 -4.651486 -0.051151 
667 62.237698 0.000000 6.931003 99.542362 13.173340 10.003042 -0.018228 
668 62.237698 0.000000 4.621194 98.876347 12.693341 14.322565 -0.014279 
669 64.597536 0.000000 6.931003 99.447996 12.868386 10.687159 -0.016971 
670 62.237698 0.000000 9.240812 100.200940 4.824879 5.735509 -0.009640 
671 88.195917 0.000000 9.240812 99.099926 12.667131 13.302254 -0.015820 
672 88.195917 0.000000 0.001576 98.562326 11.781829 16.826879 -0.013649 
673 97.635269 0.000000 9.240812 98.754561 12.750144 15.581386 -0.015781 
674 88.195917 0.000000 18.480048 101.949512 -0.580029 -4.991864 -0.041896 
675 74.036889 0.000000 4.621194 98.555005 12.873731 16.663336 -0.015649 
676 74.036889 0.000000 0.001576 98.401553 12.796460 17.721730 -0.016067 
677 78.756565 0.000000 4.621194 98.472494 12.976511 17.260567 -0.016315 
678 74.036889 0.000000 9.240812 99.697643 14.334680 9.286003 -0.023133 
679 66.957375 0.000000 6.931003 99.346210 12.745571 11.408035 -0.016226 
680 66.957375 0.000000 4.621194 98.729082 12.740852 15.403221 -0.014702 
681 69.317213 0.000000 6.931003 99.242835 12.695284 12.129770 -0.015744 
682 66.957375 0.000000 9.240812 99.752742 -0.977163 8.762463 -0.002835 
683 74.036889 0.000000 13.860430 101.216625 4.220105 -0.489183 -0.026285 
684 78.756565 0.000000 13.860430 100.970670 5.000046 1.174482 -0.022146 
685 74.036889 0.000000 18.480048 102.078623 -6.975076 -6.053230 -0.050534 
686 71.677051 0.000000 11.550621 100.528620 5.493671 3.887636 -0.015130 
687 69.317213 0.000000 11.550621 100.645744 5.464227 3.078754 -0.016890 
688 71.677051 0.000000 9.240812 99.638108 17.876907 9.617156 -0.033983 
689 74.036889 0.000000 11.550621 100.412366 5.370528 4.683462 -0.013342 
690 71.677051 0.000000 13.860430 101.334451 3.703306 -1.297605 -0.028407 
691 116.513974 0.000000 110.872407 98.721962 -0.232441 15.769498 0.000524 
692 154.271383 0.000000 110.872407 98.729510 -0.489217 15.795533 0.000275 
693 116.513974 0.000000 147.829350 98.755690 -0.235093 15.588489 0.000426 
694 97.635269 0.000000 55.436991 98.482790 -2.017188 17.163884 0.000247 
695 116.513974 0.000000 55.436991 98.469126 -2.530950 17.368258 -0.000423 
696 97.635269 0.000000 73.915463 98.621261 -0.631096 16.290966 0.000805 
697 88.195917 0.000000 27.719283 99.950549 -16.913404 7.735006 -0.033601 
698 97.635269 0.000000 27.719283 100.499658 -17.017671 4.322683 -0.040847 
699 88.195917 0.000000 36.958519 98.440817 -8.694054 17.355032 -0.006738 
700 83.476241 0.000000 13.860430 100.721450 5.427669 2.839072 -0.018233 
701 83.476241 0.000000 9.240812 99.309554 12.697217 11.912235 -0.016551 
702 88.195917 0.000000 13.860430 100.477578 5.414272 4.454470 -0.014490 
703 83.476241 0.000000 18.480048 102.059595 -2.603413 -5.756846 -0.045608 
704 88.195917 0.000000 -9.237660 98.890535 5.664071 14.819630 -0.003104 
705 88.195917 0.000000 -18.476896 98.864583 2.527455 15.071284 -0.000774 
706 97.635269 0.000000 -9.237660 98.897165 4.950946 14.799450 -0.002418 
707 83.476241 0.000000 4.621194 98.417186 13.063129 17.668066 -0.016875 
708 83.476241 0.000000 0.001576 98.506721 12.188116 17.148711 -0.014620 
709 88.195917 0.000000 4.621194 98.387925 13.110457 17.897247 -0.017238 
710 81.116403 0.000000 11.550621 99.936303 0.909947 7.849756 -0.004971 
711 78.756565 0.000000 11.550621 100.162944 3.991646 6.364855 -0.008906 
712 81.116403 0.000000 9.240812 99.418627 12.758961 11.185137 -0.017196 
713 83.476241 0.000000 11.550621 96.140078 -16.593005 32.154377 -0.055215 
714 81.116403 0.000000 13.860430 100.845779 5.260030 2.010717 -0.020158 
715 135.392678 0.000000 18.480048 99.685007 13.309912 9.723497 -0.020880 
716 135.392678 0.000000 0.001576 98.887675 6.712040 14.867022 -0.004485 
717 154.271383 0.000000 18.480048 98.858538 12.711849 15.033710 -0.016061 
718 135.392678 0.000000 36.958519 99.439772 -15.752010 11.254532 -0.026306 
719 107.074622 0.000000 9.240812 98.526465 12.946992 17.085946 -0.016702 
720 107.074622 0.000000 0.001576 98.753551 9.762629 15.682031 -0.009350 
721 116.513974 0.000000 9.240812 98.415626 13.101620 17.825603 -0.017504 
722 107.074622 0.000000 18.480048 101.080879 4.823093 0.709629 -0.024111 
723 92.915593 0.000000 13.860430 100.227620 4.342067 6.097391 -0.010161 
724 92.915593 0.000000 9.240812 98.913179 12.688898 14.535683 -0.015611 
725 97.635269 0.000000 13.860430 98.931770 -9.083780 14.418966 -0.007792 
726 92.915593 0.000000 18.480048 101.783770 1.222854 -3.883114 -0.037651 
727 85.836079 0.000000 11.550621 99.547098 20.202341 10.398041 -0.042588 
728 85.836079 0.000000 9.240812 99.202515 12.673176 12.622943 -0.016109 
729 88.195917 0.000000 11.550621 99.739080 14.842264 9.195482 -0.025273 
730 85.836079 0.000000 13.860430 100.598641 5.490015 3.653976 -0.016358 
731 92.915593 0.000000 4.621194 98.382208 13.099065 17.967028 -0.017346 
732 92.915593 0.000000 0.001576 98.616378 11.322983 16.507763 -0.012591 
733 97.635269 0.000000 4.621194 98.396424 13.015007 17.902594 -0.017175 
734 90.555755 0.000000 11.550621 99.676482 13.467995 9.617987 -0.020929 
735 90.555755 0.000000 9.240812 99.003218 12.672855 13.941408 -0.015660 
736 92.915593 0.000000 11.550621 99.578557 12.975972 10.264012 -0.018961 
737 90.555755 0.000000 13.860430 100.356615 5.114889 5.251495 -0.012519 
738 107.074622 0.000000 27.719283 101.080776 -16.026148 0.674216 -0.047462 
739 116.513974 0.000000 27.719283 101.617393 -13.729751 -2.709991 -0.052194 
740 107.074622 0.000000 36.958519 98.664379 -11.369977 16.097356 -0.012306 
741 102.354945 0.000000 13.860430 99.755985 15.550519 9.178105 -0.027731 
742 102.354945 0.000000 9.240812 98.625535 12.842211 16.431800 -0.016192 
743 107.074622 0.000000 13.860430 99.619583 13.060524 10.074078 -0.019613 
744 102.354945 0.000000 18.480048 101.335782 3.951961 -0.946753 -0.028546 
745 95.275431 0.000000 11.550621 99.469827 12.782923 10.977043 -0.017815 
746 95.275431 0.000000 9.240812 98.830222 12.714890 15.082718 -0.015657 
747 97.635269 0.000000 11.550621 99.358262 12.705422 11.706382 -0.017053 
748 95.275431 0.000000 13.860430 100.044565 2.134300 7.286769 -0.006657 
749 135.392678 0.000000 -18.476896 98.829873 1.460657 15.282712 -0.000304 
750 135.392678 0.000000 -36.955368 98.798710 0.500253 15.521121 -0.000234 
751 154.271383 0.000000 -18.476896 98.819437 1.199643 15.345047 -0.000219 
752 125.953326 0.000000 9.240812 98.405939 13.043620 17.908880 -0.017459 
753 125.953326 0.000000 0.001576 98.861401 7.656219 15.025797 -0.005797 
754 135.392678 0.000000 9.240812 98.465984 12.676036 17.539993 -0.016388 
755 125.953326 0.000000 18.480048 99.866062 -0.691230 8.545602 -0.004674 
756 111.794298 0.000000 13.860430 99.398662 12.717996 11.506259 -0.017424 
757 111.794298 0.000000 9.240812 98.456965 13.041284 17.547282 -0.017176 
758 116.513974 0.000000 13.860430 99.178718 12.665593 12.928835 -0.016399 
759 111.794298 0.000000 18.480048 100.822407 5.347168 2.384252 -0.019943 
760 102.354945 0.000000 23.099665 102.122089 -7.554309 -5.995700 -0.052194 
761 97.635269 0.000000 23.099665 102.022135 -9.680014 -5.391433 -0.053129 
762 107.074622 0.000000 23.099665 102.154324 -5.347384 -6.173042 -0.050221 
763 102.354945 0.000000 27.719283 100.790197 -16.676777 2.501678 -0.044304 
764 104.714783 0.000000 16.170239 100.404839 5.220143 5.030473 -0.013369 
765 102.354945 0.000000 16.170239 100.527341 5.447489 4.233965 -0.015335 
766 104.714783 0.000000 13.860430 99.713795 13.693090 9.460362 -0.021984 
767 107.074622 0.000000 16.170239 100.277910 4.613811 5.854062 -0.011122 
768 104.714783 0.000000 18.480048 101.209514 4.430034 -0.125486 -0.026301 
769 135.392678 0.000000 55.436991 98.447419 -3.213048 17.575145 -0.001110 
770 154.271383 0.000000 55.436991 98.416304 -4.349413 17.816191 -0.002210 
771 135.392678 0.000000 73.915463 98.614426 -0.884272 16.495508 0.000231 
772 125.953326 0.000000 27.719283 102.009810 -10.208150 -5.185589 -0.053710 
773 135.392678 0.000000 27.719283 102.169478 -5.922166 -6.182090 -0.051189 
774 125.953326 0.000000 36.958519 99.101368 -14.379458 13.390884 -0.020717 
775 111.794298 0.000000 23.099665 102.117831 -3.160099 -5.915786 -0.047303 
776 116.513974 0.000000 23.099665 102.016400 -1.090164 -5.247224 -0.043607 
777 111.794298 0.000000 27.719283 101.360641 -15.044653 -1.089749 -0.050151 
778 109.434460 0.000000 16.170239 100.118716 2.977922 6.882850 -0.008000 
779 109.434460 0.000000 13.860430 99.511235 12.815836 10.777127 -0.018288 
780 111.794298 0.000000 16.170239 99.609334 -3.654759 10.149746 -0.003839 
781 109.434460 0.000000 18.480048 100.951394 5.129813 1.549047 -0.021990 
782 121.233650 0.000000 13.860430 98.980341 12.677230 14.210819 -0.015977 
783 121.233650 0.000000 9.240812 98.399841 13.107532 17.938158 -0.017611 
784 125.953326 0.000000 13.860430 98.810355 12.729339 15.309088 -0.015989 
785 121.233650 0.000000 18.480048 100.320772 4.826513 5.625292 -0.011920 
786 114.154136 0.000000 16.170239 97.869940 31.827529 21.280442 -0.104437 
787 114.154136 0.000000 13.860430 99.286812 12.679042 12.229929 -0.016820 
788 116.513974 0.000000 16.170239 99.747862 16.569213 9.281310 -0.031032 
789 114.154136 0.000000 18.480048 100.695011 5.467233 3.208369 -0.017967 
790 121.233650 0.000000 23.099665 101.858114 0.777667 -4.218311 -0.039347 
791 125.953326 0.000000 23.099665 101.654284 2.378415 -2.900777 -0.034766 
792 121.233650 0.000000 27.719283 101.837942 -12.102160 -4.102060 -0.053426 
793 118.873812 0.000000 16.170239 99.742195 13.989415 9.325093 -0.023117 
794 118.873812 0.000000 13.860430 99.076217 12.666061 13.591314 -0.016125 
795 121.233650 0.000000 16.170239 99.654314 13.169635 9.893919 -0.020231 
796 118.873812 0.000000 18.480048 100.446317 5.303020 4.815233 -0.014077 
797 144.832030 0.000000 9.240812 98.559973 11.999138 16.949845 -0.014534 
798 144.832030 0.000000 0.001576 98.900970 5.868735 14.788449 -0.003454 
799 154.271383 0.000000 9.240812 98.658924 11.086831 16.325056 -0.012301 
800 144.832030 0.000000 18.480048 99.243815 12.669673 12.559263 -0.016759 
801 130.673002 0.000000 13.860430 98.670543 12.815285 16.212646 -0.016296 
802 130.673002 0.000000 9.240812 98.429536 12.900694 17.766158 -0.017044 
803 135.392678 0.000000 13.860430 98.561274 12.919215 16.919451 -0.016750 
804 130.673002 0.000000 18.480048 99.699185 18.107829 9.623539 -0.036043 
805 123.593488 0.000000 16.170239 99.547563 12.858605 10.582825 -0.018706 
806 123.593488 0.000000 13.860430 98.891632 12.698463 14.783959 -0.015937 
807 125.953326 0.000000 16.170239 99.434840 12.734846 11.309397 -0.017737 
808 123.593488 0.000000 18.480048 100.175517 3.584914 6.560772 -0.009103 
809 144.832030 0.000000 27.719283 102.060591 -1.610210 -5.467761 -0.044885 
810 154.271383 0.000000 27.719283 101.719526 1.992224 -3.273346 -0.036155 
811 144.832030 0.000000 36.958519 99.871565 -16.757788 8.514282 -0.032765 
812 130.673002 0.000000 23.099665 101.418064 3.669539 -1.378276 -0.030099 
813 135.392678 0.000000 23.099665 101.163048 4.628817 0.262646 -0.025546 
814 130.673002 0.000000 27.719283 102.122618 -8.118289 -5.893742 -0.052967 
815 140.112354 0.000000 23.099665 100.901988 5.244922 1.940744 -0.021249 
816 140.112354 0.000000 18.480048 99.468659 12.756609 11.114780 -0.018028 
817 144.832030 0.000000 23.099665 100.645301 5.484154 3.589655 -0.017244 
818 140.112354 0.000000 27.719283 102.147985 -3.719640 -6.034955 -0.048447 
819 133.032840 0.000000 20.789857 100.484258 5.366965 4.603154 -0.014708 
820 130.673002 0.000000 20.789857 100.608565 5.481697 3.803224 -0.016660 
821 133.032840 0.000000 18.480048 99.763272 14.383655 9.218604 -0.024458 
822 135.392678 0.000000 20.789857 100.359508 4.994020 5.405532 -0.012619 
823 133.032840 0.000000 23.099665 101.292075 4.191431 -0.567325 -0.027797 
824 140.112354 0.000000 13.860430 98.482239 13.018756 17.431732 -0.017210 
825 140.112354 0.000000 9.240812 98.510796 12.372858 17.259304 -0.015535 
826 144.832030 0.000000 13.860430 98.432215 13.090163 17.757521 -0.017558 
827 137.752516 0.000000 20.789857 100.222724 4.035648 6.284507 -0.010038 
828 137.752516 0.000000 18.480048 99.580902 12.913328 10.393271 -0.019113 
829 140.112354 0.000000 20.789857 99.998596 1.093054 7.721633 -0.006054 
830 137.752516 0.000000 23.099665 101.032543 4.980609 1.101701 -0.023359 
831 149.551707 0.000000 23.099665 100.395835 5.126202 5.191367 -0.013255 
832 149.551707 0.000000 18.480048 99.037368 12.669668 13.885173 -0.016172 
833 154.271383 0.000000 23.099665 100.082617 2.259033 7.199828 -0.007347 
834 149.551707 0.000000 27.719283 101.914262 0.317245 -4.524841 -0.040709 
835 142.472192 0.000000 20.789857 96.840997 -16.186461 27.915011 -0.041943 
836 142.472192 0.000000 18.480048 99.355007 12.693817 11.845015 -0.017285 
837 144.832030 0.000000 20.789857 99.559552 20.603776 10.536126 -0.044763 
838 142.472192 0.000000 23.099665 100.772611 5.416941 2.771947 -0.019215 
839 149.551707 0.000000 13.860430 98.408825 13.111969 17.912177 -0.017707 
840 149.551707 0.000000 9.240812 98.610199 11.566128 16.632953 -0.013440 
841 154.271383 0.000000 13.860430 98.408584 13.067335 17.918109 -0.017606 
842 147.191868 0.000000 20.789857 99.776146 14.917794 9.154479 -0.026162 
843 147.191868 0.000000 18.480048 99.137469 12.663783 13.242286 -0.016397 
844 149.551707 0.000000 20.789857 99.712530 13.490798 9.564254 -0.021607 
845 147.191868 0.000000 23.099665 100.520245 5.414810 4.392694 -0.015294 
846 151.911545 0.000000 20.789857 99.612218 12.983050 10.208460 -0.019537 
847 151.911545 0.000000 18.480048 98.944264 12.685810 14.483115 -0.016066 
848 154.271383 0.000000 20.789857 99.501017 12.784371 10.922101 -0.018318 
849 151.911545 0.000000 23.099665 100.264294 4.378179 6.035414 -0.010852 
850 4.716646 0.000000 0.290302 105.079789 1.289501 -4.698191 -0.106550 
851 5.011626 0.000000 0.290302 105.079789 1.289501 -4.698191 -0.106550 
852 4.716646 0.000000 0.579028 105.079789 1.289501 -4.698191 -0.106550 
853 4.274176 0.000000 0.145939 104.888929 1.015785 -3.669523 -0.101618 
854 4.421666 0.000000 0.145939 104.992231 1.148761 -4.099073 -0.104149 
855 4.274176 0.000000 0.290302 104.888929 1.015785 -3.669523 -0.101618 
856 4.200431 0.000000 -0.070606 104.623216 1.118227 -5.366738 -0.097607 
857 4.200431 0.000000 -0.142787 104.888929 1.015785 -3.669523 -0.101618 
858 4.274176 0.000000 -0.070606 104.888929 1.015785 -3.669523 -0.101618 
859 4.200431 0.000000 0.001576 104.623216 1.118227 -5.366738 -0.097607 
860 4.200431 0.000000 0.073757 104.888929 1.015785 -3.669523 -0.101618 
861 4.126686 0.000000 0.073757 104.782329 1.106935 -4.937070 -0.100494 
862 4.274176 0.000000 0.073757 104.888929 1.015785 -3.669523 -0.101618 
863 4.200431 0.000000 0.145939 104.888929 1.015785 -3.669523 -0.101618 
864 4.163559 0.000000 -0.034515 104.547642 1.193245 -6.387222 -0.097243 
865 4.126686 0.000000 -0.034515 104.547642 1.193245 -6.387222 -0.097243 
866 4.163559 0.000000 -0.070606 104.623216 1.118227 -5.366738 -0.097607 
867 4.200431 0.000000 -0.034515 104.623216 1.118227 -5.366738 -0.097607 
868 4.163559 0.000000 0.001576 104.547642 1.193245 -6.387222 -0.097243 
869 40.999156 0.000000 -110.869255 98.838117 0.042436 15.504826 -0.000937 
870 3.241747 0.000000 -110.869255 98.845427 0.030293 15.480368 -0.001006 
871 40.999156 0.000000 -147.826199 98.825561 0.078583 15.480453 -0.000614 
872 78.756565 0.000000 -110.869255 98.823185 0.047046 15.516949 -0.000680 
873 22.120451 0.000000 -55.433840 98.917432 0.297152 15.524488 -0.002576 
874 3.241747 0.000000 -55.433840 98.931176 0.206507 15.469577 -0.002673 
875 22.120451 0.000000 -73.912312 98.881578 0.125564 15.519054 -0.001842 
876 40.999156 0.000000 -55.433840 98.880291 0.335390 15.555728 -0.001941 
877 12.681099 0.000000 -27.716132 99.317931 1.879999 15.336387 -0.010279 
878 3.241747 0.000000 -27.716132 99.342812 1.294464 15.168679 -0.010076 
879 12.681099 0.000000 -36.955368 99.001269 0.821825 15.415266 -0.003956 
880 22.120451 0.000000 -27.716132 98.979932 2.122954 15.310318 -0.003594 
881 7.961423 0.000000 -13.857278 100.142515 5.745646 15.490603 -0.030149 
882 3.241747 0.000000 -13.857278 100.008072 3.731394 14.849721 -0.023605 
883 7.961423 0.000000 -18.476896 99.688041 3.843310 15.148781 -0.018196 
884 12.681099 0.000000 -13.857278 99.919898 7.411138 16.077104 -0.029738 
885 5.601585 0.000000 -6.927851 101.016034 7.396798 14.198891 -0.046056 
886 3.241747 0.000000 -6.927851 100.120231 5.336685 13.751362 -0.024164 
887 5.601585 0.000000 -9.237660 101.100790 6.404858 15.101741 -0.049045 
888 7.961423 0.000000 -6.927851 101.565708 9.113600 15.055904 -0.062533 
889 4.421666 0.000000 -3.463138 100.684615 6.558274 9.866204 -0.027774 
890 3.241747 0.000000 -3.463138 99.248098 5.168712 10.384150 0.001527 
891 4.421666 0.000000 -4.618042 100.785700 6.589737 11.833265 -0.034121 
892 5.601585 0.000000 -3.463138 102.076889 7.873614 10.000400 -0.058169 
893 3.831707 0.000000 -1.730781 104.992231 1.148761 -4.099073 -0.104149 
894 3.241747 0.000000 -1.730781 104.777281 0.890544 -3.332538 -0.099018 
895 3.831707 0.000000 -2.308233 105.136077 1.425945 -5.645734 -0.108750 
896 4.421666 0.000000 -1.730781 105.079789 1.289501 -4.698191 -0.106550 
897 4.126686 0.000000 -0.864603 104.888929 1.015785 -3.669523 -0.101618 
898 3.831707 0.000000 -0.864603 104.777281 0.890544 -3.332538 -0.099018 
899 4.126686 0.000000 -1.153329 104.992231 1.148761 -4.099073 -0.104149 
900 4.421666 0.000000 -0.864603 104.992231 1.148761 -4.099073 -0.104149 
901 4.274176 0.000000 -0.431513 104.888929 1.015785 -3.669523 -0.101618 
902 4.126686 0.000000 -0.431513 104.888929 1.015785 -3.669523 -0.101618 
903 4.274176 0.000000 -0.575877 104.888929 1.015785 -3.669523 -0.101618 
904 4.421666 0.000000 -0.431513 104.992231 1.148761 -4.099073 -0.104149 
905 4.200431 0.000000 -0.214969 104.888929 1.015785 -3.669523 -0.101618 
906 4.126686 0.000000 -0.214969 104.888929 1.015785 -3.669523 -0.101618 
907 4.200431 0.000000 -0.287150 104.888929 1.015785 -3.669523 -0.101618 
908 4.274176 0.000000 -0.214969 104.888929 1.015785 -3.669523 -0.101618 
909 4.163559 0.000000 -0.106697 104.623216 1.118227 -5.366738 -0.097607 
910 4.126686 0.000000 -0.106697 104.623216 1.118227 -5.366738 -0.097607 
911 4.163559 0.000000 -0.142787 104.888929 1.015785 -3.669523 -0.101618 
912 4.200431 0.000000 -0.106697 104.888929 1.015785 -3.669523 -0.101618 
913 4.569156 0.000000 -0.142787 104.992231 1.148761 -4.099073 -0.104149 
914 4.569156 0.000000 -0.287150 104.992231 1.148761 -4.099073 -0.104149 
915 4.716646 0.000000 -0.142787 105.079789 1.289501 -4.698191 -0.106550 
916 4.569156 0.000000 0.001576 104.992231 1.148761 -4.099073 -0.104149 
917 4.347921 0.000000 -0.070606 104.992231 1.148761 -4.099073 -0.104149 
918 4.347921 0.000000 -0.142787 104.992231 1.148761 -4.099073 -0.104149 
919 4.421666 0.000000 -0.070606 104.992231 1.148761 -4.099073 -0.104149 
920 4.347921 0.000000 0.001576 104.992231 1.148761 -4.099073 -0.104149 
921 4.237304 0.000000 -0.034515 104.888929 1.015785 -3.669523 -0.101618 
922 4.237304 0.000000 -0.070606 104.888929 1.015785 -3.669523 -0.101618 
923 4.274176 0.000000 -0.034515 104.888929 1.015785 -3.669523 -0.101618 
924 4.237304 0.000000 0.001576 104.888929 1.015785 -3.669523 -0.101618 
925 4.181995 0.000000 -0.052560 104.623216 1.118227 -5.366738 -0.097607 
926 4.163559 0.000000 -0.052560 104.623216 1.118227 -5.366738 -0.097607 
927 4.181995 0.000000 -0.070606 104.623216 1.118227 -5.366738 -0.097607 
928 4.200431 0.000000 -0.052560 104.623216 1.118227 -5.366738 -0.097607 
929 4.181995 0.000000 -0.034515 104.623216 1.118227 -5.366738 -0.097607 
930 4.237304 0.000000 -0.106697 104.888929 1.015785 -3.669523 -0.101618 
931 4.237304 0.000000 -0.142787 104.888929 1.015785 -3.669523 -0.101618 
932 4.274176 0.000000 -0.106697 104.888929 1.015785 -3.669523 -0.101618 
933 4.218867 0.000000 -0.052560 104.623216 1.118227 -5.366738 -0.097607 
934 4.218867 0.000000 -0.070606 104.888929 1.015785 -3.669523 -0.101618 
935 4.237304 0.000000 -0.052560 104.888929 1.015785 -3.669523 -0.101618 
936 4.218867 0.000000 -0.034515 104.623216 1.118227 -5.366738 -0.097607 
937 4.052941 0.000000 0.073757 104.808019 1.163118 -5.577288 -0.101718 
938 3.979196 0.000000 0.073757 104.719772 1.045812 -5.145396 -0.099380 
939 4.052941 0.000000 0.145939 104.888929 1.015785 -3.669523 -0.101618 
940 4.163559 0.000000 0.037666 104.623216 1.118227 -5.366738 -0.097607 
941 4.126686 0.000000 0.037666 104.547642 1.193245 -6.387222 -0.097243 
942 4.200431 0.000000 0.037666 104.888929 1.015785 -3.669523 -0.101618 
943 4.163559 0.000000 0.073757 104.888929 1.015785 -3.669523 -0.101618 
944 4.181995 0.000000 -0.016470 104.623216 1.118227 -5.366738 -0.097607 
945 4.163559 0.000000 -0.016470 104.547642 1.193245 -6.387222 -0.097243 
946 4.200431 0.000000 -0.016470 104.623216 1.118227 -5.366738 -0.097607 
947 4.181995 0.000000 0.001576 104.623216 1.118227 -5.366738 -0.097607 
948 4.191213 0.000000 -0.043538 104.623216 1.118227 -5.366738 -0.097607 
949 4.181995 0.000000 -0.043538 104.623216 1.118227 -5.366738 -0.097607 
950 4.191213 0.000000 -0.052560 104.623216 1.118227 -5.366738 -0.097607 
951 4.200431 0.000000 -0.043538 104.623216 1.118227 -5.366738 -0.097607 
952 4.191213 0.000000 -0.034515 104.623216 1.118227 -5.366738 -0.097607 
953 4.569156 0.000000 0.145939 104.992231 1.148761 -4.099073 -0.104149 
954 4.716646 0.000000 0.145939 105.079789 1.289501 -4.698191 -0.106550 
955 4.569156 0.000000 0.290302 104.992231 1.148761 -4.099073 -0.104149 
956 4.347921 0.000000 0.073757 104.992231 1.148761 -4.099073 -0.104149 
957 4.421666 0.000000 0.073757 104.992231 1.148761 -4.099073 -0.104149 
958 4.347921 0.000000 0.145939 104.992231 1.148761 -4.099073 -0.104149 
959 4.311049 0.000000 -0.034515 104.888929 1.015785 -3.669523 -0.101618 
960 4.311049 0.000000 -0.070606 104.888929 1.015785 -3.669523 -0.101618 
961 4.347921 0.000000 -0.034515 104.992231 1.148761 -4.099073 -0.104149 
962 4.311049 0.000000 0.001576 104.888929 1.015785 -3.669523 -0.101618 
963 4.495411 0.000000 -0.070606 104.992231 1.148761 -4.099073 -0.104149 
964 4.495411 0.000000 -0.142787 104.992231 1.148761 -4.099073 -0.104149 
965 4.569156 0.000000 -0.070606 104.992231 1.148761 -4.099073 -0.104149 
966 4.495411 0.000000 0.001576 104.992231 1.148761 -4.099073 -0.104149 
967 6.191545 0.000000 -0.575877 104.762784 1.783937 -12.067221 -0.112404 
968 6.191545 0.000000 -1.153329 104.762784 1.783937 -12.067221 -0.112404 
969 6.781504 0.000000 -0.575877 102.841207 2.080546 -19.975713 -0.097967 
970 6.191545 0.000000 0.001576 105.035402 1.670798 -9.389378 -0.112339 
971 5.306605 0.000000 -0.287150 105.136077 1.425945 -5.645734 -0.108750 
972 5.306605 0.000000 -0.575877 105.136077 1.425945 -5.645734 -0.108750 
973 5.601585 0.000000 -0.287150 105.136169 1.551548 -7.185526 -0.110765 
974 5.306605 0.000000 0.001576 105.136077 1.425945 -5.645734 -0.108750 
975 4.864136 0.000000 -0.142787 105.079789 1.289501 -4.698191 -0.106550 
976 4.864136 0.000000 -0.287150 105.079789 1.289501 -4.698191 -0.106550 
977 5.011626 0.000000 -0.142787 105.079789 1.289501 -4.698191 -0.106550 
978 4.864136 0.000000 0.001576 105.079789 1.289501 -4.698191 -0.106550 
979 4.642901 0.000000 -0.070606 104.992231 1.148761 -4.099073 -0.104149 
980 4.642901 0.000000 -0.142787 104.992231 1.148761 -4.099073 -0.104149 
981 4.716646 0.000000 -0.070606 104.992231 1.148761 -4.099073 -0.104149 
982 4.642901 0.000000 0.001576 104.992231 1.148761 -4.099073 -0.104149 
983 6.191545 0.000000 0.579028 104.762784 1.783937 -12.067221 -0.112404 
984 6.781504 0.000000 0.579028 102.841207 2.080546 -19.975713 -0.097967 
985 6.191545 0.000000 1.156480 104.762784 1.783937 -12.067221 -0.112404 
986 5.306605 0.000000 0.290302 105.136077 1.425945 -5.645734 -0.108750 
987 5.601585 0.000000 0.290302 105.136169 1.551548 -7.185526 -0.110765 
988 5.306605 0.000000 0.579028 105.136077 1.425945 -5.645734 -0.108750 
989 5.159115 0.000000 -0.142787 105.136077 1.425945 -5.645734 -0.108750 
990 5.159115 0.000000 -0.287150 105.136077 1.425945 -5.645734 -0.108750 
991 5.306605 0.000000 -0.142787 105.136077 1.425945 -5.645734 -0.108750 
992 5.159115 0.000000 0.001576 105.136077 1.425945 -5.645734 -0.108750 
993 4.864136 0.000000 0.145939 105.079789 1.289501 -4.698191 -0.106550 
994 5.011626 0.000000 0.145939 105.079789 1.289501 -4.698191 -0.106550 
995 4.864136 0.000000 0.290302 105.079789 1.289501 -4.698191 -0.106550 
996 4.937881 0.000000 -0.070606 105.079789 1.289501 -4.698191 -0.106550 
997 4.864136 0.000000 -0.070606 105.079789 1.289501 -4.698191 -0.106550 
998 4.937881 0.000000 -0.142787 105.079789 1.289501 -4.698191 -0.106550 
999 5.011626 0.000000 -0.070606 105.079789 1.289501 -4.698191 -0.106550 
1000 4.937881 0.000000 0.001576 105.079789 1.289501 -4.698191 -0.106550 
1001 5.896565 0.000000 -0.287150 105.136169 1.551548 -7.185526 -0.110765 
1002 5.896565 0.000000 -0.575877 105.035402 1.670798 -9.389378 -0.112339 
1003 6.191545 0.000000 -0.287150 105.035402 1.670798 -9.389378 -0.112339 
1004 5.896565 0.000000 0.001576 105.136169 1.551548 -7.185526 -0.110765 
1005 5.454095 0.000000 -0.142787 105.136077 1.425945 -5.645734 -0.108750 
1006 5.454095 0.000000 -0.287150 105.136077 1.425945 -5.645734 -0.108750 
1007 5.601585 0.000000 -0.142787 105.136169 1.551548 -7.185526 -0.110765 
1008 5.454095 0.000000 0.001576 105.136077 1.425945 -5.645734 -0.108750 
1009 5.896565 0.000000 0.290302 105.136169 1.551548 -7.185526 -0.110765 
1010 6.191545 0.000000 0.290302 105.035402 1.670798 -9.389378 -0.112339 
1011 5.896565 0.000000 0.579028 105.035402 1.670798 -9.389378 -0.112339 
1012 5.749075 0.000000 -0.142787 105.136169 1.551548 -7.185526 -0.110765 
1013 5.749075 0.000000 -0.287150 105.136169 1.551548 -7.185526 -0.110765 
1014 5.896565 0.000000 -0.142787 105.136169 1.551548 -7.185526 -0.110765 
1015 5.749075 0.000000 0.001576 105.136169 1.551548 -7.185526 -0.110765 
1016 7.371464 0.000000 -0.575877 106.593311 15.114445 3.207051 -0.160087 
1017 7.371464 0.000000 -1.153329 105.700045 10.552405 5.902003 -0.131869 
1018 7.371464 0.000000 0.001576 106.607722 -8.774048 -0.630864 -0.144259 
1019 6.486524 0.000000 -0.287150 104.281774 1.892391 -14.887428 -0.109991 
1020 6.486524 0.000000 -0.575877 104.281774 1.892391 -14.887428 -0.109991 
1021 6.781504 0.000000 -0.287150 103.622337 1.990164 -17.545913 -0.104941 
1022 6.486524 0.000000 0.001576 104.762784 1.783937 -12.067221 -0.112404 
1023 7.371464 0.000000 0.579028 107.834082 0.131718 3.102168 -0.163783 
1024 7.371464 0.000000 1.156480 108.581852 1.024324 2.895113 -0.179945 
1025 6.486524 0.000000 0.290302 104.762784 1.783937 -12.067221 -0.112404 
1026 6.781504 0.000000 0.290302 103.622337 1.990164 -17.545913 -0.104941 
1027 6.486524 0.000000 0.579028 104.281774 1.892391 -14.887428 -0.109991 
1028 6.339034 0.000000 -0.142787 104.762784 1.783937 -12.067221 -0.112404 
1029 6.191545 0.000000 -0.142787 105.035402 1.670798 -9.389378 -0.112339 
1030 6.339034 0.000000 -0.287150 104.762784 1.783937 -12.067221 -0.112404 
1031 6.486524 0.000000 -0.142787 104.762784 1.783937 -12.067221 -0.112404 
1032 6.339034 0.000000 0.001576 104.762784 1.783937 -12.067221 -0.112404 
1033 7.076484 0.000000 -0.287150 106.589217 25.610680 -16.663357 -0.229484 
1034 7.076484 0.000000 -0.575877 106.481109 14.551588 2.664201 -0.155707 
1035 7.371464 0.000000 -0.287150 106.875187 28.476715 -19.043866 -0.259590 
1036 7.076484 0.000000 0.001576 106.510473 -9.126377 -1.990325 -0.143173 
1037 6.634014 0.000000 -0.142787 104.281774 1.892391 -14.887428 -0.109991 
1038 6.634014 0.000000 -0.287150 104.281774 1.892391 -14.887428 -0.109991 
1039 6.781504 0.000000 -0.142787 103.622337 1.990164 -17.545913 -0.104941 
1040 6.634014 0.000000 0.001576 104.281774 1.892391 -14.887428 -0.109991 
1041 7.666443 0.000000 -0.287150 107.281825 31.938594 -20.571567 -0.295265 
1042 7.666443 0.000000 -0.575877 106.663101 15.579504 3.762563 -0.163389 
1043 7.961423 0.000000 -0.287150 107.746695 35.921076 -20.277838 -0.331086 
1044 7.666443 0.000000 0.001576 106.663464 -8.564521 0.438550 -0.145064 
1045 7.666443 0.000000 0.290302 107.304561 -1.440018 3.355516 -0.152760 
1046 7.371464 0.000000 0.290302 107.345852 -1.784163 2.811306 -0.153422 
1047 7.961423 0.000000 0.290302 107.233373 -1.193385 3.821728 -0.151503 
1048 7.666443 0.000000 0.579028 107.734606 0.451204 3.522053 -0.161935 
1049 7.518954 0.000000 -0.142787 105.805675 -18.789979 -17.591080 -0.185735 
1050 7.371464 0.000000 -0.142787 105.644349 -17.483479 -18.901495 -0.182367 
1051 7.518954 0.000000 -0.287150 107.078570 30.105672 -20.008433 -0.277251 
1052 7.666443 0.000000 -0.142787 105.933180 -20.016945 -16.548522 -0.189637 
1053 7.518954 0.000000 0.001576 106.641543 -8.647116 -0.066569 -0.144720 
1054 8.256403 0.000000 -0.287150 108.585033 39.388649 -16.974068 -0.363029 
1055 8.256403 0.000000 -0.575877 106.747545 16.041395 4.931087 -0.167668 
1056 8.256403 0.000000 0.001576 106.659011 -8.964549 2.016732 -0.146058 
1057 8.993852 0.000000 -0.142787 140.259675 42.874650 -201.550712 -5.213370 
1058 8.846362 0.000000 -0.142787 115.998300 -66.857191 -79.518919 -1.424875 
1059 8.993852 0.000000 -0.287150 107.978517 30.037204 4.001782 -0.257761 
1060 8.993852 0.000000 0.001576 106.082380 -17.177521 3.362399 -0.155984 
1061 116.513974 0.000000 -110.869255 98.812755 0.152116 15.510795 -0.000457 
1062 116.513974 0.000000 -147.826199 98.811466 0.140822 15.493854 -0.000379 
1063 154.271383 0.000000 -110.869255 98.804143 0.212838 15.513203 -0.000296 
1064 -34.515662 0.000000 -110.869255 98.837772 0.016544 15.456869 -0.000782 
1065 -72.273071 0.000000 -110.869255 98.824355 0.007738 15.445509 -0.000482 
1066 -34.515662 0.000000 -147.826199 98.825216 0.064995 15.459055 -0.000541 
1067 59.877860 0.000000 -55.433840 98.846913 0.330094 15.564868 -0.001309 
1068 59.877860 0.000000 -73.912312 98.842927 0.149792 15.553514 -0.001186 
1069 78.756565 0.000000 -55.433840 98.824695 0.306393 15.564582 -0.000867 
1070 -34.515662 0.000000 110.872407 98.716096 -0.027013 15.498565 0.001493 
1071 -72.273071 0.000000 110.872407 98.745615 -0.012126 15.464149 0.001016 
1072 -34.515662 0.000000 147.829350 98.750247 -0.038914 15.485949 0.000857 
1073 -110.030480 0.000000 110.872407 98.767052 -0.048095 15.450025 0.000636 
1074 -147.787889 0.000000 110.872407 98.779489 -0.032609 15.446864 0.000401 
1075 -110.030480 0.000000 147.829350 98.773488 -0.047120 15.454587 0.000495 
1076 -15.636957 0.000000 -55.433840 98.906122 0.109789 15.422243 -0.002028 
1077 -34.515662 0.000000 -55.433840 98.868093 0.050080 15.404958 -0.001221 
1078 -15.636957 0.000000 -73.912312 98.877786 0.060294 15.455231 -0.001568 
1079 31.559804 0.000000 -27.716132 98.925567 2.164343 15.294580 -0.002488 
1080 31.559804 0.000000 -36.955368 98.924010 1.019348 15.469156 -0.002629 
1081 40.999156 0.000000 -27.716132 98.887996 2.040035 15.285989 -0.001666 
1082 -15.636957 0.000000 55.436991 98.438277 -0.224035 15.649617 0.006494 
1083 -34.515662 0.000000 55.436991 98.568220 -0.101132 15.508436 0.004378 
1084 -15.636957 0.000000 73.915463 98.583699 -0.113105 15.595331 0.003803 
1085 -53.394366 0.000000 55.436991 98.659125 -0.046054 15.455372 0.002751 
1086 -72.273071 0.000000 55.436991 98.712916 -0.022334 15.438996 0.001740 
1087 -53.394366 0.000000 73.915463 98.687564 -0.034458 15.471916 0.002138 
1088 -6.197605 0.000000 -27.716132 99.005076 0.710779 15.154191 -0.003216 
1089 -15.636957 0.000000 -27.716132 98.912413 0.280805 15.198262 -0.001473 
1090 -6.197605 0.000000 -36.955368 98.977393 0.366195 15.338149 -0.003192 
1091 31.559804 0.000000 27.719283 97.880902 -8.607546 17.101067 0.005279 
1092 31.559804 0.000000 36.958519 97.963114 -3.605500 17.536078 0.008271 
1093 17.400775 0.000000 -13.857278 99.441194 8.173657 16.443577 -0.022575 
1094 17.400775 0.000000 -18.476896 99.377648 5.195784 15.552718 -0.014480 
1095 22.120451 0.000000 -13.857278 99.087380 8.425011 16.377989 -0.015753 
1096 -6.197605 0.000000 27.719283 97.524036 -1.697934 15.897583 0.023345 
1097 -15.636957 0.000000 27.719283 97.932929 -0.761321 15.601624 0.016515 
1098 -6.197605 0.000000 36.958519 97.925557 -0.895989 15.954043 0.015525 
1099 -25.076310 0.000000 27.719283 98.236864 -0.364459 15.457424 0.011045 
1100 -34.515662 0.000000 27.719283 98.445100 -0.179531 15.404653 0.007123 
1101 -25.076310 0.000000 36.958519 98.342813 -0.286294 15.523060 0.008764 
1102 -1.477929 0.000000 -13.857278 99.609064 2.280680 14.383927 -0.013406 
1103 -6.197605 0.000000 -13.857278 99.267362 1.273409 14.325793 -0.006086 
1104 -1.477929 0.000000 -18.476896 99.479877 1.856566 14.679242 -0.011517 
1105 7.961423 0.000000 13.860430 99.169893 -11.591361 9.076331 -0.005141 
1106 3.241747 0.000000 13.860430 97.993657 -8.737938 12.084702 0.017485 
1107 7.961423 0.000000 18.480048 97.039529 -9.455522 14.074538 0.029583 
1108 10.321261 0.000000 -6.927851 101.499283 10.469307 16.215473 -0.067465 
1109 10.321261 0.000000 -9.237660 101.106282 9.184782 16.864901 -0.059127 
1110 12.681099 0.000000 -6.927851 101.422808 11.209425 17.802166 -0.072915 
1111 -1.477929 0.000000 13.860430 97.238363 -5.925322 13.684229 0.032233 
1112 -6.197605 0.000000 13.860430 97.105183 -3.609231 14.400307 0.035019 
1113 -1.477929 0.000000 18.480048 96.693108 -4.682925 15.069335 0.040143 
1114 -10.917281 0.000000 13.860430 97.329744 -2.077532 14.704678 0.030638 
1115 -15.636957 0.000000 13.860430 97.630891 -1.209907 14.856511 0.024603 
1116 -10.917281 0.000000 18.480048 97.278343 -1.828123 15.119392 0.030499 
1117 0.881909 0.000000 -6.927851 99.967381 3.314106 13.675714 -0.019149 
1118 -1.477929 0.000000 -6.927851 99.570399 1.973151 13.939377 -0.011246 
1119 0.881909 0.000000 -9.237660 100.054617 3.410668 14.216806 -0.022468 
1120 10.321261 0.000000 6.931003 106.976018 -2.963684 -1.175787 -0.145403 
1121 7.961423 0.000000 6.931003 107.357432 -5.386051 0.867495 -0.155538 
1122 10.321261 0.000000 9.240812 104.310416 -7.587600 0.177628 -0.093827 
1123 5.601585 0.000000 6.931003 106.724290 -7.099476 3.622270 -0.145360 
1124 3.241747 0.000000 6.931003 105.208227 -7.605084 6.764725 -0.117237 
1125 5.601585 0.000000 9.240812 103.008792 -9.187619 5.632959 -0.072695 
1126 6.781504 0.000000 -3.463138 103.096369 9.067204 10.623941 -0.082394 
1127 6.781504 0.000000 -4.618042 102.419201 8.938095 12.507904 -0.072603 
1128 7.961423 0.000000 -3.463138 103.634910 10.102349 11.481333 -0.097407 
1129 0.881909 0.000000 6.931003 102.576524 -6.812347 9.479630 -0.065821 
1130 -1.477929 0.000000 6.931003 100.637545 -5.648700 11.550113 -0.029323 
1131 0.881909 0.000000 9.240812 100.326231 -7.587057 10.468647 -0.023251 
1132 -3.837767 0.000000 6.931003 99.238309 -4.386156 12.834249 -0.003220 
1133 -6.197605 0.000000 6.931003 98.389965 -3.304515 13.509021 0.012600 
1134 -3.837767 0.000000 9.240812 98.321529 -4.678037 13.087410 0.013971 
1135 2.061828 0.000000 -3.463138 98.146602 3.857134 11.483109 0.022051 
1136 0.881909 0.000000 -3.463138 97.673904 2.681168 12.891844 0.028642 
1137 2.061828 0.000000 -4.618042 99.095565 4.173574 12.612541 0.000357 
1138 5.011626 0.000000 -1.730781 105.136169 1.551548 -7.185526 -0.110765 
1139 5.011626 0.000000 -2.308233 104.762784 1.783937 -12.067221 -0.112404 
1140 5.601585 0.000000 -1.730781 104.762784 1.783937 -12.067221 -0.112404 
1141 2.651788 0.000000 -1.730781 104.844437 0.438564 -0.746934 -0.099311 
1142 2.061828 0.000000 -1.730781 104.974283 0.103066 2.516257 -0.102594 
1143 2.651788 0.000000 -2.308233 104.785566 0.380034 1.658709 -0.098291 
1144 3.536727 0.000000 -0.864603 104.663287 0.774443 -3.061860 -0.096438 
1145 3.241747 0.000000 -0.864603 104.510331 0.573978 -2.781084 -0.093047 
1146 3.536727 0.000000 -1.153329 104.777281 0.890544 -3.332538 -0.099018 
1147 97.635269 0.000000 -55.433840 98.811101 0.278215 15.561711 -0.000588 
1148 97.635269 0.000000 -73.912312 98.814589 0.138429 15.554312 -0.000628 
1149 116.513974 0.000000 -55.433840 98.802816 0.250830 15.558496 -0.000413 
1150 135.392678 0.000000 -55.433840 98.797659 0.225867 15.555452 -0.000300 
1151 135.392678 0.000000 -73.912312 98.801366 0.119655 15.547244 -0.000344 
1152 154.271383 0.000000 -55.433840 98.798410 0.398932 15.529580 -0.000245 
1153 50.438508 0.000000 -27.716132 98.874984 1.884413 15.281592 -0.001334 
1154 50.438508 0.000000 -36.955368 98.868036 0.968753 15.472335 -0.001522 
1155 59.877860 0.000000 -27.716132 98.858831 1.713873 15.294855 -0.000994 
1156 69.317213 0.000000 -27.716132 98.847708 1.553998 15.313823 -0.000780 
1157 69.317213 0.000000 -36.955368 98.836195 0.844840 15.481405 -0.000898 
1158 78.756565 0.000000 -27.716132 98.838692 1.409068 15.335382 -0.000625 
1159 26.840128 0.000000 -13.857278 98.902282 8.330087 16.126931 -0.011113 
1160 26.840128 0.000000 -18.476896 99.071305 5.363334 15.458227 -0.008285 
1161 31.559804 0.000000 -13.857278 98.839271 8.028892 15.840533 -0.008459 
1162 36.279480 0.000000 -13.857278 98.733790 7.608407 15.400664 -0.004343 
1163 36.279480 0.000000 -18.476896 98.854489 4.921810 15.082521 -0.002392 
1164 40.999156 0.000000 -13.857278 98.772892 7.182921 15.229502 -0.003962 
1165 15.040937 0.000000 -6.927851 100.550570 11.758025 18.607722 -0.059492 
1166 15.040937 0.000000 -9.237660 100.119588 10.740965 18.145628 -0.046856 
1167 17.400775 0.000000 -6.927851 99.743564 12.316550 18.863895 -0.045632 
1168 19.760613 0.000000 -6.927851 99.170387 12.453253 19.027386 -0.035189 
1169 19.760613 0.000000 -9.237660 99.141776 11.542756 18.363876 -0.029956 
1170 22.120451 0.000000 -6.927851 98.701242 12.579074 19.043857 -0.026284 
1171 9.141342 0.000000 -3.463138 103.746102 10.953737 12.395585 -0.103689 
1172 9.141342 0.000000 -4.618042 102.918465 10.716122 13.986263 -0.090266 
1173 10.321261 0.000000 -3.463138 103.514935 11.592722 13.271068 -0.102585 
1174 11.501180 0.000000 -3.463138 103.069293 12.078260 14.072029 -0.096719 
1175 11.501180 0.000000 -4.618042 102.375370 11.797300 15.462207 -0.085897 
1176 12.681099 0.000000 -3.463138 102.485593 12.404616 14.768184 -0.087527 
1177 6.191545 0.000000 -1.730781 102.841207 2.080546 -19.975713 -0.097967 
1178 6.191545 0.000000 -2.308233 103.416008 8.515964 7.578336 -0.082482 
1179 6.781504 0.000000 -1.730781 104.606065 9.262572 6.657970 -0.107255 
1180 7.371464 0.000000 -1.730781 104.990671 9.844549 7.336683 -0.117378 
1181 7.371464 0.000000 -2.308233 104.388743 9.696064 8.673238 -0.106625 
1182 7.961423 0.000000 -1.730781 105.203064 10.368620 7.984156 -0.123894 
1183 4.716646 0.000000 -0.864603 105.079789 1.289501 -4.698191 -0.106550 
1184 4.716646 0.000000 -1.153329 105.079789 1.289501 -4.698191 -0.106550 
1185 5.011626 0.000000 -0.864603 105.136077 1.425945 -5.645734 -0.108750 
1186 5.306605 0.000000 -0.864603 105.136077 1.425945 -5.645734 -0.108750 
1187 5.306605 0.000000 -1.153329 105.136169 1.551548 -7.185526 -0.110765 
1188 5.601585 0.000000 -0.864603 105.136169 1.551548 -7.185526 -0.110765 
1189 3.979196 0.000000 -0.431513 104.777281 0.890544 -3.332538 -0.099018 
1190 3.831707 0.000000 -0.431513 104.777281 0.890544 -3.332538 -0.099018 
1191 3.979196 0.000000 -0.575877 104.888929 1.015785 -3.669523 -0.101618 
1192 2.946767 0.000000 0.290302 104.932834 0.495979 -0.237971 -0.101120 
1193 2.946767 0.000000 0.001576 104.932834 0.495979 -0.237971 -0.101120 
1194 2.946767 0.000000 0.579028 104.844437 0.438564 -0.746934 -0.099311 
1195 2.946767 0.000000 -0.287150 104.872953 0.458573 -0.448202 -0.099875 
1196 2.651788 0.000000 -0.287150 104.876780 0.464538 -0.264717 -0.099942 
1197 2.946767 0.000000 -0.575877 104.844437 0.438564 -0.746934 -0.099311 
1198 2.356808 0.000000 -0.287150 104.850167 0.446058 -0.535084 -0.099404 
1199 2.061828 0.000000 -0.287150 104.826808 0.426990 -0.448985 -0.098904 
1200 2.356808 0.000000 -0.575877 104.844437 0.438564 -0.746934 -0.099311 
1201 -0.592990 0.000000 -0.287150 104.609085 -0.412372 3.204324 -0.095350 
1202 -0.887970 0.000000 -0.287150 104.654417 -0.474546 3.562959 -0.096547 
1203 -0.592990 0.000000 -0.575877 104.609085 -0.412372 3.204324 -0.095350 
1204 -0.150520 0.000000 -0.142787 104.617606 -0.329398 3.063244 -0.095434 
1205 -0.298010 0.000000 -0.142787 104.609085 -0.412372 3.204324 -0.095350 
1206 -0.150520 0.000000 -0.287150 104.617606 -0.329398 3.063244 -0.095434 
1207 0.439439 0.000000 0.145939 104.459390 -0.274801 2.582785 -0.091851 
1208 0.586929 0.000000 0.145939 104.568272 -0.246467 2.837915 -0.094264 
1209 0.439439 0.000000 0.290302 104.669398 -0.229226 3.116221 -0.096545 
1210 36.279480 0.000000 13.860430 101.388054 -10.331155 -4.838070 -0.040968 
1211 31.559804 0.000000 13.860430 100.901585 -11.980089 -3.441040 -0.033649 
1212 36.279480 0.000000 18.480048 99.813215 -16.754885 5.221666 -0.027067 
1213 26.840128 0.000000 13.860430 100.473254 -13.154130 -1.907911 -0.027155 
1214 26.840128 0.000000 18.480048 98.749757 -15.942763 8.667611 -0.008081 
1215 11.501180 0.000000 3.466289 106.913080 4.078088 2.272201 -0.145220 
1216 10.321261 0.000000 3.466289 107.881907 2.889810 2.021589 -0.165094 
1217 11.501180 0.000000 4.621194 107.054618 2.680753 0.436785 -0.146807 
1218 9.141342 0.000000 3.466289 108.722715 1.510091 1.842205 -0.182630 
1219 7.961423 0.000000 3.466289 109.402342 0.023380 1.779057 -0.197204 
1220 9.141342 0.000000 4.621194 108.635533 -0.062605 0.712627 -0.180219 
1221 4.052941 0.000000 -0.214969 104.888929 1.015785 -3.669523 -0.101618 
1222 3.979196 0.000000 -0.214969 104.777281 0.890544 -3.332538 -0.099018 
1223 4.052941 0.000000 -0.287150 104.888929 1.015785 -3.669523 -0.101618 
1224 4.569156 0.000000 -0.431513 104.992231 1.148761 -4.099073 -0.104149 
1225 4.569156 0.000000 -0.575877 104.992231 1.148761 -4.099073 -0.104149 
1226 4.716646 0.000000 -0.431513 105.079789 1.289501 -4.698191 -0.106550 
1227 4.864136 0.000000 -0.431513 105.079789 1.289501 -4.698191 -0.106550 
1228 4.864136 0.000000 -0.575877 105.079789 1.289501 -4.698191 -0.106550 
1229 5.011626 0.000000 -0.431513 105.079789 1.289501 -4.698191 -0.106550 
1230 4.347921 0.000000 -0.214969 104.992231 1.148761 -4.099073 -0.104149 
1231 4.347921 0.000000 -0.287150 104.992231 1.148761 -4.099073 -0.104149 
1232 4.421666 0.000000 -0.214969 104.992231 1.148761 -4.099073 -0.104149 
1233 8.551383 0.000000 -1.730781 105.273605 10.833702 8.598291 -0.127383 
1234 8.551383 0.000000 -2.308233 104.716197 10.680736 9.790548 -0.117541 
1235 9.141342 0.000000 -1.730781 105.231547 11.240304 9.177769 -0.128425 
1236 9.731302 0.000000 -1.730781 105.094129 11.598878 9.720249 -0.127379 
1237 9.731302 0.000000 -2.308233 104.593697 11.469058 10.834418 -0.118877 
1238 10.321261 0.000000 -1.730781 104.877948 11.916205 10.225933 -0.124595 
1239 13.861018 0.000000 -3.463138 102.175499 12.476449 16.036722 -0.085267 
1240 13.861018 0.000000 -4.618042 101.745484 12.204001 17.241689 -0.079836 
1241 15.040937 0.000000 -3.463138 101.495613 12.600600 16.528095 -0.073331 
1242 16.220856 0.000000 -3.463138 100.811368 12.682251 16.945695 -0.061093 
1243 16.220856 0.000000 -4.618042 100.548950 12.474421 18.050180 -0.059151 
1244 17.400775 0.000000 -3.463138 100.254846 12.714048 17.208557 -0.050882 
1245 10.911221 0.000000 -1.730781 104.582468 12.177027 10.686840 -0.119998 
1246 10.911221 0.000000 -2.308233 104.142661 12.056353 11.767329 -0.112952 
1247 11.501180 0.000000 -1.730781 104.253680 12.420091 11.125010 -0.114685 
1248 12.091140 0.000000 -1.730781 103.888054 12.624272 11.532243 -0.108509 
1249 12.091140 0.000000 -2.308233 103.507553 12.494505 12.593960 -0.102853 
1250 12.681099 0.000000 -1.730781 103.498154 12.789596 11.909515 -0.101728 
1251 8.256403 0.000000 0.290302 107.140246 -1.053803 4.246866 -0.149818 
1252 8.256403 0.000000 0.579028 107.509114 0.975537 4.270395 -0.157740 
1253 9.583812 0.000000 0.145939 105.837715 -10.679152 7.288614 -0.136879 
1254 9.731302 0.000000 0.145939 105.542760 -13.070155 8.395034 -0.138058 
1255 9.583812 0.000000 0.290302 106.364558 -3.155624 6.424894 -0.136466 
1256 10.616241 0.000000 -0.287150 105.852281 16.896131 8.593549 -0.156403 
1257 10.616241 0.000000 -0.575877 105.654090 13.962725 8.552142 -0.143088 
1258 10.911221 0.000000 -0.287150 105.639957 16.261592 8.733785 -0.150052 
1259 8.993852 0.000000 0.145939 106.496157 -5.369842 5.140428 -0.139669 
1260 8.846362 0.000000 0.145939 106.607941 -4.676683 4.828854 -0.141044 
1261 8.993852 0.000000 0.290302 106.768741 -1.530913 5.318246 -0.143019 
1262 13.271059 0.000000 1.733932 104.765001 5.369999 6.031912 -0.104093 
1263 12.681099 0.000000 1.733932 105.277527 5.231406 5.776161 -0.114409 
1264 13.271059 0.000000 2.311385 104.991104 5.770066 4.918427 -0.108062 
1265 11.796160 0.000000 0.290302 99.155206 33.042335 47.495247 -0.317935 
1266 11.796160 0.000000 0.001576 104.994961 19.467794 9.985886 -0.150265 
1267 11.796160 0.000000 0.579028 104.873059 -4.191174 10.271127 -0.112142 
1268 13.271059 0.000000 -1.730781 103.094209 12.917425 12.258120 -0.094554 
1269 13.271059 0.000000 -2.308233 102.771334 12.773331 13.301428 -0.090203 
1270 13.861018 0.000000 -1.730781 102.685966 13.010565 12.578274 -0.087190 
1271 14.450978 0.000000 -0.575877 102.878027 13.722202 11.601884 -0.090679 
1272 14.450978 0.000000 -1.153329 102.725320 13.215133 12.542867 -0.088445 
1273 15.040937 0.000000 -0.575877 102.510546 13.659851 11.709823 -0.083212 
1274 24.480290 0.000000 6.931003 100.772350 3.939481 -1.329125 -0.017235 
1275 26.840128 0.000000 6.931003 100.594395 4.313348 -0.692118 -0.013832 
1276 24.480290 0.000000 9.240812 101.157398 -1.458021 -4.929789 -0.025925 
1277 24.480290 0.000000 -2.308233 98.583755 12.883253 16.870226 -0.016934 
1278 24.480290 0.000000 -4.618042 98.400619 12.941550 18.768531 -0.020242 
1279 26.840128 0.000000 -2.308233 98.368155 12.912089 17.177471 -0.013808 
1280 18.580694 0.000000 -3.463138 99.772702 12.838960 17.303295 -0.041883 
1281 18.580694 0.000000 -4.618042 99.593913 12.749807 18.333788 -0.041763 
1282 19.760613 0.000000 -3.463138 99.351066 12.831742 17.529288 -0.034256 
1283 15.630897 0.000000 -0.575877 102.084988 13.630665 11.942410 -0.074976 
1284 15.630897 0.000000 -1.153329 101.897592 13.262038 13.043086 -0.072912 
1285 16.220856 0.000000 -0.575877 101.685005 13.586983 12.154728 -0.067218 
1286 16.515836 0.000000 0.867754 100.851912 28.121539 16.698767 -0.124078 
1287 16.515836 0.000000 0.579028 101.686116 17.897237 10.933483 -0.077992 
1288 16.515836 0.000000 1.156480 100.467369 -11.089335 19.888102 -0.061220 
1289 17.695755 0.000000 0.867754 100.880622 20.275296 11.599630 -0.072254 
1290 17.695755 0.000000 0.579028 101.009673 16.099341 10.758504 -0.057789 
1291 17.990735 0.000000 0.867754 100.785428 19.241645 11.268492 -0.065492 
1292 17.105796 0.000000 1.445206 101.382765 -0.188819 10.413485 -0.038694 
1293 16.810816 0.000000 1.445206 101.689768 0.795771 9.908626 -0.043962 
1294 17.105796 0.000000 1.733932 101.654512 4.016359 8.485186 -0.042177 
1295 45.718832 0.000000 -4.618042 98.271637 12.735421 17.828628 -0.013737 
1296 45.718832 0.000000 -9.237660 98.611849 9.991284 16.011142 -0.008048 
1297 50.438508 0.000000 -4.618042 98.358844 12.448195 17.510645 -0.013604 
1298 88.195917 0.000000 -27.716132 98.831173 1.279478 15.357469 -0.000509 
1299 88.195917 0.000000 -36.955368 98.818573 0.725207 15.493453 -0.000568 
1300 97.635269 0.000000 -27.716132 98.824799 1.164168 15.378886 -0.000421 
1301 107.074622 0.000000 -9.237660 98.896764 4.333145 14.815564 -0.001885 
1302 107.074622 0.000000 -18.476896 98.849726 2.009397 15.163195 -0.000523 
1303 116.513974 0.000000 -9.237660 98.892091 3.800940 14.853827 -0.001473 
1304 66.957375 0.000000 11.550621 100.763698 5.324064 2.255785 -0.018676 
1305 64.597536 0.000000 11.550621 100.881510 5.089730 1.423443 -0.020501 
1306 66.957375 0.000000 13.860430 101.550757 2.423684 -2.815339 -0.032636 
1307 71.677051 0.000000 6.931003 99.141461 12.675794 12.830825 -0.015434 
1308 71.677051 0.000000 4.621194 98.606453 12.823843 16.291938 -0.015311 
1309 74.036889 0.000000 6.931003 99.044333 12.672110 13.498005 -0.015256 
1310 76.396727 0.000000 11.550621 100.294503 4.983600 5.483138 -0.011389 
1311 76.396727 0.000000 9.240812 99.624532 13.297325 9.796861 -0.019784 
1312 76.396727 0.000000 13.860430 101.094799 4.652740 0.338156 -0.024192 
1313 92.915593 0.000000 23.099665 101.860075 -11.631234 -4.397703 -0.053010 
1314 88.195917 0.000000 23.099665 101.645256 -13.331719 -3.076337 -0.051896 
1315 92.915593 0.000000 27.719283 100.217715 -17.082814 6.080968 -0.037239 
1316 102.354945 0.000000 4.621194 98.426288 12.850728 17.732909 -0.016733 
1317 102.354945 0.000000 0.001576 98.712962 10.300727 15.928024 -0.010406 
1318 107.074622 0.000000 4.621194 98.467310 12.605090 17.487844 -0.016052 
1319 111.794298 0.000000 4.621194 98.515215 12.282646 17.195594 -0.015180 
1320 111.794298 0.000000 0.001576 98.788515 9.221209 15.469450 -0.008351 
1321 116.513974 0.000000 4.621194 98.566252 11.892352 16.880804 -0.014170 
1322 125.953326 0.000000 -9.237660 98.885005 3.343680 14.904349 -0.001156 
1323 125.953326 0.000000 -18.476896 98.835956 1.619206 15.246267 -0.000362 
1324 135.392678 0.000000 -9.237660 98.876736 2.951024 14.960453 -0.000913 
1325 121.233650 0.000000 4.621194 98.617366 11.446045 16.563516 -0.013075 
1326 121.233650 0.000000 0.001576 98.842072 8.161863 15.143316 -0.006569 
1327 125.953326 0.000000 4.621194 98.666254 10.956941 16.258858 -0.011943 
1328 130.673002 0.000000 4.621194 98.711324 10.438370 15.977305 -0.010816 
1329 130.673002 0.000000 0.001576 98.876422 7.172122 14.934783 -0.005103 
1330 135.392678 0.000000 4.621194 98.751608 9.902825 15.725289 -0.009723 
1331 144.832030 0.000000 -9.237660 98.868075 2.613534 15.017793 -0.000726 
1332 144.832030 0.000000 -18.476896 98.824371 1.321751 15.315602 -0.000257 
1333 154.271383 0.000000 -9.237660 98.859518 2.322902 15.073654 -0.000582 
1334 140.112354 0.000000 4.621194 98.786643 9.361360 15.505963 -0.008687 
1335 140.112354 0.000000 0.001576 98.895690 6.277387 14.819271 -0.003937 
1336 144.832030 0.000000 4.621194 98.816347 8.823274 15.320002 -0.007722 
1337 149.551707 0.000000 4.621194 98.840910 8.296037 15.166321 -0.006837 
1338 149.551707 0.000000 0.001576 98.903972 5.486014 14.771724 -0.003030 
1339 154.271383 0.000000 4.621194 98.860695 7.785364 15.042689 -0.006033 
1340 4.237304 0.000000 0.037666 104.888929 1.015785 -3.669523 -0.101618 
1341 4.274176 0.000000 0.037666 104.888929 1.015785 -3.669523 -0.101618 
1342 4.237304 0.000000 0.073757 104.888929 1.015785 -3.669523 -0.101618 
1343 4.495411 0.000000 -0.214969 104.992231 1.148761 -4.099073 -0.104149 
1344 4.495411 0.000000 -0.287150 104.992231 1.148761 -4.099073 -0.104149 
1345 4.569156 0.000000 -0.214969 104.992231 1.148761 -4.099073 -0.104149 
1346 4.642901 0.000000 -0.214969 104.992231 1.148761 -4.099073 -0.104149 
1347 4.642901 0.000000 -0.287150 104.992231 1.148761 -4.099073 -0.104149 
1348 4.716646 0.000000 -0.214969 105.079789 1.289501 -4.698191 -0.106550 
1349 4.311049 0.000000 -0.106697 104.888929 1.015785 -3.669523 -0.101618 
1350 4.311049 0.000000 -0.142787 104.888929 1.015785 -3.669523 -0.101618 
1351 4.347921 0.000000 -0.106697 104.992231 1.148761 -4.099073 -0.104149 
1352 4.218867 0.000000 -0.016470 104.623216 1.118227 -5.366738 -0.097607 
1353 4.237304 0.000000 -0.016470 104.888929 1.015785 -3.669523 -0.101618 
1354 4.218867 0.000000 0.001576 104.623216 1.118227 -5.366738 -0.097607 
1355 4.495411 0.000000 0.073757 104.992231 1.148761 -4.099073 -0.104149 
1356 4.569156 0.000000 0.073757 104.992231 1.148761 -4.099073 -0.104149 
1357 4.495411 0.000000 0.145939 104.992231 1.148761 -4.099073 -0.104149 
1358 4.642901 0.000000 0.073757 104.992231 1.148761 -4.099073 -0.104149 
1359 4.716646 0.000000 0.073757 104.992231 1.148761 -4.099073 -0.104149 
1360 4.642901 0.000000 0.145939 104.992231 1.148761 -4.099073 -0.104149 
1361 4.311049 0.000000 0.037666 104.888929 1.015785 -3.669523 -0.101618 
1362 4.347921 0.000000 0.037666 104.992231 1.148761 -4.099073 -0.104149 
1363 4.311049 0.000000 0.073757 104.888929 1.015785 -3.669523 -0.101618 
1364 5.896565 0.000000 -0.864603 105.035402 1.670798 -9.389378 -0.112339 
1365 5.896565 0.000000 -1.153329 105.035402 1.670798 -9.389378 -0.112339 
1366 6.191545 0.000000 -0.864603 104.762784 1.783937 -12.067221 -0.112404 
1367 6.486524 0.000000 -0.864603 104.281774 1.892391 -14.887428 -0.109991 
1368 6.486524 0.000000 -1.153329 103.622337 1.990164 -17.545913 -0.104941 
1369 6.781504 0.000000 -0.864603 102.841207 2.080546 -19.975713 -0.097967 
1370 5.159115 0.000000 -0.431513 105.136077 1.425945 -5.645734 -0.108750 
1371 5.159115 0.000000 -0.575877 105.136077 1.425945 -5.645734 -0.108750 
1372 5.306605 0.000000 -0.431513 105.136077 1.425945 -5.645734 -0.108750 
1373 5.454095 0.000000 -0.431513 105.136077 1.425945 -5.645734 -0.108750 
1374 5.454095 0.000000 -0.575877 105.136077 1.425945 -5.645734 -0.108750 
1375 5.601585 0.000000 -0.431513 105.136169 1.551548 -7.185526 -0.110765 
1376 4.790391 0.000000 -0.070606 105.079789 1.289501 -4.698191 -0.106550 
1377 4.790391 0.000000 -0.142787 105.079789 1.289501 -4.698191 -0.106550 
1378 4.790391 0.000000 0.001576 105.079789 1.289501 -4.698191 -0.106550 
1379 5.159115 0.000000 0.145939 105.136077 1.425945 -5.645734 -0.108750 
1380 5.306605 0.000000 0.145939 105.136077 1.425945 -5.645734 -0.108750 
1381 5.159115 0.000000 0.290302 105.136077 1.425945 -5.645734 -0.108750 
1382 5.454095 0.000000 0.145939 105.136077 1.425945 -5.645734 -0.108750 
1383 5.601585 0.000000 0.145939 105.136169 1.551548 -7.185526 -0.110765 
1384 5.454095 0.000000 0.290302 105.136077 1.425945 -5.645734 -0.108750 
1385 4.790391 0.000000 0.073757 105.079789 1.289501 -4.698191 -0.106550 
1386 4.864136 0.000000 0.073757 105.079789 1.289501 -4.698191 -0.106550 
1387 4.790391 0.000000 0.145939 105.079789 1.289501 -4.698191 -0.106550 
1388 4.937881 0.000000 0.073757 105.079789 1.289501 -4.698191 -0.106550 
1389 5.011626 0.000000 0.073757 105.079789 1.289501 -4.698191 -0.106550 
1390 4.937881 0.000000 0.145939 105.079789 1.289501 -4.698191 -0.106550 
1391 5.749075 0.000000 -0.431513 105.136169 1.551548 -7.185526 -0.110765 
1392 5.749075 0.000000 -0.575877 105.136169 1.551548 -7.185526 -0.110765 
1393 5.896565 0.000000 -0.431513 105.035402 1.670798 -9.389378 -0.112339 
1394 6.044055 0.000000 -0.142787 105.035402 1.670798 -9.389378 -0.112339 
1395 6.044055 0.000000 -0.287150 105.035402 1.670798 -9.389378 -0.112339 
1396 6.044055 0.000000 0.001576 105.035402 1.670798 -9.389378 -0.112339 
1397 5.749075 0.000000 0.145939 105.136169 1.551548 -7.185526 -0.110765 
1398 5.896565 0.000000 0.145939 105.136169 1.551548 -7.185526 -0.110765 
1399 5.749075 0.000000 0.290302 105.136169 1.551548 -7.185526 -0.110765 
1400 6.044055 0.000000 0.145939 105.035402 1.670798 -9.389378 -0.112339 
1401 6.191545 0.000000 0.145939 105.035402 1.670798 -9.389378 -0.112339 
1402 6.044055 0.000000 0.290302 105.035402 1.670798 -9.389378 -0.112339 
1403 7.076484 0.000000 -0.864603 105.987770 11.356737 4.552851 -0.138311 
1404 7.076484 0.000000 -1.153329 105.559411 10.243023 5.494786 -0.127790 
1405 7.371464 0.000000 -0.864603 106.112305 11.708217 5.009271 -0.142200 
1406 7.666443 0.000000 -0.864603 106.191553 12.021940 5.447964 -0.145085 
1407 7.666443 0.000000 -1.153329 105.799656 10.832021 6.288865 -0.135045 
1408 7.961423 0.000000 -0.864603 106.245543 12.277032 5.866060 -0.147325 
1409 7.076484 0.000000 0.290302 107.393243 -2.158927 2.226658 -0.154293 
1410 7.076484 0.000000 0.579028 107.933945 -0.216001 2.643025 -0.165677 
1411 6.339034 0.000000 0.145939 104.762784 1.783937 -12.067221 -0.112404 
1412 6.486524 0.000000 0.145939 104.762784 1.783937 -12.067221 -0.112404 
1413 6.339034 0.000000 0.290302 104.762784 1.783937 -12.067221 -0.112404 
1414 6.634014 0.000000 0.145939 104.281774 1.892391 -14.887428 -0.109991 
1415 6.781504 0.000000 0.145939 103.622337 1.990164 -17.545913 -0.104941 
1416 6.634014 0.000000 0.290302 104.281774 1.892391 -14.887428 -0.109991 
1417 -110.030480 0.000000 -110.869255 98.814629 0.029338 15.441948 -0.000279 
1418 -147.787889 0.000000 -110.869255 98.808258 0.018372 15.442869 -0.000155 
1419 -110.030480 0.000000 -147.826199 98.813139 0.030782 15.447684 -0.000267 
1420 -53.394366 0.000000 -55.433840 98.839585 0.022474 15.407007 -0.000664 
1421 -72.273071 0.000000 -55.433840 98.822613 0.010676 15.414683 -0.000352 
1422 -53.394366 0.000000 -73.912312 98.840730 0.019058 15.429382 -0.000756 
1423 -25.076310 0.000000 -27.716132 98.864651 0.117009 15.251237 -0.000683 
1424 -34.515662 0.000000 -27.716132 98.828718 0.057585 15.292031 -0.000096 
1425 -25.076310 0.000000 -36.955368 98.887778 0.115100 15.324218 -0.001364 
1426 -10.917281 0.000000 -13.857278 99.043266 0.634216 14.456729 -0.001897 
1427 -15.636957 0.000000 -13.857278 98.912081 0.315206 14.618725 0.000259 
1428 -10.917281 0.000000 -18.476896 99.125291 0.657310 14.697908 -0.004228 
1429 -3.837767 0.000000 -6.927851 99.281033 1.072880 14.048716 -0.005524 
1430 -6.197605 0.000000 -6.927851 99.112593 0.504337 14.103546 -0.002247 
1431 -3.837767 0.000000 -9.237660 99.402529 1.367270 14.155304 -0.008310 
1432 -0.298010 0.000000 -3.463138 97.903633 1.716126 14.107061 0.021292 
1433 -1.477929 0.000000 -3.463138 98.731000 0.891431 14.242795 0.004854 
1434 -0.298010 0.000000 -4.618042 98.608078 2.205462 13.978920 0.007617 
1435 6.781504 0.000000 3.466289 109.931156 -1.448238 1.913911 -0.209062 
1436 5.601585 0.000000 3.466289 110.336079 -2.763064 2.400064 -0.218745 
1437 6.781504 0.000000 4.621194 109.388155 -2.955310 1.777890 -0.197766 
1438 4.421666 0.000000 3.466289 110.546034 -3.797347 3.443030 -0.224670 
1439 3.241747 0.000000 3.466289 110.346162 -4.475032 5.140679 -0.222273 
1440 4.421666 0.000000 4.621194 109.134842 -5.031670 4.074463 -0.195233 
1441 2.061828 0.000000 3.466289 109.567224 -4.743371 7.337148 -0.208131 
1442 0.881909 0.000000 3.466289 108.091004 -4.704614 9.696416 -0.179982 
1443 2.061828 0.000000 4.621194 107.499427 -5.728611 7.623124 -0.164706 
1444 -0.298010 0.000000 3.466289 106.009830 -4.471524 11.699564 -0.139496 
1445 -1.477929 0.000000 3.466289 103.514448 -4.034352 12.473482 -0.088710 
1446 -0.298010 0.000000 4.621194 104.535984 -5.264100 11.086237 -0.107839 
1447 1.471868 0.000000 -1.730781 104.757635 -0.121542 3.181450 -0.098430 
1448 0.881909 0.000000 -1.730781 104.617606 -0.329398 3.063244 -0.095434 
1449 1.471868 0.000000 -2.308233 104.617606 -0.329398 3.063244 -0.095434 
1450 -2.657848 0.000000 3.466289 101.761538 -3.671149 13.039781 -0.053892 
1451 -3.837767 0.000000 3.466289 100.427611 -3.325199 13.332728 -0.027452 
1452 -2.657848 0.000000 4.621194 101.189235 -4.224668 12.527805 -0.041406 
1453 2.946767 0.000000 -0.864603 104.844437 0.438564 -0.746934 -0.099311 
1454 2.651788 0.000000 -0.864603 104.844437 0.438564 -0.746934 -0.099311 
1455 2.946767 0.000000 -1.153329 104.844437 0.438564 -0.746934 -0.099311 
1456 -2.657848 0.000000 -3.463138 99.009067 0.342873 14.284696 -0.000697 
1457 -3.837767 0.000000 -3.463138 99.162658 0.063069 14.226146 -0.003562 
1458 -2.657848 0.000000 -4.618042 99.165256 0.846733 14.074783 -0.003256 
1459 0.291949 0.000000 -1.730781 104.609085 -0.412372 3.204324 -0.095350 
1460 -0.298010 0.000000 -1.730781 104.654417 -0.474546 3.562959 -0.096547 
1461 0.291949 0.000000 -2.308233 104.654417 -0.474546 3.562959 -0.096547 
1462 8.256403 0.000000 -0.864603 106.266988 12.479400 6.279165 -0.148784 
1463 8.256403 0.000000 -1.153329 105.896011 11.312771 7.020830 -0.139124 
1464 8.551383 0.000000 -0.864603 106.259615 12.614391 6.690108 -0.149499 
1465 8.846362 0.000000 -0.864603 106.216073 12.689559 7.092494 -0.149318 
1466 8.846362 0.000000 -1.153329 105.866817 11.676128 7.708848 -0.140354 
1467 9.141342 0.000000 -0.864603 106.136216 12.728045 7.470405 -0.148271 
1468 12.091140 0.000000 1.733932 105.776028 5.033468 5.516766 -0.124434 
1469 11.501180 0.000000 1.733932 106.274957 4.743889 5.231979 -0.134424 
1470 12.091140 0.000000 2.311385 106.024464 5.187999 4.477577 -0.128815 
1471 10.911221 0.000000 1.733932 106.757380 4.380810 4.927750 -0.144061 
1472 10.321261 0.000000 1.733932 107.216902 3.946677 4.601046 -0.153221 
1473 10.911221 0.000000 2.311385 107.035050 4.335158 3.992130 -0.149123 
1474 11.206200 0.000000 -0.287150 105.428129 15.793974 8.863394 -0.144310 
1475 11.206200 0.000000 -0.575877 105.261756 13.806484 8.968863 -0.135110 
1476 11.501180 0.000000 -0.287150 105.213976 15.443082 8.988233 -0.138926 
1477 14.450978 0.000000 -1.730781 102.492168 12.984917 13.612493 -0.085855 
1478 14.450978 0.000000 -2.308233 102.261761 12.823459 14.620056 -0.083565 
1479 15.040937 0.000000 -1.730781 102.087869 13.030472 13.880018 -0.078438 
1480 11.796160 0.000000 -0.287150 104.996552 15.175614 9.111141 -0.133759 
1481 11.796160 0.000000 -0.575877 104.847303 13.735003 9.323722 -0.126854 
1482 12.091140 0.000000 -0.287150 104.775467 14.969027 9.233582 -0.128723 
1483 29.199966 0.000000 6.931003 100.508876 4.661712 0.008191 -0.012377 
1484 31.559804 0.000000 6.931003 100.429175 4.969821 0.747400 -0.011128 
1485 29.199966 0.000000 9.240812 101.094427 0.077032 -4.366805 -0.023916 
1486 24.480290 0.000000 -6.927851 98.468910 12.662099 18.927614 -0.021471 
1487 24.480290 0.000000 -9.237660 98.634852 11.680529 18.106519 -0.019311 
1488 26.840128 0.000000 -6.927851 98.310725 12.692383 18.777086 -0.017867 
1489 29.199966 0.000000 -2.308233 98.228243 12.947359 17.451773 -0.012099 
1490 29.199966 0.000000 -4.618042 98.125006 13.073119 18.787732 -0.015240 
1491 31.559804 0.000000 -2.308233 98.170585 12.984883 17.679049 -0.011862 
1492 15.630897 0.000000 -1.730781 101.703938 13.057717 14.121426 -0.071361 
1493 15.630897 0.000000 -2.308233 101.516884 12.899858 15.108568 -0.070035 
1494 16.220856 0.000000 -1.730781 101.338154 13.061916 14.335851 -0.064555 
1495 16.810816 0.000000 -0.575877 101.257251 13.553566 12.370902 -0.058977 
1496 16.810816 0.000000 -1.153329 101.102389 13.255623 13.484598 -0.057924 
1497 17.400775 0.000000 -0.575877 100.943836 13.486742 12.533886 -0.052865 
1498 17.990735 0.000000 -0.575877 100.640868 13.417537 12.671152 -0.046917 
1499 17.990735 0.000000 -1.153329 100.497489 13.189610 13.798136 -0.046410 
1500 18.580694 0.000000 -0.575877 100.371458 13.350766 12.816680 -0.041694 
1501 16.515836 0.000000 1.445206 101.928968 1.602295 9.529190 -0.048289 
1502 16.220856 0.000000 1.445206 102.149439 2.244675 9.219431 -0.052454 
1503 16.515836 0.000000 1.733932 102.119648 4.543230 8.172542 -0.051585 
1504 33.919642 0.000000 6.931003 100.378086 5.232478 1.504870 -0.010540 
1505 36.279480 0.000000 6.931003 100.385793 5.452678 2.052236 -0.011125 
1506 33.919642 0.000000 9.240812 101.071331 1.605611 -3.349284 -0.022921 
1507 45.718832 0.000000 -13.857278 98.805467 6.752629 15.100584 -0.003615 
1508 45.718832 0.000000 -18.476896 98.866033 4.395669 14.991198 -0.001855 
1509 50.438508 0.000000 -13.857278 98.827144 6.321116 15.008657 -0.003202 
1510 55.158184 0.000000 -4.618042 98.435912 12.078051 17.172756 -0.013041 
1511 55.158184 0.000000 -9.237660 98.728493 8.918343 15.511215 -0.006745 
1512 59.877860 0.000000 -4.618042 98.516941 11.668925 16.827916 -0.012493 
1513 33.919642 0.000000 -2.308233 98.145444 13.024277 17.863735 -0.012127 
1514 33.919642 0.000000 -4.618042 98.104230 13.093590 18.652783 -0.014381 
1515 36.279480 0.000000 -2.308233 98.126761 13.061783 17.771415 -0.011529 
1516 107.074622 0.000000 -27.716132 98.819344 1.061669 15.398988 -0.000352 
1517 107.074622 0.000000 -36.955368 98.808010 0.622794 15.505711 -0.000384 
1518 116.513974 0.000000 -27.716132 98.814650 0.970479 15.417464 -0.000298 
1519 64.597536 0.000000 -4.618042 98.585829 11.195588 16.496099 -0.011663 
1520 64.597536 0.000000 -9.237660 98.812347 7.888673 15.171042 -0.005627 
1521 69.317213 0.000000 -4.618042 98.645494 10.689546 16.187249 -0.010723 
1522 62.237698 0.000000 11.550621 100.997766 4.767890 0.589131 -0.022363 
1523 59.877860 0.000000 11.550621 101.110709 4.361104 -0.238352 -0.024245 
1524 62.237698 0.000000 13.860430 101.728385 0.836824 -4.128413 -0.036641 
1525 76.396727 0.000000 6.931003 98.952785 12.679756 14.123748 -0.015191 
1526 76.396727 0.000000 4.621194 98.510331 12.925620 16.986092 -0.015988 
1527 78.756565 0.000000 6.931003 98.867572 12.697751 14.704051 -0.015224 
1528 83.476241 0.000000 23.099665 101.389419 -14.728491 -1.505138 -0.049901 
1529 78.756565 0.000000 23.099665 101.105180 -15.794101 0.231589 -0.047176 
1530 83.476241 0.000000 27.719283 99.702060 -16.553039 9.257248 -0.030020 
1531 81.116403 0.000000 6.931003 98.789112 12.725694 15.236929 -0.015340 
1532 81.116403 0.000000 4.621194 98.441479 13.023345 17.487498 -0.016614 
1533 83.476241 0.000000 6.931003 98.717645 12.762704 15.721433 -0.015522 
1534 125.953326 0.000000 -27.716132 98.810597 0.889212 15.434205 -0.000254 
1535 125.953326 0.000000 -36.955368 98.801216 0.537382 15.516490 -0.000273 
1536 135.392678 0.000000 -27.716132 98.807090 0.816627 15.449219 -0.000219 
1537 144.832030 0.000000 -27.716132 98.804052 0.751643 15.462578 -0.000190 
1538 144.832030 0.000000 -36.955368 98.796633 0.466383 15.525224 -0.000202 
1539 154.271383 0.000000 -27.716132 98.801418 0.693320 15.474392 -0.000166 
1540 4.790391 0.000000 -0.214969 105.079789 1.289501 -4.698191 -0.106550 
1541 4.790391 0.000000 -0.287150 105.079789 1.289501 -4.698191 -0.106550 
1542 4.864136 0.000000 -0.214969 105.079789 1.289501 -4.698191 -0.106550 
1543 4.937881 0.000000 -0.214969 105.079789 1.289501 -4.698191 -0.106550 
1544 4.937881 0.000000 -0.287150 105.079789 1.289501 -4.698191 -0.106550 
1545 5.011626 0.000000 -0.214969 105.079789 1.289501 -4.698191 -0.106550 
1546 6.044055 0.000000 -0.431513 105.035402 1.670798 -9.389378 -0.112339 
1547 6.044055 0.000000 -0.575877 105.035402 1.670798 -9.389378 -0.112339 
1548 6.191545 0.000000 -0.431513 105.035402 1.670798 -9.389378 -0.112339 
1549 6.339034 0.000000 -0.431513 104.762784 1.783937 -12.067221 -0.112404 
1550 6.339034 0.000000 -0.575877 104.762784 1.783937 -12.067221 -0.112404 
1551 6.486524 0.000000 -0.431513 104.281774 1.892391 -14.887428 -0.109991 
1552 6.634014 0.000000 -0.431513 104.281774 1.892391 -14.887428 -0.109991 
1553 6.634014 0.000000 -0.575877 103.622337 1.990164 -17.545913 -0.104941 
1554 6.781504 0.000000 -0.431513 103.622337 1.990164 -17.545913 -0.104941 
1555 2.356808 0.000000 -0.864603 104.844437 0.438564 -0.746934 -0.099311 
1556 2.061828 0.000000 -0.864603 104.844437 0.438564 -0.746934 -0.099311 
1557 2.356808 0.000000 -1.153329 104.844437 0.438564 -0.746934 -0.099311 
1558 -0.887970 0.000000 -1.730781 104.992180 -0.555792 4.941396 -0.104808 
1559 -1.477929 0.000000 -1.730781 106.116240 -0.554519 8.407940 -0.133166 
1560 -0.887970 0.000000 -2.308233 107.183177 -0.509333 13.492120 -0.167053 
1561 9.731302 0.000000 1.733932 107.643638 3.450706 4.256578 -0.161718 
1562 9.141342 0.000000 1.733932 108.045785 2.884567 3.879463 -0.169726 
1563 9.731302 0.000000 2.311385 107.957811 3.233257 3.462012 -0.167733 
1564 8.551383 0.000000 1.733932 108.421145 2.262114 3.476334 -0.177235 
1565 7.961423 0.000000 1.733932 108.775837 1.594306 3.046665 -0.184401 
1566 8.551383 0.000000 2.311385 108.767422 1.920401 2.891688 -0.184240 
1567 9.436322 0.000000 -0.864603 106.028712 12.752601 7.814451 -0.146578 
1568 9.436322 0.000000 -1.153329 105.725690 11.953355 8.337880 -0.139032 
1569 9.731302 0.000000 -0.864603 105.901933 12.776739 8.125481 -0.144449 
1570 10.026281 0.000000 -0.864603 105.765685 12.815980 8.422727 -0.142157 
1571 10.026281 0.000000 -1.153329 105.499216 12.192198 8.895720 -0.135787 
1572 10.321261 0.000000 -0.864603 105.610338 12.854173 8.683280 -0.139417 
1573 10.616241 0.000000 -0.864603 105.427951 12.882275 8.914148 -0.136047 
1574 10.616241 0.000000 -1.153329 105.192379 12.395733 9.382617 -0.130712 
1575 10.911221 0.000000 -0.864603 105.250712 12.934857 9.141832 -0.132860 
1576 11.206200 0.000000 -0.864603 105.064027 12.991753 9.357293 -0.129479 
1577 11.206200 0.000000 -1.153329 104.854804 12.612964 9.849973 -0.125064 
1578 11.501180 0.000000 -0.864603 104.868798 13.050824 9.562444 -0.125923 
1579 11.796160 0.000000 -0.864603 104.666260 13.110231 9.758659 -0.122214 
1580 11.796160 0.000000 -1.153329 104.473947 12.801609 10.265792 -0.118407 
1581 12.091140 0.000000 -0.864603 104.457096 13.168080 9.947052 -0.118363 
1582 12.386120 0.000000 -0.287150 104.551110 14.807090 9.356206 -0.123772 
1583 12.386120 0.000000 -0.575877 104.410964 13.722152 9.661379 -0.118329 
1584 12.681099 0.000000 -0.287150 104.323855 14.678164 9.479030 -0.118877 
1585 12.976079 0.000000 -0.287150 104.098616 14.564107 9.589582 -0.114060 
1586 12.976079 0.000000 -0.575877 103.960900 13.729109 9.977378 -0.109591 
1587 13.271059 0.000000 -0.287150 103.867800 14.477658 9.712502 -0.109246 
1588 29.199966 0.000000 -6.927851 98.250191 12.671710 18.580537 -0.015891 
1589 29.199966 0.000000 -9.237660 98.480137 11.535217 17.642957 -0.014267 
1590 31.559804 0.000000 -6.927851 98.244499 12.603474 18.365065 -0.014810 
1591 16.810816 0.000000 -1.730781 100.943319 13.071597 14.553969 -0.057224 
1592 16.810816 0.000000 -2.308233 100.791822 12.924821 15.522814 -0.056700 
1593 17.400775 0.000000 -1.730781 100.646383 13.058015 14.723690 -0.051699 
1594 15.925877 0.000000 1.445206 102.385325 2.776946 8.961538 -0.057078 
1595 15.630897 0.000000 1.445206 102.613963 3.223259 8.747098 -0.061653 
1596 15.925877 0.000000 1.733932 102.526141 4.931638 7.909536 -0.059849 
1597 17.990735 0.000000 -1.730781 100.359163 13.038665 14.839216 -0.046217 
1598 17.990735 0.000000 -2.308233 100.229355 12.914255 15.787414 -0.046194 
1599 18.580694 0.000000 -1.730781 100.101489 13.021308 14.957489 -0.041359 
1600 38.639318 0.000000 6.931003 100.334694 5.586243 2.858492 -0.010643 
1601 38.639318 0.000000 4.621194 98.356343 -9.919958 15.731029 -0.001984 
1602 38.639318 0.000000 9.240812 101.111073 2.987027 -2.292926 -0.023763 
1603 55.158184 0.000000 -13.857278 98.856534 5.928730 14.938494 -0.003092 
1604 55.158184 0.000000 -18.476896 98.878740 3.883488 14.962992 -0.001598 
1605 59.877860 0.000000 -13.857278 98.867244 5.550758 14.893947 -0.002737 
1606 33.919642 0.000000 -6.927851 98.270280 12.502309 18.132751 -0.014215 
1607 33.919642 0.000000 -9.237660 98.503763 11.195488 17.191840 -0.012389 
1608 36.279480 0.000000 -6.927851 98.243344 12.352258 17.678285 -0.011685 
1609 57.518022 0.000000 11.550621 101.209130 3.864567 -1.052351 -0.025933 
1610 55.158184 0.000000 11.550621 101.310030 3.288417 -1.835679 -0.027791 
1611 57.518022 0.000000 13.860430 101.843030 -1.019687 -5.156467 -0.039963 
1612 64.597536 0.000000 -13.857278 98.878268 5.190266 14.866643 -0.002487 
1613 64.597536 0.000000 -18.476896 98.878034 3.426556 14.974466 -0.001284 
1614 69.317213 0.000000 -13.857278 98.884201 4.855698 14.853549 -0.002229 
1615 74.036889 0.000000 -4.618042 98.697673 10.160730 15.908432 -0.009755 
1616 74.036889 0.000000 -9.237660 98.858154 6.925124 14.962111 -0.004476 
1617 78.756565 0.000000 -4.618042 98.742511 9.620929 15.663514 -0.008799 
1618 74.036889 0.000000 23.099665 100.804614 -16.525127 2.051761 -0.043886 
1619 69.317213 0.000000 23.099665 100.498137 -16.937921 3.882179 -0.040184 
1620 74.036889 0.000000 27.719283 99.266934 -15.425225 11.854327 -0.023239 
1621 83.476241 0.000000 -4.618042 98.780348 9.080282 15.453708 -0.007883 
1622 83.476241 0.000000 -9.237660 98.883389 6.058647 14.849177 -0.003513 
1623 88.195917 0.000000 -4.618042 98.811680 8.547121 15.278282 -0.007023 
1624 85.836079 0.000000 6.931003 98.653319 12.807191 16.157108 -0.015755 
1625 85.836079 0.000000 4.621194 98.399426 13.093031 17.803934 -0.017085 
1626 88.195917 0.000000 6.931003 98.596228 12.856933 16.543768 -0.016021 
1627 90.555755 0.000000 6.931003 98.546424 12.909263 16.881452 -0.016303 
1628 90.555755 0.000000 4.621194 98.382328 13.113116 17.950611 -0.017326 
1629 92.915593 0.000000 6.931003 98.503904 12.961253 17.170473 -0.016584 
1 115 117 99 118 
2 116 115 118 100 
3 152 116 100 154 
4 153 152 154 108 
5 155 157 115 158 
6 156 155 158 116 
7 164 156 116 167 
8 165 164 167 152 
9 5 170 168 169 
10 170 123 171 168 
11 168 171 155 172 
12 169 168 172 156 
13 6 175 173 174 
14 175 18 45 173 
15 173 45 28 176 
16 174 173 176 29 
17 18 179 177 178 
18 179 34 61 177 
19 177 61 44 180 
20 178 177 180 45 
21 34 183 181 182 
22 183 50 77 181 
23 181 77 60 184 
24 182 181 184 61 
25 50 187 185 186 
26 187 66 93 185 
27 185 93 76 188 
28 186 185 188 77 
29 66 191 189 190 
30 190 189 192 93 
31 193 153 108 196 
32 194 193 196 109 
33 98 199 197 198 
34 199 114 165 197 
35 197 165 152 200 
36 198 197 200 153 
37 114 206 204 205 
38 206 166 207 204 
39 204 207 164 208 
40 205 204 208 165 
41 16 211 209 210 
42 211 15 32 209 
43 209 32 18 175 
44 210 209 175 6 
45 32 214 212 213 
46 214 31 48 212 
47 212 48 34 179 
48 213 212 179 18 
49 48 217 215 216 
50 217 47 64 215 
51 215 64 50 183 
52 216 215 183 34 
53 64 220 218 219 
54 220 63 80 218 
55 218 80 66 187 
56 219 218 187 50 
57 80 223 221 222 
58 222 221 191 66 
59 112 229 227 228 
60 229 111 202 227 
61 227 202 114 199 
62 228 227 199 98 
63 224 232 230 231 
64 232 112 228 230 
65 234 198 153 236 
66 235 234 236 193 
67 230 239 237 238 
68 239 228 240 237 
69 237 240 98 241 
70 221 244 242 243 
71 244 96 225 242 
72 242 225 82 245 
73 243 242 245 191 
74 225 248 246 247 
75 248 224 231 246 
76 247 246 249 82 
77 231 252 250 251 
78 252 230 238 250 
79 241 98 256 254 
80 254 256 198 257 
81 255 254 257 234 
82 238 260 258 259 
83 260 237 261 258 
84 258 261 241 262 
85 259 258 262 233 
86 191 245 263 264 
87 245 82 194 263 
88 263 194 109 265 
89 264 263 265 189 
90 82 249 266 267 
91 266 235 193 268 
92 267 266 268 194 
93 269 255 234 271 
94 270 269 271 235 
95 274 233 275 272 
96 272 275 255 276 
97 273 272 276 269 
98 249 279 277 278 
99 279 195 270 277 
100 277 270 235 280 
101 278 277 280 266 
102 195 283 281 282 
103 283 253 273 281 
104 281 273 269 284 
105 282 281 284 270 
106 250 287 285 286 
107 287 238 259 285 
108 285 259 233 274 
109 286 285 274 253 
110 253 290 288 289 
111 290 274 291 288 
112 288 291 272 292 
113 289 288 292 273 
114 120 295 293 294 
115 295 119 160 293 
116 293 160 123 170 
117 294 293 170 5 
118 311 312 101 313 
119 117 311 313 99 
120 314 315 117 316 
121 157 314 316 115 
122 317 318 157 319 
123 171 317 319 155 
124 160 322 320 321 
125 321 320 324 123 
126 123 324 333 334 
127 333 335 317 336 
128 334 333 336 171 
129 320 339 337 338 
130 339 323 340 337 
131 337 340 163 341 
132 338 337 341 324 
133 372 374 355 375 
134 373 372 375 354 
135 358 378 376 377 
136 378 357 379 376 
137 381 373 354 383 
138 382 381 383 312 
139 362 386 384 385 
140 386 358 377 384 
141 385 384 387 365 
142 388 390 372 391 
143 389 388 391 373 
144 377 394 392 393 
145 394 376 395 392 
146 393 392 396 345 
147 357 402 401 379 
148 402 360 403 401 
149 401 403 143 404 
150 379 401 404 361 
151 376 406 405 395 
152 406 379 407 405 
153 405 407 361 408 
154 395 405 408 380 
155 365 387 409 410 
156 409 389 373 411 
157 410 409 411 381 
158 345 396 412 413 
159 396 380 414 412 
160 412 414 388 415 
161 413 412 415 389 
162 392 418 416 417 
163 418 395 419 416 
164 416 419 380 420 
165 417 416 420 396 
166 421 422 369 423 
167 374 421 423 355 
168 361 404 424 390 
169 404 143 425 424 
170 424 425 374 426 
171 390 424 426 372 
172 143 428 427 425 
173 428 400 429 427 
174 427 429 421 430 
175 425 427 430 374 
176 435 437 370 438 
177 422 435 438 369 
178 400 440 439 429 
179 440 353 441 439 
180 439 441 422 442 
181 429 439 442 421 
182 447 352 448 446 
183 450 432 451 449 
184 449 451 431 452 
185 437 449 452 370 
186 436 455 453 454 
187 455 59 456 453 
188 453 456 437 457 
189 454 453 457 435 
190 352 459 458 448 
191 459 443 460 458 
192 458 460 432 450 
193 59 462 461 456 
194 462 450 463 461 
195 461 463 449 464 
196 456 461 464 437 
197 470 43 471 469 
198 469 471 306 472 
199 432 478 477 451 
200 478 349 479 477 
201 451 477 480 431 
202 485 138 486 484 
203 484 486 43 470 
204 349 491 490 479 
205 491 474 492 490 
206 20 38 494 495 
207 38 19 496 494 
208 494 496 22 497 
209 495 494 497 9 
210 36 54 498 499 
211 54 35 500 498 
212 498 500 38 501 
213 499 498 501 20 
214 52 70 502 503 
215 70 51 504 502 
216 502 504 54 505 
217 503 502 505 36 
218 67 307 506 507 
219 307 69 508 506 
220 506 508 51 509 
221 507 506 509 70 
222 85 368 510 511 
223 368 305 512 510 
224 510 512 307 513 
225 511 510 513 67 
226 309 434 514 515 
227 434 366 516 514 
228 514 516 368 517 
229 515 514 517 85 
230 431 480 518 519 
231 480 433 520 518 
232 518 520 366 521 
233 519 518 521 434 
234 477 524 522 523 
235 524 479 525 522 
236 522 525 433 526 
237 523 522 526 480 
238 366 476 527 516 
239 476 367 528 527 
240 527 528 305 529 
241 516 527 529 368 
242 433 493 530 520 
243 530 531 476 532 
244 520 530 532 366 
245 479 534 533 525 
246 534 490 535 533 
247 533 535 493 536 
248 525 533 536 433 
249 538 470 539 537 
250 537 539 469 540 
251 474 542 541 492 
252 542 139 543 541 
253 490 546 545 535 
254 546 492 547 545 
255 545 547 473 548 
256 535 545 548 493 
257 550 484 551 549 
258 549 551 470 538 
259 139 553 552 543 
260 553 538 554 552 
261 552 554 537 555 
262 556 557 367 558 
263 531 556 558 476 
264 541 561 559 560 
265 561 543 562 559 
266 559 562 475 563 
267 560 559 563 544 
268 305 472 564 512 
269 472 306 565 564 
270 564 565 69 566 
271 512 564 566 307 
272 367 540 567 528 
273 540 469 568 567 
274 567 568 472 569 
275 528 567 569 305 
276 555 537 571 570 
277 570 571 540 572 
278 557 570 572 367 
279 475 575 573 574 
280 575 555 576 573 
281 573 576 570 577 
282 574 573 577 557 
283 43 579 578 471 
284 579 466 580 578 
285 578 580 465 581 
286 471 578 581 306 
287 587 27 588 586 
288 466 591 590 580 
289 591 135 592 590 
290 590 592 467 593 
291 580 590 593 465 
292 598 134 599 597 
293 597 599 27 587 
294 135 601 600 592 
295 601 587 602 600 
296 600 602 586 603 
297 592 600 603 467 
298 27 605 604 588 
299 605 583 606 604 
300 35 301 608 500 
301 301 37 609 608 
302 608 609 19 610 
303 500 608 610 38 
304 53 585 611 612 
305 585 299 613 611 
306 611 613 301 614 
307 612 611 614 35 
308 303 607 615 616 
309 607 582 617 615 
310 615 617 585 618 
311 616 615 618 53 
312 588 621 619 620 
313 621 604 622 619 
314 619 622 607 623 
315 620 619 623 303 
316 583 633 632 606 
317 633 131 634 632 
318 604 637 636 622 
319 637 606 638 636 
320 636 638 582 639 
321 622 636 639 607 
322 582 635 640 617 
323 640 641 299 642 
324 617 640 642 585 
325 606 644 643 638 
326 644 632 645 643 
327 643 645 635 646 
328 638 643 646 582 
329 651 130 652 650 
330 131 654 653 634 
331 654 629 655 653 
332 632 658 657 645 
333 658 634 659 657 
334 657 659 584 660 
335 645 657 660 635 
336 299 631 661 613 
337 661 662 37 663 
338 613 661 663 301 
339 664 665 631 666 
340 641 664 666 299 
341 634 668 667 659 
342 668 653 669 667 
343 667 669 656 670 
344 659 667 670 584 
345 629 676 675 655 
346 676 14 677 675 
347 653 680 679 669 
348 680 655 681 679 
349 679 681 628 682 
350 669 679 682 656 
351 683 684 300 685 
352 665 683 685 631 
353 628 688 686 687 
354 688 678 689 686 
355 686 689 683 690 
356 687 686 690 665 
357 19 298 691 496 
358 298 21 692 691 
359 691 692 3 693 
360 496 691 693 22 
361 37 627 694 609 
362 627 296 695 694 
363 694 695 298 696 
364 609 694 696 19 
365 697 698 627 699 
366 662 697 699 37 
367 700 702 674 703 
368 684 700 703 300 
369 130 705 704 652 
370 705 647 706 704 
371 704 706 625 672 
372 14 708 707 677 
373 708 672 709 707 
374 630 712 710 711 
375 712 701 713 710 
376 710 713 700 714 
377 711 710 714 684 
378 723 725 624 726 
379 702 723 726 674 
380 701 728 727 713 
381 728 671 729 727 
382 727 729 702 730 
383 713 727 730 700 
384 672 732 731 709 
385 732 625 733 731 
386 731 733 673 724 
387 671 735 734 729 
388 735 724 736 734 
389 734 736 723 737 
390 729 734 737 702 
391 738 739 296 740 
392 698 738 740 627 
393 673 742 741 725 
394 742 719 743 741 
395 725 741 744 624 
396 724 746 745 736 
397 746 673 747 745 
398 745 747 725 748 
399 736 745 748 723 
400 719 757 756 743 
401 757 721 758 756 
402 624 744 760 761 
403 744 722 762 760 
404 760 762 738 763 
405 761 760 763 698 
406 741 766 764 765 
407 766 743 767 764 
408 764 767 722 768 
409 765 764 768 744 
410 296 718 769 695 
411 718 297 770 769 
412 769 770 21 771 
413 695 769 771 298 
414 772 773 718 774 
415 739 772 774 296 
416 722 759 775 762 
417 759 626 776 775 
418 775 776 739 777 
419 762 775 777 738 
420 743 779 778 767 
421 779 756 780 778 
422 778 780 759 781 
423 767 778 781 722 
424 721 783 782 758 
425 783 752 784 782 
426 756 787 786 780 
427 787 758 788 786 
428 786 788 626 789 
429 780 786 789 759 
430 626 785 790 776 
431 785 755 791 790 
432 790 791 772 792 
433 776 790 792 739 
434 758 794 793 788 
435 794 782 795 793 
436 793 795 785 796 
437 788 793 796 626 
438 752 802 801 784 
439 802 754 803 801 
440 801 803 715 804 
441 784 801 804 755 
442 782 806 805 795 
443 806 784 807 805 
444 805 807 755 808 
445 795 805 808 785 
446 809 810 297 811 
447 773 809 811 718 
448 755 804 812 791 
449 812 813 773 814 
450 791 812 814 772 
451 815 817 809 818 
452 813 815 818 773 
453 804 821 819 820 
454 821 715 822 819 
455 819 822 813 823 
456 820 819 823 812 
457 754 825 824 803 
458 825 797 826 824 
459 824 826 800 816 
460 803 824 816 715 
461 715 828 827 822 
462 828 816 829 827 
463 827 829 815 830 
464 822 827 830 813 
465 831 833 810 834 
466 817 831 834 809 
467 816 836 835 829 
468 836 800 837 835 
469 835 837 817 838 
470 829 835 838 815 
471 797 840 839 826 
472 840 799 841 839 
473 839 841 717 832 
474 826 839 832 800 
475 800 843 842 837 
476 843 832 844 842 
477 842 844 831 845 
478 837 842 845 817 
479 832 847 846 844 
480 847 717 848 846 
481 846 848 833 849 
482 844 846 849 831 
483 850 851 314 852 
484 318 850 852 157 
485 853 854 318 855 
486 335 853 855 317 
487 860 862 853 863 
488 861 860 863 335 
489 340 866 864 865 
490 865 864 868 163 
491 7 871 869 870 
492 871 12 872 869 
493 869 872 10 25 
494 870 869 25 11 
495 11 875 873 874 
496 875 25 876 873 
497 873 876 23 41 
498 874 873 41 24 
499 24 879 877 878 
500 879 41 880 877 
501 877 880 39 57 
502 878 877 57 40 
503 40 883 881 882 
504 883 57 884 881 
505 881 884 55 73 
506 882 881 73 56 
507 56 887 885 886 
508 887 73 888 885 
509 885 888 71 89 
510 886 885 89 72 
511 72 891 889 890 
512 891 89 892 889 
513 889 892 87 105 
514 890 889 105 88 
515 88 895 893 894 
516 895 105 896 893 
517 893 896 103 121 
518 894 893 121 104 
519 121 899 897 898 
520 899 103 900 897 
521 897 900 122 161 
522 898 897 161 119 
523 161 903 901 902 
524 903 122 904 901 
525 901 904 162 330 
526 902 901 330 159 
527 159 907 905 906 
528 907 330 908 905 
529 905 908 329 857 
530 906 905 857 323 
531 323 911 909 910 
532 911 857 912 909 
533 909 912 856 866 
534 910 909 866 340 
535 918 331 919 917 
536 917 919 107 920 
537 922 858 923 921 
538 921 923 332 924 
539 866 927 925 926 
540 927 856 928 925 
541 926 925 929 864 
542 857 931 930 912 
543 931 329 932 930 
544 930 932 858 922 
545 912 930 922 856 
546 856 934 933 928 
547 934 922 935 933 
548 933 935 921 936 
549 928 933 936 867 
550 324 341 937 938 
551 341 163 861 937 
552 937 861 335 939 
553 938 937 939 333 
554 163 868 940 941 
555 868 859 942 940 
556 940 942 860 943 
557 941 940 943 861 
558 864 929 944 945 
559 929 867 946 944 
560 944 946 859 947 
561 945 944 947 868 
562 925 950 948 949 
563 950 928 951 948 
564 948 951 867 952 
565 949 948 952 929 
566 953 954 850 955 
567 854 953 955 318 
568 920 107 957 956 
569 956 957 854 958 
570 862 956 958 853 
571 858 960 959 923 
572 960 917 961 959 
573 959 961 920 962 
574 923 959 962 332 
575 331 964 963 919 
576 964 913 965 963 
577 963 965 916 966 
578 919 963 966 107 
579 913 980 979 965 
580 980 915 981 979 
581 979 981 328 982 
582 965 979 982 916 
583 983 984 311 985 
584 315 983 985 117 
585 986 987 315 988 
586 851 986 988 314 
587 327 990 989 977 
588 990 971 991 989 
589 989 991 974 992 
590 977 989 992 151 
591 993 994 851 995 
592 954 993 995 850 
593 975 998 996 997 
594 998 977 999 996 
595 996 999 151 1000 
596 997 996 1000 978 
597 971 1006 1005 991 
598 1006 973 1007 1005 
599 1005 1007 91 1008 
600 991 1005 1008 974 
601 1009 1010 983 1011 
602 987 1009 1011 315 
603 973 1013 1012 1007 
604 1013 1001 1014 1012 
605 1012 1014 1004 1015 
606 1007 1012 1015 91 
607 1023 382 312 1024 
608 984 1023 1024 311 
609 1025 1026 984 1027 
610 1010 1025 1027 983 
611 1003 1030 1028 1029 
612 1030 1019 1031 1028 
613 1028 1031 1022 1032 
614 1029 1028 1032 970 
615 969 1034 1033 1021 
616 1034 1016 1035 1033 
617 1033 1035 1018 1036 
618 1021 1033 1036 147 
619 1019 1038 1037 1031 
620 1038 1021 1039 1037 
621 1037 1039 147 1040 
622 1031 1037 1040 1022 
623 1016 1042 1041 1035 
624 1042 363 1043 1041 
625 1041 1043 75 1044 
626 1018 1044 1045 1046 
627 1044 75 1047 1045 
628 1045 1047 382 1048 
629 1046 1045 1048 1023 
630 1035 1051 1049 1050 
631 1051 1041 1052 1049 
632 1049 1052 1044 1053 
633 1050 1049 1053 1018 
634 363 1055 1054 1043 
635 1055 362 385 1054 
636 1054 385 365 1056 
637 1043 1054 1056 75 
638 384 1059 1057 1058 
639 1059 377 393 1057 
640 1057 393 345 1060 
641 1058 1057 1060 387 
642 12 1062 1061 872 
643 1062 2 1063 1061 
644 1061 1063 13 125 
645 872 1061 125 10 
646 17 1066 1064 1065 
647 1066 7 870 1064 
648 1064 870 11 33 
649 1065 1064 33 15 
650 25 1068 1067 876 
651 1068 10 1069 1067 
652 1067 1069 26 129 
653 876 1067 129 23 
654 28 46 1070 1071 
655 46 20 495 1070 
656 1070 495 9 1072 
657 1071 1070 1072 30 
658 29 176 1073 1074 
659 176 28 1071 1073 
660 1073 1071 30 1075 
661 1074 1073 1075 4 
662 33 1078 1076 1077 
663 1078 11 874 1076 
664 1076 874 24 49 
665 1077 1076 49 31 
666 41 1080 1079 880 
667 1080 23 1081 1079 
668 1079 1081 42 133 
669 880 1079 133 39 
670 44 62 1082 1083 
671 62 36 499 1082 
672 1082 499 20 1084 
673 1083 1082 1084 46 
674 45 180 1085 1086 
675 180 44 1083 1085 
676 1085 1083 46 1087 
677 1086 1085 1087 28 
678 49 1090 1088 1089 
679 1090 24 878 1088 
680 1088 878 40 65 
681 1089 1088 65 47 
682 51 304 1091 504 
683 304 53 612 1091 
684 1091 612 35 1092 
685 504 1091 1092 54 
686 57 1094 1093 884 
687 1094 39 1095 1093 
688 1093 1095 58 137 
689 884 1093 137 55 
690 60 78 1096 1097 
691 78 52 503 1096 
692 1096 503 36 1098 
693 1097 1096 1098 62 
694 61 184 1099 1100 
695 184 60 1097 1099 
696 1099 1097 62 1101 
697 1100 1099 1101 44 
698 65 1104 1102 1103 
699 1104 40 882 1102 
700 1102 882 56 81 
701 1103 1102 81 63 
702 68 86 1105 1106 
703 86 67 507 1105 
704 1105 507 70 1107 
705 1106 1105 1107 52 
706 73 1109 1108 888 
707 1109 55 1110 1108 
708 1108 1110 74 141 
709 888 1108 141 71 
710 76 94 1111 1112 
711 94 68 1106 1111 
712 1111 1106 52 1113 
713 1112 1111 1113 78 
714 77 188 1114 1115 
715 188 76 1112 1114 
716 1114 1112 78 1116 
717 1115 1114 1116 60 
718 81 1119 1117 1118 
719 1119 56 886 1117 
720 1117 886 72 97 
721 1118 1117 97 79 
722 83 310 1120 1121 
723 310 85 511 1120 
724 1120 511 67 1122 
725 1121 1120 1122 86 
726 84 102 1123 1124 
727 102 83 1121 1123 
728 1123 1121 86 1125 
729 1124 1123 1125 68 
730 89 1127 1126 892 
731 1127 71 1128 1126 
732 1126 1128 90 145 
733 892 1126 145 87 
734 92 110 1129 1130 
735 110 84 1124 1129 
736 1129 1124 68 1131 
737 1130 1129 1131 94 
738 93 192 1132 1133 
739 192 92 1130 1132 
740 1132 1130 94 1134 
741 1133 1132 1134 76 
742 97 1137 1135 1136 
743 1137 72 890 1135 
744 1135 890 88 113 
745 1136 1135 113 95 
746 105 1139 1138 896 
747 1139 87 1140 1138 
748 1138 1140 106 149 
749 896 1138 149 103 
750 113 1143 1141 1142 
751 1143 88 894 1141 
752 1141 894 104 203 
753 1142 1141 203 111 
754 104 1146 1144 1145 
755 1146 121 898 1144 
756 1144 898 119 295 
757 1145 1144 295 120 
758 10 1148 1147 1069 
759 1148 125 1149 1147 
760 1147 1149 124 648 
761 1069 1147 648 26 
762 125 1151 1150 1149 
763 1151 13 1152 1150 
764 1150 1152 126 750 
765 1149 1150 750 124 
766 23 1154 1153 1081 
767 1154 129 1155 1153 
768 1153 1155 128 595 
769 1081 1153 595 42 
770 129 1157 1156 1155 
771 1157 26 1158 1156 
772 1156 1158 130 651 
773 1155 1156 651 128 
774 39 1160 1159 1095 
775 1160 133 1161 1159 
776 1159 1161 132 482 
777 1095 1159 482 58 
778 133 1163 1162 1161 
779 1163 42 1164 1162 
780 1162 1164 134 598 
781 1161 1162 598 132 
782 55 1166 1165 1110 
783 1166 137 1167 1165 
784 1165 1167 136 347 
785 1110 1165 347 74 
786 137 1169 1168 1167 
787 1169 58 1170 1168 
788 1168 1170 138 485 
789 1167 1168 485 136 
790 71 1172 1171 1128 
791 1172 141 1173 1171 
792 1171 1173 140 343 
793 1128 1171 343 90 
794 141 1175 1174 1173 
795 1175 74 1176 1174 
796 1174 1176 142 351 
797 1173 1174 351 140 
798 87 1178 1177 1140 
799 1178 145 1179 1177 
800 1177 1179 144 968 
801 1140 1177 968 106 
802 145 1181 1180 1179 
803 1181 90 1182 1180 
804 1180 1182 146 1017 
805 1179 1180 1017 144 
806 103 1184 1183 900 
807 1184 149 1185 1183 
808 1183 1185 148 326 
809 900 1183 326 122 
810 149 1187 1186 1185 
811 1187 106 1188 1186 
812 1186 1188 150 972 
813 1185 1186 972 148 
814 119 1191 1189 1190 
815 1191 161 902 1189 
816 1189 902 159 322 
817 1190 1189 322 160 
818 166 1193 1192 207 
819 1193 5 169 1192 
820 1192 169 156 1194 
821 207 1192 1194 164 
822 201 1197 1195 1196 
823 1197 120 294 1195 
824 1195 294 5 1193 
825 1196 1195 1193 166 
826 202 1200 1198 1199 
827 1200 201 1196 1198 
828 1198 1196 166 206 
829 1199 1198 206 114 
830 246 1203 1201 1202 
831 1203 231 251 1201 
832 1201 251 195 279 
833 1202 1201 279 249 
834 251 1206 1204 1205 
835 1206 250 286 1204 
836 1204 286 253 283 
837 1205 1204 283 195 
838 233 262 1207 275 
839 262 241 1208 1207 
840 1207 1208 254 1209 
841 275 1207 1209 255 
842 302 589 1210 1211 
843 589 303 616 1210 
844 1210 616 53 1212 
845 1211 1210 1212 304 
846 69 468 1213 508 
847 468 302 1211 1213 
848 1213 1211 304 1214 
849 508 1213 1214 51 
850 308 371 1215 1216 
851 371 309 515 1215 
852 1215 515 85 1217 
853 1216 1215 1217 310 
854 101 356 1218 1219 
855 356 308 1216 1218 
856 1218 1216 310 1220 
857 1219 1218 1220 83 
858 322 1223 1221 1222 
859 1223 159 906 1221 
860 1221 906 323 339 
861 1222 1221 339 320 
862 122 1225 1224 904 
863 1225 326 1226 1224 
864 1224 1226 325 914 
865 904 1224 914 162 
866 326 1228 1227 1226 
867 1228 148 1229 1227 
868 1227 1229 327 976 
869 1226 1227 976 325 
870 330 1231 1230 908 
871 1231 162 1232 1230 
872 1230 1232 331 918 
873 908 1230 918 329 
874 90 1234 1233 1182 
875 1234 343 1235 1233 
876 1233 1235 342 364 
877 1182 1233 364 146 
878 343 1237 1236 1235 
879 1237 140 1238 1236 
880 1236 1238 344 359 
881 1235 1236 359 342 
882 74 1240 1239 1176 
883 1240 347 1241 1239 
884 1239 1241 346 444 
885 1176 1239 444 142 
886 347 1243 1242 1241 
887 1243 136 1244 1242 
888 1242 1244 348 488 
889 1241 1242 488 346 
890 140 1246 1245 1238 
891 1246 351 1247 1245 
892 1245 1247 350 398 
893 1238 1245 398 344 
894 351 1249 1248 1247 
895 1249 142 1250 1248 
896 1248 1250 352 447 
897 1247 1248 447 350 
898 75 1056 1251 1047 
899 1056 365 410 1251 
900 1251 410 381 1252 
901 1047 1251 1252 382 
902 380 408 1253 414 
903 408 361 1254 1253 
904 1253 1254 390 1255 
905 414 1253 1255 388 
906 360 1257 1256 403 
907 1257 397 1258 1256 
908 1256 1258 400 428 
909 403 1256 428 143 
910 387 1060 1259 1260 
911 1060 345 413 1259 
912 1259 413 389 1261 
913 1260 1259 1261 409 
914 370 452 1262 1263 
915 452 431 519 1262 
916 1262 519 434 1264 
917 1263 1262 1264 309 
918 353 1266 1265 441 
919 1266 436 454 1265 
920 1265 454 435 1267 
921 441 1265 1267 422 
922 142 1269 1268 1250 
923 1269 444 1270 1268 
924 1268 1270 443 459 
925 1250 1268 459 352 
926 443 1272 1271 460 
927 1272 445 1273 1271 
928 1271 1273 349 478 
929 460 1271 478 432 
930 306 581 1274 565 
931 581 465 1275 1274 
932 1274 1275 468 1276 
933 565 1274 1276 69 
934 138 1278 1277 486 
935 1278 481 1279 1277 
936 1277 1279 466 579 
937 486 1277 579 43 
938 136 1281 1280 1244 
939 1281 485 1282 1280 
940 1280 1282 484 550 
941 1244 1280 550 348 
942 445 1284 1283 1273 
943 1284 487 1285 1283 
944 1283 1285 474 491 
945 1273 1283 491 349 
946 492 1287 1286 547 
947 1287 541 560 1286 
948 1286 560 544 1288 
949 547 1286 1288 473 
950 543 1290 1289 562 
951 1290 552 1291 1289 
952 1289 1291 555 575 
953 562 1289 575 475 
954 544 563 1292 1293 
955 563 475 574 1292 
956 1292 574 557 1294 
957 1293 1292 1294 556 
958 134 1296 1295 599 
959 1296 594 1297 1295 
960 1295 1297 583 605 
961 599 1295 605 27 
962 26 1299 1298 1158 
963 1299 648 1300 1298 
964 1298 1300 647 705 
965 1158 1298 705 130 
966 647 1302 1301 706 
967 1302 649 1303 1301 
968 1301 1303 127 720 
969 706 1301 720 625 
970 656 682 1304 1305 
971 682 628 687 1304 
972 1304 687 665 1306 
973 1305 1304 1306 664 
974 655 1308 1307 681 
975 1308 675 1309 1307 
976 1307 1309 678 688 
977 681 1307 688 628 
978 678 1311 1310 689 
979 1311 630 711 1310 
980 1310 711 684 1312 
981 689 1310 1312 683 
982 674 726 1313 1314 
983 726 624 761 1313 
984 1313 761 698 1315 
985 1314 1313 1315 697 
986 625 1317 1316 733 
987 1317 720 1318 1316 
988 1316 1318 719 742 
989 733 1316 742 673 
990 720 1320 1319 1318 
991 1320 127 1321 1319 
992 1319 1321 721 757 
993 1318 1319 757 719 
994 649 1323 1322 1303 
995 1323 749 1324 1322 
996 1322 1324 716 753 
997 1303 1322 753 127 
998 127 1326 1325 1321 
999 1326 753 1327 1325 
1000 1325 1327 752 783 
1001 1321 1325 783 721 
1002 753 1329 1328 1327 
1003 1329 716 1330 1328 
1004 1328 1330 754 802 
1005 1327 1328 802 752 
1006 749 1332 1331 1324 
1007 1332 751 1333 1331 
1008 1331 1333 8 798 
1009 1324 1331 798 716 
1010 716 1335 1334 1330 
1011 1335 798 1336 1334 
1012 1334 1336 797 825 
1013 1330 1334 825 754 
1014 798 1338 1337 1336 
1015 1338 8 1339 1337 
1016 1337 1339 799 840 
1017 1336 1337 840 797 
1018 859 924 1340 942 
1019 924 332 1341 1340 
1020 1340 1341 862 1342 
1021 942 1340 1342 860 
1022 162 1344 1343 1232 
1023 1344 914 1345 1343 
1024 1343 1345 913 964 
1025 1232 1343 964 331 
1026 914 1347 1346 1345 
1027 1347 325 1348 1346 
1028 1346 1348 915 980 
1029 1345 1346 980 913 
1030 329 1350 1349 932 
1031 1350 918 1351 1349 
1032 1349 1351 917 960 
1033 932 1349 960 858 
1034 867 936 1352 946 
1035 936 921 1353 1352 
1036 1352 1353 924 1354 
1037 946 1352 1354 859 
1038 107 966 1355 957 
1039 966 916 1356 1355 
1040 1355 1356 953 1357 
1041 957 1355 1357 854 
1042 916 982 1358 1356 
1043 982 328 1359 1358 
1044 1358 1359 954 1360 
1045 1356 1358 1360 953 
1046 332 962 1361 1341 
1047 962 920 1362 1361 
1048 1361 1362 956 1363 
1049 1341 1361 1363 862 
1050 106 1365 1364 1188 
1051 1365 968 1366 1364 
1052 1364 1366 967 1002 
1053 1188 1364 1002 150 
1054 968 1368 1367 1366 
1055 1368 144 1369 1367 
1056 1367 1369 969 1020 
1057 1366 1367 1020 967 
1058 148 1371 1370 1229 
1059 1371 972 1372 1370 
1060 1370 1372 971 990 
1061 1229 1370 990 327 
1062 972 1374 1373 1372 
1063 1374 150 1375 1373 
1064 1373 1375 973 1006 
1065 1372 1373 1006 971 
1066 915 1377 1376 981 
1067 1377 975 997 1376 
1068 1376 997 978 1378 
1069 981 1376 1378 328 
1070 151 992 1379 994 
1071 992 974 1380 1379 
1072 1379 1380 986 1381 
1073 994 1379 1381 851 
1074 974 1008 1382 1380 
1075 1008 91 1383 1382 
1076 1382 1383 987 1384 
1077 1380 1382 1384 986 
1078 328 1378 1385 1359 
1079 1378 978 1386 1385 
1080 1385 1386 993 1387 
1081 1359 1385 1387 954 
1082 978 1000 1388 1386 
1083 1000 151 1389 1388 
1084 1388 1389 994 1390 
1085 1386 1388 1390 993 
1086 150 1392 1391 1375 
1087 1392 1002 1393 1391 
1088 1391 1393 1001 1013 
1089 1375 1391 1013 973 
1090 1001 1395 1394 1014 
1091 1395 1003 1029 1394 
1092 1394 1029 970 1396 
1093 1014 1394 1396 1004 
1094 91 1015 1397 1383 
1095 1015 1004 1398 1397 
1096 1397 1398 1009 1399 
1097 1383 1397 1399 987 
1098 1004 1396 1400 1398 
1099 1396 970 1401 1400 
1100 1400 1401 1010 1402 
1101 1398 1400 1402 1009 
1102 144 1404 1403 1369 
1103 1404 1017 1405 1403 
1104 1403 1405 1016 1034 
1105 1369 1403 1034 969 
1106 1017 1407 1406 1405 
1107 1407 146 1408 1406 
1108 1406 1408 363 1042 
1109 1405 1406 1042 1016 
1110 147 1036 1409 1026 
1111 1036 1018 1046 1409 
1112 1409 1046 1023 1410 
1113 1026 1409 1410 984 
1114 970 1032 1411 1401 
1115 1032 1022 1412 1411 
1116 1411 1412 1025 1413 
1117 1401 1411 1413 1010 
1118 1022 1040 1414 1412 
1119 1040 147 1415 1414 
1120 1414 1415 1026 1416 
1121 1412 1414 1416 1025 
1122 1 1419 1417 1418 
1123 1419 17 1065 1417 
1124 1417 1065 15 211 
1125 1418 1417 211 16 
1126 15 1422 1420 1421 
1127 1422 33 1077 1420 
1128 1420 1077 31 214 
1129 1421 1420 214 32 
1130 31 1425 1423 1424 
1131 1425 49 1089 1423 
1132 1423 1089 47 217 
1133 1424 1423 217 48 
1134 47 1428 1426 1427 
1135 1428 65 1103 1426 
1136 1426 1103 63 220 
1137 1427 1426 220 64 
1138 63 1431 1429 1430 
1139 1431 81 1118 1429 
1140 1429 1118 79 223 
1141 1430 1429 223 80 
1142 79 1434 1432 1433 
1143 1434 97 1136 1432 
1144 1432 1136 95 226 
1145 1433 1432 226 96 
1146 99 313 1435 1436 
1147 313 101 1219 1435 
1148 1435 1219 83 1437 
1149 1436 1435 1437 102 
1150 100 118 1438 1439 
1151 118 99 1436 1438 
1152 1438 1436 102 1440 
1153 1439 1438 1440 84 
1154 108 154 1441 1442 
1155 154 100 1439 1441 
1156 1441 1439 84 1443 
1157 1442 1441 1443 110 
1158 109 196 1444 1445 
1159 196 108 1442 1444 
1160 1444 1442 110 1446 
1161 1445 1444 1446 92 
1162 95 1449 1447 1448 
1163 1449 113 1142 1447 
1164 1447 1142 111 229 
1165 1448 1447 229 112 
1166 189 265 1450 1451 
1167 265 109 1445 1450 
1168 1450 1445 92 1452 
1169 1451 1450 1452 192 
1170 203 1455 1453 1454 
1171 1455 104 1145 1453 
1172 1453 1145 120 1197 
1173 1454 1453 1197 201 
1174 223 1458 1456 1457 
1175 1458 79 1433 1456 
1176 1456 1433 96 244 
1177 1457 1456 244 221 
1178 226 1461 1459 1460 
1179 1461 95 1448 1459 
1180 1459 1448 112 232 
1181 1460 1459 232 224 
1182 146 1463 1462 1408 
1183 1463 364 1464 1462 
1184 1462 1464 362 1055 
1185 1408 1462 1055 363 
1186 364 1466 1465 1464 
1187 1466 342 1467 1465 
1188 1465 1467 358 386 
1189 1464 1465 386 362 
1190 369 438 1468 1469 
1191 438 370 1263 1468 
1192 1468 1263 309 1470 
1193 1469 1468 1470 371 
1194 355 423 1471 1472 
1195 423 369 1469 1471 
1196 1471 1469 371 1473 
1197 1472 1471 1473 308 
1198 397 1475 1474 1258 
1199 1475 399 1476 1474 
1200 1474 1476 353 440 
1201 1258 1474 440 400 
1202 444 1478 1477 1270 
1203 1478 346 1479 1477 
1204 1477 1479 445 1272 
1205 1270 1477 1272 443 
1206 399 1481 1480 1476 
1207 1481 446 1482 1480 
1208 1480 1482 436 1266 
1209 1476 1480 1266 353 
1210 465 593 1483 1275 
1211 593 467 1484 1483 
1212 1483 1484 302 1485 
1213 1275 1483 1485 468 
1214 58 1487 1486 1170 
1215 1487 482 1488 1486 
1216 1486 1488 481 1278 
1217 1170 1486 1278 138 
1218 481 1490 1489 1279 
1219 1490 483 1491 1489 
1220 1489 1491 135 591 
1221 1279 1489 591 466 
1222 346 1493 1492 1479 
1223 1493 488 1494 1492 
1224 1492 1494 487 1284 
1225 1479 1492 1284 445 
1226 487 1496 1495 1285 
1227 1496 489 1497 1495 
1228 1495 1497 139 542 
1229 1285 1495 542 474 
1230 489 1499 1498 1497 
1231 1499 549 1500 1498 
1232 1498 1500 538 553 
1233 1497 1498 553 139 
1234 473 1288 1501 1502 
1235 1288 544 1293 1501 
1236 1501 1293 556 1503 
1237 1502 1501 1503 531 
1238 467 603 1504 1484 
1239 603 586 1505 1504 
1240 1504 1505 589 1506 
1241 1484 1504 1506 302 
1242 42 1508 1507 1164 
1243 1508 595 1509 1507 
1244 1507 1509 594 1296 
1245 1164 1507 1296 134 
1246 594 1511 1510 1297 
1247 1511 596 1512 1510 
1248 1510 1512 131 633 
1249 1297 1510 633 583 
1250 483 1514 1513 1491 
1251 1514 597 1515 1513 
1252 1513 1515 587 601 
1253 1491 1513 601 135 
1254 648 1517 1516 1300 
1255 1517 124 1518 1516 
1256 1516 1518 649 1302 
1257 1300 1516 1302 647 
1258 596 1520 1519 1512 
1259 1520 650 1521 1519 
1260 1519 1521 629 654 
1261 1512 1519 654 131 
1262 584 670 1522 1523 
1263 670 656 1305 1522 
1264 1522 1305 664 1524 
1265 1523 1522 1524 641 
1266 675 1526 1525 1309 
1267 1526 677 1527 1525 
1268 1525 1527 630 1311 
1269 1309 1525 1311 678 
1270 300 703 1528 1529 
1271 703 674 1314 1528 
1272 1528 1314 697 1530 
1273 1529 1528 1530 662 
1274 677 1532 1531 1527 
1275 1532 707 1533 1531 
1276 1531 1533 701 712 
1277 1527 1531 712 630 
1278 124 1535 1534 1518 
1279 1535 750 1536 1534 
1280 1534 1536 749 1323 
1281 1518 1534 1323 649 
1282 750 1538 1537 1536 
1283 1538 126 1539 1537 
1284 1537 1539 751 1332 
1285 1536 1537 1332 749 
1286 325 1541 1540 1348 
1287 1541 976 1542 1540 
1288 1540 1542 975 1377 
1289 1348 1540 1377 915 
1290 976 1544 1543 1542 
1291 1544 327 1545 1543 
1292 1543 1545 977 998 
1293 1542 1543 998 975 
1294 1002 1547 1546 1393 
1295 1547 967 1548 1546 
1296 1546 1548 1003 1395 
1297 1393 1546 1395 1001 
1298 967 1550 1549 1548 
1299 1550 1020 1551 1549 
1300 1549 1551 1019 1030 
1301 1548 1549 1030 1003 
1302 1020 1553 1552 1551 
1303 1553 969 1554 1552 
1304 1552 1554 1021 1038 
1305 1551 1552 1038 1019 
1306 111 1557 1555 1556 
1307 1557 203 1454 1555 
1308 1555 1454 201 1200 
1309 1556 1555 1200 202 
1310 96 1560 1558 1559 
1311 1560 226 1460 1558 
1312 1558 1460 224 248 
1313 1559 1558 248 225 
1314 354 375 1561 1562 
1315 375 355 1472 1561 
1316 1561 1472 308 1563 
1317 1562 1561 1563 356 
1318 312 383 1564 1565 
1319 383 354 1562 1564 
1320 1564 1562 356 1566 
1321 1565 1564 1566 101 
1322 342 1568 1567 1467 
1323 1568 359 1569 1567 
1324 1567 1569 357 378 
1325 1467 1567 378 358 
1326 359 1571 1570 1569 
1327 1571 344 1572 1570 
1328 1570 1572 360 402 
1329 1569 1570 402 357 
1330 344 1574 1573 1572 
1331 1574 398 1575 1573 
1332 1573 1575 397 1257 
1333 1572 1573 1257 360 
1334 398 1577 1576 1575 
1335 1577 350 1578 1576 
1336 1576 1578 399 1475 
1337 1575 1576 1475 397 
1338 350 1580 1579 1578 
1339 1580 447 1581 1579 
1340 1579 1581 446 1481 
1341 1578 1579 1481 399 
1342 446 1583 1582 1482 
1343 1583 448 1584 1582 
1344 1582 1584 59 455 
1345 1482 1582 455 436 
1346 448 1586 1585 1584 
1347 1586 458 1587 1585 
1348 1585 1587 450 462 
1349 1584 1585 462 59 
1350 482 1589 1588 1488 
1351 1589 132 1590 1588 
1352 1588 1590 483 1490 
1353 1488 1588 1490 481 
1354 488 1592 1591 1494 
1355 1592 348 1593 1591 
1356 1591 1593 489 1496 
1357 1494 1591 1496 487 
1358 493 548 1594 1595 
1359 548 473 1502 1594 
1360 1594 1502 531 1596 
1361 1595 1594 1596 530 
1362 348 1598 1597 1593 
1363 1598 550 1599 1597 
1364 1597 1599 549 1499 
1365 1593 1597 1499 489 
1366 586 1601 1600 1505 
1367 1601 588 620 1600 
1368 1600 620 303 1602 
1369 1505 1600 1602 589 
1370 595 1604 1603 1509 
1371 1604 128 1605 1603 
1372 1603 1605 596 1511 
1373 1509 1603 1511 594 
1374 132 1607 1606 1590 
1375 1607 598 1608 1606 
1376 1606 1608 597 1514 
1377 1590 1606 1514 483 
1378 635 660 1609 1610 
1379 660 584 1523 1609 
1380 1609 1523 641 1611 
1381 1610 1609 1611 640 
1382 128 1613 1612 1605 
1383 1613 651 1614 1612 
1384 1612 1614 650 1520 
1385 1605 1612 1520 596 
1386 650 1616 1615 1521 
1387 1616 652 1617 1615 
1388 1615 1617 14 676 
1389 1521 1615 676 629 
1390 631 685 1618 1619 
1391 685 300 1529 1618 
1392 1618 1529 662 1620 
1393 1619 1618 1620 661 
1394 652 1622 1621 1617 
1395 1622 704 1623 1621 
1396 1621 1623 672 708 
1397 1617 1621 708 14 
1398 707 1625 1624 1533 
1399 1625 709 1626 1624 
1400 1624 1626 671 728 
1401 1533 1624 728 701 
1402 709 1628 1627 1626 
1403 1628 731 1629 1627 
1404 1627 1629 724 735 
1405 1626 1627 735 671 
