2 0.000000 100.000000 5791.461216
1613 1405 
1 -147.787889 0.000000 -147.826199 99.998598 0.000000 -0.000044 0.000028 
2 154.271383 0.000000 -147.826199 99.998582 0.000001 -0.010357 0.000028 
3 154.271383 0.000000 147.829871 100.001418 0.000001 -0.010352 -0.000028 
4 -147.787889 0.000000 147.829871 100.001402 0.000000 -0.000043 -0.000028 
5 3.241747 0.000000 0.001836 99.920626 -0.000011 -0.203604 0.001583 
6 -147.787889 0.000000 0.001836 99.999999 0.000000 0.001443 0.000000 
7 3.241747 0.000000 -147.826199 99.995890 0.000000 -0.004292 0.000082 
8 154.271383 0.000000 0.001836 99.999999 0.000103 -1.846859 -0.000341 
9 3.241747 0.000000 147.829871 100.004110 0.000000 -0.004291 -0.000082 
10 78.756565 0.000000 73.915853 100.005671 0.000003 -0.034602 -0.000114 
11 3.241747 0.000000 73.915853 100.016242 0.000002 -0.016645 -0.000325 
12 78.756565 0.000000 0.001836 99.999995 0.000102 -1.852487 -0.000343 
13 154.271383 0.000000 73.915853 100.001411 0.000005 -0.041450 -0.000028 
14 78.756565 0.000000 147.829871 100.002919 0.000001 -0.009023 -0.000058 
15 -72.273071 0.000000 73.915853 100.005543 0.000000 0.000838 -0.000111 
16 -147.787889 0.000000 73.915853 100.001385 0.000000 0.000739 -0.000028 
17 -72.273071 0.000000 0.001836 99.999994 0.000001 0.007323 0.000000 
18 -72.273071 0.000000 147.829871 100.002892 0.000000 -0.001332 -0.000058 
19 78.756565 0.000000 -73.912181 99.994327 0.000002 -0.034613 0.000113 
20 3.241747 0.000000 -73.912181 99.983760 0.000001 -0.016654 0.000325 
21 78.756565 0.000000 -147.826199 99.997080 0.000000 -0.009027 0.000058 
22 154.271383 0.000000 -73.912181 99.998588 0.000002 -0.041493 0.000028 
23 40.999156 0.000000 36.958845 100.022414 0.000013 -0.127336 -0.000450 
24 3.241747 0.000000 36.958845 100.062068 0.000007 -0.060382 -0.001242 
25 40.999156 0.000000 0.001836 99.999978 0.000100 -1.874709 -0.000351 
26 78.756565 0.000000 36.958845 100.005643 0.000015 -0.128527 -0.000115 
27 40.999156 0.000000 73.915853 100.011618 0.000003 -0.030248 -0.000232 
28 -72.273071 0.000000 -73.912181 99.994455 0.000000 0.000835 0.000111 
29 -147.787889 0.000000 -73.912181 99.998614 0.000000 0.000738 0.000028 
30 -72.273071 0.000000 -147.826199 99.997107 0.000000 -0.001333 0.000058 
31 -34.515662 0.000000 36.958845 100.021487 0.000002 0.003581 -0.000430 
32 -72.273071 0.000000 36.958845 100.005446 0.000001 0.004332 -0.000109 
33 -34.515662 0.000000 0.001836 99.999950 0.000002 0.028479 0.000001 
34 -34.515662 0.000000 73.915853 100.011408 0.000001 -0.003299 -0.000228 
35 40.999156 0.000000 -36.955173 99.977577 0.000002 -0.127497 0.000447 
36 3.241747 0.000000 -36.955173 99.937928 0.000001 -0.060488 0.001241 
37 40.999156 0.000000 -73.912181 99.988382 0.000001 -0.030257 0.000232 
38 78.756565 0.000000 -36.955173 99.994352 0.000002 -0.128701 0.000111 
39 22.120451 0.000000 18.480340 100.088671 0.000033 -0.397703 -0.001790 
40 3.241747 0.000000 18.480340 100.227125 0.000017 -0.184124 -0.004551 
41 22.120451 0.000000 0.001836 99.999162 0.000101 -1.972494 -0.000372 
42 40.999156 0.000000 18.480340 100.022152 0.000037 -0.395459 -0.000459 
43 22.120451 0.000000 36.958845 100.045154 0.000011 -0.110736 -0.000905 
44 -34.515662 0.000000 -36.955173 99.978495 0.000001 0.003554 0.000430 
45 -72.273071 0.000000 -36.955173 99.994547 0.000000 0.004327 0.000109 
46 -34.515662 0.000000 -73.912181 99.988591 0.000001 -0.003306 0.000228 
47 -15.636957 0.000000 18.480340 100.082956 0.000006 0.020145 -0.001660 
48 -34.515662 0.000000 18.480340 100.020805 0.000002 0.017120 -0.000416 
49 -15.636957 0.000000 0.001836 99.999635 0.000004 0.116286 0.000006 
50 -15.636957 0.000000 36.958845 100.043721 0.000004 -0.011606 -0.000875 
51 22.120451 0.000000 -18.476668 99.911130 -0.000013 -0.399658 0.001761 
52 3.241747 0.000000 -18.476668 99.772597 -0.000005 -0.185032 0.004539 
53 22.120451 0.000000 -36.955173 99.954839 0.000001 -0.110874 0.000902 
54 40.999156 0.000000 -18.476668 99.977817 -0.000010 -0.397580 0.000428 
55 12.681099 0.000000 9.241088 100.284557 0.000002 -0.907791 -0.005782 
56 3.241747 0.000000 9.241088 100.646973 0.000008 -0.419547 -0.012999 
57 12.681099 0.000000 0.001836 99.990309 0.000013 -2.274207 -0.000323 
58 22.120451 0.000000 9.241088 100.084963 0.000007 -0.893467 -0.001780 
59 12.681099 0.000000 18.480340 100.170597 0.000026 -0.344305 -0.003427 
60 -15.636957 0.000000 -18.476668 99.916855 0.000002 0.019935 0.001662 
61 -34.515662 0.000000 -18.476668 99.979136 0.000001 0.017083 0.000417 
62 -15.636957 0.000000 -36.955173 99.956260 0.000001 -0.011672 0.000875 
63 -6.197605 0.000000 9.241088 100.270837 0.000008 0.083710 -0.005425 
64 -15.636957 0.000000 9.241088 100.078126 0.000006 0.073366 -0.001564 
65 -6.197605 0.000000 0.001836 99.998049 0.000003 0.401986 0.000023 
66 -6.197605 0.000000 18.480340 100.163182 0.000010 -0.028578 -0.003266 
67 12.681099 0.000000 -9.237416 99.712583 -0.000033 -0.917719 0.005656 
68 3.241747 0.000000 -9.237416 99.351500 -0.000013 -0.423351 0.012910 
69 12.681099 0.000000 -18.476668 99.829063 -0.000012 -0.345806 0.003404 
70 22.120451 0.000000 -9.237416 99.914314 -0.000051 -0.906673 0.001631 
71 7.961423 0.000000 4.621462 100.725295 -0.000057 -1.639985 -0.014827 
72 3.241747 0.000000 4.621462 101.495594 -0.000014 -0.786634 -0.030197 
73 7.961423 0.000000 0.001836 99.975119 0.000422 -3.043018 -0.000428 
74 12.681099 0.000000 4.621462 100.253997 -0.000111 -1.541870 -0.005324 
75 7.961423 0.000000 9.241088 100.501754 0.000004 -0.785126 -0.010122 
76 -6.197605 0.000000 -9.237416 99.727899 -0.000001 0.082426 0.005434 
77 -15.636957 0.000000 -9.237416 99.921397 0.000003 0.073108 0.001571 
78 -6.197605 0.000000 -18.476668 99.836568 0.000001 -0.029066 0.003266 
79 -1.477929 0.000000 4.621462 100.788292 0.000002 0.273971 -0.015835 
80 -6.197605 0.000000 4.621462 100.251311 0.000006 0.258209 -0.005039 
81 -1.477929 0.000000 0.001836 99.983309 -0.000015 0.155368 0.000331 
82 -1.477929 0.000000 9.241088 100.495190 0.000010 -0.044695 -0.009929 
83 7.961423 0.000000 -4.617790 99.262166 -0.000026 -1.656265 0.014428 
84 3.241747 0.000000 -4.617790 98.504436 -0.000017 -0.794539 0.029624 
85 7.961423 0.000000 -9.237416 99.495348 -0.000022 -0.791225 0.010005 
86 12.681099 0.000000 -4.617790 99.737219 -0.000027 -1.574403 0.005001 
87 5.601585 0.000000 2.311649 101.556299 0.000028 -2.705517 -0.032100 
88 3.241747 0.000000 2.311649 99.832701 -0.000010 -0.384322 0.003328 
89 5.601585 0.000000 0.001836 99.790239 0.000002 -2.526193 0.003553 
90 7.961423 0.000000 2.311649 100.603475 -0.000030 -2.440626 -0.012702 
91 5.601585 0.000000 4.621462 101.187641 -0.000029 -1.438429 -0.024101 
92 -1.477929 0.000000 -4.617790 99.206623 -0.000006 0.268406 0.015797 
93 -6.197605 0.000000 -4.617790 99.745969 0.000001 0.256794 0.005068 
94 -1.477929 0.000000 -9.237416 99.503307 -0.000005 -0.047330 0.009909 
95 0.881909 0.000000 2.311649 99.957272 -0.000017 0.212366 0.000850 
96 -1.477929 0.000000 2.311649 100.837310 -0.000002 0.773951 -0.016876 
97 0.881909 0.000000 0.001836 99.938565 -0.000018 1.025311 0.001123 
98 0.881909 0.000000 4.621462 101.263629 -0.000004 -0.063159 -0.025433 
99 5.601585 0.000000 -2.307977 98.420122 0.000052 -2.697210 0.030620 
100 3.241747 0.000000 -2.307977 99.832701 -0.000010 -0.384322 0.003328 
101 5.601585 0.000000 -4.617790 98.805522 -0.000020 -1.445005 0.023538 
102 7.961423 0.000000 -2.307977 99.366091 0.000017 -2.469613 0.012028 
103 4.421666 0.000000 1.156743 99.822388 -0.000008 -0.467280 0.003527 
104 3.241747 0.000000 1.156743 99.876890 -0.000012 -0.274435 0.002453 
105 4.421666 0.000000 0.001836 99.842525 -0.000010 -0.343578 0.003135 
106 5.601585 0.000000 1.156743 99.763326 0.000007 -4.068361 0.003073 
107 4.421666 0.000000 2.311649 99.790239 0.000002 -2.526193 0.003553 
108 0.881909 0.000000 -2.307977 99.957272 -0.000017 0.212366 0.000850 
109 -1.477929 0.000000 -2.307977 99.152286 -0.000007 0.768182 0.016823 
110 0.881909 0.000000 -4.617790 98.732882 -0.000012 -0.072749 0.025181 
111 2.061828 0.000000 1.156743 99.884653 -0.000012 -0.204445 0.002301 
112 0.881909 0.000000 1.156743 99.925096 -0.000018 1.083527 0.001380 
113 2.061828 0.000000 0.001836 99.883659 -0.000013 -0.019355 0.002325 
114 2.061828 0.000000 2.311649 99.925096 -0.000018 1.083527 0.001380 
115 4.421666 0.000000 -1.153071 99.822388 -0.000008 -0.467280 0.003527 
116 3.241747 0.000000 -1.153071 99.876890 -0.000012 -0.274435 0.002453 
117 4.421666 0.000000 -2.307977 99.763326 0.000007 -4.068361 0.003073 
118 5.601585 0.000000 -1.153071 99.763326 0.000007 -4.068361 0.003073 
119 3.831707 0.000000 0.579289 99.860388 -0.000011 -0.311845 0.002781 
120 3.241747 0.000000 0.579289 99.884653 -0.000012 -0.204445 0.002301 
121 3.831707 0.000000 0.001836 99.715209 -0.000005 -2.046495 0.005269 
122 4.421666 0.000000 0.579289 99.832701 -0.000010 -0.384322 0.003328 
123 3.831707 0.000000 1.156743 99.851768 -0.000011 -0.324383 0.002952 
124 2.061828 0.000000 -1.153071 99.884653 -0.000012 -0.204445 0.002301 
125 0.881909 0.000000 -1.153071 99.925096 -0.000018 1.083527 0.001380 
126 2.061828 0.000000 -2.307977 99.925096 -0.000018 1.083527 0.001380 
127 2.651788 0.000000 0.579289 99.884653 -0.000012 -0.204445 0.002301 
128 2.061828 0.000000 0.579289 99.884653 -0.000012 -0.204445 0.002301 
129 2.651788 0.000000 0.001836 99.878751 -0.000013 0.214112 0.002419 
130 2.651788 0.000000 1.156743 99.884653 -0.000012 -0.204445 0.002301 
131 2.651788 0.000000 -0.575617 99.884653 -0.000012 -0.204445 0.002301 
132 2.061828 0.000000 -0.575617 99.884653 -0.000012 -0.204445 0.002301 
133 2.651788 0.000000 -1.153071 99.884653 -0.000012 -0.204445 0.002301 
134 3.241747 0.000000 -0.575617 99.884653 -0.000012 -0.204445 0.002301 
135 2.946767 0.000000 0.290563 99.888517 -0.000012 0.013842 0.002228 
136 2.651788 0.000000 0.290563 99.884653 -0.000012 -0.204445 0.002301 
137 2.946767 0.000000 0.001836 99.886124 -0.000013 0.222991 0.002271 
138 3.241747 0.000000 0.290563 99.900203 -0.000012 -0.081018 0.001994 
139 2.946767 0.000000 0.579289 99.884653 -0.000012 -0.204445 0.002301 
140 -110.030480 0.000000 36.958845 100.001932 0.000000 0.002579 -0.000039 
141 -147.787889 0.000000 36.958845 100.000874 0.000000 0.001223 -0.000017 
142 -110.030480 0.000000 0.001836 99.999998 0.000000 0.003279 0.000000 
143 -110.030480 0.000000 73.915853 100.002653 0.000000 0.001297 -0.000053 
144 -53.394366 0.000000 18.480340 100.007510 0.000001 0.010198 -0.000150 
145 -72.273071 0.000000 18.480340 100.003425 0.000001 0.006398 -0.000069 
146 -53.394366 0.000000 0.001836 99.999985 0.000001 0.012908 0.000000 
147 -53.394366 0.000000 36.958845 100.010374 0.000001 0.005199 -0.000207 
148 -25.076310 0.000000 9.241088 100.029396 0.000003 0.044027 -0.000588 
149 -34.515662 0.000000 9.241088 100.013002 0.000002 0.024986 -0.000260 
150 -25.076310 0.000000 0.001836 99.999881 0.000003 0.054395 0.000002 
151 -25.076310 0.000000 18.480340 100.039483 0.000003 0.021449 -0.000790 
152 -10.917281 0.000000 4.621462 100.099937 0.000005 0.159804 -0.002002 
153 -15.636957 0.000000 4.621462 100.048339 0.000005 0.103186 -0.000968 
154 -10.917281 0.000000 0.001836 99.999232 0.000004 0.194818 0.000012 
155 -10.917281 0.000000 9.241088 100.141727 0.000007 0.090904 -0.002837 
156 -3.837767 0.000000 2.311649 100.323056 0.000002 0.533679 -0.006500 
157 -6.197605 0.000000 2.311649 100.156739 0.000004 0.357156 -0.003150 
158 -3.837767 0.000000 0.001836 99.996517 0.000000 0.668018 0.000025 
159 -3.837767 0.000000 4.621462 100.438503 0.000005 0.309470 -0.008799 
160 -0.298010 0.000000 1.156743 99.964708 -0.000016 0.133486 0.000704 
161 -1.477929 0.000000 1.156743 99.989804 -0.000015 0.260956 0.000197 
162 -0.298010 0.000000 0.001836 99.957272 -0.000017 0.212366 0.000850 
163 -0.298010 0.000000 2.311649 99.989804 -0.000015 0.260956 0.000197 
164 1.471868 0.000000 0.579289 99.958860 -0.000015 0.670040 0.000778 
165 0.881909 0.000000 0.579289 99.934678 -0.000018 1.207881 0.001160 
166 1.471868 0.000000 0.001836 99.954937 -0.000016 0.633836 0.000861 
167 1.471868 0.000000 1.156743 99.954231 -0.000017 1.107541 0.000793 
168 2.356808 0.000000 0.290563 99.884653 -0.000012 -0.204445 0.002301 
169 2.061828 0.000000 0.290563 99.884653 -0.000012 -0.204445 0.002301 
170 2.356808 0.000000 0.001836 99.879452 -0.000013 0.111268 0.002408 
171 2.356808 0.000000 0.579289 99.884653 -0.000012 -0.204445 0.002301 
172 -110.030480 0.000000 -36.955173 99.998065 0.000000 0.002578 0.000039 
173 -147.787889 0.000000 -36.955173 99.999124 0.000000 0.001223 0.000018 
174 -110.030480 0.000000 -73.912181 99.997345 0.000000 0.001296 0.000053 
175 -53.394366 0.000000 -18.476668 99.992468 0.000001 0.010188 0.000151 
176 -72.273071 0.000000 -18.476668 99.996564 0.000001 0.006395 0.000069 
177 -53.394366 0.000000 -36.955173 99.989614 0.000001 0.005188 0.000208 
178 -25.076310 0.000000 -9.237416 99.970412 0.000002 0.043954 0.000591 
179 -34.515662 0.000000 -9.237416 99.986912 0.000002 0.024960 0.000262 
180 -25.076310 0.000000 -18.476668 99.960413 0.000002 0.021362 0.000792 
181 -10.917281 0.000000 -4.617790 99.898787 0.000002 0.159355 0.002021 
182 -15.636957 0.000000 -4.617790 99.951011 0.000004 0.103011 0.000978 
183 -10.917281 0.000000 -9.237416 99.857488 0.000001 0.090347 0.002847 
184 -3.837767 0.000000 -2.307977 99.671006 -0.000001 0.531596 0.006541 
185 -6.197605 0.000000 -2.307977 99.839722 0.000001 0.356232 0.003190 
186 -3.837767 0.000000 -4.617790 99.557548 -0.000002 0.306711 0.008820 
187 -0.298010 0.000000 -1.153071 99.964708 -0.000016 0.133486 0.000704 
188 -1.477929 0.000000 -1.153071 99.989804 -0.000015 0.260956 0.000197 
189 -0.298010 0.000000 -2.307977 99.989804 -0.000015 0.260956 0.000197 
190 1.471868 0.000000 -0.575617 99.958860 -0.000015 0.670040 0.000778 
191 0.881909 0.000000 -0.575617 99.934678 -0.000018 1.207881 0.001160 
192 1.471868 0.000000 -1.153071 99.954231 -0.000017 1.107541 0.000793 
193 1.766848 0.000000 0.290563 99.884653 -0.000012 -0.204445 0.002301 
194 1.471868 0.000000 0.290563 99.958860 -0.000015 0.670040 0.000778 
195 1.766848 0.000000 0.001836 99.886938 -0.000013 -0.096781 0.002259 
196 1.766848 0.000000 0.579289 99.884653 -0.000012 -0.204445 0.002301 
197 2.356808 0.000000 -0.286891 99.884653 -0.000012 -0.204445 0.002301 
198 2.061828 0.000000 -0.286891 99.884653 -0.000012 -0.204445 0.002301 
199 2.356808 0.000000 -0.575617 99.884653 -0.000012 -0.204445 0.002301 
200 2.651788 0.000000 -0.286891 99.884653 -0.000012 -0.204445 0.002301 
201 2.209318 0.000000 0.146199 99.883088 -0.000013 -0.079047 0.002336 
202 2.061828 0.000000 0.146199 99.883659 -0.000013 -0.019355 0.002325 
203 2.209318 0.000000 0.001836 99.879452 -0.000013 0.111268 0.002408 
204 2.356808 0.000000 0.146199 99.879452 -0.000013 0.111268 0.002408 
205 2.209318 0.000000 0.290563 99.884653 -0.000012 -0.204445 0.002301 
206 1.766848 0.000000 -0.286891 99.884653 -0.000012 -0.204445 0.002301 
207 1.471868 0.000000 -0.286891 99.958860 -0.000015 0.670040 0.000778 
208 1.766848 0.000000 -0.575617 99.884653 -0.000012 -0.204445 0.002301 
209 0.291949 0.000000 -0.575617 99.937172 -0.000018 0.579727 0.001223 
210 -0.298010 0.000000 -0.575617 99.957272 -0.000017 0.212366 0.000850 
211 0.291949 0.000000 -1.153071 99.948209 -0.000017 0.351144 0.001023 
212 0.291949 0.000000 0.001836 99.937535 -0.000018 0.753830 0.001192 
213 1.176889 0.000000 -0.286891 99.954231 -0.000017 1.107541 0.000793 
214 0.881909 0.000000 -0.286891 99.934678 -0.000018 1.207881 0.001160 
215 1.176889 0.000000 -0.575617 99.954231 -0.000017 1.107541 0.000793 
216 1.176889 0.000000 0.001836 99.952547 -0.000017 0.977081 0.000853 
217 0.291949 0.000000 0.579289 99.937172 -0.000018 0.579727 0.001223 
218 -0.298010 0.000000 0.579289 99.957272 -0.000017 0.212366 0.000850 
219 0.291949 0.000000 1.156743 99.937172 -0.000018 0.579727 0.001223 
220 0.586929 0.000000 -0.286891 99.925096 -0.000018 1.083527 0.001380 
221 0.291949 0.000000 -0.286891 99.937172 -0.000018 0.579727 0.001223 
222 0.586929 0.000000 -0.575617 99.927569 -0.000018 0.850895 0.001376 
223 0.586929 0.000000 0.001836 99.932361 -0.000018 0.888379 0.001273 
224 3.831707 0.000000 -0.575617 99.860388 -0.000011 -0.311845 0.002781 
225 3.831707 0.000000 -1.153071 99.851768 -0.000011 -0.324383 0.002952 
226 4.421666 0.000000 -0.575617 99.832701 -0.000010 -0.384322 0.003328 
227 3.536727 0.000000 0.290563 99.895254 -0.000011 -0.441604 0.002074 
228 3.536727 0.000000 0.001836 99.888021 -0.000009 -0.952904 0.002148 
229 3.831707 0.000000 0.290563 99.854613 -0.000009 -0.905457 0.002824 
230 3.536727 0.000000 0.579289 99.868643 -0.000012 -0.309750 0.002616 
231 116.513974 0.000000 -36.955173 99.998013 0.000003 -0.126946 0.000038 
232 116.513974 0.000000 -73.912181 99.997289 0.000002 -0.035127 0.000054 
233 154.271383 0.000000 -36.955173 99.999106 0.000003 -0.125969 0.000016 
234 116.513974 0.000000 0.001836 99.999999 0.000103 -1.848319 -0.000342 
235 59.877860 0.000000 -18.476668 99.992084 -0.000009 -0.390617 0.000143 
236 59.877860 0.000000 -36.955173 99.989191 0.000002 -0.129498 0.000214 
237 78.756565 0.000000 -18.476668 99.996422 -0.000008 -0.386724 0.000057 
238 59.877860 0.000000 0.001836 99.999992 0.000102 -1.858301 -0.000345 
239 31.559804 0.000000 -9.237416 99.967953 -0.000049 -0.874609 0.000564 
240 31.559804 0.000000 -18.476668 99.958245 -0.000012 -0.400854 0.000819 
241 40.999156 0.000000 -9.237416 99.985987 -0.000046 -0.853959 0.000207 
242 31.559804 0.000000 0.001836 99.999914 0.000098 -1.903567 -0.000361 
243 17.400775 0.000000 -4.617790 99.889170 -0.000053 -1.470713 0.001999 
244 17.400775 0.000000 -9.237416 99.846042 -0.000044 -0.925521 0.002991 
245 22.120451 0.000000 -4.617790 99.946127 -0.000080 -1.406937 0.000879 
246 17.400775 0.000000 0.001836 99.996701 0.000072 -2.058662 -0.000358 
247 10.321261 0.000000 -2.307977 99.698485 -0.000034 -2.189207 0.005542 
248 10.321261 0.000000 -4.617790 99.566640 -0.000027 -1.638667 0.008380 
249 12.681099 0.000000 -2.307977 99.835094 -0.000023 -2.015358 0.002889 
250 10.321261 0.000000 0.001836 99.984624 0.000090 -2.516885 -0.000326 
251 6.781504 0.000000 -1.153071 99.320475 0.000181 -3.280363 0.012468 
252 6.781504 0.000000 -2.307977 99.014822 0.000051 -2.634684 0.018912 
253 7.961423 0.000000 -1.153071 99.606469 0.000067 -2.875523 0.007028 
254 6.781504 0.000000 0.001836 99.966110 0.000638 -3.598153 -0.000617 
255 5.011626 0.000000 -0.575617 99.812034 -0.000007 -0.621257 0.003717 
256 5.011626 0.000000 -1.153071 99.802939 -0.000005 -0.918775 0.003853 
257 5.601585 0.000000 -0.575617 99.790239 0.000002 -2.526193 0.003553 
258 5.011626 0.000000 0.001836 99.812034 -0.000007 -0.621257 0.003717 
259 116.513974 0.000000 36.958845 100.001985 0.000015 -0.126769 -0.000041 
260 154.271383 0.000000 36.958845 100.000893 0.000015 -0.125791 -0.000019 
261 116.513974 0.000000 73.915853 100.002710 0.000004 -0.035114 -0.000054 
262 59.877860 0.000000 18.480340 100.007903 0.000038 -0.388481 -0.000173 
263 78.756565 0.000000 18.480340 100.003570 0.000038 -0.384585 -0.000086 
264 59.877860 0.000000 36.958845 100.010801 0.000014 -0.129328 -0.000218 
265 31.559804 0.000000 9.241088 100.031904 0.000008 -0.861102 -0.000712 
266 40.999156 0.000000 9.241088 100.013972 0.000009 -0.840428 -0.000350 
267 31.559804 0.000000 18.480340 100.041690 0.000036 -0.398763 -0.000850 
268 17.400775 0.000000 4.621462 100.106954 -0.000117 -1.432197 -0.002345 
269 22.120451 0.000000 4.621462 100.052555 -0.000112 -1.366872 -0.001238 
270 17.400775 0.000000 9.241088 100.152304 0.000004 -0.913236 -0.003132 
271 10.321261 0.000000 2.311649 100.279444 -0.000158 -2.142047 -0.006056 
272 12.681099 0.000000 2.311649 100.150203 -0.000220 -1.958770 -0.003390 
273 10.321261 0.000000 4.621462 100.421700 -0.000089 -1.612555 -0.008712 
274 6.781504 0.000000 1.156743 100.625496 0.000195 -3.269435 -0.013618 
275 7.961423 0.000000 1.156743 100.350295 0.000085 -2.848094 -0.007829 
276 6.781504 0.000000 2.311649 100.953178 0.000020 -2.621478 -0.019842 
277 6.191545 0.000000 -0.575617 99.667877 0.000014 -6.324524 0.002631 
278 6.191545 0.000000 -1.153071 99.397612 0.000025 -9.388350 0.003197 
279 6.781504 0.000000 -0.575617 99.610530 0.000187 -3.513024 0.006540 
280 6.191545 0.000000 0.001836 99.667877 0.000014 -6.324524 0.002631 
281 5.011626 0.000000 0.579289 99.812034 -0.000007 -0.621257 0.003717 
282 5.601585 0.000000 0.579289 99.790239 0.000002 -2.526193 0.003553 
283 5.011626 0.000000 1.156743 99.802939 -0.000005 -0.918775 0.003853 
284 5.306605 0.000000 -0.286891 99.802939 -0.000005 -0.918775 0.003853 
285 5.011626 0.000000 -0.286891 99.812034 -0.000007 -0.621257 0.003717 
286 5.306605 0.000000 -0.575617 99.797122 -0.000002 -1.511399 0.003825 
287 5.601585 0.000000 -0.286891 99.790239 0.000002 -2.526193 0.003553 
288 5.306605 0.000000 0.001836 99.802939 -0.000005 -0.918775 0.003853 
289 4.716646 0.000000 -0.286891 99.822388 -0.000008 -0.467280 0.003527 
290 4.421666 0.000000 -0.286891 99.832701 -0.000010 -0.384322 0.003328 
291 4.716646 0.000000 -0.575617 99.822388 -0.000008 -0.467280 0.003527 
292 4.716646 0.000000 0.001836 99.822388 -0.000008 -0.467280 0.003527 
293 6.191545 0.000000 0.579289 99.667877 0.000014 -6.324524 0.002631 
294 6.781504 0.000000 0.579289 100.325630 0.000326 -3.506480 -0.007753 
295 6.191545 0.000000 1.156743 99.397612 0.000025 -9.388350 0.003197 
296 5.306605 0.000000 0.290563 99.802939 -0.000005 -0.918775 0.003853 
297 5.011626 0.000000 0.290563 99.812034 -0.000007 -0.621257 0.003717 
298 5.601585 0.000000 0.290563 99.790239 0.000002 -2.526193 0.003553 
299 5.306605 0.000000 0.579289 99.797122 -0.000002 -1.511399 0.003825 
300 5.159115 0.000000 -0.142527 99.802939 -0.000005 -0.918775 0.003853 
301 5.011626 0.000000 -0.142527 99.812034 -0.000007 -0.621257 0.003717 
302 5.159115 0.000000 -0.286891 99.802939 -0.000005 -0.918775 0.003853 
303 5.306605 0.000000 -0.142527 99.802939 -0.000005 -0.918775 0.003853 
304 5.159115 0.000000 0.001836 99.802939 -0.000005 -0.918775 0.003853 
305 5.896565 0.000000 -0.286891 99.763326 0.000007 -4.068361 0.003073 
306 5.896565 0.000000 -0.575617 99.763326 0.000007 -4.068361 0.003073 
307 6.191545 0.000000 -0.286891 99.667877 0.000014 -6.324524 0.002631 
308 5.896565 0.000000 0.001836 99.763326 0.000007 -4.068361 0.003073 
309 5.454095 0.000000 -0.142527 99.797122 -0.000002 -1.511399 0.003825 
310 5.454095 0.000000 -0.286891 99.797122 -0.000002 -1.511399 0.003825 
311 5.601585 0.000000 -0.142527 99.790239 0.000002 -2.526193 0.003553 
312 5.454095 0.000000 0.001836 99.797122 -0.000002 -1.511399 0.003825 
313 4.716646 0.000000 0.290563 99.822388 -0.000008 -0.467280 0.003527 
314 4.421666 0.000000 0.290563 99.832701 -0.000010 -0.384322 0.003328 
315 4.716646 0.000000 0.579289 99.822388 -0.000008 -0.467280 0.003527 
316 5.159115 0.000000 0.146199 99.802939 -0.000005 -0.918775 0.003853 
317 5.011626 0.000000 0.146199 99.812034 -0.000007 -0.621257 0.003717 
318 5.306605 0.000000 0.146199 99.802939 -0.000005 -0.918775 0.003853 
319 5.159115 0.000000 0.290563 99.802939 -0.000005 -0.918775 0.003853 
320 5.232860 0.000000 -0.070346 99.802939 -0.000005 -0.918775 0.003853 
321 5.159115 0.000000 -0.070346 99.802939 -0.000005 -0.918775 0.003853 
322 5.232860 0.000000 -0.142527 99.802939 -0.000005 -0.918775 0.003853 
323 5.306605 0.000000 -0.070346 99.802939 -0.000005 -0.918775 0.003853 
324 5.232860 0.000000 0.001836 99.802939 -0.000005 -0.918775 0.003853 
325 5.896565 0.000000 0.290563 99.763326 0.000007 -4.068361 0.003073 
326 6.191545 0.000000 0.290563 99.667877 0.000014 -6.324524 0.002631 
327 5.896565 0.000000 0.579289 99.763326 0.000007 -4.068361 0.003073 
328 5.749075 0.000000 -0.142527 99.790239 0.000002 -2.526193 0.003553 
329 5.749075 0.000000 -0.286891 99.790239 0.000002 -2.526193 0.003553 
330 5.896565 0.000000 -0.142527 99.763326 0.000007 -4.068361 0.003073 
331 5.749075 0.000000 0.001836 99.790239 0.000002 -2.526193 0.003553 
332 4.126686 0.000000 -0.286891 99.851768 -0.000011 -0.324383 0.002952 
333 3.831707 0.000000 -0.286891 99.860388 -0.000011 -0.311845 0.002781 
334 4.126686 0.000000 -0.575617 99.851768 -0.000011 -0.324383 0.002952 
335 4.126686 0.000000 0.001836 99.691137 -0.000005 -1.685663 0.005884 
336 4.126686 0.000000 0.290563 99.851768 -0.000011 -0.324383 0.002952 
337 4.126686 0.000000 0.579289 99.851768 -0.000011 -0.324383 0.002952 
338 4.274176 0.000000 -0.142527 99.669278 -0.000004 -1.816699 0.006273 
339 4.126686 0.000000 -0.142527 99.691137 -0.000005 -1.685663 0.005884 
340 4.274176 0.000000 -0.286891 99.842525 -0.000010 -0.343578 0.003135 
341 4.421666 0.000000 -0.142527 99.842525 -0.000010 -0.343578 0.003135 
342 4.274176 0.000000 0.001836 99.669278 -0.000004 -1.816699 0.006273 
343 3.536727 0.000000 -0.286891 99.868643 -0.000012 -0.309750 0.002616 
344 3.241747 0.000000 -0.286891 99.884653 -0.000012 -0.204445 0.002301 
345 3.536727 0.000000 -0.575617 99.868643 -0.000012 -0.309750 0.002616 
346 3.979196 0.000000 -0.142527 99.697451 -0.000004 -2.181145 0.005566 
347 3.831707 0.000000 -0.142527 99.715209 -0.000005 -2.046495 0.005269 
348 3.979196 0.000000 -0.286891 99.851768 -0.000011 -0.324383 0.002952 
349 3.979196 0.000000 0.001836 99.697451 -0.000004 -2.181145 0.005566 
350 4.274176 0.000000 0.146199 99.669278 -0.000004 -1.816699 0.006273 
351 4.126686 0.000000 0.146199 99.691137 -0.000005 -1.685663 0.005884 
352 4.421666 0.000000 0.146199 99.842525 -0.000010 -0.343578 0.003135 
353 4.274176 0.000000 0.290563 99.842525 -0.000010 -0.343578 0.003135 
354 4.200431 0.000000 -0.070346 99.691137 -0.000005 -1.685663 0.005884 
355 4.126686 0.000000 -0.070346 99.691137 -0.000005 -1.685663 0.005884 
356 4.200431 0.000000 -0.142527 99.691137 -0.000005 -1.685663 0.005884 
357 4.274176 0.000000 -0.070346 99.669278 -0.000004 -1.816699 0.006273 
358 4.200431 0.000000 0.001836 99.691137 -0.000005 -1.685663 0.005884 
359 3.979196 0.000000 0.146199 99.697451 -0.000004 -2.181145 0.005566 
360 3.831707 0.000000 0.146199 99.715209 -0.000005 -2.046495 0.005269 
361 3.979196 0.000000 0.290563 99.851768 -0.000011 -0.324383 0.002952 
362 4.052941 0.000000 -0.070346 99.691137 -0.000005 -1.685663 0.005884 
363 3.979196 0.000000 -0.070346 99.697451 -0.000004 -2.181145 0.005566 
364 4.052941 0.000000 -0.142527 99.691137 -0.000005 -1.685663 0.005884 
365 4.052941 0.000000 0.001836 99.691137 -0.000005 -1.685663 0.005884 
366 4.200431 0.000000 0.074018 99.691137 -0.000005 -1.685663 0.005884 
367 4.126686 0.000000 0.074018 99.691137 -0.000005 -1.685663 0.005884 
368 4.274176 0.000000 0.074018 99.669278 -0.000004 -1.816699 0.006273 
369 4.200431 0.000000 0.146199 99.691137 -0.000005 -1.685663 0.005884 
370 4.163559 0.000000 -0.034255 99.691137 -0.000005 -1.685663 0.005884 
371 4.126686 0.000000 -0.034255 99.691137 -0.000005 -1.685663 0.005884 
372 4.163559 0.000000 -0.070346 99.691137 -0.000005 -1.685663 0.005884 
373 4.200431 0.000000 -0.034255 99.691137 -0.000005 -1.685663 0.005884 
374 4.163559 0.000000 0.001836 99.691137 -0.000005 -1.685663 0.005884 
375 40.999156 0.000000 -110.869190 99.993788 0.000001 -0.012140 0.000124 
376 3.241747 0.000000 -110.869190 99.992717 0.000000 -0.007565 0.000146 
377 40.999156 0.000000 -147.826199 99.996249 0.000000 -0.007405 0.000075 
378 78.756565 0.000000 -110.869190 99.995848 0.000001 -0.014710 0.000083 
379 22.120451 0.000000 -55.433677 99.975516 0.000001 -0.046454 0.000489 
380 3.241747 0.000000 -55.433677 99.971481 0.000001 -0.028805 0.000570 
381 22.120451 0.000000 -73.912181 99.985133 0.000001 -0.024594 0.000297 
382 40.999156 0.000000 -55.433677 99.983516 0.000002 -0.056496 0.000329 
383 12.681099 0.000000 -27.715921 99.902895 -0.000002 -0.162495 0.001939 
384 3.241747 0.000000 -27.715921 99.888396 -0.000000 -0.099208 0.002230 
385 12.681099 0.000000 -36.955173 99.942784 0.000001 -0.089718 0.001143 
386 22.120451 0.000000 -27.715921 99.936817 -0.000002 -0.196474 0.001259 
387 7.961423 0.000000 -13.857042 99.680760 -0.000015 -0.444690 0.006355 
388 3.241747 0.000000 -13.857042 99.638789 -0.000008 -0.269886 0.007204 
389 7.961423 0.000000 -18.476668 99.788144 -0.000008 -0.277824 0.004225 
390 12.681099 0.000000 -13.857042 99.770535 -0.000021 -0.548591 0.004554 
391 5.601585 0.000000 -6.927603 99.156188 -0.000021 -0.912270 0.016722 
392 3.241747 0.000000 -6.927603 99.055140 -0.000015 -0.557696 0.018777 
393 5.601585 0.000000 -9.237416 99.392637 -0.000018 -0.635536 0.012070 
394 7.961423 0.000000 -6.927603 99.364983 -0.000025 -1.121289 0.012534 
395 4.421666 0.000000 -3.462884 98.204690 -0.000008 -1.574759 0.035336 
396 3.241747 0.000000 -3.462884 98.013603 -0.000014 -0.999626 0.039233 
397 4.421666 0.000000 -4.617790 98.599437 -0.000018 -1.169245 0.027678 
398 5.601585 0.000000 -3.462884 98.589432 -0.000002 -1.925868 0.027641 
399 3.831707 0.000000 -1.730524 99.832701 -0.000010 -0.384322 0.003328 
400 3.241747 0.000000 -1.730524 99.860388 -0.000011 -0.311845 0.002781 
401 3.831707 0.000000 -2.307977 99.802939 -0.000005 -0.918775 0.003853 
402 4.421666 0.000000 -1.730524 99.812034 -0.000007 -0.621257 0.003717 
403 4.126686 0.000000 -0.864344 99.842525 -0.000010 -0.343578 0.003135 
404 3.831707 0.000000 -0.864344 99.860388 -0.000011 -0.311845 0.002781 
405 4.126686 0.000000 -1.153071 99.842525 -0.000010 -0.343578 0.003135 
406 4.421666 0.000000 -0.864344 99.832701 -0.000010 -0.384322 0.003328 
407 4.274176 0.000000 -0.431254 99.842525 -0.000010 -0.343578 0.003135 
408 4.126686 0.000000 -0.431254 99.851768 -0.000011 -0.324383 0.002952 
409 4.274176 0.000000 -0.575617 99.842525 -0.000010 -0.343578 0.003135 
410 4.421666 0.000000 -0.431254 99.832701 -0.000010 -0.384322 0.003328 
411 4.200431 0.000000 -0.214709 99.669278 -0.000004 -1.816699 0.006273 
412 4.126686 0.000000 -0.214709 99.691137 -0.000005 -1.685663 0.005884 
413 4.200431 0.000000 -0.286891 99.842525 -0.000010 -0.343578 0.003135 
414 4.274176 0.000000 -0.214709 99.842525 -0.000010 -0.343578 0.003135 
415 4.163559 0.000000 -0.106436 99.691137 -0.000005 -1.685663 0.005884 
416 4.126686 0.000000 -0.106436 99.691137 -0.000005 -1.685663 0.005884 
417 4.163559 0.000000 -0.142527 99.691137 -0.000005 -1.685663 0.005884 
418 4.200431 0.000000 -0.106436 99.691137 -0.000005 -1.685663 0.005884 
419 4.569156 0.000000 -0.142527 99.832701 -0.000010 -0.384322 0.003328 
420 4.569156 0.000000 -0.286891 99.832701 -0.000010 -0.384322 0.003328 
421 4.716646 0.000000 -0.142527 99.822388 -0.000008 -0.467280 0.003527 
422 4.569156 0.000000 0.001836 99.832701 -0.000010 -0.384322 0.003328 
423 4.347921 0.000000 -0.070346 99.842525 -0.000010 -0.343578 0.003135 
424 4.347921 0.000000 -0.142527 99.842525 -0.000010 -0.343578 0.003135 
425 4.421666 0.000000 -0.070346 99.842525 -0.000010 -0.343578 0.003135 
426 4.347921 0.000000 0.001836 99.842525 -0.000010 -0.343578 0.003135 
427 4.237304 0.000000 -0.034255 99.669278 -0.000004 -1.816699 0.006273 
428 4.237304 0.000000 -0.070346 99.669278 -0.000004 -1.816699 0.006273 
429 4.274176 0.000000 -0.034255 99.669278 -0.000004 -1.816699 0.006273 
430 4.237304 0.000000 0.001836 99.669278 -0.000004 -1.816699 0.006273 
431 4.181995 0.000000 -0.052300 99.691137 -0.000005 -1.685663 0.005884 
432 4.163559 0.000000 -0.052300 99.691137 -0.000005 -1.685663 0.005884 
433 4.181995 0.000000 -0.070346 99.691137 -0.000005 -1.685663 0.005884 
434 4.200431 0.000000 -0.052300 99.691137 -0.000005 -1.685663 0.005884 
435 4.181995 0.000000 -0.034255 99.691137 -0.000005 -1.685663 0.005884 
436 4.237304 0.000000 -0.106436 99.669278 -0.000004 -1.816699 0.006273 
437 4.237304 0.000000 -0.142527 99.669278 -0.000004 -1.816699 0.006273 
438 4.274176 0.000000 -0.106436 99.669278 -0.000004 -1.816699 0.006273 
439 4.218867 0.000000 -0.052300 99.669278 -0.000004 -1.816699 0.006273 
440 4.218867 0.000000 -0.070346 99.669278 -0.000004 -1.816699 0.006273 
441 4.237304 0.000000 -0.052300 99.669278 -0.000004 -1.816699 0.006273 
442 4.218867 0.000000 -0.034255 99.669278 -0.000004 -1.816699 0.006273 
443 4.052941 0.000000 0.074018 99.691137 -0.000005 -1.685663 0.005884 
444 3.979196 0.000000 0.074018 99.697451 -0.000004 -2.181145 0.005566 
445 4.052941 0.000000 0.146199 99.691137 -0.000005 -1.685663 0.005884 
446 4.163559 0.000000 0.037927 99.691137 -0.000005 -1.685663 0.005884 
447 4.126686 0.000000 0.037927 99.691137 -0.000005 -1.685663 0.005884 
448 4.200431 0.000000 0.037927 99.691137 -0.000005 -1.685663 0.005884 
449 4.163559 0.000000 0.074018 99.691137 -0.000005 -1.685663 0.005884 
450 4.181995 0.000000 -0.016209 99.691137 -0.000005 -1.685663 0.005884 
451 4.163559 0.000000 -0.016209 99.691137 -0.000005 -1.685663 0.005884 
452 4.200431 0.000000 -0.016209 99.691137 -0.000005 -1.685663 0.005884 
453 4.181995 0.000000 0.001836 99.691137 -0.000005 -1.685663 0.005884 
454 4.191213 0.000000 -0.043278 99.691137 -0.000005 -1.685663 0.005884 
455 4.181995 0.000000 -0.043278 99.691137 -0.000005 -1.685663 0.005884 
456 4.191213 0.000000 -0.052300 99.691137 -0.000005 -1.685663 0.005884 
457 4.200431 0.000000 -0.043278 99.691137 -0.000005 -1.685663 0.005884 
458 4.191213 0.000000 -0.034255 99.691137 -0.000005 -1.685663 0.005884 
459 4.569156 0.000000 0.146199 99.832701 -0.000010 -0.384322 0.003328 
460 4.716646 0.000000 0.146199 99.822388 -0.000008 -0.467280 0.003527 
461 4.569156 0.000000 0.290563 99.832701 -0.000010 -0.384322 0.003328 
462 4.347921 0.000000 0.074018 99.842525 -0.000010 -0.343578 0.003135 
463 4.421666 0.000000 0.074018 99.842525 -0.000010 -0.343578 0.003135 
464 4.347921 0.000000 0.146199 99.842525 -0.000010 -0.343578 0.003135 
465 4.311049 0.000000 -0.034255 99.669278 -0.000004 -1.816699 0.006273 
466 4.311049 0.000000 -0.070346 99.669278 -0.000004 -1.816699 0.006273 
467 4.347921 0.000000 -0.034255 99.842525 -0.000010 -0.343578 0.003135 
468 4.311049 0.000000 0.001836 99.669278 -0.000004 -1.816699 0.006273 
469 4.495411 0.000000 -0.070346 99.832701 -0.000010 -0.384322 0.003328 
470 4.495411 0.000000 -0.142527 99.832701 -0.000010 -0.384322 0.003328 
471 4.569156 0.000000 -0.070346 99.832701 -0.000010 -0.384322 0.003328 
472 4.495411 0.000000 0.001836 99.832701 -0.000010 -0.384322 0.003328 
473 4.864136 0.000000 -0.142527 99.822388 -0.000008 -0.467280 0.003527 
474 4.864136 0.000000 -0.286891 99.822388 -0.000008 -0.467280 0.003527 
475 4.864136 0.000000 0.001836 99.822388 -0.000008 -0.467280 0.003527 
476 4.642901 0.000000 -0.070346 99.832701 -0.000010 -0.384322 0.003328 
477 4.642901 0.000000 -0.142527 99.832701 -0.000010 -0.384322 0.003328 
478 4.716646 0.000000 -0.070346 99.822388 -0.000008 -0.467280 0.003527 
479 4.642901 0.000000 0.001836 99.832701 -0.000010 -0.384322 0.003328 
480 4.864136 0.000000 0.146199 99.822388 -0.000008 -0.467280 0.003527 
481 4.864136 0.000000 0.290563 99.822388 -0.000008 -0.467280 0.003527 
482 4.937881 0.000000 -0.070346 99.812034 -0.000007 -0.621257 0.003717 
483 4.864136 0.000000 -0.070346 99.822388 -0.000008 -0.467280 0.003527 
484 4.937881 0.000000 -0.142527 99.812034 -0.000007 -0.621257 0.003717 
485 5.011626 0.000000 -0.070346 99.812034 -0.000007 -0.621257 0.003717 
486 4.937881 0.000000 0.001836 99.812034 -0.000007 -0.621257 0.003717 
487 9.141342 0.000000 -1.153071 99.747569 -0.000044 -2.611066 0.004360 
488 9.141342 0.000000 -2.307977 99.572071 -0.000021 -2.314474 0.008005 
489 10.321261 0.000000 -1.153071 99.826884 -0.000104 -2.431232 0.002868 
490 9.141342 0.000000 0.001836 99.980621 0.000219 -2.722612 -0.000354 
491 7.371464 0.000000 -0.575617 99.713261 0.000112 -3.222020 0.004688 
492 7.371464 0.000000 -1.153071 99.490980 0.000131 -3.055810 0.009221 
493 7.961423 0.000000 -0.575617 99.780175 0.000021 -3.003189 0.003490 
494 7.371464 0.000000 0.001836 99.971304 0.000536 -3.278130 -0.000501 
495 6.486524 0.000000 -0.286891 99.397612 0.000025 -9.388350 0.003197 
496 6.486524 0.000000 -0.575617 98.771549 0.000040 -13.321717 0.006671 
497 6.781504 0.000000 -0.286891 99.783431 -0.000090 -3.577235 0.003047 
498 6.486524 0.000000 0.001836 99.397612 0.000025 -9.388350 0.003197 
499 6.044055 0.000000 -0.142527 99.667877 0.000014 -6.324524 0.002631 
500 6.044055 0.000000 -0.286891 99.667877 0.000014 -6.324524 0.002631 
501 6.191545 0.000000 -0.142527 99.667877 0.000014 -6.324524 0.002631 
502 6.044055 0.000000 0.001836 99.763326 0.000007 -4.068361 0.003073 
503 9.141342 0.000000 1.156743 100.217700 -0.000053 -2.574337 -0.005021 
504 10.321261 0.000000 1.156743 100.145154 -0.000157 -2.388352 -0.003476 
505 9.141342 0.000000 2.311649 100.401580 -0.000098 -2.274780 -0.008565 
506 7.371464 0.000000 0.579289 100.231861 0.000265 -3.209338 -0.005673 
507 7.961423 0.000000 0.579289 100.171847 0.000178 -2.986335 -0.004332 
508 7.371464 0.000000 1.156743 100.460678 0.000150 -3.035244 -0.010156 
509 6.486524 0.000000 0.290563 99.397612 0.000025 -9.388350 0.003197 
510 6.781504 0.000000 0.290563 100.149812 0.000417 -3.573797 -0.004276 
511 6.486524 0.000000 0.579289 98.771549 0.000040 -13.321717 0.006671 
512 6.044055 0.000000 0.146199 99.763326 0.000007 -4.068361 0.003073 
513 5.896565 0.000000 0.146199 99.763326 0.000007 -4.068361 0.003073 
514 6.191545 0.000000 0.146199 99.667877 0.000014 -6.324524 0.002631 
515 6.044055 0.000000 0.290563 99.667877 0.000014 -6.324524 0.002631 
516 5.970310 0.000000 -0.070346 99.763326 0.000007 -4.068361 0.003073 
517 5.896565 0.000000 -0.070346 99.763326 0.000007 -4.068361 0.003073 
518 5.970310 0.000000 -0.142527 99.763326 0.000007 -4.068361 0.003073 
519 6.044055 0.000000 -0.070346 99.763326 0.000007 -4.068361 0.003073 
520 5.970310 0.000000 0.001836 99.763326 0.000007 -4.068361 0.003073 
521 6.339034 0.000000 -0.142527 99.397612 0.000025 -9.388350 0.003197 
522 6.339034 0.000000 -0.286891 99.397612 0.000025 -9.388350 0.003197 
523 6.486524 0.000000 -0.142527 99.397612 0.000025 -9.388350 0.003197 
524 6.339034 0.000000 0.001836 99.397612 0.000025 -9.388350 0.003197 
525 7.076484 0.000000 -0.286891 99.814843 -0.000155 -3.408858 0.002538 
526 7.076484 0.000000 -0.575617 99.667784 0.000151 -3.356583 0.005507 
527 7.371464 0.000000 -0.286891 99.839678 -0.000223 -3.265575 0.002137 
528 7.076484 0.000000 0.001836 99.968935 0.000588 -3.424951 -0.000552 
529 6.634014 0.000000 -0.142527 98.771549 0.000040 -13.321717 0.006671 
530 6.634014 0.000000 -0.286891 98.771549 0.000040 -13.321717 0.006671 
531 6.781504 0.000000 -0.142527 99.874074 0.002739 -3.593324 0.001226 
532 6.634014 0.000000 0.001836 98.771549 0.000040 -13.321717 0.006671 
533 8.551383 0.000000 -0.575617 99.826316 -0.000065 -2.833707 0.002668 
534 8.551383 0.000000 -1.153071 99.687985 0.000008 -2.729901 0.005485 
535 9.141342 0.000000 -0.575617 99.859592 -0.000141 -2.699297 0.002078 
536 8.551383 0.000000 0.001836 99.978118 0.000314 -2.863563 -0.000382 
537 7.666443 0.000000 -0.286891 99.859699 -0.000299 -3.142290 0.001817 
538 7.666443 0.000000 -0.575617 99.750017 0.000068 -3.105269 0.004029 
539 7.961423 0.000000 -0.286891 99.876111 -0.000379 -3.035204 0.001555 
540 7.666443 0.000000 0.001836 99.973338 0.000480 -3.152173 -0.000460 
541 8.551383 0.000000 0.579289 100.131283 0.000090 -2.813774 -0.003419 
542 9.141342 0.000000 0.579289 100.102739 0.000006 -2.676950 -0.002772 
543 8.551383 0.000000 1.156743 100.273271 0.000016 -2.697285 -0.006200 
544 7.666443 0.000000 0.290563 100.087514 0.000294 -3.134387 -0.002733 
545 7.371464 0.000000 0.290563 100.103577 0.000340 -3.258864 -0.003135 
546 7.961423 0.000000 0.290563 100.074584 0.000245 -3.026297 -0.002408 
547 7.666443 0.000000 0.579289 100.198753 0.000223 -3.090326 -0.004934 
548 7.518954 0.000000 -0.142527 99.910955 0.001533 -3.210965 0.000749 
549 7.371464 0.000000 -0.142527 99.905117 0.001675 -3.275831 0.000824 
550 7.518954 0.000000 -0.286891 99.850205 -0.000261 -3.201695 0.001969 
551 7.666443 0.000000 -0.142527 99.916232 0.001413 -3.150699 0.000682 
552 7.518954 0.000000 0.001836 99.972357 0.000508 -3.212825 -0.000479 
553 8.256403 0.000000 -0.286891 99.889761 -0.000460 -2.941422 0.001338 
554 8.256403 0.000000 -0.575617 99.805247 -0.000025 -2.913319 0.003043 
555 8.551383 0.000000 -0.286891 99.901240 -0.000535 -2.858704 0.001157 
556 8.256403 0.000000 0.001836 99.976705 0.000365 -2.947600 -0.000403 
557 15.040937 0.000000 -2.307977 99.901799 -0.000017 -1.906431 0.001600 
558 15.040937 0.000000 -4.617790 99.834179 -0.000036 -1.513474 0.003085 
559 17.400775 0.000000 -2.307977 99.937528 -0.000030 -1.837012 0.000912 
560 15.040937 0.000000 0.001836 99.994033 0.000035 -2.139391 -0.000338 
561 11.501180 0.000000 -1.153071 99.875717 -0.000119 -2.303856 0.001953 
562 11.501180 0.000000 -2.307977 99.780085 -0.000031 -2.091475 0.003956 
563 12.681099 0.000000 -1.153071 99.907773 -0.000112 -2.210491 0.001355 
564 11.501180 0.000000 0.001836 99.987777 0.000031 -2.375689 -0.000320 
565 9.731302 0.000000 -0.575617 99.884435 -0.000198 -2.590629 0.001639 
566 9.731302 0.000000 -1.153071 99.792382 -0.000081 -2.513013 0.003517 
567 10.321261 0.000000 -0.575617 99.903487 -0.000238 -2.501352 0.001304 
568 9.731302 0.000000 0.001836 99.982769 0.000145 -2.609421 -0.000336 
569 8.846362 0.000000 -0.286891 99.911031 -0.000609 -2.785280 0.001003 
570 8.846362 0.000000 -0.575617 99.844233 -0.000106 -2.762790 0.002350 
571 9.141342 0.000000 -0.286891 99.919447 -0.000676 -2.719737 0.000871 
572 8.846362 0.000000 0.001836 99.979425 0.000263 -2.789055 -0.000366 
573 15.040937 0.000000 2.311649 100.088814 -0.000226 -1.844660 -0.002117 
574 17.400775 0.000000 2.311649 100.056962 -0.000211 -1.772596 -0.001454 
575 15.040937 0.000000 4.621462 100.159731 -0.000118 -1.477095 -0.003415 
576 11.501180 0.000000 1.156743 100.101865 -0.000216 -2.256587 -0.002548 
577 12.681099 0.000000 1.156743 100.074343 -0.000240 -2.160004 -0.001954 
578 11.501180 0.000000 2.311649 100.201793 -0.000198 -2.038889 -0.004456 
579 9.731302 0.000000 0.579289 100.081999 -0.000062 -2.566318 -0.002299 
580 10.321261 0.000000 0.579289 100.066514 -0.000114 -2.475414 -0.001943 
581 9.731302 0.000000 1.156743 100.176474 -0.000111 -2.472924 -0.004144 
582 9.436322 0.000000 -0.286891 99.926750 -0.000738 -2.660940 0.000756 
583 9.436322 0.000000 -0.575617 99.872872 -0.000172 -2.642197 0.001843 
584 9.731302 0.000000 -0.286891 99.933135 -0.000795 -2.607954 0.000657 
585 9.436322 0.000000 0.001836 99.981733 0.000179 -2.663055 -0.000344 
586 10.911221 0.000000 -0.575617 99.918470 -0.000261 -2.427033 0.001041 
587 10.911221 0.000000 -1.153071 99.854021 -0.000115 -2.362367 0.002359 
588 11.501180 0.000000 -0.575617 99.930466 -0.000274 -2.364453 0.000831 
589 10.911221 0.000000 0.001836 99.986289 0.000054 -2.440132 -0.000321 
590 10.026281 0.000000 -0.286891 99.938738 -0.000847 -2.560006 0.000570 
591 10.026281 0.000000 -0.575617 99.894554 -0.000220 -2.543879 0.001461 
592 10.321261 0.000000 -0.286891 99.943712 -0.000893 -2.516459 0.000492 
593 10.026281 0.000000 0.001836 99.983719 0.000115 -2.560916 -0.000330 
594 9.436322 0.000000 0.290563 100.036968 0.000023 -2.648628 -0.001441 
595 9.141342 0.000000 0.290563 100.042074 0.000061 -2.707962 -0.001575 
596 9.731302 0.000000 0.290563 100.032631 -0.000009 -2.595156 -0.001326 
597 9.436322 0.000000 0.579289 100.091580 -0.000030 -2.618820 -0.002518 
598 9.583812 0.000000 -0.142527 99.956074 0.000654 -2.636707 0.000183 
599 9.436322 0.000000 -0.142527 99.954156 0.000685 -2.664095 0.000207 
600 9.583812 0.000000 -0.286891 99.930047 -0.000768 -2.633772 0.000705 
601 9.731302 0.000000 -0.142527 99.957878 0.000625 -2.610686 0.000161 
602 9.583812 0.000000 0.001836 99.982260 0.000161 -2.635550 -0.000340 
603 10.911221 0.000000 0.579289 100.054748 -0.000151 -2.399714 -0.001671 
604 11.501180 0.000000 0.579289 100.045636 -0.000176 -2.335957 -0.001459 
605 10.911221 0.000000 1.156743 100.120928 -0.000191 -2.317122 -0.002957 
606 10.616241 0.000000 -0.286891 99.948150 -0.000936 -2.476778 0.000423 
607 10.616241 0.000000 -0.575617 99.911413 -0.000251 -2.462548 0.001165 
608 10.911221 0.000000 -0.286891 99.952120 -0.000977 -2.440506 0.000362 
609 10.616241 0.000000 0.001836 99.985483 0.000071 -2.476779 -0.000323 
610 13.861018 0.000000 -1.153071 99.929849 -0.000099 -2.140124 0.000945 
611 13.861018 0.000000 -2.307977 99.873547 -0.000018 -1.955588 0.002145 
612 15.040937 0.000000 -1.153071 99.945875 -0.000087 -2.084111 0.000648 
613 13.861018 0.000000 0.001836 99.992380 0.000019 -2.198750 -0.000331 
614 12.091140 0.000000 -0.575617 99.940224 -0.000279 -2.311236 0.000661 
615 12.091140 0.000000 -1.153071 99.893320 -0.000117 -2.253738 0.001625 
616 12.681099 0.000000 -0.575617 99.948259 -0.000278 -2.265588 0.000521 
617 12.091140 0.000000 0.001836 99.989113 0.000018 -2.321013 -0.000321 
618 13.861018 0.000000 1.156743 100.056014 -0.000243 -2.087252 -0.001556 
619 15.040937 0.000000 1.156743 100.042995 -0.000232 -2.029490 -0.001272 
620 13.861018 0.000000 2.311649 100.114671 -0.000228 -1.896026 -0.002654 
621 12.091140 0.000000 0.579289 100.038474 -0.000189 -2.281731 -0.001290 
622 12.681099 0.000000 0.579289 100.032763 -0.000196 -2.235217 -0.001155 
623 12.091140 0.000000 1.156743 100.086649 -0.000231 -2.204737 -0.002220 
624 11.796160 0.000000 -0.286891 99.961848 -0.001097 -2.348527 0.000211 
625 11.501180 0.000000 -0.286891 99.958920 -0.001059 -2.376690 0.000257 
626 11.796160 0.000000 -0.575617 99.935589 -0.000278 -2.336797 0.000742 
627 12.091140 0.000000 -0.286891 99.964509 -0.001133 -2.322517 0.000170 
628 11.796160 0.000000 0.001836 99.988464 0.000023 -2.347261 -0.000320 
629 13.271059 0.000000 -0.575617 99.954964 -0.000273 -2.226144 0.000405 
630 13.271059 0.000000 -1.153071 99.919781 -0.000106 -2.172937 0.001132 
631 13.861018 0.000000 -0.575617 99.960611 -0.000266 -2.191827 0.000307 
632 13.271059 0.000000 0.001836 99.991395 0.000014 -2.233828 -0.000327 
633 12.386120 0.000000 -0.286891 99.966937 -0.001168 -2.298445 0.000133 
634 12.386120 0.000000 -0.575617 99.944430 -0.000279 -2.287560 0.000588 
635 12.681099 0.000000 -0.286891 99.969156 -0.001202 -2.276119 0.000099 
636 12.386120 0.000000 0.001836 99.989728 0.000015 -2.296727 -0.000322 
637 13.271059 0.000000 0.579289 100.028174 -0.000195 -2.195028 -0.001045 
638 13.861018 0.000000 0.579289 100.024445 -0.000191 -2.160070 -0.000956 
639 13.271059 0.000000 1.156743 100.064298 -0.000243 -2.121166 -0.001736 
640 12.976079 0.000000 -0.286891 99.971199 -0.001235 -2.255379 0.000067 
641 12.976079 0.000000 -0.575617 99.951760 -0.000276 -2.245164 0.000460 
642 13.271059 0.000000 -0.286891 99.973076 -0.001267 -2.236075 0.000038 
643 12.976079 0.000000 0.001836 99.990867 0.000013 -2.253291 -0.000325 
644 26.840128 0.000000 -4.617790 99.970306 -0.000085 -1.371327 0.000406 
645 26.840128 0.000000 -9.237416 99.949168 -0.000051 -0.888463 0.000937 
646 31.559804 0.000000 -4.617790 99.982072 -0.000083 -1.349785 0.000176 
647 26.840128 0.000000 0.001836 99.999765 0.000097 -1.928412 -0.000367 
648 19.760613 0.000000 -2.307977 99.958244 -0.000048 -1.791992 0.000514 
649 19.760613 0.000000 -4.617790 99.924284 -0.000070 -1.433599 0.001308 
650 22.120451 0.000000 -2.307977 99.970937 -0.000061 -1.758724 0.000272 
651 19.760613 0.000000 0.001836 99.998404 0.000099 -2.008411 -0.000371 
652 16.220856 0.000000 -1.153071 99.957468 -0.000077 -2.041316 0.000434 
653 16.220856 0.000000 -2.307977 99.922179 -0.000022 -1.868148 0.001207 
654 17.400775 0.000000 -1.153071 99.966183 -0.000073 -2.007094 0.000273 
655 16.220856 0.000000 0.001836 99.995493 0.000054 -2.094369 -0.000348 
656 14.450978 0.000000 -0.575617 99.965410 -0.000258 -2.161790 0.000224 
657 14.450978 0.000000 -1.153071 99.938364 -0.000093 -2.111297 0.000787 
658 15.040937 0.000000 -0.575617 99.969619 -0.000250 -2.133612 0.000152 
659 14.450978 0.000000 0.001836 99.993274 0.000026 -2.168088 -0.000336 
660 13.566039 0.000000 -0.286891 99.974810 -0.001298 -2.218079 0.000012 
661 13.566039 0.000000 -0.575617 99.957906 -0.000270 -2.208402 0.000354 
662 13.861018 0.000000 -0.286891 99.976411 -0.001329 -2.201275 -0.000013 
663 13.566039 0.000000 0.001836 99.991900 0.000016 -2.215687 -0.000329 
664 26.840128 0.000000 4.621462 100.029282 -0.000111 -1.330967 -0.000763 
665 31.559804 0.000000 4.621462 100.017760 -0.000111 -1.309383 -0.000527 
666 26.840128 0.000000 9.241088 100.050517 0.000008 -0.875018 -0.001087 
667 19.760613 0.000000 2.311649 100.038818 -0.000196 -1.726542 -0.001075 
668 22.120451 0.000000 2.311649 100.027491 -0.000192 -1.692937 -0.000836 
669 19.760613 0.000000 4.621462 100.073429 -0.000114 -1.394009 -0.001663 
670 16.220856 0.000000 1.156743 100.034060 -0.000215 -1.985454 -0.001076 
671 17.400775 0.000000 1.156743 100.027555 -0.000197 -1.950423 -0.000932 
672 16.220856 0.000000 2.311649 100.070538 -0.000220 -1.804800 -0.001737 
673 15.630897 0.000000 -0.575617 99.973177 -0.000241 -2.110179 0.000091 
674 15.630897 0.000000 -1.153071 99.952099 -0.000081 -2.061479 0.000533 
675 16.220856 0.000000 -0.575617 99.976258 -0.000234 -2.089360 0.000038 
676 15.630897 0.000000 0.001836 99.994799 0.000045 -2.115534 -0.000344 
677 14.450978 0.000000 0.579289 100.021392 -0.000184 -2.129484 -0.000881 
678 15.040937 0.000000 0.579289 100.018665 -0.000175 -2.100839 -0.000815 
679 14.450978 0.000000 1.156743 100.049127 -0.000239 -2.057480 -0.001406 
680 14.745958 0.000000 -0.286891 99.980635 -0.001419 -2.152328 -0.000076 
681 14.450978 0.000000 -0.286891 99.979272 -0.001389 -2.170845 -0.000057 
682 14.745958 0.000000 -0.575617 99.967763 -0.000254 -2.143449 0.000185 
683 15.040937 0.000000 -0.286891 99.981768 -0.001447 -2.142341 -0.000094 
684 14.745958 0.000000 0.001836 99.993632 0.000030 -2.149468 -0.000335 
685 15.630897 0.000000 0.579289 100.016599 -0.000165 -2.077012 -0.000763 
686 16.220856 0.000000 0.579289 100.014874 -0.000154 -2.055871 -0.000720 
687 15.630897 0.000000 1.156743 100.038163 -0.000224 -2.006177 -0.001166 
688 15.335917 0.000000 -0.286891 99.982901 -0.001474 -2.130135 -0.000112 
689 15.335917 0.000000 -0.575617 99.971471 -0.000245 -2.121544 0.000120 
690 15.630897 0.000000 -0.286891 99.983941 -0.001501 -2.118644 -0.000128 
691 15.335917 0.000000 0.001836 99.994434 0.000040 -2.127100 -0.000341 
692 18.580694 0.000000 -1.153071 99.972341 -0.000072 -1.986953 0.000158 
693 18.580694 0.000000 -2.307977 99.949158 -0.000040 -1.813555 0.000688 
694 19.760613 0.000000 -1.153071 99.977884 -0.000073 -1.958405 0.000059 
695 18.580694 0.000000 0.001836 99.997686 0.000088 -2.037617 -0.000369 
696 16.810816 0.000000 -0.575617 99.978946 -0.000228 -2.070790 -0.000008 
697 16.810816 0.000000 -1.153071 99.962128 -0.000075 -2.023282 0.000348 
698 17.400775 0.000000 -0.575617 99.981295 -0.000222 -2.054162 -0.000048 
699 16.810816 0.000000 0.001836 99.996128 0.000063 -2.075518 -0.000353 
700 18.580694 0.000000 1.156743 100.023186 -0.000181 -1.929826 -0.000836 
701 19.760613 0.000000 1.156743 100.018985 -0.000170 -1.901069 -0.000741 
702 18.580694 0.000000 2.311649 100.046810 -0.000203 -1.748467 -0.001242 
703 16.810816 0.000000 0.579289 100.013425 -0.000143 -2.037041 -0.000683 
704 17.400775 0.000000 0.579289 100.012195 -0.000133 -2.020208 -0.000652 
705 16.810816 0.000000 1.156743 100.030559 -0.000206 -1.966968 -0.000998 
706 16.515836 0.000000 -0.286891 99.986698 -0.001579 -2.087972 -0.000170 
707 16.220856 0.000000 -0.286891 99.985837 -0.001553 -2.097610 -0.000157 
708 16.515836 0.000000 -0.575617 99.977648 -0.000231 -2.079815 0.000014 
709 16.810816 0.000000 -0.286891 99.987506 -0.001605 -2.078865 -0.000182 
710 16.515836 0.000000 0.001836 99.995818 0.000059 -2.084675 -0.000351 
711 17.990735 0.000000 -0.575617 99.983226 -0.000216 -2.043351 -0.000082 
712 17.990735 0.000000 -1.153071 99.969471 -0.000072 -1.996553 0.000212 
713 18.580694 0.000000 -0.575617 99.984919 -0.000212 -2.033414 -0.000112 
714 17.990735 0.000000 0.001836 99.997225 0.000081 -2.047682 -0.000364 
715 17.105796 0.000000 -0.286891 99.988260 -0.001630 -2.070250 -0.000194 
716 17.105796 0.000000 -0.575617 99.980157 -0.000224 -2.062251 -0.000028 
717 17.400775 0.000000 -0.286891 99.988974 -0.001653 -2.062095 -0.000205 
718 17.105796 0.000000 0.001836 99.996419 0.000068 -2.066857 -0.000356 
719 24.480290 0.000000 -2.307977 99.979050 -0.000066 -1.734750 0.000118 
720 24.480290 0.000000 -4.617790 99.960529 -0.000085 -1.386789 0.000597 
721 26.840128 0.000000 -2.307977 99.984421 -0.000068 -1.716969 0.000017 
722 24.480290 0.000000 0.001836 99.999571 0.000098 -1.947053 -0.000371 
723 20.940532 0.000000 -1.153071 99.981782 -0.000076 -1.939238 -0.000012 
724 20.940532 0.000000 -2.307977 99.965336 -0.000056 -1.773944 0.000378 
725 22.120451 0.000000 -1.153071 99.984815 -0.000080 -1.923197 -0.000066 
726 20.940532 0.000000 0.001836 99.998859 0.000102 -1.988832 -0.000373 
727 19.170654 0.000000 -0.575617 99.986728 -0.000208 -2.015593 -0.000141 
728 19.170654 0.000000 -1.153071 99.975513 -0.000072 -1.969404 0.000102 
729 19.760613 0.000000 -0.575617 99.988084 -0.000206 -2.004399 -0.000163 
730 19.170654 0.000000 0.001836 99.998090 0.000095 -2.019682 -0.000370 
731 17.990735 0.000000 0.579289 100.011285 -0.000123 -2.009249 -0.000629 
732 18.580694 0.000000 0.579289 100.010492 -0.000114 -1.999211 -0.000610 
733 17.990735 0.000000 1.156743 100.025213 -0.000188 -1.939611 -0.000881 
734 18.285715 0.000000 -0.286891 99.990799 -0.001716 -2.044191 -0.000234 
735 17.990735 0.000000 -0.286891 99.990206 -0.001697 -2.051178 -0.000225 
736 18.285715 0.000000 -0.575617 99.984168 -0.000214 -2.036411 -0.000098 
737 18.580694 0.000000 -0.286891 99.991288 -0.001729 -2.041159 -0.000242 
738 18.285715 0.000000 0.001836 99.997463 0.000084 -2.040669 -0.000366 
739 50.438508 0.000000 -9.237416 99.992511 -0.000045 -0.845561 0.000078 
740 50.438508 0.000000 -18.476668 99.987214 -0.000009 -0.393683 0.000240 
741 59.877860 0.000000 -9.237416 99.995566 -0.000045 -0.840578 0.000018 
742 50.438508 0.000000 0.001836 99.999987 0.000101 -1.864114 -0.000347 
743 36.279480 0.000000 -4.617790 99.989027 -0.000082 -1.331446 0.000042 
744 36.279480 0.000000 -9.237416 99.979828 -0.000047 -0.860370 0.000329 
745 40.999156 0.000000 -4.617790 99.992516 -0.000081 -1.323242 -0.000025 
746 36.279480 0.000000 0.001836 99.999962 0.000099 -1.883600 -0.000354 
747 29.199966 0.000000 -2.307977 99.988110 -0.000067 -1.703466 -0.000052 
748 29.199966 0.000000 -4.617790 99.977150 -0.000084 -1.359291 0.000272 
749 31.559804 0.000000 -2.307977 99.990733 -0.000066 -1.692997 -0.000101 
750 29.199966 0.000000 0.001836 99.999858 0.000097 -1.914379 -0.000364 
751 50.438508 0.000000 9.241088 100.007466 0.000010 -0.832025 -0.000219 
752 59.877860 0.000000 9.241088 100.004419 0.000011 -0.827039 -0.000157 
753 50.438508 0.000000 18.480340 100.012767 0.000037 -0.391551 -0.000271 
754 36.279480 0.000000 4.621462 100.010900 -0.000110 -1.291035 -0.000385 
755 40.999156 0.000000 4.621462 100.007440 -0.000109 -1.282828 -0.000313 
756 36.279480 0.000000 9.241088 100.020107 0.000009 -0.846847 -0.000474 
757 33.919642 0.000000 -2.307977 99.992638 -0.000065 -1.684731 -0.000137 
758 33.919642 0.000000 -4.617790 99.985583 -0.000083 -1.342982 0.000108 
759 36.279480 0.000000 -2.307977 99.994376 -0.000065 -1.673451 -0.000168 
760 33.919642 0.000000 0.001836 99.999940 0.000098 -1.895073 -0.000358 
761 45.718832 0.000000 -4.617790 99.994679 -0.000080 -1.317458 -0.000067 
762 45.718832 0.000000 -9.237416 99.989908 -0.000046 -0.849181 0.000130 
763 50.438508 0.000000 -4.617790 99.996088 -0.000080 -1.313240 -0.000094 
764 45.718832 0.000000 0.001836 99.999983 0.000100 -1.868550 -0.000349 
765 38.639318 0.000000 -2.307977 99.995396 -0.000064 -1.668678 -0.000186 
766 38.639318 0.000000 -4.617790 99.990990 -0.000081 -1.326968 0.000004 
767 40.999156 0.000000 -2.307977 99.996185 -0.000064 -1.664737 -0.000201 
768 38.639318 0.000000 0.001836 99.999972 0.000099 -1.878724 -0.000352 
769 45.718832 0.000000 4.621462 100.005288 -0.000109 -1.277042 -0.000269 
770 50.438508 0.000000 4.621462 100.003887 -0.000108 -1.272823 -0.000240 
771 45.718832 0.000000 9.241088 100.010061 0.000010 -0.835648 -0.000271 
772 43.358994 0.000000 -2.307977 99.996804 -0.000063 -1.661447 -0.000212 
773 43.358994 0.000000 -4.617790 99.993719 -0.000080 -1.320111 -0.000049 
774 45.718832 0.000000 -2.307977 99.997296 -0.000063 -1.658674 -0.000221 
775 43.358994 0.000000 0.001836 99.999981 0.000100 -1.871364 -0.000350 
776 97.635269 0.000000 -18.476668 99.998109 -0.000008 -0.384589 0.000023 
777 97.635269 0.000000 -36.955173 99.996774 0.000003 -0.127719 0.000063 
778 116.513974 0.000000 -18.476668 99.998887 -0.000008 -0.383332 0.000008 
779 97.635269 0.000000 0.001836 99.999998 0.000102 -1.849787 -0.000342 
780 69.317213 0.000000 -9.237416 99.997169 -0.000044 -0.837422 -0.000014 
781 69.317213 0.000000 -18.476668 99.994802 -0.000008 -0.388368 0.000089 
782 78.756565 0.000000 -9.237416 99.998088 -0.000044 -0.835310 -0.000032 
783 69.317213 0.000000 0.001836 99.999993 0.000102 -1.854780 -0.000344 
784 55.158184 0.000000 -4.617790 99.997043 -0.000079 -1.310077 -0.000112 
785 55.158184 0.000000 -9.237416 99.994299 -0.000045 -0.842769 0.000043 
786 59.877860 0.000000 -4.617790 99.997712 -0.000079 -1.307646 -0.000125 
787 55.158184 0.000000 0.001836 99.999990 0.000101 -1.860817 -0.000346 
788 48.078670 0.000000 -2.307977 99.997693 -0.000063 -1.656316 -0.000228 
789 48.078670 0.000000 -4.617790 99.995455 -0.000080 -1.315191 -0.000082 
790 50.438508 0.000000 -2.307977 99.998017 -0.000063 -1.654294 -0.000234 
791 48.078670 0.000000 0.001836 99.999985 0.000101 -1.866160 -0.000348 
792 97.635269 0.000000 18.480340 100.001887 0.000039 -0.382448 -0.000052 
793 116.513974 0.000000 18.480340 100.001111 0.000039 -0.381190 -0.000037 
794 97.635269 0.000000 36.958845 100.003223 0.000015 -0.127543 -0.000066 
795 69.317213 0.000000 9.241088 100.002818 0.000011 -0.823882 -0.000124 
796 78.756565 0.000000 9.241088 100.001903 0.000011 -0.821769 -0.000106 
797 69.317213 0.000000 18.480340 100.005187 0.000038 -0.386230 -0.000119 
798 55.158184 0.000000 4.621462 100.002937 -0.000108 -1.269658 -0.000220 
799 59.877860 0.000000 4.621462 100.002272 -0.000108 -1.267227 -0.000206 
800 55.158184 0.000000 9.241088 100.005682 0.000011 -0.829231 -0.000182 
801 52.798346 0.000000 -2.307977 99.998283 -0.000062 -1.652548 -0.000239 
802 52.798346 0.000000 -4.617790 99.996610 -0.000079 -1.311550 -0.000104 
803 55.158184 0.000000 -2.307977 99.998503 -0.000062 -1.651031 -0.000243 
804 52.798346 0.000000 0.001836 99.999989 0.000101 -1.862350 -0.000347 
805 64.597536 0.000000 -4.617790 99.998195 -0.000079 -1.305740 -0.000134 
806 64.597536 0.000000 -9.237416 99.996486 -0.000044 -0.838832 -0.000000 
807 69.317213 0.000000 -4.617790 99.998550 -0.000079 -1.304219 -0.000141 
808 64.597536 0.000000 0.001836 99.999993 0.000102 -1.856339 -0.000344 
809 64.597536 0.000000 4.621462 100.001792 -0.000108 -1.265320 -0.000196 
810 69.317213 0.000000 4.621462 100.001437 -0.000107 -1.263800 -0.000188 
811 64.597536 0.000000 9.241088 100.003501 0.000011 -0.825292 -0.000138 
812 62.237698 0.000000 -2.307977 99.998975 -0.000062 -1.647505 -0.000251 
813 59.877860 0.000000 -2.307977 99.998843 -0.000062 -1.648537 -0.000249 
814 62.237698 0.000000 -4.617790 99.997972 -0.000079 -1.306637 -0.000130 
815 64.597536 0.000000 -2.307977 99.999088 -0.000062 -1.646588 -0.000253 
816 62.237698 0.000000 0.001836 99.999993 0.000102 -1.857262 -0.000345 
817 88.195917 0.000000 -9.237416 99.998650 -0.000044 -0.833833 -0.000043 
818 88.195917 0.000000 -18.476668 99.997440 -0.000008 -0.385507 0.000036 
819 97.635269 0.000000 -9.237416 99.999012 -0.000044 -0.832762 -0.000050 
820 88.195917 0.000000 0.001836 99.999997 0.000102 -1.850913 -0.000343 
821 74.036889 0.000000 -4.617790 99.998819 -0.000078 -1.302986 -0.000146 
822 74.036889 0.000000 -9.237416 99.997688 -0.000044 -0.836266 -0.000024 
823 78.756565 0.000000 -4.617790 99.999025 -0.000078 -1.301973 -0.000150 
824 74.036889 0.000000 0.001836 99.999994 0.000102 -1.853520 -0.000343 
825 66.957375 0.000000 -2.307977 99.999184 -0.000062 -1.645771 -0.000255 
826 66.957375 0.000000 -4.617790 99.998384 -0.000079 -1.304938 -0.000138 
827 69.317213 0.000000 -2.307977 99.999267 -0.000062 -1.645039 -0.000256 
828 66.957375 0.000000 0.001836 99.999992 0.000102 -1.855517 -0.000344 
829 88.195917 0.000000 9.241088 100.001344 0.000012 -0.820291 -0.000094 
830 97.635269 0.000000 9.241088 100.000983 0.000012 -0.819220 -0.000087 
831 88.195917 0.000000 18.480340 100.002555 0.000039 -0.383367 -0.000066 
832 74.036889 0.000000 4.621462 100.001170 -0.000107 -1.262566 -0.000183 
833 78.756565 0.000000 4.621462 100.000965 -0.000107 -1.261553 -0.000178 
834 74.036889 0.000000 9.241088 100.002302 0.000011 -0.822726 -0.000114 
835 71.677051 0.000000 -2.307977 99.999340 -0.000062 -1.644380 -0.000257 
836 71.677051 0.000000 -4.617790 99.998693 -0.000079 -1.303571 -0.000144 
837 74.036889 0.000000 -2.307977 99.999404 -0.000061 -1.643786 -0.000258 
838 71.677051 0.000000 0.001836 99.999994 0.000102 -1.854117 -0.000344 
839 83.476241 0.000000 -4.617790 99.999187 -0.000078 -1.301131 -0.000153 
840 83.476241 0.000000 -9.237416 99.998401 -0.000044 -0.834509 -0.000038 
841 88.195917 0.000000 -4.617790 99.999314 -0.000078 -1.300424 -0.000155 
842 83.476241 0.000000 0.001836 99.999996 0.000102 -1.851631 -0.000343 
843 76.396727 0.000000 -2.307977 99.999459 -0.000061 -1.643247 -0.000259 
844 76.396727 0.000000 -4.617790 99.998929 -0.000078 -1.302455 -0.000148 
845 78.756565 0.000000 -2.307977 99.999508 -0.000061 -1.642758 -0.000260 
846 76.396727 0.000000 0.001836 99.999995 0.000102 -1.852979 -0.000343 
847 83.476241 0.000000 4.621462 100.000806 -0.000107 -1.260711 -0.000175 
848 88.195917 0.000000 4.621462 100.000679 -0.000107 -1.260004 -0.000172 
849 83.476241 0.000000 9.241088 100.001591 0.000012 -0.820968 -0.000099 
850 81.116403 0.000000 -2.307977 99.999552 -0.000061 -1.642313 -0.000261 
851 81.116403 0.000000 -4.617790 99.999111 -0.000078 -1.301533 -0.000152 
852 83.476241 0.000000 -2.307977 99.999590 -0.000061 -1.641906 -0.000261 
853 81.116403 0.000000 0.001836 99.999996 0.000102 -1.852040 -0.000343 
854 135.392678 0.000000 -18.476668 99.999292 -0.000008 -0.382538 -0.000000 
855 135.392678 0.000000 -36.955173 99.998699 0.000003 -0.126381 0.000024 
856 154.271383 0.000000 -18.476668 99.999523 -0.000007 -0.382009 -0.000005 
857 135.392678 0.000000 0.001836 99.999999 0.000103 -1.847434 -0.000341 
858 107.074622 0.000000 -9.237416 99.999256 -0.000044 -0.831962 -0.000054 
859 107.074622 0.000000 -18.476668 99.998565 -0.000008 -0.383884 0.000014 
860 116.513974 0.000000 -9.237416 99.999426 -0.000043 -0.831349 -0.000058 
861 107.074622 0.000000 0.001836 99.999998 0.000103 -1.848953 -0.000342 
862 92.915593 0.000000 -4.617790 99.999417 -0.000078 -1.299824 -0.000157 
863 92.915593 0.000000 -9.237416 99.998850 -0.000044 -0.833257 -0.000046 
864 97.635269 0.000000 -4.617790 99.999499 -0.000078 -1.299312 -0.000159 
865 92.915593 0.000000 0.001836 99.999997 0.000102 -1.850306 -0.000342 
866 85.836079 0.000000 -2.307977 99.999624 -0.000061 -1.641533 -0.000262 
867 85.836079 0.000000 -4.617790 99.999254 -0.000078 -1.300763 -0.000154 
868 88.195917 0.000000 -2.307977 99.999654 -0.000061 -1.641191 -0.000262 
869 85.836079 0.000000 0.001836 99.999996 0.000102 -1.851257 -0.000343 
870 135.392678 0.000000 18.480340 100.000706 0.000039 -0.380396 -0.000029 
871 154.271383 0.000000 18.480340 100.000476 0.000039 -0.379866 -0.000024 
872 135.392678 0.000000 36.958845 100.001299 0.000015 -0.126204 -0.000028 
873 107.074622 0.000000 9.241088 100.000740 0.000012 -0.818420 -0.000082 
874 116.513974 0.000000 9.241088 100.000571 0.000012 -0.817807 -0.000078 
875 107.074622 0.000000 18.480340 100.001431 0.000039 -0.381742 -0.000043 
876 92.915593 0.000000 4.621462 100.000578 -0.000107 -1.259404 -0.000170 
877 97.635269 0.000000 4.621462 100.000496 -0.000107 -1.258891 -0.000168 
878 92.915593 0.000000 9.241088 100.001145 0.000012 -0.819715 -0.000090 
879 90.555755 0.000000 -2.307977 99.999682 -0.000061 -1.640876 -0.000263 
880 90.555755 0.000000 -4.617790 99.999368 -0.000078 -1.300112 -0.000156 
881 92.915593 0.000000 -2.307977 99.999706 -0.000061 -1.640585 -0.000263 
882 90.555755 0.000000 0.001836 99.999997 0.000102 -1.850597 -0.000342 
883 102.354945 0.000000 -4.617790 99.999567 -0.000078 -1.298870 -0.000160 
884 102.354945 0.000000 -9.237416 99.999145 -0.000044 -0.832334 -0.000052 
885 107.074622 0.000000 -4.617790 99.999624 -0.000078 -1.298486 -0.000161 
886 102.354945 0.000000 0.001836 99.999998 0.000103 -1.849340 -0.000342 
887 95.275431 0.000000 -2.307977 99.999728 -0.000061 -1.640316 -0.000264 
888 95.275431 0.000000 -4.617790 99.999460 -0.000078 -1.299558 -0.000158 
889 97.635269 0.000000 -2.307977 99.999748 -0.000061 -1.640068 -0.000264 
890 95.275431 0.000000 0.001836 99.999997 0.000102 -1.850036 -0.000342 
891 102.354945 0.000000 4.621462 100.000428 -0.000107 -1.258449 -0.000167 
892 107.074622 0.000000 4.621462 100.000373 -0.000107 -1.258066 -0.000166 
893 102.354945 0.000000 9.241088 100.000850 0.000012 -0.818792 -0.000084 
894 99.995107 0.000000 -2.307977 99.999766 -0.000061 -1.639837 -0.000264 
895 99.995107 0.000000 -4.617790 99.999535 -0.000078 -1.299083 -0.000159 
896 102.354945 0.000000 -2.307977 99.999782 -0.000061 -1.639622 -0.000264 
897 99.995107 0.000000 0.001836 99.999998 0.000102 -1.849555 -0.000342 
898 125.953326 0.000000 -9.237416 99.999548 -0.000043 -0.830870 -0.000060 
899 125.953326 0.000000 -18.476668 99.999119 -0.000008 -0.382893 0.000003 
900 135.392678 0.000000 -9.237416 99.999638 -0.000043 -0.830488 -0.000062 
901 125.953326 0.000000 0.001836 99.999999 0.000103 -1.847825 -0.000341 
902 111.794298 0.000000 -4.617790 99.999671 -0.000078 -1.298152 -0.000162 
903 111.794298 0.000000 -9.237416 99.999348 -0.000044 -0.831636 -0.000056 
904 116.513974 0.000000 -4.617790 99.999710 -0.000078 -1.297858 -0.000163 
905 111.794298 0.000000 0.001836 99.999998 0.000103 -1.848615 -0.000342 
906 104.714783 0.000000 -2.307977 99.999797 -0.000061 -1.639422 -0.000265 
907 104.714783 0.000000 -4.617790 99.999597 -0.000078 -1.298672 -0.000161 
908 107.074622 0.000000 -2.307977 99.999811 -0.000061 -1.639236 -0.000265 
909 104.714783 0.000000 0.001836 99.999998 0.000103 -1.849140 -0.000342 
910 125.953326 0.000000 9.241088 100.000450 0.000012 -0.817328 -0.000076 
911 135.392678 0.000000 9.241088 100.000361 0.000012 -0.816946 -0.000074 
912 125.953326 0.000000 18.480340 100.000878 0.000039 -0.380750 -0.000032 
913 111.794298 0.000000 4.621462 100.000326 -0.000107 -1.257731 -0.000165 
914 116.513974 0.000000 4.621462 100.000287 -0.000107 -1.257437 -0.000164 
915 111.794298 0.000000 9.241088 100.000649 0.000012 -0.818094 -0.000080 
916 109.434460 0.000000 -2.307977 99.999823 -0.000061 -1.639062 -0.000265 
917 109.434460 0.000000 -4.617790 99.999648 -0.000078 -1.298314 -0.000162 
918 111.794298 0.000000 -2.307977 99.999834 -0.000061 -1.638899 -0.000265 
919 109.434460 0.000000 0.001836 99.999998 0.000103 -1.848779 -0.000342 
920 121.233650 0.000000 -4.617790 99.999743 -0.000078 -1.297598 -0.000163 
921 121.233650 0.000000 -9.237416 99.999492 -0.000043 -0.831095 -0.000059 
922 125.953326 0.000000 -4.617790 99.999772 -0.000078 -1.297368 -0.000164 
923 121.233650 0.000000 0.001836 99.999999 0.000103 -1.848057 -0.000342 
924 114.154136 0.000000 -2.307977 99.999845 -0.000061 -1.638746 -0.000265 
925 114.154136 0.000000 -4.617790 99.999691 -0.000078 -1.298000 -0.000162 
926 116.513974 0.000000 -2.307977 99.999854 -0.000061 -1.638603 -0.000266 
927 114.154136 0.000000 0.001836 99.999998 0.000103 -1.848462 -0.000342 
928 144.832030 0.000000 -9.237416 99.999705 -0.000043 -0.830179 -0.000063 
929 144.832030 0.000000 -18.476668 99.999422 -0.000008 -0.382249 -0.000003 
930 154.271383 0.000000 -9.237416 99.999757 -0.000043 -0.829925 -0.000064 
931 144.832030 0.000000 0.001836 99.999999 0.000103 -1.847118 -0.000341 
932 130.673002 0.000000 -4.617790 99.999796 -0.000078 -1.297162 -0.000164 
933 130.673002 0.000000 -9.237416 99.999596 -0.000043 -0.830668 -0.000061 
934 135.392678 0.000000 -4.617790 99.999817 -0.000078 -1.296978 -0.000165 
935 130.673002 0.000000 0.001836 99.999999 0.000103 -1.847619 -0.000341 
936 121.233650 0.000000 4.621462 100.000254 -0.000107 -1.257177 -0.000163 
937 125.953326 0.000000 4.621462 100.000226 -0.000107 -1.256947 -0.000163 
938 121.233650 0.000000 9.241088 100.000506 0.000012 -0.817553 -0.000077 
939 123.593488 0.000000 -2.307977 99.999878 -0.000061 -1.638223 -0.000266 
940 121.233650 0.000000 -2.307977 99.999871 -0.000061 -1.638342 -0.000266 
941 123.593488 0.000000 -4.617790 99.999758 -0.000078 -1.297479 -0.000164 
942 125.953326 0.000000 -2.307977 99.999885 -0.000061 -1.638110 -0.000266 
943 123.593488 0.000000 0.001836 99.999999 0.000103 -1.847938 -0.000341 
944 144.832030 0.000000 9.241088 100.000293 0.000012 -0.816636 -0.000073 
945 154.271383 0.000000 9.241088 100.000242 0.000012 -0.816383 -0.000071 
946 144.832030 0.000000 18.480340 100.000576 0.000039 -0.380106 -0.000026 
947 130.673002 0.000000 4.621462 100.000202 -0.000107 -1.256742 -0.000162 
948 135.392678 0.000000 4.621462 100.000181 -0.000107 -1.256558 -0.000162 
949 130.673002 0.000000 9.241088 100.000402 0.000012 -0.817126 -0.000075 
950 128.313164 0.000000 -2.307977 99.999892 -0.000061 -1.638004 -0.000266 
951 128.313164 0.000000 -4.617790 99.999785 -0.000078 -1.297262 -0.000164 
952 130.673002 0.000000 -2.307977 99.999897 -0.000061 -1.637904 -0.000266 
953 128.313164 0.000000 0.001836 99.999999 0.000103 -1.847719 -0.000341 
954 140.112354 0.000000 -4.617790 99.999836 -0.000078 -1.296813 -0.000165 
955 140.112354 0.000000 -9.237416 99.999674 -0.000043 -0.830325 -0.000062 
956 144.832030 0.000000 -4.617790 99.999852 -0.000078 -1.296664 -0.000165 
957 140.112354 0.000000 0.001836 99.999999 0.000103 -1.847267 -0.000341 
958 133.032840 0.000000 -2.307977 99.999903 -0.000061 -1.637809 -0.000266 
959 133.032840 0.000000 -4.617790 99.999807 -0.000078 -1.297068 -0.000164 
960 135.392678 0.000000 -2.307977 99.999908 -0.000061 -1.637719 -0.000266 
961 133.032840 0.000000 0.001836 99.999999 0.000103 -1.847524 -0.000341 
962 140.112354 0.000000 4.621462 100.000163 -0.000107 -1.256393 -0.000161 
963 144.832030 0.000000 4.621462 100.000147 -0.000107 -1.256244 -0.000161 
964 140.112354 0.000000 9.241088 100.000325 0.000012 -0.816783 -0.000073 
965 137.752516 0.000000 -2.307977 99.999913 -0.000061 -1.637634 -0.000266 
966 137.752516 0.000000 -4.617790 99.999827 -0.000078 -1.296894 -0.000165 
967 140.112354 0.000000 -2.307977 99.999917 -0.000061 -1.637554 -0.000267 
968 137.752516 0.000000 0.001836 99.999999 0.000103 -1.847348 -0.000341 
969 149.551707 0.000000 -4.617790 99.999865 -0.000078 -1.296529 -0.000165 
970 149.551707 0.000000 -9.237416 99.999733 -0.000043 -0.830046 -0.000064 
971 154.271383 0.000000 -4.617790 99.999878 -0.000078 -1.296407 -0.000166 
972 149.551707 0.000000 0.001836 99.999999 0.000103 -1.846982 -0.000341 
973 142.472192 0.000000 -2.307977 99.999921 -0.000061 -1.637477 -0.000267 
974 142.472192 0.000000 -4.617790 99.999844 -0.000078 -1.296737 -0.000165 
975 144.832030 0.000000 -2.307977 99.999925 -0.000061 -1.637404 -0.000267 
976 142.472192 0.000000 0.001836 99.999999 0.000103 -1.847191 -0.000341 
977 149.551707 0.000000 4.621462 100.000133 -0.000107 -1.256109 -0.000160 
978 154.271383 0.000000 4.621462 100.000121 -0.000107 -1.255986 -0.000160 
979 149.551707 0.000000 9.241088 100.000266 0.000012 -0.816503 -0.000072 
980 147.191868 0.000000 -2.307977 99.999929 -0.000061 -1.637335 -0.000267 
981 147.191868 0.000000 -4.617790 99.999859 -0.000078 -1.296595 -0.000165 
982 149.551707 0.000000 -2.307977 99.999932 -0.000061 -1.637269 -0.000267 
983 147.191868 0.000000 0.001836 99.999999 0.000103 -1.847048 -0.000341 
984 151.911545 0.000000 -2.307977 99.999935 -0.000061 -1.637206 -0.000267 
985 151.911545 0.000000 -4.617790 99.999872 -0.000078 -1.296467 -0.000166 
986 154.271383 0.000000 -2.307977 99.999938 -0.000061 -1.637146 -0.000267 
987 151.911545 0.000000 0.001836 99.999999 0.000103 -1.846919 -0.000341 
988 116.513974 0.000000 -110.869190 99.997478 0.000001 -0.015639 0.000050 
989 116.513974 0.000000 -147.826199 99.997929 0.000000 -0.009931 0.000041 
990 154.271383 0.000000 -110.869190 99.998471 0.000001 -0.018671 0.000031 
991 -34.515662 0.000000 -110.869190 99.993846 0.000000 -0.003033 0.000123 
992 -72.273071 0.000000 -110.869190 99.995907 0.000000 -0.000529 0.000082 
993 -34.515662 0.000000 -147.826199 99.996270 0.000000 -0.002926 0.000075 
994 59.877860 0.000000 -55.433677 99.989937 0.000002 -0.060173 0.000201 
995 59.877860 0.000000 -73.912181 99.991734 0.000001 -0.033298 0.000165 
996 78.756565 0.000000 -55.433677 99.993886 0.000002 -0.061051 0.000122 
997 -15.636957 0.000000 -55.433677 99.975940 0.000001 -0.011466 0.000481 
998 -34.515662 0.000000 -55.433677 99.983957 0.000001 -0.001900 0.000321 
999 -15.636957 0.000000 -73.912181 99.985291 0.000001 -0.008799 0.000294 
1000 31.559804 0.000000 -27.715921 99.960779 -0.000001 -0.210029 0.000780 
1001 31.559804 0.000000 -36.955173 99.967563 0.000001 -0.122429 0.000647 
1002 40.999156 0.000000 -27.715921 99.975905 -0.000001 -0.213308 0.000477 
1003 -6.197605 0.000000 -27.715921 99.901715 0.000001 -0.036041 0.001965 
1004 -15.636957 0.000000 -27.715921 99.938582 0.000001 -0.004862 0.001228 
1005 -6.197605 0.000000 -36.955173 99.943829 0.000001 -0.031775 0.001123 
1006 17.400775 0.000000 -13.857042 99.851446 -0.000027 -0.587072 0.002934 
1007 17.400775 0.000000 -18.476668 99.874157 -0.000013 -0.383387 0.002501 
1008 22.120451 0.000000 -13.857042 99.905736 -0.000028 -0.594433 0.001849 
1009 -1.477929 0.000000 -13.857042 99.689658 -0.000004 -0.098480 0.006196 
1010 -6.197605 0.000000 -13.857042 99.782302 -0.000001 0.000936 0.004349 
1011 -1.477929 0.000000 -18.476668 99.793255 -0.000002 -0.093752 0.004130 
1012 10.321261 0.000000 -6.927603 99.561088 -0.000029 -1.196745 0.008616 
1013 10.321261 0.000000 -9.237416 99.610832 -0.000027 -0.880320 0.007691 
1014 12.681099 0.000000 -6.927603 99.704787 -0.000034 -1.203610 0.005751 
1015 0.881909 0.000000 -6.927603 99.152198 -0.000010 -0.190394 0.016881 
1016 -1.477929 0.000000 -6.927603 99.365187 -0.000006 0.047237 0.012656 
1017 0.881909 0.000000 -9.237416 99.395471 -0.000009 -0.208755 0.012050 
1018 6.781504 0.000000 -3.462884 98.973542 -0.000006 -2.043300 0.020006 
1019 6.781504 0.000000 -4.617790 99.045513 -0.000023 -1.597784 0.018743 
1020 7.961423 0.000000 -3.462884 99.267293 -0.000017 -2.032314 0.014187 
1021 2.061828 0.000000 -3.462884 98.112675 -0.000015 -0.394858 0.037375 
1022 0.881909 0.000000 -3.462884 98.411410 -0.000013 0.076678 0.031519 
1023 2.061828 0.000000 -4.617790 98.558249 -0.000014 -0.401989 0.028611 
1024 5.011626 0.000000 -1.730524 99.790239 0.000002 -2.526193 0.003553 
1025 5.011626 0.000000 -2.307977 99.397612 0.000025 -9.388350 0.003197 
1026 5.601585 0.000000 -1.730524 99.397612 0.000025 -9.388350 0.003197 
1027 2.651788 0.000000 -1.730524 99.884653 -0.000012 -0.204445 0.002301 
1028 2.061828 0.000000 -1.730524 99.958860 -0.000015 0.670040 0.000778 
1029 2.651788 0.000000 -2.307977 99.944529 -0.000018 1.338428 0.000930 
1030 2.946767 0.000000 -0.286891 99.884653 -0.000012 -0.204445 0.002301 
1031 2.946767 0.000000 -0.575617 99.884653 -0.000012 -0.204445 0.002301 
1032 1.176889 0.000000 0.290563 99.954231 -0.000017 1.107541 0.000793 
1033 0.881909 0.000000 0.290563 99.934678 -0.000018 1.207881 0.001160 
1034 1.176889 0.000000 0.579289 99.954231 -0.000017 1.107541 0.000793 
1035 0.586929 0.000000 0.290563 99.925096 -0.000018 1.083527 0.001380 
1036 0.291949 0.000000 0.290563 99.937172 -0.000018 0.579727 0.001223 
1037 0.586929 0.000000 0.579289 99.927569 -0.000018 0.850895 0.001376 
1038 3.536727 0.000000 -0.864344 99.868643 -0.000012 -0.309750 0.002616 
1039 3.241747 0.000000 -0.864344 99.876890 -0.000012 -0.274435 0.002453 
1040 3.536727 0.000000 -1.153071 99.860388 -0.000011 -0.311845 0.002781 
1041 97.635269 0.000000 -55.433677 99.996162 0.000002 -0.061009 0.000076 
1042 97.635269 0.000000 -73.912181 99.996110 0.000002 -0.035059 0.000078 
1043 116.513974 0.000000 -55.433677 99.997489 0.000002 -0.060730 0.000050 
1044 135.392678 0.000000 -55.433677 99.998289 0.000002 -0.060430 0.000034 
1045 135.392678 0.000000 -73.912181 99.998067 0.000002 -0.035050 0.000039 
1046 154.271383 0.000000 -55.433677 99.998791 0.000003 -0.060166 0.000024 
1047 50.438508 0.000000 -27.715921 99.984773 -0.000000 -0.213108 0.000300 
1048 50.438508 0.000000 -36.955173 99.984545 0.000002 -0.129231 0.000307 
1049 59.877860 0.000000 -27.715921 99.989991 0.000000 -0.211996 0.000196 
1050 69.317213 0.000000 -27.715921 99.993161 0.000001 -0.210802 0.000132 
1051 69.317213 0.000000 -36.955173 99.992277 0.000002 -0.129191 0.000153 
1052 78.756565 0.000000 -27.715921 99.995160 0.000001 -0.209752 0.000092 
1053 26.840128 0.000000 -13.857042 99.939083 -0.000026 -0.591098 0.001183 
1054 26.840128 0.000000 -18.476668 99.937735 -0.000013 -0.404630 0.001229 
1055 31.559804 0.000000 -13.857042 99.959066 -0.000025 -0.585866 0.000784 
1056 36.279480 0.000000 -13.857042 99.973401 -0.000023 -0.575898 0.000499 
1057 36.279480 0.000000 -18.476668 99.969879 -0.000011 -0.399541 0.000586 
1058 40.999156 0.000000 -13.857042 99.981019 -0.000022 -0.571767 0.000347 
1059 15.040937 0.000000 -6.927603 99.798822 -0.000043 -1.186782 0.003879 
1060 15.040937 0.000000 -9.237416 99.787476 -0.000039 -0.931753 0.004159 
1061 17.400775 0.000000 -6.927603 99.859684 -0.000053 -1.166648 0.002668 
1062 19.760613 0.000000 -6.927603 99.900001 -0.000062 -1.145268 0.001868 
1063 19.760613 0.000000 -9.237416 99.885995 -0.000049 -0.916679 0.002195 
1064 22.120451 0.000000 -6.927603 99.926991 -0.000067 -1.127039 0.001333 
1065 9.141342 0.000000 -3.462884 99.471983 -0.000025 -1.974272 0.010143 
1066 9.141342 0.000000 -4.617790 99.435345 -0.000028 -1.660319 0.010986 
1067 10.321261 0.000000 -3.462884 99.612113 -0.000025 -1.906941 0.007379 
1068 11.501180 0.000000 -3.462884 99.709085 -0.000022 -1.844111 0.005470 
1069 11.501180 0.000000 -4.617790 99.664430 -0.000026 -1.607395 0.006442 
1070 12.681099 0.000000 -3.462884 99.777538 -0.000018 -1.789634 0.004124 
1071 6.191545 0.000000 -1.730524 98.839441 0.000122 -3.119132 0.022104 
1072 6.191545 0.000000 -2.307977 98.753406 0.000057 -2.693381 0.024051 
1073 6.781504 0.000000 -1.730524 99.123855 0.000111 -2.966859 0.016566 
1074 7.371464 0.000000 -1.730524 99.323777 0.000081 -2.819163 0.012684 
1075 7.371464 0.000000 -2.307977 99.214378 0.000040 -2.554307 0.014998 
1076 7.961423 0.000000 -1.730524 99.466945 0.000046 -2.687323 0.009911 
1077 4.716646 0.000000 -0.864344 99.822388 -0.000008 -0.467280 0.003527 
1078 4.716646 0.000000 -1.153071 99.812034 -0.000007 -0.621257 0.003717 
1079 5.011626 0.000000 -0.864344 99.802939 -0.000005 -0.918775 0.003853 
1080 5.306605 0.000000 -0.864344 99.797122 -0.000002 -1.511399 0.003825 
1081 5.306605 0.000000 -1.153071 99.797122 -0.000002 -1.511399 0.003825 
1082 5.601585 0.000000 -0.864344 99.790239 0.000002 -2.526193 0.003553 
1083 5.896565 0.000000 -0.864344 99.667877 0.000014 -6.324524 0.002631 
1084 5.896565 0.000000 -1.153071 99.667877 0.000014 -6.324524 0.002631 
1085 6.191545 0.000000 -0.864344 99.397612 0.000025 -9.388350 0.003197 
1086 6.486524 0.000000 -0.864344 98.771549 0.000040 -13.321717 0.006671 
1087 6.486524 0.000000 -1.153071 98.771549 0.000040 -13.321717 0.006671 
1088 6.781504 0.000000 -0.864344 99.454616 0.000201 -3.411300 0.009714 
1089 4.569156 0.000000 -0.431254 99.832701 -0.000010 -0.384322 0.003328 
1090 4.569156 0.000000 -0.575617 99.832701 -0.000010 -0.384322 0.003328 
1091 4.716646 0.000000 -0.431254 99.822388 -0.000008 -0.467280 0.003527 
1092 4.864136 0.000000 -0.431254 99.812034 -0.000007 -0.621257 0.003717 
1093 4.864136 0.000000 -0.575617 99.812034 -0.000007 -0.621257 0.003717 
1094 5.011626 0.000000 -0.431254 99.812034 -0.000007 -0.621257 0.003717 
1095 5.454095 0.000000 0.146199 99.797122 -0.000002 -1.511399 0.003825 
1096 5.601585 0.000000 0.146199 99.790239 0.000002 -2.526193 0.003553 
1097 5.454095 0.000000 0.290563 99.797122 -0.000002 -1.511399 0.003825 
1098 5.085371 0.000000 -0.070346 99.812034 -0.000007 -0.621257 0.003717 
1099 5.085371 0.000000 -0.142527 99.812034 -0.000007 -0.621257 0.003717 
1100 5.085371 0.000000 0.001836 99.812034 -0.000007 -0.621257 0.003717 
1101 5.749075 0.000000 0.146199 99.790239 0.000002 -2.526193 0.003553 
1102 5.749075 0.000000 0.290563 99.790239 0.000002 -2.526193 0.003553 
1103 3.979196 0.000000 -0.431254 99.851768 -0.000011 -0.324383 0.002952 
1104 3.831707 0.000000 -0.431254 99.860388 -0.000011 -0.311845 0.002781 
1105 3.979196 0.000000 -0.575617 99.851768 -0.000011 -0.324383 0.002952 
1106 4.347921 0.000000 -0.214709 99.842525 -0.000010 -0.343578 0.003135 
1107 4.347921 0.000000 -0.286891 99.842525 -0.000010 -0.343578 0.003135 
1108 4.421666 0.000000 -0.214709 99.842525 -0.000010 -0.343578 0.003135 
1109 4.052941 0.000000 -0.214709 99.691137 -0.000005 -1.685663 0.005884 
1110 3.979196 0.000000 -0.214709 99.691137 -0.000005 -1.685663 0.005884 
1111 4.052941 0.000000 -0.286891 99.691137 -0.000005 -1.685663 0.005884 
1112 4.237304 0.000000 0.037927 99.669278 -0.000004 -1.816699 0.006273 
1113 4.274176 0.000000 0.037927 99.669278 -0.000004 -1.816699 0.006273 
1114 4.237304 0.000000 0.074018 99.669278 -0.000004 -1.816699 0.006273 
1115 4.495411 0.000000 -0.214709 99.832701 -0.000010 -0.384322 0.003328 
1116 4.495411 0.000000 -0.286891 99.832701 -0.000010 -0.384322 0.003328 
1117 4.569156 0.000000 -0.214709 99.832701 -0.000010 -0.384322 0.003328 
1118 4.642901 0.000000 -0.214709 99.832701 -0.000010 -0.384322 0.003328 
1119 4.642901 0.000000 -0.286891 99.832701 -0.000010 -0.384322 0.003328 
1120 4.716646 0.000000 -0.214709 99.822388 -0.000008 -0.467280 0.003527 
1121 4.311049 0.000000 -0.106436 99.669278 -0.000004 -1.816699 0.006273 
1122 4.311049 0.000000 -0.142527 99.842525 -0.000010 -0.343578 0.003135 
1123 4.347921 0.000000 -0.106436 99.842525 -0.000010 -0.343578 0.003135 
1124 4.218867 0.000000 -0.016209 99.669278 -0.000004 -1.816699 0.006273 
1125 4.237304 0.000000 -0.016209 99.669278 -0.000004 -1.816699 0.006273 
1126 4.218867 0.000000 0.001836 99.669278 -0.000004 -1.816699 0.006273 
1127 4.495411 0.000000 0.074018 99.832701 -0.000010 -0.384322 0.003328 
1128 4.569156 0.000000 0.074018 99.832701 -0.000010 -0.384322 0.003328 
1129 4.495411 0.000000 0.146199 99.832701 -0.000010 -0.384322 0.003328 
1130 4.642901 0.000000 0.074018 99.832701 -0.000010 -0.384322 0.003328 
1131 4.716646 0.000000 0.074018 99.822388 -0.000008 -0.467280 0.003527 
1132 4.642901 0.000000 0.146199 99.832701 -0.000010 -0.384322 0.003328 
1133 4.311049 0.000000 0.037927 99.669278 -0.000004 -1.816699 0.006273 
1134 4.347921 0.000000 0.037927 99.842525 -0.000010 -0.343578 0.003135 
1135 4.311049 0.000000 0.074018 99.669278 -0.000004 -1.816699 0.006273 
1136 4.790391 0.000000 -0.070346 99.822388 -0.000008 -0.467280 0.003527 
1137 4.790391 0.000000 -0.142527 99.822388 -0.000008 -0.467280 0.003527 
1138 4.790391 0.000000 0.001836 99.822388 -0.000008 -0.467280 0.003527 
1139 4.790391 0.000000 0.074018 99.822388 -0.000008 -0.467280 0.003527 
1140 4.864136 0.000000 0.074018 99.822388 -0.000008 -0.467280 0.003527 
1141 4.790391 0.000000 0.146199 99.822388 -0.000008 -0.467280 0.003527 
1142 4.937881 0.000000 0.074018 99.812034 -0.000007 -0.621257 0.003717 
1143 5.011626 0.000000 0.074018 99.812034 -0.000007 -0.621257 0.003717 
1144 4.937881 0.000000 0.146199 99.812034 -0.000007 -0.621257 0.003717 
1145 8.551383 0.000000 -1.730524 99.571890 0.000007 -2.573298 0.007882 
1146 8.551383 0.000000 -2.307977 99.482200 -0.000005 -2.388606 0.009759 
1147 9.141342 0.000000 -1.730524 99.650588 -0.000024 -2.475768 0.006363 
1148 9.731302 0.000000 -1.730524 99.710837 -0.000044 -2.392515 0.005202 
1149 9.731302 0.000000 -2.307977 99.642518 -0.000030 -2.248061 0.006631 
1150 10.321261 0.000000 -1.730524 99.757856 -0.000055 -2.321314 0.004298 
1151 7.076484 0.000000 -0.864344 99.533060 0.000175 -3.272233 0.008246 
1152 7.076484 0.000000 -1.153071 99.414463 0.000159 -3.161925 0.010677 
1153 7.371464 0.000000 -0.864344 99.596028 0.000142 -3.150522 0.007071 
1154 7.666443 0.000000 -0.864344 99.647323 0.000104 -3.043490 0.006115 
1155 7.666443 0.000000 -1.153071 99.554001 0.000100 -2.960763 0.008023 
1156 7.961423 0.000000 -0.864344 99.689659 0.000064 -2.948900 0.005328 
1157 7.076484 0.000000 0.290563 100.123827 0.000380 -3.403599 -0.003637 
1158 7.076484 0.000000 0.579289 100.273184 0.000300 -3.346639 -0.006591 
1159 6.339034 0.000000 0.146199 99.397612 0.000025 -9.388350 0.003197 
1160 6.486524 0.000000 0.146199 99.397612 0.000025 -9.388350 0.003197 
1161 6.339034 0.000000 0.290563 99.397612 0.000025 -9.388350 0.003197 
1162 6.634014 0.000000 0.146199 98.771549 0.000040 -13.321717 0.006671 
1163 6.781504 0.000000 0.146199 100.058404 0.000484 -3.591589 -0.002458 
1164 6.634014 0.000000 0.290563 98.771549 0.000040 -13.321717 0.006671 
1165 8.256403 0.000000 -0.864344 99.724991 0.000030 -2.864898 0.004672 
1166 8.256403 0.000000 -1.153071 99.650563 0.000039 -2.798916 0.006193 
1167 8.551383 0.000000 -0.864344 99.754816 -0.000008 -2.789959 0.004119 
1168 8.846362 0.000000 -0.864344 99.780215 -0.000043 -2.722809 0.003650 
1169 8.846362 0.000000 -1.153071 99.719990 -0.000020 -2.667549 0.004881 
1170 9.141342 0.000000 -0.864344 99.802021 -0.000072 -2.662390 0.003247 
1171 8.256403 0.000000 0.290563 100.064044 0.000195 -2.931655 -0.002141 
1172 8.551383 0.000000 0.290563 100.055345 0.000149 -2.848188 -0.001918 
1173 8.256403 0.000000 0.579289 100.149710 0.000132 -2.894820 -0.003834 
1174 8.846362 0.000000 0.290563 100.048128 0.000103 -2.774098 -0.001732 
1175 8.846362 0.000000 0.579289 100.115828 0.000046 -2.741582 -0.003070 
1176 13.861018 0.000000 -3.462884 99.826908 -0.000019 -1.743716 0.003155 
1177 13.861018 0.000000 -4.617790 99.792955 -0.000029 -1.541809 0.003899 
1178 15.040937 0.000000 -3.462884 99.864067 -0.000024 -1.703766 0.002427 
1179 16.220856 0.000000 -3.462884 99.891225 -0.000033 -1.671687 0.001895 
1180 16.220856 0.000000 -4.617790 99.865747 -0.000044 -1.488547 0.002462 
1181 17.400775 0.000000 -3.462884 99.911904 -0.000044 -1.644880 0.001491 
1182 10.911221 0.000000 -1.730524 99.795158 -0.000059 -2.260185 0.003582 
1183 10.911221 0.000000 -2.307977 99.743488 -0.000034 -2.137266 0.004667 
1184 11.501180 0.000000 -1.730524 99.825178 -0.000058 -2.207446 0.003006 
1185 12.091140 0.000000 -1.730524 99.849642 -0.000054 -2.161715 0.002538 
1186 12.091140 0.000000 -2.307977 99.810155 -0.000027 -2.051074 0.003373 
1187 12.681099 0.000000 -1.730524 99.869801 -0.000049 -2.121857 0.002152 
1188 9.436322 0.000000 -0.864344 99.820889 -0.000097 -2.607827 0.002899 
1189 9.436322 0.000000 -1.153071 99.771495 -0.000064 -2.559754 0.003910 
1190 9.731302 0.000000 -0.864344 99.837324 -0.000118 -2.558374 0.002596 
1191 10.026281 0.000000 -0.864344 99.851714 -0.000136 -2.513401 0.002332 
1192 10.026281 0.000000 -1.153071 99.810704 -0.000094 -2.470320 0.003172 
1193 10.321261 0.000000 -0.864344 99.864407 -0.000149 -2.472381 0.002099 
1194 10.026281 0.000000 0.290563 100.028910 -0.000038 -2.546767 -0.001227 
1195 10.321261 0.000000 0.290563 100.025728 -0.000062 -2.502815 -0.001141 
1196 10.026281 0.000000 0.579289 100.073706 -0.000091 -2.518720 -0.002109 
1197 10.616241 0.000000 -0.864344 99.875659 -0.000159 -2.434863 0.001892 
1198 10.616241 0.000000 -1.153071 99.841236 -0.000111 -2.395362 0.002599 
1199 10.911221 0.000000 -0.864344 99.885672 -0.000166 -2.400454 0.001709 
1200 11.206200 0.000000 -0.286891 99.955694 -0.001020 -2.407253 0.000306 
1201 11.206200 0.000000 -0.575617 99.924788 -0.000272 -2.394440 0.000930 
1202 11.206200 0.000000 0.001836 99.987054 0.000041 -2.406548 -0.000320 
1203 10.616241 0.000000 0.290563 100.022992 -0.000081 -2.462760 -0.001066 
1204 10.911221 0.000000 0.290563 100.020621 -0.000097 -2.426142 -0.001001 
1205 10.616241 0.000000 0.579289 100.060246 -0.000134 -2.435891 -0.001799 
1206 11.206200 0.000000 0.290563 100.018566 -0.000110 -2.392571 -0.000944 
1207 11.501180 0.000000 0.290563 100.016774 -0.000120 -2.361714 -0.000893 
1208 11.206200 0.000000 0.579289 100.049910 -0.000164 -2.366511 -0.001558 
1209 13.271059 0.000000 -1.730524 99.886582 -0.000043 -2.086956 0.001832 
1210 13.271059 0.000000 -2.307977 99.855959 -0.000020 -1.983712 0.002485 
1211 13.861018 0.000000 -1.730524 99.900670 -0.000039 -2.056246 0.001563 
1212 14.450978 0.000000 -1.730524 99.912595 -0.000035 -2.029102 0.001336 
1213 14.450978 0.000000 -2.307977 99.889535 -0.000017 -1.925955 0.001837 
1214 15.040937 0.000000 -1.730524 99.923175 -0.000032 -2.003303 0.001135 
1215 11.796160 0.000000 0.290563 100.015209 -0.000127 -2.333278 -0.000849 
1216 12.091140 0.000000 0.290563 100.013839 -0.000133 -2.307016 -0.000809 
1217 11.796160 0.000000 0.579289 100.041845 -0.000183 -2.307777 -0.001370 
1218 12.386120 0.000000 0.290563 100.012631 -0.000136 -2.282711 -0.000774 
1219 12.681099 0.000000 0.290563 100.011564 -0.000137 -2.260167 -0.000742 
1220 12.386120 0.000000 0.579289 100.035462 -0.000193 -2.257606 -0.001219 
1221 12.976079 0.000000 0.290563 100.010630 -0.000137 -2.239226 -0.000714 
1222 13.271059 0.000000 0.290563 100.009803 -0.000136 -2.219736 -0.000689 
1223 12.976079 0.000000 0.579289 100.030347 -0.000196 -2.214407 -0.001097 
1224 13.566039 0.000000 0.290563 100.009072 -0.000134 -2.201567 -0.000666 
1225 13.861018 0.000000 0.290563 100.008424 -0.000130 -2.184602 -0.000646 
1226 13.566039 0.000000 0.579289 100.026216 -0.000194 -2.176953 -0.000998 
1227 24.480290 0.000000 -6.927603 99.945464 -0.000069 -1.112057 0.000967 
1228 24.480290 0.000000 -9.237416 99.934535 -0.000052 -0.897065 0.001228 
1229 26.840128 0.000000 -6.927603 99.958371 -0.000069 -1.099858 0.000711 
1230 29.199966 0.000000 -6.927603 99.967619 -0.000068 -1.089952 0.000529 
1231 29.199966 0.000000 -9.237416 99.959929 -0.000050 -0.880999 0.000724 
1232 31.559804 0.000000 -6.927603 99.974378 -0.000067 -1.081874 0.000395 
1233 18.580694 0.000000 -3.462884 99.927709 -0.000055 -1.624454 0.001181 
1234 18.580694 0.000000 -4.617790 99.909119 -0.000062 -1.450093 0.001607 
1235 19.760613 0.000000 -3.462884 99.940201 -0.000064 -1.605176 0.000938 
1236 20.940532 0.000000 -3.462884 99.950068 -0.000072 -1.588811 0.000746 
1237 20.940532 0.000000 -4.617790 99.936383 -0.000076 -1.419319 0.001070 
1238 22.120451 0.000000 -3.462884 99.957931 -0.000077 -1.574843 0.000593 
1239 15.630897 0.000000 -1.730524 99.931866 -0.000031 -1.981773 0.000969 
1240 15.630897 0.000000 -2.307977 99.912729 -0.000019 -1.886273 0.001389 
1241 16.220856 0.000000 -1.730524 99.939372 -0.000032 -1.962517 0.000827 
1242 16.810816 0.000000 -1.730524 99.945879 -0.000033 -1.945232 0.000704 
1243 16.810816 0.000000 -2.307977 99.930379 -0.000026 -1.851800 0.001049 
1244 17.400775 0.000000 -1.730524 99.951547 -0.000035 -1.929661 0.000596 
1245 14.155998 0.000000 -0.286891 99.977894 -0.001359 -2.185560 -0.000036 
1246 14.155998 0.000000 -0.575617 99.963105 -0.000262 -2.176319 0.000264 
1247 14.155998 0.000000 0.001836 99.992836 0.000022 -2.182915 -0.000333 
1248 24.480290 0.000000 2.311649 100.020134 -0.000193 -1.668826 -0.000681 
1249 26.840128 0.000000 2.311649 100.015125 -0.000193 -1.650996 -0.000575 
1250 24.480290 0.000000 4.621462 100.038759 -0.000112 -1.346509 -0.000957 
1251 29.199966 0.000000 2.311649 100.011614 -0.000192 -1.637475 -0.000500 
1252 31.559804 0.000000 2.311649 100.009097 -0.000192 -1.626998 -0.000447 
1253 29.199966 0.000000 4.621462 100.022592 -0.000111 -1.318901 -0.000626 
1254 20.940532 0.000000 1.156743 100.015964 -0.000165 -1.881811 -0.000673 
1255 22.120451 0.000000 1.156743 100.013536 -0.000165 -1.865710 -0.000619 
1256 20.940532 0.000000 2.311649 100.032523 -0.000193 -1.708284 -0.000942 
1257 15.925877 0.000000 -0.286891 99.984918 -0.001527 -2.107819 -0.000143 
1258 15.925877 0.000000 -0.575617 99.974769 -0.000238 -2.099467 0.000064 
1259 15.925877 0.000000 0.001836 99.995152 0.000049 -2.104640 -0.000346 
1260 14.155998 0.000000 0.290563 100.007849 -0.000127 -2.168740 -0.000627 
1261 14.450978 0.000000 0.290563 100.007340 -0.000122 -2.153886 -0.000611 
1262 14.155998 0.000000 0.579289 100.022844 -0.000188 -2.144278 -0.000917 
1263 14.745958 0.000000 0.290563 100.006690 -0.000118 -2.135242 -0.000590 
1264 15.040937 0.000000 0.290563 100.006352 -0.000113 -2.125139 -0.000579 
1265 14.745958 0.000000 0.579289 100.019735 -0.000180 -2.110901 -0.000840 
1266 15.335917 0.000000 0.290563 100.006017 -0.000107 -2.112824 -0.000567 
1267 15.630897 0.000000 0.290563 100.005702 -0.000102 -2.101237 -0.000556 
1268 15.335917 0.000000 0.579289 100.017593 -0.000170 -2.088564 -0.000788 
1269 15.925877 0.000000 0.290563 100.005427 -0.000096 -2.090323 -0.000545 
1270 16.220856 0.000000 0.290563 100.005186 -0.000091 -2.080035 -0.000536 
1271 15.925877 0.000000 0.579289 100.015697 -0.000159 -2.066131 -0.000741 
1272 17.990735 0.000000 -1.730524 99.956104 -0.000038 -1.919604 0.000509 
1273 17.990735 0.000000 -2.307977 99.943257 -0.000035 -1.827719 0.000800 
1274 18.580694 0.000000 -1.730524 99.960090 -0.000041 -1.910401 0.000433 
1275 19.170654 0.000000 -1.730524 99.964564 -0.000044 -1.893271 0.000350 
1276 19.170654 0.000000 -2.307977 99.953991 -0.000044 -1.802288 0.000595 
1277 19.760613 0.000000 -1.730524 99.967906 -0.000047 -1.882578 0.000287 
1278 19.170654 0.000000 0.579289 100.009477 -0.000107 -1.981324 -0.000582 
1279 19.760613 0.000000 0.579289 100.008738 -0.000102 -1.970092 -0.000563 
1280 19.170654 0.000000 1.156743 100.020765 -0.000174 -1.912149 -0.000781 
1281 16.515836 0.000000 0.290563 100.004970 -0.000085 -2.070325 -0.000528 
1282 16.810816 0.000000 0.290563 100.004779 -0.000080 -2.061154 -0.000520 
1283 16.515836 0.000000 0.579289 100.014118 -0.000149 -2.046188 -0.000701 
1284 17.105796 0.000000 0.290563 100.004604 -0.000075 -2.052481 -0.000513 
1285 17.400775 0.000000 0.290563 100.004451 -0.000070 -2.044277 -0.000507 
1286 17.105796 0.000000 0.579289 100.012789 -0.000138 -2.028394 -0.000667 
1287 17.695755 0.000000 -0.286891 99.989645 -0.001676 -2.054366 -0.000215 
1288 17.695755 0.000000 -0.575617 99.982363 -0.000219 -2.046492 -0.000066 
1289 17.695755 0.000000 0.001836 99.996971 0.000077 -2.050899 -0.000360 
1290 17.695755 0.000000 0.290563 100.004315 -0.000065 -2.036506 -0.000501 
1291 17.990735 0.000000 0.290563 100.004259 -0.000060 -2.033283 -0.000499 
1292 17.695755 0.000000 0.579289 100.011653 -0.000128 -2.012458 -0.000638 
1293 18.285715 0.000000 0.290563 100.004140 -0.000055 -2.026266 -0.000493 
1294 18.580694 0.000000 0.290563 100.004093 -0.000051 -2.023211 -0.000491 
1295 18.285715 0.000000 0.579289 100.010809 -0.000118 -2.002252 -0.000617 
1296 45.718832 0.000000 -13.857042 99.986063 -0.000022 -0.568345 0.000246 
1297 45.718832 0.000000 -18.476668 99.983322 -0.000009 -0.395553 0.000318 
1298 50.438508 0.000000 -13.857042 99.989506 -0.000021 -0.565563 0.000178 
1299 55.158184 0.000000 -13.857042 99.991924 -0.000021 -0.563306 0.000130 
1300 55.158184 0.000000 -18.476668 99.990021 -0.000009 -0.392037 0.000184 
1301 59.877860 0.000000 -13.857042 99.993664 -0.000021 -0.561470 0.000095 
1302 33.919642 0.000000 -6.927603 99.979271 -0.000066 -1.075922 0.000299 
1303 33.919642 0.000000 -9.237416 99.973273 -0.000048 -0.871567 0.000458 
1304 36.279480 0.000000 -6.927603 99.984124 -0.000065 -1.065375 0.000204 
1305 38.639318 0.000000 -6.927603 99.986908 -0.000065 -1.061354 0.000149 
1306 38.639318 0.000000 -9.237416 99.983269 -0.000047 -0.856923 0.000261 
1307 40.999156 0.000000 -6.927603 99.989086 -0.000064 -1.057964 0.000106 
1308 33.919642 0.000000 2.311649 100.007243 -0.000192 -1.618730 -0.000407 
1309 36.279480 0.000000 2.311649 100.005549 -0.000191 -1.607449 -0.000369 
1310 33.919642 0.000000 4.621462 100.014303 -0.000110 -1.302573 -0.000456 
1311 38.639318 0.000000 2.311649 100.004548 -0.000191 -1.602675 -0.000348 
1312 40.999156 0.000000 2.311649 100.003771 -0.000191 -1.598733 -0.000331 
1313 38.639318 0.000000 4.621462 100.008955 -0.000110 -1.286555 -0.000345 
1314 43.358994 0.000000 -6.927603 99.990813 -0.000064 -1.055083 0.000072 
1315 43.358994 0.000000 -9.237416 99.988156 -0.000046 -0.851399 0.000164 
1316 45.718832 0.000000 -6.927603 99.992198 -0.000064 -1.052619 0.000045 
1317 48.078670 0.000000 -6.927603 99.993321 -0.000063 -1.050498 0.000023 
1318 48.078670 0.000000 -9.237416 99.991336 -0.000045 -0.847250 0.000101 
1319 50.438508 0.000000 -6.927603 99.994241 -0.000063 -1.048660 0.000005 
1320 43.358994 0.000000 2.311649 100.003159 -0.000190 -1.595443 -0.000318 
1321 45.718832 0.000000 2.311649 100.002671 -0.000190 -1.592669 -0.000307 
1322 43.358994 0.000000 4.621462 100.006244 -0.000109 -1.279696 -0.000289 
1323 48.078670 0.000000 2.311649 100.002278 -0.000190 -1.590311 -0.000298 
1324 50.438508 0.000000 2.311649 100.001958 -0.000189 -1.588289 -0.000291 
1325 48.078670 0.000000 4.621462 100.004517 -0.000109 -1.274774 -0.000253 
1326 88.195917 0.000000 -27.715921 99.996466 0.000001 -0.208883 0.000066 
1327 88.195917 0.000000 -36.955173 99.995775 0.000003 -0.128191 0.000083 
1328 97.635269 0.000000 -27.715921 99.997351 0.000001 -0.208179 0.000049 
1329 107.074622 0.000000 -27.715921 99.997967 0.000001 -0.207610 0.000036 
1330 107.074622 0.000000 -36.955173 99.997489 0.000003 -0.127304 0.000049 
1331 116.513974 0.000000 -27.715921 99.998409 0.000001 -0.207147 0.000028 
1332 64.597536 0.000000 -13.857042 99.994943 -0.000021 -0.559966 0.000070 
1333 64.597536 0.000000 -18.476668 99.993626 -0.000008 -0.389403 0.000112 
1334 69.317213 0.000000 -13.857042 99.995905 -0.000020 -0.558723 0.000051 
1335 74.036889 0.000000 -13.857042 99.996641 -0.000020 -0.557688 0.000036 
1336 74.036889 0.000000 -18.476668 99.995710 -0.000008 -0.387483 0.000071 
1337 78.756565 0.000000 -13.857042 99.997212 -0.000020 -0.556819 0.000025 
1338 52.798346 0.000000 -6.927603 99.995001 -0.000063 -1.047059 -0.000010 
1339 52.798346 0.000000 -9.237416 99.993485 -0.000045 -0.844078 0.000059 
1340 55.158184 0.000000 -6.927603 99.995634 -0.000063 -1.045656 -0.000022 
1341 57.518022 0.000000 -2.307977 99.998688 -0.000062 -1.649704 -0.000246 
1342 57.518022 0.000000 -4.617790 99.997406 -0.000079 -1.308785 -0.000119 
1343 57.518022 0.000000 0.001836 99.999991 0.000101 -1.859478 -0.000346 
1344 52.798346 0.000000 2.311649 100.001695 -0.000189 -1.586543 -0.000286 
1345 55.158184 0.000000 2.311649 100.001477 -0.000189 -1.585025 -0.000281 
1346 52.798346 0.000000 4.621462 100.003368 -0.000108 -1.271132 -0.000229 
1347 57.518022 0.000000 2.311649 100.001294 -0.000189 -1.583698 -0.000277 
1348 59.877860 0.000000 2.311649 100.001140 -0.000189 -1.582530 -0.000273 
1349 57.518022 0.000000 4.621462 100.002576 -0.000108 -1.268366 -0.000212 
1350 62.237698 0.000000 2.311649 100.001010 -0.000189 -1.581498 -0.000270 
1351 64.597536 0.000000 2.311649 100.000898 -0.000189 -1.580582 -0.000268 
1352 62.237698 0.000000 4.621462 100.002013 -0.000108 -1.266218 -0.000201 
1353 66.957375 0.000000 2.311649 100.000801 -0.000189 -1.579765 -0.000266 
1354 69.317213 0.000000 2.311649 100.000719 -0.000189 -1.579032 -0.000264 
1355 66.957375 0.000000 4.621462 100.001601 -0.000107 -1.264519 -0.000192 
1356 83.476241 0.000000 -13.857042 99.997661 -0.000020 -0.556083 0.000016 
1357 83.476241 0.000000 -18.476668 99.996986 -0.000008 -0.386072 0.000045 
1358 88.195917 0.000000 -13.857042 99.998020 -0.000020 -0.555456 0.000009 
1359 92.915593 0.000000 -13.857042 99.998310 -0.000020 -0.554917 0.000003 
1360 92.915593 0.000000 -18.476668 99.997807 -0.000008 -0.385017 0.000029 
1361 97.635269 0.000000 -13.857042 99.998546 -0.000020 -0.554451 -0.000002 
1362 71.677051 0.000000 2.311649 100.000648 -0.000188 -1.578374 -0.000262 
1363 74.036889 0.000000 2.311649 100.000585 -0.000188 -1.577779 -0.000261 
1364 71.677051 0.000000 4.621462 100.001295 -0.000107 -1.263152 -0.000185 
1365 76.396727 0.000000 2.311649 100.000531 -0.000188 -1.577241 -0.000259 
1366 78.756565 0.000000 2.311649 100.000482 -0.000188 -1.576752 -0.000258 
1367 76.396727 0.000000 4.621462 100.001061 -0.000107 -1.262035 -0.000181 
1368 81.116403 0.000000 2.311649 100.000440 -0.000188 -1.576306 -0.000257 
1369 83.476241 0.000000 2.311649 100.000402 -0.000188 -1.575899 -0.000256 
1370 81.116403 0.000000 4.621462 100.000881 -0.000107 -1.261113 -0.000177 
1371 85.836079 0.000000 2.311649 100.000369 -0.000188 -1.575526 -0.000256 
1372 88.195917 0.000000 2.311649 100.000339 -0.000188 -1.575184 -0.000255 
1373 85.836079 0.000000 4.621462 100.000739 -0.000107 -1.260342 -0.000174 
1374 125.953326 0.000000 -27.715921 99.998733 0.000001 -0.206769 0.000021 
1375 125.953326 0.000000 -36.955173 99.998403 0.000003 -0.126641 0.000030 
1376 135.392678 0.000000 -27.715921 99.998976 0.000001 -0.206457 0.000016 
1377 144.832030 0.000000 -27.715921 99.999160 0.000001 -0.206197 0.000013 
1378 144.832030 0.000000 -36.955173 99.998928 0.000003 -0.126159 0.000020 
1379 154.271383 0.000000 -27.715921 99.999304 0.000001 -0.205979 0.000010 
1380 102.354945 0.000000 -13.857042 99.998740 -0.000020 -0.554046 -0.000005 
1381 102.354945 0.000000 -18.476668 99.998358 -0.000008 -0.384214 0.000018 
1382 107.074622 0.000000 -13.857042 99.998901 -0.000020 -0.553692 -0.000009 
1383 111.794298 0.000000 -13.857042 99.999036 -0.000020 -0.553380 -0.000011 
1384 111.794298 0.000000 -18.476668 99.998739 -0.000008 -0.383591 0.000010 
1385 116.513974 0.000000 -13.857042 99.999150 -0.000020 -0.553105 -0.000014 
1386 90.555755 0.000000 2.311649 100.000312 -0.000188 -1.574869 -0.000254 
1387 92.915593 0.000000 2.311649 100.000288 -0.000188 -1.574578 -0.000254 
1388 90.555755 0.000000 4.621462 100.000626 -0.000107 -1.259692 -0.000171 
1389 95.275431 0.000000 2.311649 100.000267 -0.000188 -1.574310 -0.000253 
1390 97.635269 0.000000 2.311649 100.000247 -0.000188 -1.574061 -0.000253 
1391 95.275431 0.000000 4.621462 100.000535 -0.000107 -1.259138 -0.000169 
1392 99.995107 0.000000 2.311649 100.000230 -0.000188 -1.573830 -0.000252 
1393 102.354945 0.000000 2.311649 100.000214 -0.000188 -1.573615 -0.000252 
1394 99.995107 0.000000 4.621462 100.000460 -0.000107 -1.258662 -0.000168 
1395 104.714783 0.000000 2.311649 100.000199 -0.000188 -1.573416 -0.000252 
1396 107.074622 0.000000 2.311649 100.000186 -0.000188 -1.573229 -0.000251 
1397 104.714783 0.000000 4.621462 100.000399 -0.000107 -1.258251 -0.000166 
1398 121.233650 0.000000 -13.857042 99.999247 -0.000020 -0.552860 -0.000016 
1399 121.233650 0.000000 -18.476668 99.999012 -0.000008 -0.383100 0.000005 
1400 125.953326 0.000000 -13.857042 99.999329 -0.000020 -0.552643 -0.000017 
1401 130.673002 0.000000 -13.857042 99.999401 -0.000020 -0.552448 -0.000019 
1402 130.673002 0.000000 -18.476668 99.999212 -0.000008 -0.382706 0.000001 
1403 135.392678 0.000000 -13.857042 99.999462 -0.000020 -0.552272 -0.000020 
1404 109.434460 0.000000 2.311649 100.000174 -0.000188 -1.573055 -0.000251 
1405 111.794298 0.000000 2.311649 100.000163 -0.000188 -1.572892 -0.000251 
1406 109.434460 0.000000 4.621462 100.000348 -0.000107 -1.257893 -0.000165 
1407 114.154136 0.000000 2.311649 100.000152 -0.000188 -1.572739 -0.000250 
1408 116.513974 0.000000 2.311649 100.000143 -0.000188 -1.572596 -0.000250 
1409 114.154136 0.000000 4.621462 100.000306 -0.000107 -1.257579 -0.000164 
1410 118.873812 0.000000 -2.307977 99.999863 -0.000061 -1.638469 -0.000266 
1411 118.873812 0.000000 -4.617790 99.999727 -0.000078 -1.297724 -0.000163 
1412 118.873812 0.000000 0.001836 99.999999 0.000103 -1.848184 -0.000342 
1413 140.112354 0.000000 -13.857042 99.999515 -0.000020 -0.552114 -0.000021 
1414 140.112354 0.000000 -18.476668 99.999361 -0.000008 -0.382386 -0.000002 
1415 144.832030 0.000000 -13.857042 99.999562 -0.000020 -0.551971 -0.000022 
1416 149.551707 0.000000 -13.857042 99.999602 -0.000020 -0.551842 -0.000023 
1417 149.551707 0.000000 -18.476668 99.999476 -0.000007 -0.382123 -0.000004 
1418 154.271383 0.000000 -13.857042 99.999638 -0.000020 -0.551724 -0.000023 
1419 118.873812 0.000000 2.311649 100.000134 -0.000188 -1.572462 -0.000250 
1420 121.233650 0.000000 2.311649 100.000127 -0.000188 -1.572335 -0.000250 
1421 118.873812 0.000000 4.621462 100.000270 -0.000107 -1.257303 -0.000163 
1422 123.593488 0.000000 2.311649 100.000119 -0.000188 -1.572216 -0.000250 
1423 125.953326 0.000000 2.311649 100.000113 -0.000188 -1.572103 -0.000249 
1424 123.593488 0.000000 4.621462 100.000239 -0.000107 -1.257059 -0.000163 
1425 128.313164 0.000000 2.311649 100.000106 -0.000188 -1.571997 -0.000249 
1426 130.673002 0.000000 2.311649 100.000100 -0.000188 -1.571897 -0.000249 
1427 128.313164 0.000000 4.621462 100.000213 -0.000107 -1.256841 -0.000162 
1428 133.032840 0.000000 2.311649 100.000095 -0.000188 -1.571802 -0.000249 
1429 135.392678 0.000000 2.311649 100.000090 -0.000188 -1.571712 -0.000249 
1430 133.032840 0.000000 4.621462 100.000191 -0.000107 -1.256647 -0.000162 
1431 137.752516 0.000000 2.311649 100.000085 -0.000188 -1.571627 -0.000249 
1432 140.112354 0.000000 2.311649 100.000081 -0.000188 -1.571547 -0.000249 
1433 137.752516 0.000000 4.621462 100.000171 -0.000107 -1.256473 -0.000161 
1434 142.472192 0.000000 2.311649 100.000077 -0.000188 -1.571470 -0.000248 
1435 144.832030 0.000000 2.311649 100.000073 -0.000188 -1.571397 -0.000248 
1436 142.472192 0.000000 4.621462 100.000155 -0.000107 -1.256316 -0.000161 
1437 147.191868 0.000000 2.311649 100.000070 -0.000188 -1.571328 -0.000248 
1438 149.551707 0.000000 2.311649 100.000066 -0.000188 -1.571262 -0.000248 
1439 147.191868 0.000000 4.621462 100.000140 -0.000107 -1.256174 -0.000161 
1440 151.911545 0.000000 2.311649 100.000063 -0.000188 -1.571199 -0.000248 
1441 154.271383 0.000000 2.311649 100.000060 -0.000188 -1.571139 -0.000248 
1442 151.911545 0.000000 4.621462 100.000127 -0.000107 -1.256046 -0.000160 
1443 -110.030480 0.000000 -110.869190 99.997515 0.000000 -0.000071 0.000050 
1444 -147.787889 0.000000 -110.869190 99.998494 0.000000 0.000274 0.000030 
1445 -110.030480 0.000000 -147.826199 99.997952 0.000000 -0.000454 0.000041 
1446 -53.394366 0.000000 -55.433677 99.990231 0.000001 0.001514 0.000195 
1447 -72.273071 0.000000 -55.433677 99.994059 0.000000 0.002292 0.000119 
1448 -53.394366 0.000000 -73.912181 99.991912 0.000000 -0.000402 0.000162 
1449 -25.076310 0.000000 -27.715921 99.962743 0.000001 0.006587 0.000745 
1450 -34.515662 0.000000 -27.715921 99.977114 0.000001 0.009245 0.000458 
1451 -25.076310 0.000000 -36.955173 99.968814 0.000001 -0.000997 0.000624 
1452 -10.917281 0.000000 -13.857042 99.861416 0.000002 0.036544 0.002770 
1453 -15.636957 0.000000 -13.857042 99.912736 0.000002 0.042740 0.001744 
1454 -10.917281 0.000000 -18.476668 99.881369 0.000001 0.005524 0.002371 
1455 -3.837767 0.000000 -6.927603 99.570295 -0.000002 0.142588 0.008574 
1456 -6.197605 0.000000 -6.927603 99.717742 -0.000000 0.158134 0.005635 
1457 -3.837767 0.000000 -9.237416 99.624625 -0.000002 0.044181 0.007493 
1458 -0.298010 0.000000 -3.462884 98.791226 -0.000010 0.363393 0.024016 
1459 -1.477929 0.000000 -3.462884 99.145868 -0.000005 0.471633 0.016987 
1460 -0.298010 0.000000 -4.617790 98.968080 -0.000009 0.152053 0.020530 
1461 1.471868 0.000000 -1.730524 99.934678 -0.000018 1.207881 0.001160 
1462 0.881909 0.000000 -1.730524 99.937172 -0.000018 0.579727 0.001223 
1463 1.471868 0.000000 -2.307977 99.937172 -0.000018 0.579727 0.001223 
1464 2.946767 0.000000 -0.864344 99.884653 -0.000012 -0.204445 0.002301 
1465 2.651788 0.000000 -0.864344 99.884653 -0.000012 -0.204445 0.002301 
1466 2.946767 0.000000 -1.153071 99.884653 -0.000012 -0.204445 0.002301 
1467 0.291949 0.000000 -1.730524 99.957272 -0.000017 0.212366 0.000850 
1468 -0.298010 0.000000 -1.730524 99.971240 -0.000016 0.095349 0.000574 
1469 0.291949 0.000000 -2.307977 99.977336 -0.000016 0.101647 0.000452 
1470 5.159115 0.000000 -0.431254 99.802939 -0.000005 -0.918775 0.003853 
1471 5.159115 0.000000 -0.575617 99.802939 -0.000005 -0.918775 0.003853 
1472 5.306605 0.000000 -0.431254 99.802939 -0.000005 -0.918775 0.003853 
1473 5.454095 0.000000 -0.431254 99.797122 -0.000002 -1.511399 0.003825 
1474 5.454095 0.000000 -0.575617 99.797122 -0.000002 -1.511399 0.003825 
1475 5.601585 0.000000 -0.431254 99.790239 0.000002 -2.526193 0.003553 
1476 5.749075 0.000000 -0.431254 99.790239 0.000002 -2.526193 0.003553 
1477 5.749075 0.000000 -0.575617 99.763326 0.000007 -4.068361 0.003073 
1478 5.896565 0.000000 -0.431254 99.763326 0.000007 -4.068361 0.003073 
1479 6.044055 0.000000 -0.431254 99.667877 0.000014 -6.324524 0.002631 
1480 6.044055 0.000000 -0.575617 99.667877 0.000014 -6.324524 0.002631 
1481 6.191545 0.000000 -0.431254 99.667877 0.000014 -6.324524 0.002631 
1482 5.085371 0.000000 0.074018 99.812034 -0.000007 -0.621257 0.003717 
1483 5.159115 0.000000 0.074018 99.802939 -0.000005 -0.918775 0.003853 
1484 5.085371 0.000000 0.146199 99.812034 -0.000007 -0.621257 0.003717 
1485 5.232860 0.000000 0.074018 99.802939 -0.000005 -0.918775 0.003853 
1486 5.306605 0.000000 0.074018 99.802939 -0.000005 -0.918775 0.003853 
1487 5.232860 0.000000 0.146199 99.802939 -0.000005 -0.918775 0.003853 
1488 4.790391 0.000000 -0.214709 99.822388 -0.000008 -0.467280 0.003527 
1489 4.790391 0.000000 -0.286891 99.822388 -0.000008 -0.467280 0.003527 
1490 4.864136 0.000000 -0.214709 99.822388 -0.000008 -0.467280 0.003527 
1491 4.937881 0.000000 -0.214709 99.812034 -0.000007 -0.621257 0.003717 
1492 4.937881 0.000000 -0.286891 99.812034 -0.000007 -0.621257 0.003717 
1493 5.011626 0.000000 -0.214709 99.812034 -0.000007 -0.621257 0.003717 
1494 6.339034 0.000000 -0.431254 99.397612 0.000025 -9.388350 0.003197 
1495 6.339034 0.000000 -0.575617 99.397612 0.000025 -9.388350 0.003197 
1496 6.486524 0.000000 -0.431254 98.771549 0.000040 -13.321717 0.006671 
1497 6.634014 0.000000 -0.431254 98.771549 0.000040 -13.321717 0.006671 
1498 6.634014 0.000000 -0.575617 98.771549 0.000040 -13.321717 0.006671 
1499 6.781504 0.000000 -0.431254 99.695257 0.000130 -3.550256 0.004825 
1500 11.206200 0.000000 -0.864344 99.894623 -0.000171 -2.368819 0.001545 
1501 11.206200 0.000000 -1.153071 99.865453 -0.000118 -2.331952 0.002145 
1502 11.501180 0.000000 -0.864344 99.902659 -0.000173 -2.339663 0.001398 
1503 11.796160 0.000000 -0.864344 99.909898 -0.000174 -2.312735 0.001266 
1504 11.796160 0.000000 -1.153071 99.884963 -0.000119 -2.277852 0.001781 
1505 12.091140 0.000000 -0.864344 99.916439 -0.000174 -2.287811 0.001147 
1506 12.386120 0.000000 -0.864344 99.922367 -0.000173 -2.264700 0.001039 
1507 12.386120 0.000000 -1.153071 99.900891 -0.000115 -2.231338 0.001483 
1508 12.681099 0.000000 -0.864344 99.927756 -0.000170 -2.243226 0.000941 
1509 12.976079 0.000000 -0.864344 99.932673 -0.000167 -2.223245 0.000852 
1510 12.976079 0.000000 -1.153071 99.914048 -0.000109 -2.191067 0.001238 
1511 13.271059 0.000000 -0.864344 99.937167 -0.000164 -2.204619 0.000770 
1512 13.566039 0.000000 -0.864344 99.941285 -0.000160 -2.187230 0.000696 
1513 13.566039 0.000000 -1.153071 99.925031 -0.000103 -2.155988 0.001034 
1514 13.861018 0.000000 -0.864344 99.945066 -0.000157 -2.170972 0.000627 
1515 14.155998 0.000000 -0.864344 99.948544 -0.000153 -2.155748 0.000564 
1516 14.155998 0.000000 -1.153071 99.934280 -0.000096 -2.125254 0.000862 
1517 14.450978 0.000000 -0.864344 99.951754 -0.000149 -2.141475 0.000506 
1518 14.745958 0.000000 -0.864344 99.955077 -0.000145 -2.123376 0.000447 
1519 14.745958 0.000000 -1.153071 99.942393 -0.000090 -2.096484 0.000712 
1520 15.040937 0.000000 -0.864344 99.957637 -0.000141 -2.113740 0.000400 
1521 15.335917 0.000000 -0.864344 99.960194 -0.000137 -2.101861 0.000354 
1522 15.335917 0.000000 -1.153071 99.949112 -0.000083 -2.072466 0.000588 
1523 15.630897 0.000000 -0.864344 99.962549 -0.000134 -2.090665 0.000312 
1524 15.925877 0.000000 -0.864344 99.964745 -0.000131 -2.080107 0.000272 
1525 15.925877 0.000000 -1.153071 99.954880 -0.000079 -2.051112 0.000481 
1526 16.220856 0.000000 -0.864344 99.966791 -0.000128 -2.070140 0.000236 
1527 16.515836 0.000000 -0.864344 99.968698 -0.000125 -2.060720 0.000201 
1528 16.515836 0.000000 -1.153071 99.959879 -0.000076 -2.032052 0.000389 
1529 16.810816 0.000000 -0.864344 99.970478 -0.000123 -2.051808 0.000169 
1530 17.105796 0.000000 -0.864344 99.972136 -0.000121 -2.043373 0.000140 
1531 17.105796 0.000000 -1.153071 99.964228 -0.000074 -2.014972 0.000309 
1532 17.400775 0.000000 -0.864344 99.973690 -0.000119 -2.035376 0.000112 
1533 17.695755 0.000000 -0.864344 99.975147 -0.000117 -2.027791 0.000086 
1534 17.695755 0.000000 -1.153071 99.968018 -0.000072 -1.999614 0.000240 
1535 17.990735 0.000000 -0.864344 99.976311 -0.000116 -2.024648 0.000064 
1536 18.285715 0.000000 -0.864344 99.977589 -0.000114 -2.017841 0.000041 
1537 18.285715 0.000000 -1.153071 99.971083 -0.000072 -1.989833 0.000182 
1538 18.580694 0.000000 -0.864344 99.978598 -0.000113 -2.014896 0.000022 
1539 57.518022 0.000000 -6.927603 99.996165 -0.000063 -1.044421 -0.000032 
1540 57.518022 0.000000 -9.237416 99.994985 -0.000045 -0.841609 0.000029 
1541 59.877860 0.000000 -6.927603 99.996615 -0.000063 -1.043328 -0.000041 
1542 62.237698 0.000000 -6.927603 99.996997 -0.000062 -1.042357 -0.000049 
1543 62.237698 0.000000 -9.237416 99.996061 -0.000044 -0.839657 0.000008 
1544 64.597536 0.000000 -6.927603 99.997324 -0.000062 -1.041490 -0.000055 
1545 66.957375 0.000000 -6.927603 99.997604 -0.000062 -1.040714 -0.000060 
1546 66.957375 0.000000 -9.237416 99.996851 -0.000044 -0.838091 -0.000007 
1547 69.317213 0.000000 -6.927603 99.997848 -0.000062 -1.040016 -0.000065 
1548 71.677051 0.000000 -6.927603 99.998060 -0.000062 -1.039386 -0.000069 
1549 71.677051 0.000000 -9.237416 99.997445 -0.000044 -0.836816 -0.000019 
1550 74.036889 0.000000 -6.927603 99.998245 -0.000062 -1.038816 -0.000073 
1551 76.396727 0.000000 -6.927603 99.998407 -0.000062 -1.038298 -0.000076 
1552 76.396727 0.000000 -9.237416 99.997900 -0.000044 -0.835766 -0.000028 
1553 78.756565 0.000000 -6.927603 99.998551 -0.000062 -1.037827 -0.000079 
1554 81.116403 0.000000 -6.927603 99.998677 -0.000062 -1.037396 -0.000081 
1555 81.116403 0.000000 -9.237416 99.998254 -0.000044 -0.834892 -0.000035 
1556 83.476241 0.000000 -6.927603 99.998789 -0.000062 -1.037002 -0.000083 
1557 85.836079 0.000000 -6.927603 99.998889 -0.000062 -1.036641 -0.000085 
1558 85.836079 0.000000 -9.237416 99.998532 -0.000044 -0.834157 -0.000040 
1559 88.195917 0.000000 -6.927603 99.998979 -0.000062 -1.036308 -0.000087 
1560 90.555755 0.000000 -6.927603 99.999059 -0.000062 -1.036002 -0.000089 
1561 90.555755 0.000000 -9.237416 99.998755 -0.000044 -0.833533 -0.000045 
1562 92.915593 0.000000 -6.927603 99.999131 -0.000062 -1.035719 -0.000090 
1563 95.275431 0.000000 -6.927603 99.999195 -0.000062 -1.035457 -0.000091 
1564 95.275431 0.000000 -9.237416 99.998935 -0.000044 -0.833000 -0.000048 
1565 97.635269 0.000000 -6.927603 99.999254 -0.000062 -1.035214 -0.000092 
1566 99.995107 0.000000 -6.927603 99.999307 -0.000062 -1.034988 -0.000093 
1567 99.995107 0.000000 -9.237416 99.999082 -0.000044 -0.832541 -0.000051 
1568 102.354945 0.000000 -6.927603 99.999355 -0.000062 -1.034778 -0.000094 
1569 104.714783 0.000000 -6.927603 99.999399 -0.000062 -1.034582 -0.000095 
1570 104.714783 0.000000 -9.237416 99.999203 -0.000044 -0.832142 -0.000053 
1571 107.074622 0.000000 -6.927603 99.999439 -0.000062 -1.034399 -0.000096 
1572 109.434460 0.000000 -6.927603 99.999475 -0.000061 -1.034228 -0.000096 
1573 109.434460 0.000000 -9.237416 99.999304 -0.000044 -0.831794 -0.000055 
1574 111.794298 0.000000 -6.927603 99.999508 -0.000061 -1.034068 -0.000097 
1575 114.154136 0.000000 -6.927603 99.999539 -0.000061 -1.033918 -0.000098 
1576 114.154136 0.000000 -9.237416 99.999389 -0.000043 -0.831488 -0.000057 
1577 116.513974 0.000000 -6.927603 99.999567 -0.000061 -1.033777 -0.000098 
1578 118.873812 0.000000 -6.927603 99.999593 -0.000061 -1.033644 -0.000099 
1579 118.873812 0.000000 -9.237416 99.999460 -0.000043 -0.831219 -0.000058 
1580 121.233650 0.000000 -6.927603 99.999617 -0.000061 -1.033520 -0.000099 
1581 123.593488 0.000000 -6.927603 99.999639 -0.000061 -1.033402 -0.000100 
1582 123.593488 0.000000 -9.237416 99.999521 -0.000043 -0.830979 -0.000059 
1583 125.953326 0.000000 -6.927603 99.999659 -0.000061 -1.033291 -0.000100 
1584 128.313164 0.000000 -6.927603 99.999678 -0.000061 -1.033187 -0.000100 
1585 128.313164 0.000000 -9.237416 99.999573 -0.000043 -0.830766 -0.000060 
1586 130.673002 0.000000 -6.927603 99.999696 -0.000061 -1.033088 -0.000101 
1587 133.032840 0.000000 -6.927603 99.999712 -0.000061 -1.032994 -0.000101 
1588 133.032840 0.000000 -9.237416 99.999618 -0.000043 -0.830576 -0.000061 
1589 135.392678 0.000000 -6.927603 99.999727 -0.000061 -1.032905 -0.000101 
1590 137.752516 0.000000 -6.927603 99.999741 -0.000061 -1.032821 -0.000101 
1591 137.752516 0.000000 -9.237416 99.999656 -0.000043 -0.830405 -0.000062 
1592 140.112354 0.000000 -6.927603 99.999754 -0.000061 -1.032741 -0.000102 
1593 142.472192 0.000000 -6.927603 99.999767 -0.000061 -1.032665 -0.000102 
1594 142.472192 0.000000 -9.237416 99.999690 -0.000043 -0.830250 -0.000063 
1595 144.832030 0.000000 -6.927603 99.999778 -0.000061 -1.032593 -0.000102 
1596 147.191868 0.000000 -6.927603 99.999789 -0.000061 -1.032524 -0.000102 
1597 147.191868 0.000000 -9.237416 99.999719 -0.000043 -0.830111 -0.000063 
1598 149.551707 0.000000 -6.927603 99.999799 -0.000061 -1.032459 -0.000103 
1599 151.911545 0.000000 -6.927603 99.999808 -0.000061 -1.032397 -0.000103 
1600 151.911545 0.000000 -9.237416 99.999745 -0.000043 -0.829984 -0.000064 
1601 154.271383 0.000000 -6.927603 99.999817 -0.000061 -1.032337 -0.000103 
1602 2.356808 0.000000 -0.864344 99.884653 -0.000012 -0.204445 0.002301 
1603 2.061828 0.000000 -0.864344 99.884653 -0.000012 -0.204445 0.002301 
1604 2.356808 0.000000 -1.153071 99.884653 -0.000012 -0.204445 0.002301 
1605 1.766848 0.000000 -0.864344 99.884653 -0.000012 -0.204445 0.002301 
1606 1.471868 0.000000 -0.864344 99.958860 -0.000015 0.670040 0.000778 
1607 1.766848 0.000000 -1.153071 99.958860 -0.000015 0.670040 0.000778 
1608 5.085371 0.000000 -0.214709 99.812034 -0.000007 -0.621257 0.003717 
1609 5.085371 0.000000 -0.286891 99.812034 -0.000007 -0.621257 0.003717 
1610 5.159115 0.000000 -0.214709 99.802939 -0.000005 -0.918775 0.003853 
1611 5.232860 0.000000 -0.214709 99.802939 -0.000005 -0.918775 0.003853 
1612 5.232860 0.000000 -0.286891 99.802939 -0.000005 -0.918775 0.003853 
1613 5.306605 0.000000 -0.214709 99.802939 -0.000005 -0.918775 0.003853 
1 10 13 3 14 
2 11 10 14 9 
3 15 11 9 18 
4 16 15 18 4 
5 23 26 10 27 
6 24 23 27 11 
7 31 24 11 34 
8 32 31 34 15 
9 39 42 23 43 
10 40 39 43 24 
11 47 40 24 50 
12 48 47 50 31 
13 55 58 39 59 
14 56 55 59 40 
15 63 56 40 66 
16 64 63 66 47 
17 71 74 55 75 
18 72 71 75 56 
19 79 72 56 82 
20 80 79 82 63 
21 87 90 71 91 
22 88 87 91 72 
23 95 88 72 98 
24 96 95 98 79 
25 103 106 87 107 
26 104 103 107 88 
27 111 104 88 114 
28 112 111 114 95 
29 119 122 103 123 
30 120 119 123 104 
31 127 120 104 130 
32 128 127 130 111 
33 129 137 135 136 
34 137 5 138 135 
35 135 138 120 139 
36 136 135 139 127 
37 6 142 140 141 
38 142 17 32 140 
39 140 32 15 143 
40 141 140 143 16 
41 17 146 144 145 
42 146 33 48 144 
43 144 48 31 147 
44 145 144 147 32 
45 33 150 148 149 
46 150 49 64 148 
47 148 64 47 151 
48 149 148 151 48 
49 49 154 152 153 
50 154 65 80 152 
51 152 80 63 155 
52 153 152 155 64 
53 65 158 156 157 
54 158 81 96 156 
55 156 96 79 159 
56 157 156 159 80 
57 81 162 160 161 
58 160 112 95 163 
59 161 160 163 96 
60 164 128 111 167 
61 165 164 167 112 
62 170 129 136 168 
63 168 136 127 171 
64 169 168 171 128 
65 29 174 172 173 
66 174 28 45 172 
67 172 45 17 142 
68 173 172 142 6 
69 45 177 175 176 
70 177 44 61 175 
71 175 61 33 146 
72 176 175 146 17 
73 61 180 178 179 
74 180 60 77 178 
75 178 77 49 150 
76 179 178 150 33 
77 77 183 181 182 
78 183 76 93 181 
79 181 93 65 154 
80 182 181 154 49 
81 93 186 184 185 
82 186 92 109 184 
83 184 109 81 158 
84 185 184 158 65 
85 109 189 187 188 
86 188 187 162 81 
87 125 192 190 191 
88 166 195 193 194 
89 195 113 169 193 
90 193 169 128 196 
91 194 193 196 164 
92 132 199 197 198 
93 199 131 200 197 
94 197 200 129 170 
95 198 197 170 113 
96 113 203 201 202 
97 203 170 204 201 
98 201 204 168 205 
99 202 201 205 169 
100 190 208 206 207 
101 208 132 198 206 
102 206 198 113 195 
103 207 206 195 166 
104 187 211 209 210 
105 211 125 191 209 
106 210 209 212 162 
107 191 215 213 214 
108 215 190 207 213 
109 213 207 166 216 
110 214 213 216 97 
111 162 212 217 218 
112 217 165 112 219 
113 218 217 219 160 
114 209 222 220 221 
115 222 191 214 220 
116 220 214 97 223 
117 221 220 223 212 
118 5 228 227 138 
119 228 121 229 227 
120 227 229 119 230 
121 138 227 230 120 
122 259 260 13 261 
123 26 259 261 10 
124 262 263 26 264 
125 42 262 264 23 
126 265 266 42 267 
127 58 265 267 39 
128 268 269 58 270 
129 74 268 270 55 
130 271 272 74 273 
131 90 271 273 71 
132 274 275 90 276 
133 106 274 276 87 
134 281 282 106 283 
135 122 281 283 103 
136 293 294 274 295 
137 282 293 295 106 
138 296 298 282 299 
139 297 296 299 281 
140 284 310 309 303 
141 310 287 311 309 
142 309 311 89 312 
143 303 309 312 288 
144 313 297 281 315 
145 314 313 315 122 
146 316 318 296 319 
147 317 316 319 297 
148 300 322 320 321 
149 322 303 323 320 
150 320 323 288 324 
151 321 320 324 304 
152 325 326 293 327 
153 298 325 327 282 
154 287 329 328 311 
155 329 305 330 328 
156 328 330 308 331 
157 311 328 331 89 
158 336 314 122 337 
159 229 336 337 119 
160 134 345 343 344 
161 345 224 333 343 
162 343 333 121 228 
163 344 343 228 5 
164 333 348 346 347 
165 347 346 349 121 
166 350 352 314 353 
167 351 350 353 336 
168 121 349 359 360 
169 359 351 336 361 
170 360 359 361 229 
171 346 364 362 363 
172 364 339 355 362 
173 362 355 335 365 
174 363 362 365 349 
175 366 368 350 369 
176 367 366 369 351 
177 355 372 370 371 
178 371 370 374 335 
179 7 377 375 376 
180 377 21 378 375 
181 375 378 19 37 
182 376 375 37 20 
183 20 381 379 380 
184 381 37 382 379 
185 379 382 35 53 
186 380 379 53 36 
187 36 385 383 384 
188 385 53 386 383 
189 383 386 51 69 
190 384 383 69 52 
191 52 389 387 388 
192 389 69 390 387 
193 387 390 67 85 
194 388 387 85 68 
195 68 393 391 392 
196 393 85 394 391 
197 391 394 83 101 
198 392 391 101 84 
199 84 397 395 396 
200 397 101 398 395 
201 395 398 99 117 
202 396 395 117 100 
203 100 401 399 400 
204 401 117 402 399 
205 399 402 115 225 
206 400 399 225 116 
207 225 405 403 404 
208 405 115 406 403 
209 403 406 226 334 
210 404 403 334 224 
211 334 409 407 408 
212 409 226 410 407 
213 407 410 290 340 
214 408 407 340 332 
215 332 413 411 412 
216 413 340 414 411 
217 411 414 338 356 
218 412 411 356 339 
219 339 417 415 416 
220 417 356 418 415 
221 415 418 354 372 
222 416 415 372 355 
223 424 341 425 423 
224 423 425 105 426 
225 428 357 429 427 
226 427 429 342 430 
227 372 433 431 432 
228 433 354 434 431 
229 432 431 435 370 
230 356 437 436 418 
231 437 338 438 436 
232 436 438 357 428 
233 418 436 428 354 
234 354 440 439 434 
235 440 428 441 439 
236 439 441 427 442 
237 434 439 442 373 
238 349 365 443 444 
239 365 335 367 443 
240 443 367 351 445 
241 444 443 445 359 
242 335 374 446 447 
243 374 358 448 446 
244 446 448 366 449 
245 447 446 449 367 
246 370 435 450 451 
247 435 373 452 450 
248 450 452 358 453 
249 451 450 453 374 
250 431 456 454 455 
251 456 434 457 454 
252 454 457 373 458 
253 455 454 458 435 
254 459 460 313 461 
255 352 459 461 314 
256 426 105 463 462 
257 462 463 352 464 
258 368 462 464 350 
259 357 466 465 429 
260 466 423 467 465 
261 465 467 426 468 
262 429 465 468 342 
263 341 470 469 425 
264 470 419 471 469 
265 469 471 422 472 
266 425 469 472 105 
267 419 477 476 471 
268 477 421 478 476 
269 476 478 292 479 
270 471 476 479 422 
271 480 317 297 481 
272 460 480 481 313 
273 473 484 482 483 
274 484 301 485 482 
275 482 485 258 486 
276 483 482 486 475 
277 305 500 499 330 
278 500 307 501 499 
279 499 501 280 502 
280 503 504 271 505 
281 275 503 505 90 
282 506 507 275 508 
283 294 506 508 274 
284 509 510 294 511 
285 326 509 511 293 
286 308 502 512 513 
287 502 280 514 512 
288 512 514 326 515 
289 513 512 515 325 
290 330 518 516 517 
291 518 499 519 516 
292 516 519 502 520 
293 517 516 520 308 
294 307 522 521 501 
295 522 495 523 521 
296 521 523 498 524 
297 501 521 524 280 
298 279 526 525 497 
299 526 491 527 525 
300 525 527 494 528 
301 497 525 528 254 
302 495 530 529 523 
303 530 497 531 529 
304 529 531 254 532 
305 523 529 532 498 
306 491 538 537 527 
307 538 493 539 537 
308 537 539 73 540 
309 541 542 503 543 
310 507 541 543 275 
311 494 540 544 545 
312 540 73 546 544 
313 544 546 507 547 
314 545 544 547 506 
315 527 550 548 549 
316 550 537 551 548 
317 548 551 540 552 
318 549 548 552 494 
319 493 554 553 539 
320 554 533 555 553 
321 553 555 536 556 
322 539 553 556 73 
323 533 570 569 555 
324 570 535 571 569 
325 569 571 490 572 
326 555 569 572 536 
327 573 574 268 575 
328 272 573 575 74 
329 576 577 272 578 
330 504 576 578 271 
331 579 580 504 581 
332 542 579 581 503 
333 535 583 582 571 
334 583 565 584 582 
335 571 582 585 490 
336 565 591 590 584 
337 591 567 592 590 
338 590 592 250 593 
339 584 590 593 568 
340 490 585 594 595 
341 585 568 596 594 
342 594 596 579 597 
343 595 594 597 542 
344 582 600 598 599 
345 600 584 601 598 
346 598 601 568 602 
347 599 598 602 585 
348 603 604 576 605 
349 580 603 605 504 
350 567 607 606 592 
351 607 586 608 606 
352 606 608 589 609 
353 592 606 609 250 
354 618 619 573 620 
355 577 618 620 272 
356 621 622 577 623 
357 604 621 623 576 
358 588 626 624 625 
359 626 614 627 624 
360 624 627 617 628 
361 625 624 628 564 
362 614 634 633 627 
363 634 616 635 633 
364 633 635 57 636 
365 627 633 636 617 
366 637 638 618 639 
367 622 637 639 577 
368 616 641 640 635 
369 641 629 642 640 
370 640 642 632 643 
371 635 640 643 57 
372 629 661 660 642 
373 661 631 662 660 
374 660 662 613 663 
375 642 660 663 632 
376 664 665 265 666 
377 269 664 666 58 
378 667 668 269 669 
379 574 667 669 268 
380 670 671 574 672 
381 619 670 672 573 
382 677 678 619 679 
383 638 677 679 618 
384 656 682 680 681 
385 682 658 683 680 
386 680 683 560 684 
387 681 680 684 659 
388 685 686 670 687 
389 678 685 687 619 
390 658 689 688 683 
391 689 673 690 688 
392 688 690 676 691 
393 683 688 691 560 
394 700 701 667 702 
395 671 700 702 574 
396 703 704 671 705 
397 686 703 705 670 
398 675 708 706 707 
399 708 696 709 706 
400 706 709 699 710 
401 707 706 710 655 
402 696 716 715 709 
403 716 698 717 715 
404 715 717 246 718 
405 709 715 718 699 
406 245 720 719 650 
407 720 644 721 719 
408 719 721 647 722 
409 650 719 722 41 
410 648 724 723 694 
411 724 650 725 723 
412 723 725 41 726 
413 694 723 726 651 
414 692 728 727 713 
415 728 694 729 727 
416 727 729 651 730 
417 713 727 730 695 
418 731 732 700 733 
419 704 731 733 671 
420 711 736 734 735 
421 736 713 737 734 
422 734 737 695 738 
423 735 734 738 714 
424 644 748 747 721 
425 748 646 749 747 
426 747 749 242 750 
427 721 747 750 647 
428 751 752 262 753 
429 266 751 753 42 
430 754 755 266 756 
431 665 754 756 265 
432 646 758 757 749 
433 758 743 759 757 
434 757 759 746 760 
435 749 757 760 242 
436 743 766 765 759 
437 766 745 767 765 
438 765 767 25 768 
439 759 765 768 746 
440 769 770 751 771 
441 755 769 771 266 
442 745 773 772 767 
443 773 761 774 772 
444 772 774 764 775 
445 767 772 775 25 
446 761 789 788 774 
447 789 763 790 788 
448 788 790 742 791 
449 774 788 791 764 
450 792 793 259 794 
451 263 792 794 26 
452 795 796 263 797 
453 752 795 797 262 
454 798 799 752 800 
455 770 798 800 751 
456 763 802 801 790 
457 802 784 803 801 
458 801 803 787 804 
459 790 801 804 742 
460 809 810 795 811 
461 799 809 811 752 
462 786 814 812 813 
463 814 805 815 812 
464 812 815 808 816 
465 813 812 816 238 
466 805 826 825 815 
467 826 807 827 825 
468 825 827 783 828 
469 815 825 828 808 
470 829 830 792 831 
471 796 829 831 263 
472 832 833 796 834 
473 810 832 834 795 
474 807 836 835 827 
475 836 821 837 835 
476 835 837 824 838 
477 827 835 838 783 
478 821 844 843 837 
479 844 823 845 843 
480 843 845 12 846 
481 837 843 846 824 
482 847 848 829 849 
483 833 847 849 796 
484 823 851 850 845 
485 851 839 852 850 
486 850 852 842 853 
487 845 850 853 12 
488 839 867 866 852 
489 867 841 868 866 
490 866 868 820 869 
491 852 866 869 842 
492 870 871 260 872 
493 793 870 872 259 
494 873 874 793 875 
495 830 873 875 792 
496 876 877 830 878 
497 848 876 878 829 
498 841 880 879 868 
499 880 862 881 879 
500 879 881 865 882 
501 868 879 882 820 
502 862 888 887 881 
503 888 864 889 887 
504 887 889 779 890 
505 881 887 890 865 
506 891 892 873 893 
507 877 891 893 830 
508 864 895 894 889 
509 895 883 896 894 
510 894 896 886 897 
511 889 894 897 779 
512 883 907 906 896 
513 907 885 908 906 
514 906 908 861 909 
515 896 906 909 886 
516 910 911 870 912 
517 874 910 912 793 
518 913 914 874 915 
519 892 913 915 873 
520 885 917 916 908 
521 917 902 918 916 
522 916 918 905 919 
523 908 916 919 861 
524 902 925 924 918 
525 925 904 926 924 
526 924 926 234 927 
527 918 924 927 905 
528 936 937 910 938 
529 914 936 938 874 
530 920 941 939 940 
531 941 922 942 939 
532 939 942 901 943 
533 940 939 943 923 
534 944 945 871 946 
535 911 944 946 870 
536 947 948 911 949 
537 937 947 949 910 
538 922 951 950 942 
539 951 932 952 950 
540 950 952 935 953 
541 942 950 953 901 
542 932 959 958 952 
543 959 934 960 958 
544 958 960 857 961 
545 952 958 961 935 
546 962 963 944 964 
547 948 962 964 911 
548 934 966 965 960 
549 966 954 967 965 
550 965 967 957 968 
551 960 965 968 857 
552 954 974 973 967 
553 974 956 975 973 
554 973 975 931 976 
555 967 973 976 957 
556 977 978 945 979 
557 963 977 979 944 
558 956 981 980 975 
559 981 969 982 980 
560 980 982 972 983 
561 975 980 983 931 
562 969 985 984 982 
563 985 971 986 984 
564 984 986 8 987 
565 982 984 987 972 
566 21 989 988 378 
567 989 2 990 988 
568 988 990 22 232 
569 378 988 232 19 
570 30 993 991 992 
571 993 7 376 991 
572 991 376 20 46 
573 992 991 46 28 
574 37 995 994 382 
575 995 19 996 994 
576 994 996 38 236 
577 382 994 236 35 
578 46 999 997 998 
579 999 20 380 997 
580 997 380 36 62 
581 998 997 62 44 
582 53 1001 1000 386 
583 1001 35 1002 1000 
584 1000 1002 54 240 
585 386 1000 240 51 
586 62 1005 1003 1004 
587 1005 36 384 1003 
588 1003 384 52 78 
589 1004 1003 78 60 
590 69 1007 1006 390 
591 1007 51 1008 1006 
592 1006 1008 70 244 
593 390 1006 244 67 
594 78 1011 1009 1010 
595 1011 52 388 1009 
596 1009 388 68 94 
597 1010 1009 94 76 
598 85 1013 1012 394 
599 1013 67 1014 1012 
600 1012 1014 86 248 
601 394 1012 248 83 
602 94 1017 1015 1016 
603 1017 68 392 1015 
604 1015 392 84 110 
605 1016 1015 110 92 
606 101 1019 1018 398 
607 1019 83 1020 1018 
608 1018 1020 102 252 
609 398 1018 252 99 
610 110 1023 1021 1022 
611 1023 84 396 1021 
612 1021 396 100 126 
613 1022 1021 126 108 
614 117 1025 1024 402 
615 1025 99 1026 1024 
616 1024 1026 118 256 
617 402 1024 256 115 
618 126 1029 1027 1028 
619 1029 100 400 1027 
620 1027 400 116 133 
621 1028 1027 133 124 
622 131 1031 1030 200 
623 1031 134 344 1030 
624 1030 344 5 137 
625 200 1030 137 129 
626 97 216 1032 1033 
627 216 166 194 1032 
628 1032 194 164 1034 
629 1033 1032 1034 165 
630 212 223 1035 1036 
631 223 97 1033 1035 
632 1035 1033 165 1037 
633 1036 1035 1037 217 
634 116 1040 1038 1039 
635 1040 225 404 1038 
636 1038 404 224 345 
637 1039 1038 345 134 
638 19 1042 1041 996 
639 1042 232 1043 1041 
640 1041 1043 231 777 
641 996 1041 777 38 
642 232 1045 1044 1043 
643 1045 22 1046 1044 
644 1044 1046 233 855 
645 1043 1044 855 231 
646 35 1048 1047 1002 
647 1048 236 1049 1047 
648 1047 1049 235 740 
649 1002 1047 740 54 
650 236 1051 1050 1049 
651 1051 38 1052 1050 
652 1050 1052 237 781 
653 1049 1050 781 235 
654 51 1054 1053 1008 
655 1054 240 1055 1053 
656 1053 1055 239 645 
657 1008 1053 645 70 
658 240 1057 1056 1055 
659 1057 54 1058 1056 
660 1056 1058 241 744 
661 1055 1056 744 239 
662 67 1060 1059 1014 
663 1060 244 1061 1059 
664 1059 1061 243 558 
665 1014 1059 558 86 
666 244 1063 1062 1061 
667 1063 70 1064 1062 
668 1062 1064 245 649 
669 1061 1062 649 243 
670 83 1066 1065 1020 
671 1066 248 1067 1065 
672 1065 1067 247 488 
673 1020 1065 488 102 
674 248 1069 1068 1067 
675 1069 86 1070 1068 
676 1068 1070 249 562 
677 1067 1068 562 247 
678 99 1072 1071 1026 
679 1072 252 1073 1071 
680 1071 1073 251 278 
681 1026 1071 278 118 
682 252 1075 1074 1073 
683 1075 102 1076 1074 
684 1074 1076 253 492 
685 1073 1074 492 251 
686 115 1078 1077 406 
687 1078 256 1079 1077 
688 1077 1079 255 291 
689 406 1077 291 226 
690 256 1081 1080 1079 
691 1081 118 1082 1080 
692 1080 1082 257 286 
693 1079 1080 286 255 
694 118 1084 1083 1082 
695 1084 278 1085 1083 
696 1083 1085 277 306 
697 1082 1083 306 257 
698 278 1087 1086 1085 
699 1087 251 1088 1086 
700 1086 1088 279 496 
701 1085 1086 496 277 
702 226 1090 1089 410 
703 1090 291 1091 1089 
704 1089 1091 289 420 
705 410 1089 420 290 
706 291 1093 1092 1091 
707 1093 255 1094 1092 
708 1092 1094 285 474 
709 1091 1092 474 289 
710 288 312 1095 318 
711 312 89 1096 1095 
712 1095 1096 298 1097 
713 318 1095 1097 296 
714 301 1099 1098 485 
715 1099 300 321 1098 
716 1098 321 304 1100 
717 485 1098 1100 258 
718 89 331 1101 1096 
719 331 308 513 1101 
720 1101 513 325 1102 
721 1096 1101 1102 298 
722 224 1105 1103 1104 
723 1105 334 408 1103 
724 1103 408 332 348 
725 1104 1103 348 333 
726 340 1107 1106 414 
727 1107 290 1108 1106 
728 1106 1108 341 424 
729 414 1106 424 338 
730 348 1111 1109 1110 
731 1111 332 412 1109 
732 1109 412 339 364 
733 1110 1109 364 346 
734 358 430 1112 448 
735 430 342 1113 1112 
736 1112 1113 368 1114 
737 448 1112 1114 366 
738 290 1116 1115 1108 
739 1116 420 1117 1115 
740 1115 1117 419 470 
741 1108 1115 470 341 
742 420 1119 1118 1117 
743 1119 289 1120 1118 
744 1118 1120 421 477 
745 1117 1118 477 419 
746 338 1122 1121 438 
747 1122 424 1123 1121 
748 1121 1123 423 466 
749 438 1121 466 357 
750 373 442 1124 452 
751 442 427 1125 1124 
752 1124 1125 430 1126 
753 452 1124 1126 358 
754 105 472 1127 463 
755 472 422 1128 1127 
756 1127 1128 459 1129 
757 463 1127 1129 352 
758 422 479 1130 1128 
759 479 292 1131 1130 
760 1130 1131 460 1132 
761 1128 1130 1132 459 
762 342 468 1133 1113 
763 468 426 1134 1133 
764 1133 1134 462 1135 
765 1113 1133 1135 368 
766 421 1137 1136 478 
767 1137 473 483 1136 
768 1136 483 475 1138 
769 478 1136 1138 292 
770 292 1138 1139 1131 
771 1138 475 1140 1139 
772 1139 1140 480 1141 
773 1131 1139 1141 460 
774 475 486 1142 1140 
775 486 258 1143 1142 
776 1142 1143 317 1144 
777 1140 1142 1144 480 
778 102 1146 1145 1076 
779 1146 488 1147 1145 
780 1145 1147 487 534 
781 1076 1145 534 253 
782 488 1149 1148 1147 
783 1149 247 1150 1148 
784 1148 1150 489 566 
785 1147 1148 566 487 
786 251 1152 1151 1088 
787 1152 492 1153 1151 
788 1151 1153 491 526 
789 1088 1151 526 279 
790 492 1155 1154 1153 
791 1155 253 1156 1154 
792 1154 1156 493 538 
793 1153 1154 538 491 
794 254 528 1157 510 
795 528 494 545 1157 
796 1157 545 506 1158 
797 510 1157 1158 294 
798 280 524 1159 514 
799 524 498 1160 1159 
800 1159 1160 509 1161 
801 514 1159 1161 326 
802 498 532 1162 1160 
803 532 254 1163 1162 
804 1162 1163 510 1164 
805 1160 1162 1164 509 
806 253 1166 1165 1156 
807 1166 534 1167 1165 
808 1165 1167 533 554 
809 1156 1165 554 493 
810 534 1169 1168 1167 
811 1169 487 1170 1168 
812 1168 1170 535 570 
813 1167 1168 570 533 
814 73 556 1171 546 
815 556 536 1172 1171 
816 1171 1172 541 1173 
817 546 1171 1173 507 
818 536 572 1174 1172 
819 572 490 595 1174 
820 1174 595 542 1175 
821 1172 1174 1175 541 
822 86 1177 1176 1070 
823 1177 558 1178 1176 
824 1176 1178 557 611 
825 1070 1176 611 249 
826 558 1180 1179 1178 
827 1180 243 1181 1179 
828 1179 1181 559 653 
829 1178 1179 653 557 
830 247 1183 1182 1150 
831 1183 562 1184 1182 
832 1182 1184 561 587 
833 1150 1182 587 489 
834 562 1186 1185 1184 
835 1186 249 1187 1185 
836 1185 1187 563 615 
837 1184 1185 615 561 
838 487 1189 1188 1170 
839 1189 566 1190 1188 
840 1188 1190 565 583 
841 1170 1188 583 535 
842 566 1192 1191 1190 
843 1192 489 1193 1191 
844 1191 1193 567 591 
845 1190 1191 591 565 
846 568 593 1194 596 
847 593 250 1195 1194 
848 1194 1195 580 1196 
849 596 1194 1196 579 
850 489 1198 1197 1193 
851 1198 587 1199 1197 
852 1197 1199 586 607 
853 1193 1197 607 567 
854 586 1201 1200 608 
855 1201 588 625 1200 
856 1200 625 564 1202 
857 608 1200 1202 589 
858 250 609 1203 1195 
859 609 589 1204 1203 
860 1203 1204 603 1205 
861 1195 1203 1205 580 
862 589 1202 1206 1204 
863 1202 564 1207 1206 
864 1206 1207 604 1208 
865 1204 1206 1208 603 
866 249 1210 1209 1187 
867 1210 611 1211 1209 
868 1209 1211 610 630 
869 1187 1209 630 563 
870 611 1213 1212 1211 
871 1213 557 1214 1212 
872 1212 1214 612 657 
873 1211 1212 657 610 
874 564 628 1215 1207 
875 628 617 1216 1215 
876 1215 1216 621 1217 
877 1207 1215 1217 604 
878 617 636 1218 1216 
879 636 57 1219 1218 
880 1218 1219 622 1220 
881 1216 1218 1220 621 
882 57 643 1221 1219 
883 643 632 1222 1221 
884 1221 1222 637 1223 
885 1219 1221 1223 622 
886 632 663 1224 1222 
887 663 613 1225 1224 
888 1224 1225 638 1226 
889 1222 1224 1226 637 
890 70 1228 1227 1064 
891 1228 645 1229 1227 
892 1227 1229 644 720 
893 1064 1227 720 245 
894 645 1231 1230 1229 
895 1231 239 1232 1230 
896 1230 1232 646 748 
897 1229 1230 748 644 
898 243 1234 1233 1181 
899 1234 649 1235 1233 
900 1233 1235 648 693 
901 1181 1233 693 559 
902 649 1237 1236 1235 
903 1237 245 1238 1236 
904 1236 1238 650 724 
905 1235 1236 724 648 
906 557 1240 1239 1214 
907 1240 653 1241 1239 
908 1239 1241 652 674 
909 1214 1239 674 612 
910 653 1243 1242 1241 
911 1243 559 1244 1242 
912 1242 1244 654 697 
913 1241 1242 697 652 
914 631 1246 1245 662 
915 1246 656 681 1245 
916 1245 681 659 1247 
917 662 1245 1247 613 
918 41 722 1248 668 
919 722 647 1249 1248 
920 1248 1249 664 1250 
921 668 1248 1250 269 
922 647 750 1251 1249 
923 750 242 1252 1251 
924 1251 1252 665 1253 
925 1249 1251 1253 664 
926 651 726 1254 701 
927 726 41 1255 1254 
928 1254 1255 668 1256 
929 701 1254 1256 667 
930 673 1258 1257 690 
931 1258 675 707 1257 
932 1257 707 655 1259 
933 690 1257 1259 676 
934 613 1247 1260 1225 
935 1247 659 1261 1260 
936 1260 1261 677 1262 
937 1225 1260 1262 638 
938 659 684 1263 1261 
939 684 560 1264 1263 
940 1263 1264 678 1265 
941 1261 1263 1265 677 
942 560 691 1266 1264 
943 691 676 1267 1266 
944 1266 1267 685 1268 
945 1264 1266 1268 678 
946 676 1259 1269 1267 
947 1259 655 1270 1269 
948 1269 1270 686 1271 
949 1267 1269 1271 685 
950 559 1273 1272 1244 
951 1273 693 1274 1272 
952 1272 1274 692 712 
953 1244 1272 712 654 
954 693 1276 1275 1274 
955 1276 648 1277 1275 
956 1275 1277 694 728 
957 1274 1275 728 692 
958 695 730 1278 732 
959 730 651 1279 1278 
960 1278 1279 701 1280 
961 732 1278 1280 700 
962 655 710 1281 1270 
963 710 699 1282 1281 
964 1281 1282 703 1283 
965 1270 1281 1283 686 
966 699 718 1284 1282 
967 718 246 1285 1284 
968 1284 1285 704 1286 
969 1282 1284 1286 703 
970 698 1288 1287 717 
971 1288 711 735 1287 
972 1287 735 714 1289 
973 717 1287 1289 246 
974 246 1289 1290 1285 
975 1289 714 1291 1290 
976 1290 1291 731 1292 
977 1285 1290 1292 704 
978 714 738 1293 1291 
979 738 695 1294 1293 
980 1293 1294 732 1295 
981 1291 1293 1295 731 
982 54 1297 1296 1058 
983 1297 740 1298 1296 
984 1296 1298 739 762 
985 1058 1296 762 241 
986 740 1300 1299 1298 
987 1300 235 1301 1299 
988 1299 1301 741 785 
989 1298 1299 785 739 
990 239 1303 1302 1232 
991 1303 744 1304 1302 
992 1302 1304 743 758 
993 1232 1302 758 646 
994 744 1306 1305 1304 
995 1306 241 1307 1305 
996 1305 1307 745 766 
997 1304 1305 766 743 
998 242 760 1308 1252 
999 760 746 1309 1308 
1000 1308 1309 754 1310 
1001 1252 1308 1310 665 
1002 746 768 1311 1309 
1003 768 25 1312 1311 
1004 1311 1312 755 1313 
1005 1309 1311 1313 754 
1006 241 1315 1314 1307 
1007 1315 762 1316 1314 
1008 1314 1316 761 773 
1009 1307 1314 773 745 
1010 762 1318 1317 1316 
1011 1318 739 1319 1317 
1012 1317 1319 763 789 
1013 1316 1317 789 761 
1014 25 775 1320 1312 
1015 775 764 1321 1320 
1016 1320 1321 769 1322 
1017 1312 1320 1322 755 
1018 764 791 1323 1321 
1019 791 742 1324 1323 
1020 1323 1324 770 1325 
1021 1321 1323 1325 769 
1022 38 1327 1326 1052 
1023 1327 777 1328 1326 
1024 1326 1328 776 818 
1025 1052 1326 818 237 
1026 777 1330 1329 1328 
1027 1330 231 1331 1329 
1028 1329 1331 778 859 
1029 1328 1329 859 776 
1030 235 1333 1332 1301 
1031 1333 781 1334 1332 
1032 1332 1334 780 806 
1033 1301 1332 806 741 
1034 781 1336 1335 1334 
1035 1336 237 1337 1335 
1036 1335 1337 782 822 
1037 1334 1335 822 780 
1038 739 1339 1338 1319 
1039 1339 785 1340 1338 
1040 1338 1340 784 802 
1041 1319 1338 802 763 
1042 784 1342 1341 803 
1043 1342 786 813 1341 
1044 1341 813 238 1343 
1045 803 1341 1343 787 
1046 742 804 1344 1324 
1047 804 787 1345 1344 
1048 1344 1345 798 1346 
1049 1324 1344 1346 770 
1050 787 1343 1347 1345 
1051 1343 238 1348 1347 
1052 1347 1348 799 1349 
1053 1345 1347 1349 798 
1054 238 816 1350 1348 
1055 816 808 1351 1350 
1056 1350 1351 809 1352 
1057 1348 1350 1352 799 
1058 808 828 1353 1351 
1059 828 783 1354 1353 
1060 1353 1354 810 1355 
1061 1351 1353 1355 809 
1062 237 1357 1356 1337 
1063 1357 818 1358 1356 
1064 1356 1358 817 840 
1065 1337 1356 840 782 
1066 818 1360 1359 1358 
1067 1360 776 1361 1359 
1068 1359 1361 819 863 
1069 1358 1359 863 817 
1070 783 838 1362 1354 
1071 838 824 1363 1362 
1072 1362 1363 832 1364 
1073 1354 1362 1364 810 
1074 824 846 1365 1363 
1075 846 12 1366 1365 
1076 1365 1366 833 1367 
1077 1363 1365 1367 832 
1078 12 853 1368 1366 
1079 853 842 1369 1368 
1080 1368 1369 847 1370 
1081 1366 1368 1370 833 
1082 842 869 1371 1369 
1083 869 820 1372 1371 
1084 1371 1372 848 1373 
1085 1369 1371 1373 847 
1086 231 1375 1374 1331 
1087 1375 855 1376 1374 
1088 1374 1376 854 899 
1089 1331 1374 899 778 
1090 855 1378 1377 1376 
1091 1378 233 1379 1377 
1092 1377 1379 856 929 
1093 1376 1377 929 854 
1094 776 1381 1380 1361 
1095 1381 859 1382 1380 
1096 1380 1382 858 884 
1097 1361 1380 884 819 
1098 859 1384 1383 1382 
1099 1384 778 1385 1383 
1100 1383 1385 860 903 
1101 1382 1383 903 858 
1102 820 882 1386 1372 
1103 882 865 1387 1386 
1104 1386 1387 876 1388 
1105 1372 1386 1388 848 
1106 865 890 1389 1387 
1107 890 779 1390 1389 
1108 1389 1390 877 1391 
1109 1387 1389 1391 876 
1110 779 897 1392 1390 
1111 897 886 1393 1392 
1112 1392 1393 891 1394 
1113 1390 1392 1394 877 
1114 886 909 1395 1393 
1115 909 861 1396 1395 
1116 1395 1396 892 1397 
1117 1393 1395 1397 891 
1118 778 1399 1398 1385 
1119 1399 899 1400 1398 
1120 1398 1400 898 921 
1121 1385 1398 921 860 
1122 899 1402 1401 1400 
1123 1402 854 1403 1401 
1124 1401 1403 900 933 
1125 1400 1401 933 898 
1126 861 919 1404 1396 
1127 919 905 1405 1404 
1128 1404 1405 913 1406 
1129 1396 1404 1406 892 
1130 905 927 1407 1405 
1131 927 234 1408 1407 
1132 1407 1408 914 1409 
1133 1405 1407 1409 913 
1134 904 1411 1410 926 
1135 1411 920 940 1410 
1136 1410 940 923 1412 
1137 926 1410 1412 234 
1138 854 1414 1413 1403 
1139 1414 929 1415 1413 
1140 1413 1415 928 955 
1141 1403 1413 955 900 
1142 929 1417 1416 1415 
1143 1417 856 1418 1416 
1144 1416 1418 930 970 
1145 1415 1416 970 928 
1146 234 1412 1419 1408 
1147 1412 923 1420 1419 
1148 1419 1420 936 1421 
1149 1408 1419 1421 914 
1150 923 943 1422 1420 
1151 943 901 1423 1422 
1152 1422 1423 937 1424 
1153 1420 1422 1424 936 
1154 901 953 1425 1423 
1155 953 935 1426 1425 
1156 1425 1426 947 1427 
1157 1423 1425 1427 937 
1158 935 961 1428 1426 
1159 961 857 1429 1428 
1160 1428 1429 948 1430 
1161 1426 1428 1430 947 
1162 857 968 1431 1429 
1163 968 957 1432 1431 
1164 1431 1432 962 1433 
1165 1429 1431 1433 948 
1166 957 976 1434 1432 
1167 976 931 1435 1434 
1168 1434 1435 963 1436 
1169 1432 1434 1436 962 
1170 931 983 1437 1435 
1171 983 972 1438 1437 
1172 1437 1438 977 1439 
1173 1435 1437 1439 963 
1174 972 987 1440 1438 
1175 987 8 1441 1440 
1176 1440 1441 978 1442 
1177 1438 1440 1442 977 
1178 1 1445 1443 1444 
1179 1445 30 992 1443 
1180 1443 992 28 174 
1181 1444 1443 174 29 
1182 28 1448 1446 1447 
1183 1448 46 998 1446 
1184 1446 998 44 177 
1185 1447 1446 177 45 
1186 44 1451 1449 1450 
1187 1451 62 1004 1449 
1188 1449 1004 60 180 
1189 1450 1449 180 61 
1190 60 1454 1452 1453 
1191 1454 78 1010 1452 
1192 1452 1010 76 183 
1193 1453 1452 183 77 
1194 76 1457 1455 1456 
1195 1457 94 1016 1455 
1196 1455 1016 92 186 
1197 1456 1455 186 93 
1198 92 1460 1458 1459 
1199 1460 110 1022 1458 
1200 1458 1022 108 189 
1201 1459 1458 189 109 
1202 108 1463 1461 1462 
1203 1463 126 1028 1461 
1204 1461 1028 124 192 
1205 1462 1461 192 125 
1206 133 1466 1464 1465 
1207 1466 116 1039 1464 
1208 1464 1039 134 1031 
1209 1465 1464 1031 131 
1210 189 1469 1467 1468 
1211 1469 108 1462 1467 
1212 1467 1462 125 211 
1213 1468 1467 211 187 
1214 255 1471 1470 1094 
1215 1471 286 1472 1470 
1216 1470 1472 284 302 
1217 1094 1470 302 285 
1218 286 1474 1473 1472 
1219 1474 257 1475 1473 
1220 1473 1475 287 310 
1221 1472 1473 310 284 
1222 257 1477 1476 1475 
1223 1477 306 1478 1476 
1224 1476 1478 305 329 
1225 1475 1476 329 287 
1226 306 1480 1479 1478 
1227 1480 277 1481 1479 
1228 1479 1481 307 500 
1229 1478 1479 500 305 
1230 258 1100 1482 1143 
1231 1100 304 1483 1482 
1232 1482 1483 316 1484 
1233 1143 1482 1484 317 
1234 304 324 1485 1483 
1235 324 288 1486 1485 
1236 1485 1486 318 1487 
1237 1483 1485 1487 316 
1238 289 1489 1488 1120 
1239 1489 474 1490 1488 
1240 1488 1490 473 1137 
1241 1120 1488 1137 421 
1242 474 1492 1491 1490 
1243 1492 285 1493 1491 
1244 1491 1493 301 484 
1245 1490 1491 484 473 
1246 277 1495 1494 1481 
1247 1495 496 1496 1494 
1248 1494 1496 495 522 
1249 1481 1494 522 307 
1250 496 1498 1497 1496 
1251 1498 279 1499 1497 
1252 1497 1499 497 530 
1253 1496 1497 530 495 
1254 587 1501 1500 1199 
1255 1501 561 1502 1500 
1256 1500 1502 588 1201 
1257 1199 1500 1201 586 
1258 561 1504 1503 1502 
1259 1504 615 1505 1503 
1260 1503 1505 614 626 
1261 1502 1503 626 588 
1262 615 1507 1506 1505 
1263 1507 563 1508 1506 
1264 1506 1508 616 634 
1265 1505 1506 634 614 
1266 563 1510 1509 1508 
1267 1510 630 1511 1509 
1268 1509 1511 629 641 
1269 1508 1509 641 616 
1270 630 1513 1512 1511 
1271 1513 610 1514 1512 
1272 1512 1514 631 661 
1273 1511 1512 661 629 
1274 610 1516 1515 1514 
1275 1516 657 1517 1515 
1276 1515 1517 656 1246 
1277 1514 1515 1246 631 
1278 657 1519 1518 1517 
1279 1519 612 1520 1518 
1280 1518 1520 658 682 
1281 1517 1518 682 656 
1282 612 1522 1521 1520 
1283 1522 674 1523 1521 
1284 1521 1523 673 689 
1285 1520 1521 689 658 
1286 674 1525 1524 1523 
1287 1525 652 1526 1524 
1288 1524 1526 675 1258 
1289 1523 1524 1258 673 
1290 652 1528 1527 1526 
1291 1528 697 1529 1527 
1292 1527 1529 696 708 
1293 1526 1527 708 675 
1294 697 1531 1530 1529 
1295 1531 654 1532 1530 
1296 1530 1532 698 716 
1297 1529 1530 716 696 
1298 654 1534 1533 1532 
1299 1534 712 1535 1533 
1300 1533 1535 711 1288 
1301 1532 1533 1288 698 
1302 712 1537 1536 1535 
1303 1537 692 1538 1536 
1304 1536 1538 713 736 
1305 1535 1536 736 711 
1306 785 1540 1539 1340 
1307 1540 741 1541 1539 
1308 1539 1541 786 1342 
1309 1340 1539 1342 784 
1310 741 1543 1542 1541 
1311 1543 806 1544 1542 
1312 1542 1544 805 814 
1313 1541 1542 814 786 
1314 806 1546 1545 1544 
1315 1546 780 1547 1545 
1316 1545 1547 807 826 
1317 1544 1545 826 805 
1318 780 1549 1548 1547 
1319 1549 822 1550 1548 
1320 1548 1550 821 836 
1321 1547 1548 836 807 
1322 822 1552 1551 1550 
1323 1552 782 1553 1551 
1324 1551 1553 823 844 
1325 1550 1551 844 821 
1326 782 1555 1554 1553 
1327 1555 840 1556 1554 
1328 1554 1556 839 851 
1329 1553 1554 851 823 
1330 840 1558 1557 1556 
1331 1558 817 1559 1557 
1332 1557 1559 841 867 
1333 1556 1557 867 839 
1334 817 1561 1560 1559 
1335 1561 863 1562 1560 
1336 1560 1562 862 880 
1337 1559 1560 880 841 
1338 863 1564 1563 1562 
1339 1564 819 1565 1563 
1340 1563 1565 864 888 
1341 1562 1563 888 862 
1342 819 1567 1566 1565 
1343 1567 884 1568 1566 
1344 1566 1568 883 895 
1345 1565 1566 895 864 
1346 884 1570 1569 1568 
1347 1570 858 1571 1569 
1348 1569 1571 885 907 
1349 1568 1569 907 883 
1350 858 1573 1572 1571 
1351 1573 903 1574 1572 
1352 1572 1574 902 917 
1353 1571 1572 917 885 
1354 903 1576 1575 1574 
1355 1576 860 1577 1575 
1356 1575 1577 904 925 
1357 1574 1575 925 902 
1358 860 1579 1578 1577 
1359 1579 921 1580 1578 
1360 1578 1580 920 1411 
1361 1577 1578 1411 904 
1362 921 1582 1581 1580 
1363 1582 898 1583 1581 
1364 1581 1583 922 941 
1365 1580 1581 941 920 
1366 898 1585 1584 1583 
1367 1585 933 1586 1584 
1368 1584 1586 932 951 
1369 1583 1584 951 922 
1370 933 1588 1587 1586 
1371 1588 900 1589 1587 
1372 1587 1589 934 959 
1373 1586 1587 959 932 
1374 900 1591 1590 1589 
1375 1591 955 1592 1590 
1376 1590 1592 954 966 
1377 1589 1590 966 934 
1378 955 1594 1593 1592 
1379 1594 928 1595 1593 
1380 1593 1595 956 974 
1381 1592 1593 974 954 
1382 928 1597 1596 1595 
1383 1597 970 1598 1596 
1384 1596 1598 969 981 
1385 1595 1596 981 956 
1386 970 1600 1599 1598 
1387 1600 930 1601 1599 
1388 1599 1601 971 985 
1389 1598 1599 985 969 
1390 124 1604 1602 1603 
1391 1604 133 1465 1602 
1392 1602 1465 131 199 
1393 1603 1602 199 132 
1394 192 1607 1605 1606 
1395 1607 124 1603 1605 
1396 1605 1603 132 208 
1397 1606 1605 208 190 
1398 285 1609 1608 1493 
1399 1609 302 1610 1608 
1400 1608 1610 300 1099 
1401 1493 1608 1099 301 
1402 302 1612 1611 1610 
1403 1612 284 1613 1611 
1404 1611 1613 303 322 
1405 1610 1611 322 300 
