2 0.000000 100.000000 5791.461216
1725 1501 
1 -147.787889 0.000000 -147.826199 99.099994 0.029013 13.524673 -0.000373 
2 154.271383 0.000000 -147.826199 99.093818 0.193158 13.627290 -0.000533 
3 154.271383 0.000000 147.829350 99.025063 -0.303779 13.758291 0.000465 
4 -147.787889 0.000000 147.829350 99.050811 -0.041428 13.529186 0.000590 
5 3.241747 0.000000 0.001576 105.342849 0.844918 -0.459171 -0.109804 
6 -147.787889 0.000000 0.001576 99.070753 -0.007734 13.496960 0.000282 
7 3.241747 0.000000 -147.826199 99.138003 0.019136 13.583316 -0.001285 
8 154.271383 0.000000 0.001576 98.996312 5.451309 14.166989 -0.003069 
9 3.241747 0.000000 147.829350 98.988345 -0.016903 13.627692 0.001559 
10 78.756565 0.000000 -73.912312 99.132055 0.179833 13.857532 -0.001923 
11 3.241747 0.000000 -73.912312 99.288005 0.112320 13.682215 -0.004532 
12 78.756565 0.000000 -147.826199 99.118889 0.171009 13.621659 -0.001013 
13 154.271383 0.000000 -73.912312 99.073073 0.469737 13.788890 -0.000583 
14 78.756565 0.000000 0.001576 99.058209 11.784578 13.571160 -0.013558 
15 -72.273071 0.000000 -73.912312 99.148398 0.016206 13.500393 -0.001267 
16 -147.787889 0.000000 -73.912312 99.096600 0.018433 13.508522 -0.000262 
17 -72.273071 0.000000 -147.826199 99.121926 0.060046 13.535994 -0.000838 
18 -72.273071 0.000000 0.001576 99.027259 -0.003632 13.404525 0.001392 
19 78.756565 0.000000 73.915463 98.833905 -0.493623 14.542872 0.002012 
20 3.241747 0.000000 73.915463 98.695136 -0.178459 13.921781 0.006542 
21 154.271383 0.000000 73.915463 98.876620 -1.571185 14.853263 0.000033 
22 78.756565 0.000000 147.829350 99.003114 -0.238508 13.706163 0.001047 
23 40.999156 0.000000 -36.955368 99.284999 1.039591 14.333866 -0.006405 
24 3.241747 0.000000 -36.955368 99.737873 0.602216 13.817729 -0.013894 
25 40.999156 0.000000 -73.912312 99.220668 0.172109 13.831635 -0.003608 
26 78.756565 0.000000 -36.955368 99.076703 0.860640 14.227466 -0.001935 
27 40.999156 0.000000 0.001576 99.303971 14.172491 10.353439 -0.016933 
28 -72.273071 0.000000 73.915463 98.958424 -0.014662 13.527003 0.002425 
29 -147.787889 0.000000 73.915463 99.048567 -0.032820 13.512620 0.000679 
30 -72.273071 0.000000 147.829350 99.019600 -0.079805 13.550080 0.001151 
31 -34.515662 0.000000 -36.955368 99.290315 0.075351 13.379323 -0.003758 
32 -72.273071 0.000000 -36.955368 99.128036 0.014660 13.441766 -0.000705 
33 -34.515662 0.000000 -73.912312 99.224187 0.044850 13.536303 -0.002867 
34 -34.515662 0.000000 0.001576 98.839627 -0.100920 13.063144 0.006007 
35 40.999156 0.000000 36.958519 98.183043 -4.207143 16.488992 0.007050 
36 3.241747 0.000000 36.958519 97.628657 -1.530156 14.765552 0.024828 
37 78.756565 0.000000 36.958519 98.540756 -6.947231 16.636025 -0.003530 
38 40.999156 0.000000 73.915463 98.742417 -0.344819 14.302044 0.004527 
39 22.120451 0.000000 -18.476896 100.220721 4.688052 15.206031 -0.029739 
40 3.241747 0.000000 -18.476896 101.507352 2.559209 13.366317 -0.048895 
41 22.120451 0.000000 -36.955368 99.559937 0.971084 14.243660 -0.011601 
42 40.999156 0.000000 -18.476896 99.169304 4.134808 14.609255 -0.006508 
43 22.120451 0.000000 0.001576 100.011993 16.219203 8.223288 -0.033308 
44 -34.515662 0.000000 36.958519 98.597164 -0.153298 13.507916 0.009611 
45 -72.273071 0.000000 36.958519 98.946371 -0.018002 13.465311 0.002830 
46 -34.515662 0.000000 73.915463 98.829047 -0.057157 13.618915 0.004734 
47 -15.636957 0.000000 -18.476896 99.897682 0.354303 12.526916 -0.013660 
48 -34.515662 0.000000 -18.476896 99.198239 0.030156 13.180883 -0.001403 
49 -15.636957 0.000000 -36.955368 99.524587 0.225620 13.444607 -0.008595 
50 -15.636957 0.000000 0.001576 98.557374 -0.683009 11.426177 0.015542 
51 22.120451 0.000000 18.480048 97.728400 -15.189114 9.296100 0.013203 
52 3.241747 0.000000 18.480048 95.767088 -7.334860 13.091129 0.060349 
53 40.999156 0.000000 18.480048 99.924868 -17.413461 3.220314 -0.029858 
54 22.120451 0.000000 36.958519 97.787431 -2.964186 15.901445 0.017598 
55 12.681099 0.000000 -9.237660 102.521453 9.836977 15.392400 -0.084434 
56 3.241747 0.000000 -9.237660 103.328330 4.463724 12.054195 -0.084197 
57 12.681099 0.000000 -18.476896 101.196568 4.142441 14.721619 -0.047463 
58 22.120451 0.000000 -9.237660 100.033165 10.694325 15.804919 -0.037080 
59 12.681099 0.000000 0.001576 104.927103 16.392135 4.984703 -0.130325 
60 -15.636957 0.000000 18.480048 97.289945 -1.209438 12.879936 0.036731 
61 -34.515662 0.000000 18.480048 98.557427 -0.194614 13.277786 0.011010 
62 -15.636957 0.000000 36.958519 98.112377 -0.521707 13.820585 0.018268 
63 -6.197605 0.000000 -9.237660 100.832889 0.679825 11.150893 -0.029208 
64 -15.636957 0.000000 -9.237660 99.532544 0.070907 11.806587 -0.004613 
65 -6.197605 0.000000 -18.476896 100.696731 1.034704 12.527976 -0.029785 
66 -6.197605 0.000000 0.001576 99.477753 -1.840678 10.044170 -0.000010 
67 12.681099 0.000000 9.240812 102.939085 -5.473804 -4.287190 -0.064480 
68 3.241747 0.000000 9.240812 100.268132 -9.106514 5.799241 -0.017026 
69 22.120451 0.000000 9.240812 100.813115 -2.226803 -8.009682 -0.023240 
70 12.681099 0.000000 18.480048 96.706463 -11.990859 11.632607 0.036876 
71 7.961423 0.000000 -4.618042 104.354070 11.161132 10.109876 -0.111655 
72 3.241747 0.000000 -4.618042 102.498331 5.579956 9.162692 -0.062100 
73 7.961423 0.000000 -9.237660 103.589827 7.724342 13.760203 -0.097986 
74 12.681099 0.000000 -4.618042 102.841678 13.955447 12.229162 -0.092072 
75 7.961423 0.000000 0.001576 111.685749 32.246609 -19.951348 -0.391161 
76 -6.197605 0.000000 9.240812 96.901240 -4.059760 10.749150 0.047812 
77 -15.636957 0.000000 9.240812 97.556920 -1.282592 11.968995 0.033775 
78 -6.197605 0.000000 18.480048 96.207919 -3.186213 13.014438 0.056451 
79 -1.477929 0.000000 -4.618042 101.473919 1.042332 9.999990 -0.039804 
80 -6.197605 0.000000 -4.618042 100.239642 -0.327135 10.439412 -0.015707 
81 -1.477929 0.000000 -9.237660 101.912632 1.849655 11.235868 -0.051585 
82 -1.477929 0.000000 0.001576 104.581616 -0.663088 4.764191 -0.096045 
83 7.961423 0.000000 4.621194 108.777504 -0.031342 -1.819333 -0.183586 
84 3.241747 0.000000 4.621194 107.245543 -5.519261 2.863373 -0.154027 
85 12.681099 0.000000 4.621194 105.799429 6.326837 -2.868310 -0.124178 
86 7.961423 0.000000 9.240812 102.980621 -8.587938 0.451500 -0.067896 
87 5.601585 0.000000 -2.308233 104.414039 9.035665 4.618883 -0.100527 
88 3.241747 0.000000 -2.308233 105.665606 1.712552 -3.949650 -0.118375 
89 5.601585 0.000000 -4.618042 103.817709 8.539514 9.190177 -0.093550 
90 7.961423 0.000000 -2.308233 105.665662 12.056550 6.069544 -0.134743 
91 5.601585 0.000000 0.001576 105.827319 2.260752 -6.992805 -0.125343 
92 -1.477929 0.000000 4.621194 101.175535 -5.223994 7.913502 -0.032640 
93 -6.197605 0.000000 4.621194 98.283141 -3.317559 10.016823 0.022908 
94 -1.477929 0.000000 9.240812 97.830647 -6.663821 9.270660 0.029881 
95 0.881909 0.000000 -2.308233 104.596925 -0.450103 3.102882 -0.095035 
96 -1.477929 0.000000 -2.308233 100.331369 0.024227 10.932045 -0.018589 
97 0.881909 0.000000 -4.618042 101.382848 2.965703 9.978231 -0.038684 
98 0.881909 0.000000 0.001576 104.818400 -0.101641 2.661892 -0.099399 
99 5.601585 0.000000 2.311385 110.251398 -0.531858 -0.695396 -0.215614 
100 3.241747 0.000000 2.311385 105.665606 1.712552 -3.949650 -0.118375 
101 7.961423 0.000000 2.311385 109.044265 3.131657 -0.323501 -0.190056 
102 5.601585 0.000000 4.621194 108.694707 -3.462949 -0.034011 -0.182653 
103 4.421666 0.000000 -1.153329 105.665606 1.712552 -3.949650 -0.118375 
104 3.241747 0.000000 -1.153329 105.214746 1.048731 -2.754666 -0.107883 
105 4.421666 0.000000 -2.308233 105.827319 2.260752 -6.992805 -0.125343 
106 5.601585 0.000000 -1.153329 105.827319 2.260752 -6.992805 -0.125343 
107 4.421666 0.000000 0.001576 105.665606 1.712552 -3.949650 -0.118375 
108 0.881909 0.000000 2.311385 104.596925 -0.450103 3.102882 -0.095035 
109 -1.477929 0.000000 2.311385 103.407359 -3.798124 9.684361 -0.080129 
110 0.881909 0.000000 4.621194 104.644445 -5.981120 6.162078 -0.102420 
111 2.061828 0.000000 -1.153329 105.175520 0.724860 -0.715981 -0.106293 
112 0.881909 0.000000 -1.153329 104.784441 -0.196675 3.050113 -0.098912 
113 2.061828 0.000000 -2.308233 104.912599 -0.048976 3.135324 -0.101649 
114 2.061828 0.000000 0.001576 105.193327 0.711563 -0.415155 -0.106631 
115 4.421666 0.000000 1.156480 105.665606 1.712552 -3.949650 -0.118375 
116 3.241747 0.000000 1.156480 105.214746 1.048731 -2.754666 -0.107883 
117 5.601585 0.000000 1.156480 105.827319 2.260752 -6.992805 -0.125343 
118 4.421666 0.000000 2.311385 105.827319 2.260752 -6.992805 -0.125343 
119 3.831707 0.000000 -0.575877 105.445477 1.355745 -3.206968 -0.113087 
120 3.241747 0.000000 -0.575877 105.175520 0.724860 -0.715981 -0.106293 
121 3.831707 0.000000 -1.153329 105.559994 1.530450 -3.533467 -0.115774 
122 4.421666 0.000000 -0.575877 105.665606 1.712552 -3.949650 -0.118375 
123 3.831707 0.000000 0.001576 105.578631 1.527441 -4.151038 -0.116641 
124 116.513974 0.000000 -36.955368 99.035270 0.676982 14.130722 -0.000812 
125 116.513974 0.000000 -73.912312 99.088282 0.164898 13.834426 -0.000991 
126 154.271383 0.000000 -36.955368 99.026957 0.537824 14.058930 -0.000428 
127 116.513974 0.000000 0.001576 99.006089 8.361330 14.080785 -0.007039 
128 59.877860 0.000000 -18.476896 99.052232 3.408293 14.444467 -0.003160 
129 59.877860 0.000000 -36.955368 99.140006 0.963263 14.288048 -0.003382 
130 78.756565 0.000000 -18.476896 99.015687 2.806438 14.376184 -0.001866 
131 59.877860 0.000000 0.001576 99.159268 13.102018 12.463277 -0.015956 
132 31.559804 0.000000 -9.237660 99.250820 9.956773 15.253357 -0.018253 
133 31.559804 0.000000 -18.476896 99.353395 4.481775 14.752709 -0.010883 
134 40.999156 0.000000 -9.237660 98.999402 9.064171 14.525014 -0.009402 
135 31.559804 0.000000 0.001576 99.375586 14.909872 9.485620 -0.018779 
136 17.400775 0.000000 -4.618042 101.153699 14.096282 14.233382 -0.063337 
137 17.400775 0.000000 -9.237660 101.025154 10.821748 15.839061 -0.057407 
138 22.120451 0.000000 -4.618042 99.813148 13.783631 14.270518 -0.035630 
139 17.400775 0.000000 0.001576 101.730575 17.005355 7.586244 -0.069584 
140 10.321261 0.000000 -2.308233 105.139716 14.150499 7.608995 -0.131249 
141 10.321261 0.000000 -4.618042 103.887221 12.995549 11.263982 -0.108832 
142 12.681099 0.000000 -2.308233 103.809224 15.369447 8.937941 -0.109246 
143 10.321261 0.000000 0.001576 106.576556 16.077111 4.053311 -0.163347 
144 6.781504 0.000000 -1.153329 106.355597 11.140338 2.419979 -0.144148 
145 6.781504 0.000000 -2.308233 105.354925 10.661394 5.270942 -0.124111 
146 7.961423 0.000000 -1.153329 106.611501 12.405482 3.599554 -0.153286 
147 6.781504 0.000000 0.001576 104.477402 2.857043 -17.461096 -0.122858 
148 5.011626 0.000000 -0.575877 105.754116 1.899823 -4.534844 -0.120811 
149 5.011626 0.000000 -1.153329 105.813878 2.084771 -5.467173 -0.123081 
150 5.601585 0.000000 -0.575877 105.827319 2.260752 -6.992805 -0.125343 
151 5.011626 0.000000 0.001576 105.754116 1.899823 -4.534844 -0.120811 
152 2.061828 0.000000 1.156480 105.175520 0.724860 -0.715981 -0.106293 
153 0.881909 0.000000 1.156480 104.784441 -0.196675 3.050113 -0.098912 
154 2.061828 0.000000 2.311385 104.912599 -0.048976 3.135324 -0.101649 
155 3.831707 0.000000 0.579028 105.445477 1.355745 -3.206968 -0.113087 
156 3.241747 0.000000 0.579028 105.175520 0.724860 -0.715981 -0.106293 
157 4.421666 0.000000 0.579028 105.665606 1.712552 -3.949650 -0.118375 
158 3.831707 0.000000 1.156480 105.559994 1.530450 -3.533467 -0.115774 
159 4.126686 0.000000 -0.287150 105.559994 1.530450 -3.533467 -0.115774 
160 3.831707 0.000000 -0.287150 105.445477 1.355745 -3.206968 -0.113087 
161 4.126686 0.000000 -0.575877 105.559994 1.530450 -3.533467 -0.115774 
162 4.421666 0.000000 -0.287150 105.665606 1.712552 -3.949650 -0.118375 
163 4.126686 0.000000 0.001576 105.257055 1.771047 -6.264720 -0.112143 
164 2.651788 0.000000 0.579028 105.175520 0.724860 -0.715981 -0.106293 
165 2.061828 0.000000 0.579028 105.175520 0.724860 -0.715981 -0.106293 
166 2.651788 0.000000 0.001576 105.237489 0.758640 -0.226803 -0.107556 
167 2.651788 0.000000 1.156480 105.175520 0.724860 -0.715981 -0.106293 
168 3.536727 0.000000 0.290302 105.333161 1.111869 -2.581764 -0.110298 
169 3.241747 0.000000 0.290302 105.252867 0.780934 -0.466532 -0.107899 
170 3.536727 0.000000 0.001576 105.429110 1.194935 -2.823904 -0.112470 
171 3.831707 0.000000 0.290302 105.445477 1.355745 -3.206968 -0.113087 
172 3.536727 0.000000 0.579028 105.329173 1.195212 -2.945175 -0.110434 
173 -110.030480 0.000000 36.958519 99.029145 -0.002395 13.489768 0.001125 
174 -147.787889 0.000000 36.958519 99.056213 -0.022136 13.502392 0.000555 
175 -110.030480 0.000000 0.001576 99.059999 0.001508 13.474527 0.000555 
176 -110.030480 0.000000 73.915463 99.020582 -0.003544 13.513344 0.001231 
177 -53.394366 0.000000 18.480048 98.866935 -0.045943 13.369919 0.004657 
178 -72.273071 0.000000 18.480048 98.973650 -0.013515 13.426529 0.002394 
179 -53.394366 0.000000 0.001576 98.978468 -0.019308 13.311116 0.002608 
180 -53.394366 0.000000 36.958519 98.836061 -0.049978 13.459571 0.005027 
181 -25.076310 0.000000 9.240812 98.352722 -0.425173 12.948404 0.015890 
182 -34.515662 0.000000 9.240812 98.657486 -0.167112 13.140854 0.009399 
183 -25.076310 0.000000 0.001576 98.700253 -0.251421 12.722273 0.009634 
184 -25.076310 0.000000 18.480048 98.206118 -0.445727 13.235865 0.018017 
185 -10.917281 0.000000 4.621194 97.879478 -1.946193 10.807202 0.029902 
186 -15.636957 0.000000 4.621194 97.995475 -1.062775 11.589330 0.026144 
187 -10.917281 0.000000 0.001576 98.758134 -1.167700 10.673694 0.013154 
188 -10.917281 0.000000 9.240812 97.129610 -2.323294 11.455366 0.042922 
189 -3.837767 0.000000 2.311385 100.219188 -3.245324 9.406461 -0.014290 
190 -6.197605 0.000000 2.311385 98.966648 -2.651062 9.942649 0.009972 
191 -3.837767 0.000000 0.001576 100.516315 -2.015377 9.902053 -0.020564 
192 -3.837767 0.000000 4.621194 99.319448 -4.280785 9.217510 0.003236 
193 -0.298010 0.000000 1.156480 104.596925 -0.450103 3.102882 -0.095035 
194 -1.477929 0.000000 1.156480 104.714563 -0.686195 5.971600 -0.100127 
195 -0.298010 0.000000 0.001576 104.596925 -0.450103 3.102882 -0.095035 
196 -0.298010 0.000000 2.311385 104.581616 -0.663088 4.764191 -0.096045 
197 1.471868 0.000000 0.579028 105.195581 0.262455 2.523840 -0.107255 
198 0.881909 0.000000 0.579028 104.912599 -0.048976 3.135324 -0.101649 
199 1.471868 0.000000 0.001576 105.163840 0.256045 2.284914 -0.106472 
200 1.471868 0.000000 1.156480 105.060006 0.105554 3.006989 -0.104666 
201 2.651788 0.000000 -0.575877 105.175520 0.724860 -0.715981 -0.106293 
202 2.061828 0.000000 -0.575877 105.175520 0.724860 -0.715981 -0.106293 
203 2.651788 0.000000 -1.153329 105.175520 0.724860 -0.715981 -0.106293 
204 2.356808 0.000000 0.290302 105.198638 0.733976 -0.501922 -0.106754 
205 2.061828 0.000000 0.290302 105.193327 0.711563 -0.415155 -0.106631 
206 2.356808 0.000000 0.001576 105.237489 0.758640 -0.226803 -0.107556 
207 2.651788 0.000000 0.290302 105.237489 0.758640 -0.226803 -0.107556 
208 2.356808 0.000000 0.579028 105.175520 0.724860 -0.715981 -0.106293 
209 -110.030480 0.000000 -36.955368 99.094768 0.005615 13.482916 -0.000156 
210 -147.787889 0.000000 -36.955368 99.086359 0.006972 13.499900 -0.000035 
211 -110.030480 0.000000 -73.912312 99.111703 0.007013 13.503381 -0.000547 
212 -53.394366 0.000000 -18.476896 99.107026 0.013341 13.336307 -0.000006 
213 -72.273071 0.000000 -18.476896 99.086546 0.007434 13.412462 0.000196 
214 -53.394366 0.000000 -36.955368 99.177023 0.029818 13.408177 -0.001586 
215 -25.076310 0.000000 -9.237660 99.077102 -0.031612 12.840615 0.001885 
216 -34.515662 0.000000 -9.237660 99.039524 -0.021862 13.082272 0.002003 
217 -25.076310 0.000000 -18.476896 99.315947 0.091008 13.042911 -0.003378 
218 -10.917281 0.000000 -4.618042 99.525397 -0.327675 10.855177 -0.002325 
219 -15.636957 0.000000 -4.618042 99.107285 -0.263102 11.519442 0.004498 
220 -10.917281 0.000000 -9.237660 99.966667 0.281108 11.365089 -0.012258 
221 -3.837767 0.000000 -2.308233 100.580432 -0.829126 10.031573 -0.021774 
222 -6.197605 0.000000 -2.308233 99.871461 -1.024402 10.202262 -0.007944 
223 -3.837767 0.000000 -4.618042 100.799047 0.086948 10.228184 -0.026507 
224 -0.298010 0.000000 -1.153329 104.596925 -0.450103 3.102882 -0.095035 
225 -1.477929 0.000000 -1.153329 104.714563 -0.686195 5.971600 -0.100127 
226 -0.298010 0.000000 -2.308233 104.581616 -0.663088 4.764191 -0.096045 
227 1.471868 0.000000 -0.575877 105.195581 0.262455 2.523840 -0.107255 
228 0.881909 0.000000 -0.575877 104.912599 -0.048976 3.135324 -0.101649 
229 1.471868 0.000000 -1.153329 105.060006 0.105554 3.006989 -0.104666 
230 0.291949 0.000000 -0.575877 104.679020 -0.332848 2.979390 -0.096668 
231 -0.298010 0.000000 -0.575877 104.596925 -0.450103 3.102882 -0.095035 
232 0.291949 0.000000 -1.153329 104.679020 -0.332848 2.979390 -0.096668 
233 0.291949 0.000000 0.001576 104.627306 -0.282068 2.463668 -0.095302 
234 0.291949 0.000000 0.579028 104.784441 -0.196675 3.050113 -0.098912 
235 -0.298010 0.000000 0.579028 104.596925 -0.450103 3.102882 -0.095035 
236 0.291949 0.000000 1.156480 104.679020 -0.332848 2.979390 -0.096668 
237 0.586929 0.000000 -0.287150 104.784441 -0.196675 3.050113 -0.098912 
238 0.291949 0.000000 -0.287150 104.784441 -0.196675 3.050113 -0.098912 
239 0.586929 0.000000 -0.575877 104.784441 -0.196675 3.050113 -0.098912 
240 0.881909 0.000000 -0.287150 104.870463 -0.071158 2.875752 -0.100609 
241 0.586929 0.000000 0.001576 104.662006 -0.259006 2.530853 -0.096061 
242 -2.657848 0.000000 -1.153329 100.844977 -1.222319 10.277627 -0.027683 
243 -3.837767 0.000000 -1.153329 100.514818 -1.398361 10.004607 -0.020528 
244 -2.657848 0.000000 -2.308233 100.786956 -0.545160 10.101028 -0.026034 
245 -2.657848 0.000000 0.001576 101.217570 -1.982141 10.266217 -0.035432 
246 -0.887970 0.000000 -0.575877 104.545411 -0.545030 3.441594 -0.094188 
247 -1.477929 0.000000 -0.575877 104.581616 -0.663088 4.764191 -0.096045 
248 -0.887970 0.000000 -1.153329 104.534731 -0.617790 3.979828 -0.094373 
249 -0.887970 0.000000 0.001576 104.545411 -0.545030 3.441594 -0.094188 
250 -0.003030 0.000000 -0.287150 104.679020 -0.332848 2.979390 -0.096668 
251 -0.298010 0.000000 -0.287150 104.596925 -0.450103 3.102882 -0.095035 
252 -0.003030 0.000000 -0.575877 104.679020 -0.332848 2.979390 -0.096668 
253 -0.003030 0.000000 0.001576 104.766629 -0.396749 3.848098 -0.099101 
254 0.586929 0.000000 0.290302 104.784441 -0.196675 3.050113 -0.098912 
255 0.291949 0.000000 0.290302 104.784441 -0.196675 3.050113 -0.098912 
256 0.881909 0.000000 0.290302 104.870463 -0.071158 2.875752 -0.100609 
257 0.586929 0.000000 0.579028 104.784441 -0.196675 3.050113 -0.098912 
258 0.439439 0.000000 -0.142787 104.662006 -0.259006 2.530853 -0.096061 
259 0.291949 0.000000 -0.142787 104.704584 -0.240058 2.752242 -0.097068 
260 0.439439 0.000000 -0.287150 104.784441 -0.196675 3.050113 -0.098912 
261 0.586929 0.000000 -0.142787 104.730733 -0.221289 2.781518 -0.097631 
262 0.439439 0.000000 0.001576 104.662006 -0.259006 2.530853 -0.096061 
263 -2.657848 0.000000 1.156480 101.510738 -2.766761 9.810964 -0.040834 
264 -3.837767 0.000000 1.156480 100.458452 -2.643250 9.676649 -0.019252 
265 -2.657848 0.000000 2.311385 101.336846 -3.513697 9.208489 -0.036630 
266 -0.887970 0.000000 0.579028 104.545411 -0.545030 3.441594 -0.094188 
267 -1.477929 0.000000 0.579028 104.581616 -0.663088 4.764191 -0.096045 
268 -0.887970 0.000000 1.156480 104.534731 -0.617790 3.979828 -0.094373 
269 -0.003030 0.000000 0.290302 104.679020 -0.332848 2.979390 -0.096668 
270 -0.298010 0.000000 0.290302 104.596925 -0.450103 3.102882 -0.095035 
271 -0.003030 0.000000 0.579028 104.679020 -0.332848 2.979390 -0.096668 
272 0.144460 0.000000 0.145939 104.679020 -0.332848 2.979390 -0.096668 
273 -0.003030 0.000000 0.145939 104.679020 -0.332848 2.979390 -0.096668 
274 0.144460 0.000000 0.001576 104.599786 -0.410756 2.111543 -0.094574 
275 0.291949 0.000000 0.145939 104.704584 -0.240058 2.752242 -0.097068 
276 0.144460 0.000000 0.290302 104.679020 -0.332848 2.979390 -0.096668 
277 -0.592990 0.000000 0.290302 104.596925 -0.450103 3.102882 -0.095035 
278 -0.887970 0.000000 0.290302 104.545411 -0.545030 3.441594 -0.094188 
279 -0.592990 0.000000 0.001576 104.596925 -0.450103 3.102882 -0.095035 
280 -0.592990 0.000000 0.579028 104.596925 -0.450103 3.102882 -0.095035 
281 -0.150520 0.000000 0.145939 104.679020 -0.332848 2.979390 -0.096668 
282 -0.298010 0.000000 0.145939 104.596925 -0.450103 3.102882 -0.095035 
283 -0.150520 0.000000 0.001576 104.679020 -0.332848 2.979390 -0.096668 
284 -0.150520 0.000000 0.290302 104.679020 -0.332848 2.979390 -0.096668 
285 0.144460 0.000000 -0.142787 104.679020 -0.332848 2.979390 -0.096668 
286 -0.003030 0.000000 -0.142787 104.679020 -0.332848 2.979390 -0.096668 
287 0.144460 0.000000 -0.287150 104.679020 -0.332848 2.979390 -0.096668 
288 0.070715 0.000000 0.073757 104.682039 -0.377413 2.393763 -0.096420 
289 -0.003030 0.000000 0.073757 104.679020 -0.332848 2.979390 -0.096668 
290 0.070715 0.000000 0.001576 104.599786 -0.410756 2.111543 -0.094574 
291 0.144460 0.000000 0.073757 104.599786 -0.410756 2.111543 -0.094574 
292 0.070715 0.000000 0.145939 104.679020 -0.332848 2.979390 -0.096668 
293 3.536727 0.000000 -0.287150 105.214746 1.048731 -2.754666 -0.107883 
294 3.241747 0.000000 -0.287150 105.252867 0.780934 -0.466532 -0.107899 
295 3.536727 0.000000 -0.575877 105.329173 1.195212 -2.945175 -0.110434 
296 116.513974 0.000000 36.958519 98.812977 -11.174101 15.229566 -0.012080 
297 154.271383 0.000000 36.958519 99.605334 -16.370847 9.588384 -0.028116 
298 116.513974 0.000000 73.915463 98.867011 -0.663080 14.738932 0.000764 
299 59.877860 0.000000 18.480048 101.227214 -15.295360 -3.632808 -0.049409 
300 78.756565 0.000000 18.480048 102.044244 -8.961064 -8.763580 -0.057013 
301 59.877860 0.000000 36.958519 98.415466 -5.447011 16.689226 0.000620 
302 31.559804 0.000000 9.240812 101.102695 0.637329 -7.998952 -0.028614 
303 40.999156 0.000000 9.240812 101.419654 3.756160 -6.883062 -0.034743 
304 31.559804 0.000000 18.480048 99.074891 -16.872644 6.323347 -0.014050 
305 17.400775 0.000000 4.621194 102.071366 8.666171 -1.479608 -0.049586 
306 22.120451 0.000000 4.621194 100.550556 8.658684 -1.040238 -0.018647 
307 17.400775 0.000000 9.240812 101.507437 -3.551042 -7.029524 -0.036578 
308 10.321261 0.000000 2.311385 107.407381 6.253603 0.586735 -0.157580 
309 12.681099 0.000000 2.311385 105.452600 8.102597 1.426600 -0.118794 
310 10.321261 0.000000 4.621194 107.632539 3.585563 -2.648288 -0.160463 
311 6.781504 0.000000 1.156480 109.030988 1.640222 -0.546627 -0.189075 
312 7.961423 0.000000 1.156480 108.373779 3.065605 0.442210 -0.175447 
313 6.781504 0.000000 2.311385 109.656889 1.281820 -0.656357 -0.202671 
314 5.011626 0.000000 0.579028 105.754116 1.899823 -4.534844 -0.120811 
315 5.601585 0.000000 0.579028 105.827319 2.260752 -6.992805 -0.125343 
316 5.011626 0.000000 1.156480 105.813878 2.084771 -5.467173 -0.123081 
317 4.126686 0.000000 0.290302 105.559994 1.530450 -3.533467 -0.115774 
318 4.421666 0.000000 0.290302 105.665606 1.712552 -3.949650 -0.118375 
319 4.126686 0.000000 0.579028 105.559994 1.530450 -3.533467 -0.115774 
320 3.979196 0.000000 -0.142787 105.445477 1.355745 -3.206968 -0.113087 
321 3.831707 0.000000 -0.142787 105.556054 1.439254 -3.457543 -0.115611 
322 3.979196 0.000000 -0.287150 105.445477 1.355745 -3.206968 -0.113087 
323 4.126686 0.000000 -0.142787 105.559994 1.530450 -3.533467 -0.115774 
324 3.979196 0.000000 0.001576 105.409626 1.568715 -5.021467 -0.113887 
325 4.716646 0.000000 -0.287150 105.754116 1.899823 -4.534844 -0.120811 
326 4.716646 0.000000 -0.575877 105.754116 1.899823 -4.534844 -0.120811 
327 5.011626 0.000000 -0.287150 105.754116 1.899823 -4.534844 -0.120811 
328 4.716646 0.000000 0.001576 105.665606 1.712552 -3.949650 -0.118375 
329 4.274176 0.000000 -0.142787 105.559994 1.530450 -3.533467 -0.115774 
330 4.274176 0.000000 -0.287150 105.559994 1.530450 -3.533467 -0.115774 
331 4.421666 0.000000 -0.142787 105.665606 1.712552 -3.949650 -0.118375 
332 4.274176 0.000000 0.001576 105.559994 1.530450 -3.533467 -0.115774 
333 3.979196 0.000000 0.145939 105.479150 1.458239 -3.979137 -0.114381 
334 3.831707 0.000000 0.145939 105.578631 1.527441 -4.151038 -0.116641 
335 4.126686 0.000000 0.145939 105.559994 1.530450 -3.533467 -0.115774 
336 3.979196 0.000000 0.290302 105.445477 1.355745 -3.206968 -0.113087 
337 4.052941 0.000000 -0.070606 105.502070 1.732050 -5.444757 -0.116333 
338 3.979196 0.000000 -0.070606 105.409626 1.568715 -5.021467 -0.113887 
339 4.052941 0.000000 -0.142787 105.559994 1.530450 -3.533467 -0.115774 
340 4.126686 0.000000 -0.070606 105.257055 1.771047 -6.264720 -0.112143 
341 4.052941 0.000000 0.001576 105.502070 1.732050 -5.444757 -0.116333 
342 9.141342 0.000000 1.156480 107.577720 3.543973 1.494437 -0.158776 
343 9.141342 0.000000 0.001576 107.579545 18.348534 3.017274 -0.191913 
344 10.321261 0.000000 1.156480 106.489961 2.377562 3.302755 -0.135667 
345 9.141342 0.000000 2.311385 108.317444 4.787691 0.114574 -0.175560 
346 9.141342 0.000000 -1.153329 106.360284 13.422994 4.640905 -0.151422 
347 9.141342 0.000000 -2.308233 105.546544 13.211160 6.859532 -0.136166 
348 10.321261 0.000000 -1.153329 105.874634 14.284250 5.461856 -0.144331 
349 8.551383 0.000000 0.579028 107.359441 -1.945888 0.783574 -0.153045 
350 7.961423 0.000000 0.579028 107.865622 0.182421 0.233025 -0.163508 
351 8.551383 0.000000 0.001576 109.028379 24.021278 0.157333 -0.246423 
352 9.141342 0.000000 0.579028 105.793496 -11.824214 3.419891 -0.134377 
353 8.551383 0.000000 1.156480 108.000622 3.476821 0.935477 -0.167710 
354 8.551383 0.000000 -0.575877 107.138179 13.976114 3.021319 -0.168305 
355 7.961423 0.000000 -0.575877 107.258256 13.921470 2.194048 -0.170295 
356 8.551383 0.000000 -1.153329 106.515406 12.965004 4.160186 -0.153093 
357 9.141342 0.000000 -0.575877 106.848704 14.098896 3.687457 -0.162902 
358 15.040937 0.000000 2.311385 103.299227 8.655717 3.313276 -0.075663 
359 15.040937 0.000000 0.001576 103.166458 17.013439 6.981914 -0.098152 
360 17.400775 0.000000 2.311385 101.732412 7.232948 4.475704 -0.042183 
361 15.040937 0.000000 4.621194 103.432210 8.013242 -1.659828 -0.076519 
362 11.501180 0.000000 1.156480 105.000379 -0.628500 8.251881 -0.109357 
363 11.501180 0.000000 0.001576 105.775093 16.048861 4.583099 -0.146694 
364 12.681099 0.000000 1.156480 102.459292 2.495156 22.831366 -0.102540 
365 11.501180 0.000000 2.311385 106.447031 7.342989 1.031928 -0.138595 
366 9.731302 0.000000 0.579028 88.264592 8.575975 75.863989 -0.361953 
367 9.731302 0.000000 0.001576 106.986446 16.647551 3.692533 -0.173688 
368 10.321261 0.000000 0.579028 105.420769 30.355584 13.098520 -0.220657 
369 9.731302 0.000000 1.156480 107.052065 3.237895 2.231975 -0.147561 
370 8.846362 0.000000 0.290302 124.873317 111.389469 -29.314686 -1.886031 
371 8.551383 0.000000 0.290302 111.111644 -35.731073 -18.875615 -0.397880 
372 8.846362 0.000000 0.001576 108.068204 20.332431 2.239844 -0.209716 
373 9.141342 0.000000 0.290302 108.416216 38.088583 4.887299 -0.322870 
374 8.846362 0.000000 0.579028 106.876014 -5.071269 1.392415 -0.145014 
375 15.040937 0.000000 -2.308233 102.577105 15.699018 11.146799 -0.089277 
376 15.040937 0.000000 -4.618042 102.234480 14.115920 13.949830 -0.084575 
377 17.400775 0.000000 -2.308233 101.344848 15.549740 11.676724 -0.064892 
378 11.501180 0.000000 -1.153329 105.203576 15.079624 6.169947 -0.133326 
379 11.501180 0.000000 -2.308233 104.535309 14.874084 8.307874 -0.121789 
380 12.681099 0.000000 -1.153329 104.407810 15.719368 6.810082 -0.119447 
381 9.731302 0.000000 -0.575877 106.553493 14.290574 4.169936 -0.157526 
382 9.731302 0.000000 -1.153329 106.144291 13.871264 5.086607 -0.148490 
383 10.321261 0.000000 -0.575877 106.233783 14.572984 4.564177 -0.151882 
384 9.436322 0.000000 0.290302 107.448163 26.517903 4.946655 -0.227278 
385 9.436322 0.000000 0.001576 107.228174 17.290640 3.436410 -0.180866 
386 9.731302 0.000000 0.290302 107.107113 22.188009 4.709488 -0.198642 
387 9.436322 0.000000 0.579028 101.473273 -28.223095 15.668751 -0.133888 
388 40.999156 0.000000 110.872407 98.921738 -0.075374 13.820478 0.002348 
389 3.241747 0.000000 110.872407 98.913557 -0.046159 13.704508 0.002829 
390 78.756565 0.000000 110.872407 98.951811 -0.102043 13.908654 0.001508 
391 40.999156 0.000000 147.829350 98.990058 -0.056906 13.678588 0.001386 
392 22.120451 0.000000 55.436991 98.411412 -0.733549 14.663505 0.009964 
393 3.241747 0.000000 55.436991 98.393345 -0.459506 14.195245 0.011703 
394 40.999156 0.000000 55.436991 98.533301 -1.000819 15.021152 0.006455 
395 22.120451 0.000000 73.915463 98.697605 -0.262979 14.125917 0.005917 
396 12.681099 0.000000 27.719283 96.545729 -5.323712 15.753393 0.040241 
397 3.241747 0.000000 27.719283 96.422034 -3.371597 14.853674 0.047079 
398 22.120451 0.000000 27.719283 97.403579 -7.058155 16.061030 0.020477 
399 12.681099 0.000000 36.958519 97.627942 -2.251332 15.382539 0.022709 
400 7.961423 0.000000 13.860430 98.113502 -11.945786 7.461611 0.017536 
401 3.241747 0.000000 13.860430 96.769252 -9.245417 10.251260 0.044515 
402 12.681099 0.000000 13.860430 98.929321 -13.477082 3.885323 0.001626 
403 7.961423 0.000000 18.480048 96.158206 -9.795101 12.599053 0.049892 
404 10.321261 0.000000 6.931003 106.488237 -1.671450 -4.142831 -0.135970 
405 7.961423 0.000000 6.931003 106.803273 -4.562173 -1.934203 -0.143149 
406 12.681099 0.000000 6.931003 104.521079 1.071860 -4.669553 -0.094761 
407 10.321261 0.000000 9.240812 103.318489 -7.100293 -2.153579 -0.072976 
408 9.141342 0.000000 3.466289 108.550448 3.662095 -1.208696 -0.179807 
409 7.961423 0.000000 3.466289 109.162690 1.827275 -1.154894 -0.192117 
410 10.321261 0.000000 3.466289 107.688053 5.404494 -1.132822 -0.162721 
411 9.141342 0.000000 4.621194 108.317434 1.851828 -2.330096 -0.174153 
412 8.551383 0.000000 1.733932 108.419994 4.143610 0.434568 -0.177225 
413 7.961423 0.000000 1.733932 108.778988 3.386358 0.087311 -0.184434 
414 9.141342 0.000000 1.733932 108.029575 4.800120 0.791297 -0.169406 
415 8.551383 0.000000 2.311385 108.699778 3.970411 -0.114036 -0.183142 
416 8.846362 0.000000 0.867754 107.470537 1.729587 1.453051 -0.155502 
417 8.551383 0.000000 0.867754 107.717804 2.150569 1.091289 -0.160894 
418 9.141342 0.000000 0.867754 107.175185 0.974429 1.937187 -0.149122 
419 8.846362 0.000000 1.156480 107.796741 3.558125 1.201449 -0.163424 
420 8.993852 0.000000 0.434665 103.843342 -43.255421 2.685599 -0.266168 
421 8.846362 0.000000 0.434665 106.201011 -22.105344 -0.504615 -0.176756 
422 8.993852 0.000000 0.290302 110.289130 54.834352 2.750577 -0.517806 
423 9.141342 0.000000 0.434665 80.565804 -117.778251 62.920708 -1.432158 
424 8.993852 0.000000 0.579028 106.468667 -7.760407 2.057881 -0.140004 
425 10.911221 0.000000 0.579028 105.996289 23.271408 7.661384 -0.183547 
426 10.911221 0.000000 0.001576 106.181965 15.965708 4.338432 -0.154834 
427 11.501180 0.000000 0.579028 105.765209 20.734057 6.254704 -0.165530 
428 10.911221 0.000000 1.156480 105.830127 1.034117 5.080261 -0.122689 
429 9.731302 0.000000 1.733932 107.570494 5.396967 1.166728 -0.160190 
430 10.321261 0.000000 1.733932 107.124430 5.824210 1.535784 -0.151192 
431 9.731302 0.000000 2.311385 107.857829 5.592102 0.357049 -0.166471 
432 10.026281 0.000000 0.867754 105.520383 -4.676807 6.280420 -0.119587 
433 9.731302 0.000000 0.867754 106.262053 -2.039936 3.901838 -0.131101 
434 10.026281 0.000000 0.579028 102.766648 38.924661 26.019500 -0.275313 
435 10.321261 0.000000 0.867754 104.344417 -7.909653 11.131517 -0.107423 
436 10.026281 0.000000 1.156480 106.781829 2.853901 2.689690 -0.141774 
437 11.501180 0.000000 3.466289 106.742745 6.783747 -0.993329 -0.144102 
438 12.681099 0.000000 3.466289 105.815452 7.798627 -0.775471 -0.125833 
439 11.501180 0.000000 4.621194 106.778545 5.069858 -2.816003 -0.143529 
440 10.911221 0.000000 1.733932 106.663462 6.129373 1.897552 -0.141826 
441 11.501180 0.000000 1.733932 106.186871 6.350064 2.279357 -0.132117 
442 10.911221 0.000000 2.311385 106.943471 6.821882 0.807006 -0.148410 
443 10.616241 0.000000 0.867754 102.578030 -9.191830 20.644571 -0.103294 
444 10.616241 0.000000 0.579028 105.941679 25.773170 9.280972 -0.197403 
445 10.911221 0.000000 0.867754 100.912661 -1.402444 32.727256 -0.125641 
446 10.616241 0.000000 1.156480 106.176481 1.746718 4.057203 -0.129296 
447 13.861018 0.000000 1.156480 102.396475 22.821951 19.781245 -0.139718 
448 13.861018 0.000000 0.001576 104.139177 16.691708 5.339701 -0.115209 
449 15.040937 0.000000 1.156480 102.641495 23.436415 10.970208 -0.120489 
450 13.861018 0.000000 2.311385 104.579147 8.452003 1.784132 -0.101142 
451 12.091140 0.000000 0.579028 105.412943 19.531075 5.638201 -0.152514 
452 12.091140 0.000000 0.001576 105.365866 16.190039 4.765977 -0.138680 
453 12.681099 0.000000 0.579028 105.101895 18.822342 5.343653 -0.142924 
454 12.091140 0.000000 1.156480 103.878447 -1.541955 14.095780 -0.099180 
455 11.206200 0.000000 0.867754 101.262760 14.376133 34.544072 -0.165411 
456 11.206200 0.000000 0.579028 105.915974 21.720613 6.765518 -0.173575 
457 11.501180 0.000000 0.867754 102.747673 23.476376 26.802704 -0.182661 
458 11.206200 0.000000 1.156480 105.451488 0.200721 6.410980 -0.116116 
459 12.091140 0.000000 1.733932 105.701047 6.456217 2.671602 -0.122153 
460 12.681099 0.000000 1.733932 105.300869 6.345045 3.111039 -0.113821 
461 12.091140 0.000000 2.311385 105.963154 7.750336 1.229845 -0.128977 
462 11.796160 0.000000 0.867754 103.768256 25.615355 19.613611 -0.180869 
463 11.796160 0.000000 0.579028 105.597911 20.033192 5.892011 -0.158696 
464 12.091140 0.000000 0.867754 104.256504 25.296168 14.934480 -0.173235 
465 11.796160 0.000000 1.156480 104.492902 -1.343374 10.736409 -0.103584 
466 13.861018 0.000000 -1.153329 103.656327 16.077710 7.342261 -0.105704 
467 13.861018 0.000000 -2.308233 103.126970 15.599162 9.452891 -0.096786 
468 15.040937 0.000000 -1.153329 102.959619 16.286922 9.103067 -0.094881 
469 13.271059 0.000000 0.579028 104.673718 18.485960 5.184304 -0.132520 
470 13.271059 0.000000 0.001576 104.586670 16.503413 5.151198 -0.123727 
471 13.861018 0.000000 0.579028 104.240228 18.287095 5.104006 -0.122649 
472 13.271059 0.000000 1.156480 101.911138 14.400250 26.171081 -0.127817 
473 12.386120 0.000000 0.867754 104.439981 24.407143 11.985996 -0.164708 
474 12.386120 0.000000 0.579028 105.212209 19.177843 5.468756 -0.146731 
475 12.681099 0.000000 0.867754 104.559864 23.402150 10.065498 -0.158174 
476 12.386120 0.000000 1.156480 103.176147 -0.566197 18.325683 -0.098147 
477 26.840128 0.000000 4.621194 100.247214 8.299276 -0.231227 -0.011844 
478 26.840128 0.000000 0.001576 99.533618 15.462543 8.868182 -0.022468 
479 31.559804 0.000000 4.621194 100.162678 7.237111 0.926745 -0.008580 
480 26.840128 0.000000 9.240812 100.894372 -0.895513 -8.213841 -0.024794 
481 19.760613 0.000000 2.311385 99.606222 2.420413 12.393135 -0.008085 
482 19.760613 0.000000 0.001576 100.605692 16.672324 7.838172 -0.046091 
483 22.120451 0.000000 2.311385 98.833714 24.231384 14.572327 -0.056762 
484 19.760613 0.000000 4.621194 101.111523 8.716426 -1.338164 -0.030131 
485 16.220856 0.000000 1.156480 102.159823 21.206999 7.519097 -0.094290 
486 16.220856 0.000000 0.001576 102.372895 17.079810 7.305164 -0.082529 
487 17.400775 0.000000 1.156480 101.657414 19.599403 6.327402 -0.075840 
488 16.220856 0.000000 2.311385 102.473747 8.302605 3.740686 -0.058379 
489 17.400775 0.000000 13.860430 99.081738 -14.060052 0.945321 -0.001577 
490 22.120451 0.000000 13.860430 99.379236 -14.354829 -1.278363 -0.008393 
491 17.400775 0.000000 18.480048 97.206535 -13.770793 10.481798 0.025139 
492 15.040937 0.000000 6.931003 103.143217 2.869676 -5.352092 -0.067540 
493 17.400775 0.000000 6.931003 101.995857 3.631012 -5.885399 -0.045098 
494 15.040937 0.000000 9.240812 102.191510 -4.177663 -5.867110 -0.049498 
495 13.861018 0.000000 3.466289 104.374075 8.697744 0.564348 -0.096992 
496 15.040937 0.000000 3.466289 103.473109 9.226029 0.738688 -0.079235 
497 13.861018 0.000000 4.621194 104.376504 7.302766 -1.704766 -0.095069 
498 14.450978 0.000000 1.733932 103.531781 5.329126 6.231135 -0.078606 
499 13.861018 0.000000 1.733932 104.273947 5.852567 4.198051 -0.092493 
500 14.450978 0.000000 1.156480 102.631322 24.264825 14.726970 -0.133885 
501 15.040937 0.000000 1.733932 102.947327 4.507685 7.455094 -0.067405 
502 14.450978 0.000000 2.311385 103.823013 8.608452 3.164149 -0.086334 
503 13.271059 0.000000 1.733932 104.792814 6.188967 3.595647 -0.103277 
504 13.271059 0.000000 2.311385 105.066596 8.266620 1.617895 -0.110994 
505 14.450978 0.000000 0.579028 103.726036 18.176900 6.543537 -0.113231 
506 14.450978 0.000000 0.001576 103.694294 16.846890 5.526638 -0.106687 
507 15.040937 0.000000 0.579028 103.310485 18.073462 6.341012 -0.103991 
508 14.155998 0.000000 1.445206 102.915724 1.480819 13.115448 -0.076585 
509 13.861018 0.000000 1.445206 103.411858 1.609354 10.783214 -0.081288 
510 14.155998 0.000000 1.156480 102.643532 24.049945 16.279886 -0.137913 
511 14.450978 0.000000 1.445206 102.161624 1.979559 17.275651 -0.073936 
512 14.155998 0.000000 1.733932 104.019636 5.590709 4.555369 -0.087209 
513 16.220856 0.000000 3.466289 102.608926 9.545112 0.879942 -0.062048 
514 17.400775 0.000000 3.466289 101.930768 9.629005 0.974218 -0.048355 
515 16.220856 0.000000 4.621194 102.662409 8.448375 -1.540780 -0.061332 
516 15.630897 0.000000 1.733932 102.128073 3.425121 9.606812 -0.053417 
517 15.630897 0.000000 1.156480 102.388008 22.300368 8.819350 -0.105839 
518 16.220856 0.000000 1.733932 101.021475 2.469850 13.915841 -0.040509 
519 15.630897 0.000000 2.311385 102.882996 8.544768 3.515089 -0.067028 
520 26.840128 0.000000 -4.618042 99.313946 13.338496 14.205462 -0.024297 
521 26.840128 0.000000 -9.237660 99.506062 10.367799 15.537480 -0.025036 
522 31.559804 0.000000 -4.618042 99.094183 12.930016 14.159496 -0.018733 
523 19.760613 0.000000 -2.308233 100.460969 15.302324 11.806753 -0.046597 
524 19.760613 0.000000 -4.618042 100.395908 14.014745 14.213751 -0.047778 
525 22.120451 0.000000 -2.308233 99.874786 14.960528 11.995364 -0.034268 
526 16.220856 0.000000 -1.153329 102.115013 16.371381 9.542480 -0.078656 
527 16.220856 0.000000 -2.308233 101.883649 15.671527 11.498504 -0.075809 
528 17.400775 0.000000 -1.153329 101.458285 16.289461 9.849361 -0.065614 
529 15.630897 0.000000 0.579028 102.818273 18.016184 6.391645 -0.093703 
530 15.630897 0.000000 0.001576 102.758268 17.070445 7.163136 -0.090197 
531 16.220856 0.000000 0.579028 102.431904 17.901537 6.431119 -0.085412 
532 15.335917 0.000000 1.445206 100.294768 12.024718 25.698635 -0.086405 
533 15.040937 0.000000 1.445206 100.826218 6.900602 23.915678 -0.078550 
534 15.335917 0.000000 1.156480 102.570680 22.849675 9.744429 -0.113781 
535 15.630897 0.000000 1.445206 100.012803 17.754385 24.840618 -0.093484 
536 15.335917 0.000000 1.733932 102.608780 3.978302 8.355609 -0.061420 
537 18.580694 0.000000 1.156480 101.169979 18.574903 5.877825 -0.061494 
538 18.580694 0.000000 0.001576 101.082288 16.866856 7.779308 -0.056264 
539 19.760613 0.000000 1.156480 100.722855 17.923275 5.680985 -0.049861 
540 18.580694 0.000000 2.311385 100.782864 5.003733 6.611204 -0.022593 
541 16.810816 0.000000 1.733932 99.320265 5.316815 21.702621 -0.036379 
542 16.810816 0.000000 1.156480 101.914067 20.309570 6.762225 -0.084468 
543 17.400775 0.000000 1.733932 98.376107 17.464605 24.782910 -0.059706 
544 16.810816 0.000000 2.311385 102.074149 7.891128 4.048744 -0.049779 
545 15.925877 0.000000 1.445206 100.164083 22.101767 21.589962 -0.098746 
546 15.925877 0.000000 1.156480 102.276175 21.731912 8.084764 -0.099806 
547 16.220856 0.000000 1.445206 100.500014 24.195263 17.619337 -0.099610 
548 15.925877 0.000000 1.733932 101.640836 2.827487 11.369508 -0.046812 
549 16.810816 0.000000 0.579028 102.073059 17.779998 6.486248 -0.077711 
550 16.810816 0.000000 0.001576 102.007486 17.064890 7.453976 -0.075230 
551 17.400775 0.000000 0.579028 101.751195 17.637247 6.536581 -0.070711 
552 19.760613 0.000000 6.931003 101.256787 4.267760 -5.840324 -0.030526 
553 22.120451 0.000000 6.931003 100.859014 4.680172 -5.689067 -0.022681 
554 19.760613 0.000000 9.240812 101.019326 -2.816049 -7.618121 -0.027087 
555 18.580694 0.000000 3.466289 101.382942 9.430225 0.911685 -0.036826 
556 19.760613 0.000000 3.466289 100.917926 9.261206 1.106309 -0.027142 
557 18.580694 0.000000 4.621194 101.477378 8.664193 -1.539268 -0.037510 
558 17.990735 0.000000 1.733932 99.373939 24.550718 16.620841 -0.075417 
559 17.990735 0.000000 1.156480 101.418308 19.021497 6.034415 -0.068390 
560 18.580694 0.000000 1.733932 100.274183 24.025420 10.404917 -0.074039 
561 17.990735 0.000000 2.311385 101.228598 6.309778 5.222692 -0.031432 
562 17.105796 0.000000 1.445206 101.151911 23.452044 9.890320 -0.087953 
563 16.810816 0.000000 1.445206 101.036507 24.176864 11.676407 -0.092923 
564 17.105796 0.000000 1.156480 101.786244 19.933548 6.514930 -0.080023 
565 17.400775 0.000000 1.445206 101.194175 22.676785 8.640868 -0.082916 
566 17.105796 0.000000 1.733932 98.551783 10.595769 24.997259 -0.044959 
567 24.480290 0.000000 2.311385 99.784436 19.943620 5.601409 -0.038606 
568 24.480290 0.000000 0.001576 99.699981 15.812968 8.561097 -0.026343 
569 26.840128 0.000000 2.311385 99.841934 17.660433 4.647822 -0.030190 
570 24.480290 0.000000 4.621194 100.323626 8.516256 -0.646319 -0.013777 
571 20.940532 0.000000 1.156480 100.465111 17.441714 5.773734 -0.043079 
572 20.940532 0.000000 0.001576 100.332600 16.433610 8.050176 -0.040150 
573 22.120451 0.000000 1.156480 100.202512 17.063192 5.892278 -0.036641 
574 20.940532 0.000000 2.311385 97.720515 11.336908 24.453196 -0.027578 
575 19.170654 0.000000 1.733932 100.506711 22.503686 7.959277 -0.067137 
576 19.170654 0.000000 1.156480 100.925657 18.205884 5.668313 -0.054957 
577 19.760613 0.000000 1.733932 100.477766 21.306651 6.756131 -0.059540 
578 19.170654 0.000000 2.311385 100.345417 3.528033 8.619913 -0.015595 
579 17.990735 0.000000 2.888837 101.573998 9.177847 2.362456 -0.040709 
580 17.400775 0.000000 2.888837 101.886944 9.356116 2.270958 -0.047364 
581 18.580694 0.000000 2.888837 101.288798 8.859369 2.380670 -0.034358 
582 17.990735 0.000000 3.466289 101.641100 9.598761 1.020697 -0.042409 
583 18.285715 0.000000 2.022659 98.661238 3.507695 18.326516 -0.008220 
584 17.990735 0.000000 2.022659 99.745562 2.508803 13.988695 -0.015115 
585 18.285715 0.000000 1.733932 99.818445 24.677576 12.932925 -0.073997 
586 18.580694 0.000000 2.022659 98.267322 7.545149 23.003578 -0.024256 
587 18.285715 0.000000 2.311385 100.987695 5.699009 5.841625 -0.026512 
588 50.438508 0.000000 9.240812 101.303388 6.163481 -4.545376 -0.032103 
589 50.438508 0.000000 0.001576 99.239227 13.636823 11.534358 -0.016743 
590 59.877860 0.000000 9.240812 101.061091 7.374871 -1.986294 -0.027168 
591 50.438508 0.000000 18.480048 100.614419 -16.912623 -0.212423 -0.040934 
592 36.279480 0.000000 4.621194 99.443167 1.543490 7.496674 0.005247 
593 36.279480 0.000000 0.001576 99.329726 14.500736 9.675144 -0.017027 
594 40.999156 0.000000 4.621194 99.991649 19.606731 4.361130 -0.040177 
595 36.279480 0.000000 9.240812 101.386870 2.255235 -7.802720 -0.034527 
596 29.199966 0.000000 2.311385 99.813696 16.637701 4.711116 -0.026178 
597 29.199966 0.000000 0.001576 99.429910 15.165086 9.177112 -0.020051 
598 31.559804 0.000000 2.311385 99.776828 16.087149 5.062290 -0.023984 
599 29.199966 0.000000 4.621194 100.206768 7.941033 0.254511 -0.010452 
600 50.438508 0.000000 -9.237660 98.984251 8.190599 14.386759 -0.007195 
601 50.438508 0.000000 -18.476896 99.093124 3.759647 14.507129 -0.004404 
602 59.877860 0.000000 -9.237660 99.000690 7.391846 14.306369 -0.006045 
603 36.279480 0.000000 -4.618042 98.969050 12.532484 13.730439 -0.014046 
604 36.279480 0.000000 -9.237660 99.019086 9.503303 14.637234 -0.010934 
605 40.999156 0.000000 -4.618042 98.967124 12.142040 13.826512 -0.013309 
606 33.919642 0.000000 2.311385 99.760602 15.742083 5.519972 -0.023046 
607 33.919642 0.000000 0.001576 99.333034 14.687043 9.792147 -0.017865 
608 36.279480 0.000000 2.311385 99.789264 15.504816 5.615410 -0.022983 
609 33.919642 0.000000 4.621194 100.061370 5.614623 2.239148 -0.004882 
610 45.718832 0.000000 4.621194 100.212807 16.232128 3.406693 -0.031769 
611 45.718832 0.000000 0.001576 99.274015 13.893971 10.974474 -0.016881 
612 50.438508 0.000000 4.621194 100.130063 15.507772 4.495818 -0.028673 
613 45.718832 0.000000 9.240812 101.385938 5.078606 -5.772511 -0.033822 
614 59.877860 0.000000 55.436991 98.638765 -1.248924 15.266891 0.003576 
615 78.756565 0.000000 55.436991 98.696234 -1.515117 15.466921 0.001753 
616 59.877860 0.000000 73.915463 98.794610 -0.419941 14.436095 0.003105 
617 50.438508 0.000000 27.719283 98.492249 -11.307422 15.175097 -0.005886 
618 40.999156 0.000000 27.719283 98.213147 -9.952989 15.776670 0.000621 
619 59.877860 0.000000 27.719283 98.750242 -12.663445 14.279448 -0.011588 
620 50.438508 0.000000 36.958519 98.317443 -4.806029 16.623505 0.003424 
621 45.718832 0.000000 13.860430 101.726868 -8.498577 -8.707675 -0.049641 
622 40.999156 0.000000 13.860430 101.469793 -10.353594 -7.798735 -0.046414 
623 50.438508 0.000000 13.860430 101.904147 -6.481308 -9.298158 -0.051292 
624 45.718832 0.000000 18.480048 100.291714 -17.289723 1.527323 -0.035970 
625 43.358994 0.000000 6.931003 100.815279 7.499826 -1.672810 -0.022277 
626 40.999156 0.000000 6.931003 100.842552 7.416494 -2.290136 -0.022947 
627 43.358994 0.000000 4.621194 100.195710 17.196219 3.224709 -0.034529 
628 45.718832 0.000000 6.931003 100.774446 7.396965 -1.017079 -0.021124 
629 43.358994 0.000000 9.240812 101.410129 4.444058 -6.347027 -0.034405 
630 97.635269 0.000000 18.480048 102.150228 -0.613508 -9.223205 -0.052011 
631 97.635269 0.000000 0.001576 99.016499 10.109265 13.971880 -0.010168 
632 116.513974 0.000000 18.480048 101.622624 5.747130 -5.224294 -0.038748 
633 97.635269 0.000000 36.958519 98.649039 -8.840051 16.236690 -0.007341 
634 69.317213 0.000000 9.240812 100.323928 2.933422 3.818686 -0.008808 
635 69.317213 0.000000 0.001576 99.103410 12.502322 13.132599 -0.015026 
636 78.756565 0.000000 9.240812 100.467161 16.371314 2.999893 -0.037067 
637 69.317213 0.000000 18.480048 101.710491 -12.592653 -6.635271 -0.054763 
638 55.158184 0.000000 4.621194 99.993724 15.157894 5.760506 -0.026169 
639 55.158184 0.000000 0.001576 99.191342 13.370198 12.032709 -0.016247 
640 59.877860 0.000000 4.621194 99.877374 14.884450 6.961401 -0.024550 
641 55.158184 0.000000 9.240812 101.179205 6.951918 -3.271440 -0.029626 
642 48.078670 0.000000 6.931003 100.708847 6.941662 -0.234006 -0.019051 
643 48.078670 0.000000 4.621194 100.181360 15.771581 3.898426 -0.030025 
644 50.438508 0.000000 6.931003 100.570942 5.669384 1.032043 -0.014772 
645 48.078670 0.000000 9.240812 101.349541 5.653566 -5.168876 -0.033041 
646 55.158184 0.000000 13.860430 101.998542 -4.395873 -9.548204 -0.051419 
647 59.877860 0.000000 13.860430 102.047791 -2.286244 -9.451226 -0.050830 
648 55.158184 0.000000 18.480048 100.941092 -16.237359 -1.944294 -0.045654 
649 52.798346 0.000000 6.931003 100.011859 2.133008 5.256287 -0.003455 
650 52.798346 0.000000 4.621194 100.057765 15.309425 5.129394 -0.027225 
651 55.158184 0.000000 6.931003 97.881421 17.064179 21.041788 -0.031472 
652 52.798346 0.000000 9.240812 101.237676 6.589161 -3.909691 -0.030777 
653 97.635269 0.000000 -18.476896 99.001323 2.328362 14.338219 -0.001227 
654 97.635269 0.000000 -36.955368 99.048373 0.763140 14.174967 -0.001209 
655 116.513974 0.000000 -18.476896 98.995262 1.948931 14.308266 -0.000859 
656 69.317213 0.000000 -9.237660 99.001797 6.641595 14.267473 -0.004903 
657 69.317213 0.000000 -18.476896 99.029285 3.090405 14.403983 -0.002382 
658 78.756565 0.000000 -9.237660 99.001082 5.959050 14.250745 -0.003981 
659 64.597536 0.000000 4.621194 99.754691 14.610594 8.037722 -0.022907 
660 64.597536 0.000000 0.001576 99.133419 12.820161 12.829193 -0.015638 
661 69.317213 0.000000 4.621194 99.643078 14.350215 8.986483 -0.021543 
662 64.597536 0.000000 9.240812 100.896152 6.984297 -0.544692 -0.022911 
663 57.518022 0.000000 6.931003 100.146733 20.153444 4.713343 -0.045775 
664 57.518022 0.000000 4.621194 99.942035 15.024698 6.375324 -0.025480 
665 59.877860 0.000000 6.931003 100.394124 17.345636 3.033139 -0.038905 
666 57.518022 0.000000 9.240812 101.128854 7.229371 -2.629801 -0.028622 
667 69.317213 0.000000 27.719283 98.997827 -14.044877 13.031239 -0.016764 
668 78.756565 0.000000 27.719283 99.271967 -15.375610 11.375660 -0.022074 
669 69.317213 0.000000 36.958519 98.485460 -6.154419 16.695669 -0.001601 
670 64.597536 0.000000 13.860430 102.028145 -0.263512 -9.029908 -0.049135 
671 69.317213 0.000000 13.860430 101.958846 1.617713 -8.314710 -0.046736 
672 64.597536 0.000000 18.480048 101.484999 -14.075992 -5.215861 -0.052454 
673 62.237698 0.000000 6.931003 100.394231 16.263145 3.143801 -0.035337 
674 62.237698 0.000000 4.621194 99.814703 14.746198 7.515931 -0.023691 
675 64.597536 0.000000 6.931003 100.341009 15.768207 3.629489 -0.033013 
676 62.237698 0.000000 9.240812 100.986656 7.339774 -1.315697 -0.025391 
677 88.195917 0.000000 9.240812 100.162622 15.184450 5.365165 -0.029190 
678 88.195917 0.000000 0.001576 99.030950 10.974997 13.831191 -0.011888 
679 97.635269 0.000000 9.240812 99.849398 14.644545 7.741879 -0.024430 
680 88.195917 0.000000 18.480048 102.193951 -4.789039 -9.666414 -0.055998 
681 74.036889 0.000000 4.621194 99.542597 14.106001 9.820109 -0.020414 
682 74.036889 0.000000 0.001576 99.078339 12.156661 13.377865 -0.014327 
683 78.756565 0.000000 4.621194 99.452618 13.873511 10.552684 -0.019466 
684 74.036889 0.000000 9.240812 100.109494 20.917219 5.519216 -0.048990 
685 66.957375 0.000000 6.931003 100.269345 15.497320 4.236706 -0.031206 
686 66.957375 0.000000 4.621194 99.697467 14.478380 8.527427 -0.022193 
687 69.317213 0.000000 6.931003 100.190748 15.315007 4.883281 -0.029658 
688 66.957375 0.000000 9.240812 100.752226 5.924350 0.602365 -0.018647 
689 74.036889 0.000000 13.860430 101.849282 3.302173 -7.355019 -0.043828 
690 78.756565 0.000000 13.860430 101.709638 4.748274 -6.211782 -0.040598 
691 74.036889 0.000000 18.480048 101.898564 -10.873509 -7.834669 -0.056293 
692 116.513974 0.000000 110.872407 98.974431 -0.188246 13.979318 0.000861 
693 154.271383 0.000000 110.872407 98.990793 -0.535779 13.997824 0.000460 
694 116.513974 0.000000 147.829350 99.015821 -0.273378 13.735108 0.000714 
695 97.635269 0.000000 55.436991 98.717380 -1.831431 15.662163 0.000622 
696 116.513974 0.000000 55.436991 98.716404 -2.224724 15.867386 -0.000165 
697 97.635269 0.000000 73.915463 98.857006 -0.572750 14.640003 0.001263 
698 88.195917 0.000000 27.719283 99.592269 -16.541285 9.256119 -0.027791 
699 97.635269 0.000000 27.719283 99.969097 -17.374642 6.646256 -0.033987 
700 88.195917 0.000000 36.958519 98.592224 -7.839286 16.492279 -0.005388 
701 83.476241 0.000000 13.860430 101.550552 5.926317 -4.953292 -0.037217 
702 83.476241 0.000000 9.240812 100.332794 15.525124 4.059960 -0.032418 
703 88.195917 0.000000 13.860430 101.382301 6.806602 -3.647925 -0.033801 
704 83.476241 0.000000 18.480048 102.143494 -6.911011 -9.382357 -0.056908 
705 76.396727 0.000000 11.550621 101.160203 7.338535 -2.184764 -0.029201 
706 74.036889 0.000000 11.550621 101.241116 7.163743 -2.836094 -0.030913 
707 76.396727 0.000000 9.240812 100.459913 17.620622 3.006651 -0.041172 
708 78.756565 0.000000 11.550621 101.075545 7.344884 -1.513292 -0.027250 
709 76.396727 0.000000 13.860430 101.782561 4.057091 -6.802192 -0.042242 
710 88.195917 0.000000 -9.237660 98.999097 5.345083 14.247335 -0.003238 
711 88.195917 0.000000 -18.476896 99.007007 2.553502 14.355364 -0.001498 
712 97.635269 0.000000 -9.237660 98.996475 4.797245 14.251386 -0.002642 
713 83.476241 0.000000 4.621194 99.372563 13.643386 11.194999 -0.018638 
714 83.476241 0.000000 0.001576 99.042621 11.389260 13.719724 -0.012739 
715 88.195917 0.000000 4.621194 99.302100 13.404790 11.754130 -0.017876 
716 135.392678 0.000000 18.480048 100.767074 5.233221 1.104934 -0.018261 
717 135.392678 0.000000 0.001576 99.001622 6.775283 14.124812 -0.004674 
718 154.271383 0.000000 18.480048 100.259701 15.282918 4.853760 -0.030913 
719 135.392678 0.000000 36.958519 99.105310 -13.840327 13.191505 -0.018743 
720 107.074622 0.000000 9.240812 99.602802 14.143142 9.600531 -0.021292 
721 107.074622 0.000000 0.001576 99.009528 9.226625 14.043436 -0.008524 
722 116.513974 0.000000 9.240812 99.412352 13.682595 11.029852 -0.019169 
723 107.074622 0.000000 18.480048 101.940189 3.029079 -7.604321 -0.045880 
724 92.915593 0.000000 13.860430 101.211592 7.314535 -2.339864 -0.030276 
725 92.915593 0.000000 9.240812 99.998004 14.911400 6.616972 -0.026573 
726 97.635269 0.000000 13.860430 101.026321 7.136093 -0.936874 -0.025812 
727 92.915593 0.000000 18.480048 102.195445 -2.666202 -9.609175 -0.054335 
728 85.836079 0.000000 11.550621 100.499982 3.654897 2.821383 -0.012156 
729 83.476241 0.000000 11.550621 100.841270 6.172027 0.287343 -0.020714 
730 85.836079 0.000000 9.240812 100.248353 15.335364 4.709664 -0.030709 
731 88.195917 0.000000 11.550621 98.343712 3.703069 18.639404 -0.003263 
732 85.836079 0.000000 13.860430 101.466997 6.406319 -4.302602 -0.035510 
733 92.915593 0.000000 4.621194 99.241039 13.148137 12.234759 -0.017135 
734 92.915593 0.000000 0.001576 99.022479 10.546653 13.912984 -0.011025 
735 97.635269 0.000000 4.621194 99.189160 12.866603 12.640885 -0.016383 
736 90.555755 0.000000 11.550621 99.958242 21.770575 6.846792 -0.051249 
737 90.555755 0.000000 9.240812 100.078636 15.046301 6.004728 -0.027818 
738 92.915593 0.000000 11.550621 100.476837 17.962326 3.074785 -0.042769 
739 90.555755 0.000000 13.860430 101.297196 7.116470 -2.994060 -0.032073 
740 107.074622 0.000000 27.719283 100.401284 -17.661292 3.583315 -0.040518 
741 116.513974 0.000000 27.719283 100.872202 -17.165310 0.206098 -0.046989 
742 107.074622 0.000000 36.958519 98.719725 -9.953332 15.831740 -0.009530 
743 102.354945 0.000000 13.860430 100.617466 4.274254 2.094002 -0.014653 
744 102.354945 0.000000 9.240812 99.718164 14.386758 8.732175 -0.022694 
745 107.074622 0.000000 13.860430 99.688426 22.552300 8.926269 -0.052607 
746 102.354945 0.000000 18.480048 102.062919 1.303460 -8.539370 -0.049146 
747 95.275431 0.000000 11.550621 100.502648 16.508385 2.907931 -0.038177 
748 95.275431 0.000000 9.240812 99.921501 14.777361 7.196583 -0.025447 
749 97.635269 0.000000 11.550621 100.448153 15.882980 3.326676 -0.035317 
750 95.275431 0.000000 13.860430 101.123548 7.355557 -1.670712 -0.028287 
751 135.392678 0.000000 -18.476896 98.993285 1.645892 14.279302 -0.000628 
752 135.392678 0.000000 -36.955368 99.029312 0.602297 14.092589 -0.000577 
753 154.271383 0.000000 -18.476896 98.993595 1.401812 14.249518 -0.000475 
754 107.074622 0.000000 -9.237660 98.993689 4.311003 14.258940 -0.002165 
755 107.074622 0.000000 -18.476896 98.997609 2.127820 14.322871 -0.001020 
756 116.513974 0.000000 -9.237660 98.991048 3.880792 14.267358 -0.001785 
757 102.354945 0.000000 4.621194 99.146065 12.556557 12.977154 -0.015602 
758 102.354945 0.000000 0.001576 99.012365 9.667736 14.013745 -0.009330 
759 107.074622 0.000000 4.621194 99.111121 12.217285 13.249483 -0.014783 
760 99.995107 0.000000 11.550621 100.369952 15.562546 3.916921 -0.033166 
761 99.995107 0.000000 9.240812 99.781676 14.514036 8.253251 -0.023516 
762 102.354945 0.000000 11.550621 100.283580 15.362156 4.565181 -0.031363 
763 99.995107 0.000000 13.860430 100.896525 6.387464 0.033155 -0.022091 
764 125.953326 0.000000 9.240812 99.267771 13.194112 12.111919 -0.017487 
765 125.953326 0.000000 0.001576 99.003829 7.538841 14.104519 -0.005753 
766 135.392678 0.000000 9.240812 99.163869 12.612131 12.888780 -0.015866 
767 125.953326 0.000000 18.480048 101.269622 7.262562 -2.601578 -0.031505 
768 111.794298 0.000000 13.860430 100.522109 16.668629 2.847577 -0.039065 
769 111.794298 0.000000 9.240812 99.501378 13.911194 10.362347 -0.020142 
770 116.513974 0.000000 13.860430 100.396142 15.604607 3.790365 -0.033726 
771 111.794298 0.000000 18.480048 101.790312 4.520511 -6.476941 -0.042365 
772 104.714783 0.000000 11.550621 100.195531 15.207647 5.224122 -0.029771 
773 104.714783 0.000000 9.240812 99.658625 14.263158 9.180593 -0.021956 
774 107.074622 0.000000 11.550621 100.109124 15.068641 5.869626 -0.028335 
775 104.714783 0.000000 13.860430 99.022102 0.989225 13.790150 0.000348 
776 135.392678 0.000000 55.436991 98.702707 -2.724021 16.083331 -0.000832 
777 154.271383 0.000000 55.436991 98.676949 -3.521437 16.342696 -0.001662 
778 135.392678 0.000000 73.915463 98.867522 -0.769660 14.846072 0.000421 
779 125.953326 0.000000 27.719283 101.346554 -15.684406 -3.216567 -0.052747 
780 135.392678 0.000000 27.719283 101.771635 -13.132437 -6.292238 -0.056952 
781 125.953326 0.000000 36.958519 98.938148 -12.483282 14.371852 -0.015114 
782 111.794298 0.000000 23.099665 102.087307 -9.297288 -8.688318 -0.058374 
783 107.074622 0.000000 23.099665 101.950225 -11.185070 -7.719269 -0.057854 
784 116.513974 0.000000 23.099665 102.182161 -7.263104 -9.353919 -0.058144 
785 111.794298 0.000000 27.719283 100.633653 -17.525429 1.920405 -0.043796 
786 109.434460 0.000000 16.170239 101.244659 7.290062 -2.475661 -0.030975 
787 107.074622 0.000000 16.170239 101.332215 7.070844 -3.131154 -0.032802 
788 109.434460 0.000000 13.860430 100.468401 18.370196 3.228933 -0.044179 
789 111.794298 0.000000 16.170239 101.155438 7.362347 -1.809321 -0.028990 
790 109.434460 0.000000 18.480048 101.868078 3.806225 -7.060620 -0.044145 
791 121.233650 0.000000 13.860430 100.220248 15.232153 5.095157 -0.030208 
792 121.233650 0.000000 9.240812 99.334702 13.446820 11.611248 -0.018302 
793 125.953326 0.000000 13.860430 100.047980 14.956607 6.370562 -0.027388 
794 121.233650 0.000000 18.480048 101.446681 6.681332 -3.915346 -0.035140 
795 114.154136 0.000000 16.170239 101.058972 7.198187 -1.091132 -0.026592 
796 114.154136 0.000000 13.860430 100.473245 15.957955 3.216090 -0.035987 
797 116.513974 0.000000 16.170239 100.936512 6.570940 -0.183692 -0.023139 
798 114.154136 0.000000 18.480048 101.708087 5.168506 -5.861897 -0.040561 
799 121.233650 0.000000 23.099665 102.231184 -5.146420 -9.688615 -0.057157 
800 125.953326 0.000000 23.099665 102.233152 -3.017490 -9.682587 -0.055448 
801 121.233650 0.000000 27.719283 101.111898 -16.557157 -1.521628 -0.050007 
802 118.873812 0.000000 16.170239 100.702307 4.795962 1.540900 -0.016633 
803 118.873812 0.000000 13.860430 100.309361 15.391322 4.434613 -0.031853 
804 121.233650 0.000000 16.170239 99.579798 0.634436 9.768173 -0.001196 
805 118.873812 0.000000 18.480048 101.535124 6.253021 -4.572805 -0.036939 
806 144.832030 0.000000 9.240812 99.095081 11.915115 13.403684 -0.014146 
807 144.832030 0.000000 0.001576 98.999107 6.078746 14.145469 -0.003787 
808 154.271383 0.000000 9.240812 99.053464 11.119235 13.716346 -0.012336 
809 144.832030 0.000000 18.480048 100.537500 17.068894 2.805419 -0.040701 
810 130.673002 0.000000 13.860430 99.892093 14.689437 7.523734 -0.025082 
811 130.673002 0.000000 9.240812 99.211025 12.917245 12.536190 -0.016684 
812 135.392678 0.000000 13.860430 99.754574 14.429883 8.540540 -0.023214 
813 130.673002 0.000000 18.480048 101.084656 7.248892 -1.232653 -0.027217 
814 123.593488 0.000000 16.170239 99.264981 22.822964 12.081321 -0.052038 
815 123.593488 0.000000 13.860430 100.132473 15.091774 5.745194 -0.028728 
816 125.953326 0.000000 16.170239 100.440101 18.854960 3.485504 -0.045587 
817 123.593488 0.000000 18.480048 101.358116 7.023467 -3.257823 -0.033341 
818 144.832030 0.000000 27.719283 102.086672 -9.622540 -8.571755 -0.058776 
819 154.271383 0.000000 27.719283 102.240352 -5.500331 -9.676656 -0.057698 
820 144.832030 0.000000 36.958519 99.324713 -15.173750 11.617923 -0.023062 
821 130.673002 0.000000 23.099665 102.189424 -0.947534 -9.345112 -0.053091 
822 135.392678 0.000000 23.099665 102.103881 0.996737 -8.704056 -0.050196 
823 130.673002 0.000000 27.719283 101.569037 -14.540677 -4.825778 -0.055099 
824 128.313164 0.000000 16.170239 100.532870 16.854024 2.813264 -0.039883 
825 128.313164 0.000000 13.860430 99.967730 14.822572 6.964294 -0.026176 
826 130.673002 0.000000 16.170239 100.491963 16.042463 3.119135 -0.036572 
827 128.313164 0.000000 18.480048 101.180004 7.363605 -1.937780 -0.029537 
828 140.112354 0.000000 13.860430 99.633949 14.184031 9.432120 -0.021708 
829 140.112354 0.000000 9.240812 99.125536 12.277655 13.175566 -0.015021 
830 144.832030 0.000000 13.860430 99.528110 13.950678 10.214160 -0.020480 
831 140.112354 0.000000 18.480048 98.677724 21.539782 16.412304 -0.047062 
832 133.032840 0.000000 16.170239 100.417049 15.650586 3.673470 -0.034202 
833 133.032840 0.000000 13.860430 99.821095 14.558194 8.048742 -0.024097 
834 135.392678 0.000000 16.170239 100.330610 15.422093 4.311712 -0.032266 
835 133.032840 0.000000 18.480048 100.968424 6.726266 -0.375192 -0.024001 
836 140.112354 0.000000 23.099665 101.982614 2.757873 -7.803587 -0.046896 
837 144.832030 0.000000 23.099665 101.833464 4.290880 -6.700753 -0.043337 
838 140.112354 0.000000 27.719283 101.946580 -11.480881 -7.558592 -0.058205 
839 137.752516 0.000000 16.170239 100.241019 15.257273 4.972600 -0.030577 
840 137.752516 0.000000 13.860430 99.692284 14.305133 9.000984 -0.022421 
841 140.112354 0.000000 16.170239 100.152358 15.115111 5.626295 -0.029062 
842 137.752516 0.000000 18.480048 99.970184 1.234366 6.944721 -0.004379 
843 149.551707 0.000000 23.099665 101.665479 5.563437 -5.461515 -0.039665 
844 149.551707 0.000000 18.480048 100.435054 15.700775 3.563241 -0.034641 
845 154.271383 0.000000 23.099665 101.488161 6.548823 -4.155199 -0.036000 
846 149.551707 0.000000 27.719283 102.185957 -7.608242 -9.287826 -0.058612 
847 142.472192 0.000000 20.789857 101.290567 7.231539 -2.721926 -0.031948 
848 140.112354 0.000000 20.789857 101.379571 6.973554 -3.378736 -0.033786 
849 142.472192 0.000000 18.480048 100.390058 19.430610 3.880517 -0.047077 
850 144.832030 0.000000 20.789857 101.200839 7.359273 -2.060195 -0.030001 
851 142.472192 0.000000 23.099665 101.910981 3.555180 -7.273503 -0.045139 
852 149.551707 0.000000 13.860430 99.435311 13.722252 10.899665 -0.019448 
853 149.551707 0.000000 9.240812 99.071431 11.527571 13.581159 -0.013248 
854 154.271383 0.000000 13.860430 99.354361 13.488376 11.497533 -0.018542 
855 147.191868 0.000000 20.789857 101.106602 7.289102 -1.365798 -0.027754 
856 147.191868 0.000000 18.480048 100.506950 16.137668 3.033124 -0.037127 
857 149.551707 0.000000 20.789857 100.995525 6.857336 -0.548433 -0.024742 
858 147.191868 0.000000 23.099665 101.751230 4.961346 -6.093836 -0.041506 
859 151.911545 0.000000 20.789857 100.818660 5.599733 0.750293 -0.019632 
860 151.911545 0.000000 18.480048 100.349430 15.454477 4.193598 -0.032644 
861 154.271383 0.000000 20.789857 100.235222 2.080465 5.025391 -0.007668 
862 151.911545 0.000000 23.099665 101.577412 6.093985 -4.812549 -0.037827 
863 4.716646 0.000000 0.290302 105.754116 1.899823 -4.534844 -0.120811 
864 5.011626 0.000000 0.290302 105.754116 1.899823 -4.534844 -0.120811 
865 4.716646 0.000000 0.579028 105.754116 1.899823 -4.534844 -0.120811 
866 4.274176 0.000000 0.145939 105.559994 1.530450 -3.533467 -0.115774 
867 4.421666 0.000000 0.145939 105.665606 1.712552 -3.949650 -0.118375 
868 4.274176 0.000000 0.290302 105.559994 1.530450 -3.533467 -0.115774 
869 4.200431 0.000000 -0.070606 105.319029 1.668922 -5.240656 -0.112235 
870 4.200431 0.000000 -0.142787 105.559994 1.530450 -3.533467 -0.115774 
871 4.274176 0.000000 -0.070606 105.559994 1.530450 -3.533467 -0.115774 
872 4.200431 0.000000 0.001576 105.319029 1.668922 -5.240656 -0.112235 
873 4.200431 0.000000 0.073757 105.559994 1.530450 -3.533467 -0.115774 
874 4.126686 0.000000 0.073757 105.470481 1.654448 -4.805827 -0.114986 
875 4.274176 0.000000 0.073757 105.559994 1.530450 -3.533467 -0.115774 
876 4.200431 0.000000 0.145939 105.559994 1.530450 -3.533467 -0.115774 
877 4.163559 0.000000 -0.034515 105.257055 1.771047 -6.264720 -0.112143 
878 4.126686 0.000000 -0.034515 105.257055 1.771047 -6.264720 -0.112143 
879 4.163559 0.000000 -0.070606 105.319029 1.668922 -5.240656 -0.112235 
880 4.200431 0.000000 -0.034515 105.319029 1.668922 -5.240656 -0.112235 
881 4.163559 0.000000 0.001576 105.257055 1.771047 -6.264720 -0.112143 
882 40.999156 0.000000 -110.869255 99.161855 0.055364 13.670640 -0.001996 
883 3.241747 0.000000 -110.869255 99.179563 0.039970 13.614367 -0.002194 
884 40.999156 0.000000 -147.826199 99.133208 0.121559 13.603238 -0.001246 
885 78.756565 0.000000 -110.869255 99.128858 0.062276 13.696932 -0.001414 
886 22.120451 0.000000 -55.433840 99.371003 0.328596 13.924607 -0.006860 
887 3.241747 0.000000 -55.433840 99.421905 0.230178 13.744805 -0.007369 
888 22.120451 0.000000 -73.912312 99.268172 0.148677 13.771818 -0.004386 
889 40.999156 0.000000 -55.433840 99.262489 0.375523 14.015180 -0.004961 
890 12.681099 0.000000 -27.716132 100.432454 1.759068 14.336713 -0.029531 
891 3.241747 0.000000 -27.716132 100.549368 1.231574 13.726871 -0.030012 
892 12.681099 0.000000 -36.955368 99.695018 0.819818 14.066568 -0.013764 
893 22.120451 0.000000 -27.716132 99.688710 1.974392 14.506454 -0.015217 
894 7.961423 0.000000 -13.857278 102.361857 5.137710 14.089856 -0.070287 
895 3.241747 0.000000 -13.857278 102.286459 3.279999 13.026109 -0.064296 
896 7.961423 0.000000 -18.476896 101.523671 3.447200 14.078588 -0.051715 
897 12.681099 0.000000 -13.857278 101.779214 6.629814 15.001391 -0.062800 
898 5.601585 0.000000 -6.927851 103.194227 7.488083 11.475858 -0.083682 
899 3.241747 0.000000 -6.927851 102.542040 5.243336 11.034347 -0.066412 
900 5.601585 0.000000 -9.237660 103.702476 6.154074 12.992104 -0.096087 
901 7.961423 0.000000 -6.927851 103.372232 9.553832 12.294083 -0.092824 
902 4.421666 0.000000 -3.463138 103.114184 7.202760 7.204035 -0.073631 
903 3.241747 0.000000 -3.463138 102.078682 5.538834 7.625944 -0.050889 
904 4.421666 0.000000 -4.618042 103.195037 7.055530 9.035094 -0.078063 
905 5.601585 0.000000 -3.463138 104.082115 8.853728 7.261022 -0.096420 
906 3.831707 0.000000 -1.730781 105.665606 1.712552 -3.949650 -0.118375 
907 3.241747 0.000000 -1.730781 105.445477 1.355745 -3.206968 -0.113087 
908 3.831707 0.000000 -2.308233 105.813878 2.084771 -5.467173 -0.123081 
909 4.421666 0.000000 -1.730781 105.754116 1.899823 -4.534844 -0.120811 
910 4.126686 0.000000 -0.864603 105.559994 1.530450 -3.533467 -0.115774 
911 3.831707 0.000000 -0.864603 105.445477 1.355745 -3.206968 -0.113087 
912 4.126686 0.000000 -1.153329 105.665606 1.712552 -3.949650 -0.118375 
913 4.421666 0.000000 -0.864603 105.665606 1.712552 -3.949650 -0.118375 
914 4.274176 0.000000 -0.431513 105.559994 1.530450 -3.533467 -0.115774 
915 4.126686 0.000000 -0.431513 105.559994 1.530450 -3.533467 -0.115774 
916 4.274176 0.000000 -0.575877 105.559994 1.530450 -3.533467 -0.115774 
917 4.421666 0.000000 -0.431513 105.665606 1.712552 -3.949650 -0.118375 
918 4.200431 0.000000 -0.214969 105.559994 1.530450 -3.533467 -0.115774 
919 4.126686 0.000000 -0.214969 105.559994 1.530450 -3.533467 -0.115774 
920 4.200431 0.000000 -0.287150 105.559994 1.530450 -3.533467 -0.115774 
921 4.274176 0.000000 -0.214969 105.559994 1.530450 -3.533467 -0.115774 
922 4.163559 0.000000 -0.106697 105.319029 1.668922 -5.240656 -0.112235 
923 4.126686 0.000000 -0.106697 105.319029 1.668922 -5.240656 -0.112235 
924 4.163559 0.000000 -0.142787 105.559994 1.530450 -3.533467 -0.115774 
925 4.200431 0.000000 -0.106697 105.559994 1.530450 -3.533467 -0.115774 
926 4.569156 0.000000 -0.142787 105.665606 1.712552 -3.949650 -0.118375 
927 4.569156 0.000000 -0.287150 105.665606 1.712552 -3.949650 -0.118375 
928 4.716646 0.000000 -0.142787 105.754116 1.899823 -4.534844 -0.120811 
929 4.569156 0.000000 0.001576 105.665606 1.712552 -3.949650 -0.118375 
930 4.347921 0.000000 -0.070606 105.665606 1.712552 -3.949650 -0.118375 
931 4.347921 0.000000 -0.142787 105.665606 1.712552 -3.949650 -0.118375 
932 4.421666 0.000000 -0.070606 105.665606 1.712552 -3.949650 -0.118375 
933 4.347921 0.000000 0.001576 105.665606 1.712552 -3.949650 -0.118375 
934 4.237304 0.000000 -0.034515 105.559994 1.530450 -3.533467 -0.115774 
935 4.237304 0.000000 -0.070606 105.559994 1.530450 -3.533467 -0.115774 
936 4.274176 0.000000 -0.034515 105.559994 1.530450 -3.533467 -0.115774 
937 4.237304 0.000000 0.001576 105.559994 1.530450 -3.533467 -0.115774 
938 4.181995 0.000000 -0.052560 105.319029 1.668922 -5.240656 -0.112235 
939 4.163559 0.000000 -0.052560 105.319029 1.668922 -5.240656 -0.112235 
940 4.181995 0.000000 -0.070606 105.319029 1.668922 -5.240656 -0.112235 
941 4.200431 0.000000 -0.052560 105.319029 1.668922 -5.240656 -0.112235 
942 4.181995 0.000000 -0.034515 105.319029 1.668922 -5.240656 -0.112235 
943 4.237304 0.000000 -0.106697 105.559994 1.530450 -3.533467 -0.115774 
944 4.237304 0.000000 -0.142787 105.559994 1.530450 -3.533467 -0.115774 
945 4.274176 0.000000 -0.106697 105.559994 1.530450 -3.533467 -0.115774 
946 4.218867 0.000000 -0.052560 105.319029 1.668922 -5.240656 -0.112235 
947 4.218867 0.000000 -0.070606 105.559994 1.530450 -3.533467 -0.115774 
948 4.237304 0.000000 -0.052560 105.559994 1.530450 -3.533467 -0.115774 
949 4.218867 0.000000 -0.034515 105.319029 1.668922 -5.240656 -0.112235 
950 4.052941 0.000000 0.073757 105.502070 1.732050 -5.444757 -0.116333 
951 3.979196 0.000000 0.073757 105.409626 1.568715 -5.021467 -0.113887 
952 4.052941 0.000000 0.145939 105.559994 1.530450 -3.533467 -0.115774 
953 4.163559 0.000000 0.037666 105.319029 1.668922 -5.240656 -0.112235 
954 4.126686 0.000000 0.037666 105.257055 1.771047 -6.264720 -0.112143 
955 4.200431 0.000000 0.037666 105.559994 1.530450 -3.533467 -0.115774 
956 4.163559 0.000000 0.073757 105.559994 1.530450 -3.533467 -0.115774 
957 4.181995 0.000000 -0.016470 105.319029 1.668922 -5.240656 -0.112235 
958 4.163559 0.000000 -0.016470 105.257055 1.771047 -6.264720 -0.112143 
959 4.200431 0.000000 -0.016470 105.319029 1.668922 -5.240656 -0.112235 
960 4.181995 0.000000 0.001576 105.319029 1.668922 -5.240656 -0.112235 
961 4.191213 0.000000 -0.043538 105.319029 1.668922 -5.240656 -0.112235 
962 4.181995 0.000000 -0.043538 105.319029 1.668922 -5.240656 -0.112235 
963 4.191213 0.000000 -0.052560 105.319029 1.668922 -5.240656 -0.112235 
964 4.200431 0.000000 -0.043538 105.319029 1.668922 -5.240656 -0.112235 
965 4.191213 0.000000 -0.034515 105.319029 1.668922 -5.240656 -0.112235 
966 4.569156 0.000000 0.145939 105.665606 1.712552 -3.949650 -0.118375 
967 4.716646 0.000000 0.145939 105.754116 1.899823 -4.534844 -0.120811 
968 4.569156 0.000000 0.290302 105.665606 1.712552 -3.949650 -0.118375 
969 4.347921 0.000000 0.073757 105.665606 1.712552 -3.949650 -0.118375 
970 4.421666 0.000000 0.073757 105.665606 1.712552 -3.949650 -0.118375 
971 4.347921 0.000000 0.145939 105.665606 1.712552 -3.949650 -0.118375 
972 4.311049 0.000000 -0.034515 105.559994 1.530450 -3.533467 -0.115774 
973 4.311049 0.000000 -0.070606 105.559994 1.530450 -3.533467 -0.115774 
974 4.347921 0.000000 -0.034515 105.665606 1.712552 -3.949650 -0.118375 
975 4.311049 0.000000 0.001576 105.559994 1.530450 -3.533467 -0.115774 
976 4.495411 0.000000 -0.070606 105.665606 1.712552 -3.949650 -0.118375 
977 4.495411 0.000000 -0.142787 105.665606 1.712552 -3.949650 -0.118375 
978 4.569156 0.000000 -0.070606 105.665606 1.712552 -3.949650 -0.118375 
979 4.495411 0.000000 0.001576 105.665606 1.712552 -3.949650 -0.118375 
980 6.191545 0.000000 -0.575877 105.522064 2.582777 -11.884892 -0.128283 
981 6.191545 0.000000 -1.153329 105.522064 2.582777 -11.884892 -0.128283 
982 6.781504 0.000000 -0.575877 103.742357 2.974035 -19.920986 -0.116817 
983 6.191545 0.000000 0.001576 105.753947 2.427298 -9.188852 -0.127422 
984 5.306605 0.000000 -0.287150 105.813878 2.084771 -5.467173 -0.123081 
985 5.306605 0.000000 -0.575877 105.813878 2.084771 -5.467173 -0.123081 
986 5.601585 0.000000 -0.287150 105.827319 2.260752 -6.992805 -0.125343 
987 5.306605 0.000000 0.001576 105.813878 2.084771 -5.467173 -0.123081 
988 4.864136 0.000000 -0.142787 105.754116 1.899823 -4.534844 -0.120811 
989 4.864136 0.000000 -0.287150 105.754116 1.899823 -4.534844 -0.120811 
990 5.011626 0.000000 -0.142787 105.754116 1.899823 -4.534844 -0.120811 
991 4.864136 0.000000 0.001576 105.754116 1.899823 -4.534844 -0.120811 
992 4.642901 0.000000 -0.070606 105.665606 1.712552 -3.949650 -0.118375 
993 4.642901 0.000000 -0.142787 105.665606 1.712552 -3.949650 -0.118375 
994 4.716646 0.000000 -0.070606 105.665606 1.712552 -3.949650 -0.118375 
995 4.642901 0.000000 0.001576 105.665606 1.712552 -3.949650 -0.118375 
996 6.191545 0.000000 0.579028 105.522064 2.582777 -11.884892 -0.128283 
997 6.781504 0.000000 0.579028 103.742357 2.974035 -19.920986 -0.116817 
998 6.191545 0.000000 1.156480 105.522064 2.582777 -11.884892 -0.128283 
999 5.306605 0.000000 0.290302 105.813878 2.084771 -5.467173 -0.123081 
1000 5.601585 0.000000 0.290302 105.827319 2.260752 -6.992805 -0.125343 
1001 5.306605 0.000000 0.579028 105.813878 2.084771 -5.467173 -0.123081 
1002 4.864136 0.000000 0.145939 105.754116 1.899823 -4.534844 -0.120811 
1003 5.011626 0.000000 0.145939 105.754116 1.899823 -4.534844 -0.120811 
1004 4.864136 0.000000 0.290302 105.754116 1.899823 -4.534844 -0.120811 
1005 4.790391 0.000000 -0.070606 105.754116 1.899823 -4.534844 -0.120811 
1006 4.790391 0.000000 -0.142787 105.754116 1.899823 -4.534844 -0.120811 
1007 4.864136 0.000000 -0.070606 105.754116 1.899823 -4.534844 -0.120811 
1008 4.790391 0.000000 0.001576 105.754116 1.899823 -4.534844 -0.120811 
1009 5.159115 0.000000 -0.142787 105.813878 2.084771 -5.467173 -0.123081 
1010 5.159115 0.000000 -0.287150 105.813878 2.084771 -5.467173 -0.123081 
1011 5.306605 0.000000 -0.142787 105.813878 2.084771 -5.467173 -0.123081 
1012 5.159115 0.000000 0.001576 105.813878 2.084771 -5.467173 -0.123081 
1013 5.896565 0.000000 -0.287150 105.827319 2.260752 -6.992805 -0.125343 
1014 5.896565 0.000000 -0.575877 105.753947 2.427298 -9.188852 -0.127422 
1015 6.191545 0.000000 -0.287150 105.753947 2.427298 -9.188852 -0.127422 
1016 5.896565 0.000000 0.001576 105.827319 2.260752 -6.992805 -0.125343 
1017 5.454095 0.000000 -0.142787 105.813878 2.084771 -5.467173 -0.123081 
1018 5.454095 0.000000 -0.287150 105.813878 2.084771 -5.467173 -0.123081 
1019 5.601585 0.000000 -0.142787 105.827319 2.260752 -6.992805 -0.125343 
1020 5.454095 0.000000 0.001576 105.813878 2.084771 -5.467173 -0.123081 
1021 5.896565 0.000000 0.290302 105.827319 2.260752 -6.992805 -0.125343 
1022 6.191545 0.000000 0.290302 105.753947 2.427298 -9.188852 -0.127422 
1023 5.896565 0.000000 0.579028 105.753947 2.427298 -9.188852 -0.127422 
1024 5.749075 0.000000 -0.142787 105.827319 2.260752 -6.992805 -0.125343 
1025 5.749075 0.000000 -0.287150 105.827319 2.260752 -6.992805 -0.125343 
1026 5.896565 0.000000 -0.142787 105.827319 2.260752 -6.992805 -0.125343 
1027 5.749075 0.000000 0.001576 105.827319 2.260752 -6.992805 -0.125343 
1028 7.371464 0.000000 -0.575877 107.198141 13.725654 1.321332 -0.168158 
1029 7.371464 0.000000 -1.153329 106.515001 11.855604 3.029138 -0.149518 
1030 7.371464 0.000000 0.001576 110.924030 13.262473 -36.703843 -0.382721 
1031 6.486524 0.000000 -0.287150 105.088593 2.728617 -14.755206 -0.126877 
1032 6.486524 0.000000 -0.575877 105.088593 2.728617 -14.755206 -0.126877 
1033 6.781504 0.000000 -0.287150 104.477402 2.857043 -17.461096 -0.122858 
1034 6.486524 0.000000 0.001576 105.522064 2.582777 -11.884892 -0.128283 
1035 6.044055 0.000000 -0.142787 105.753947 2.427298 -9.188852 -0.127422 
1036 6.044055 0.000000 -0.287150 105.753947 2.427298 -9.188852 -0.127422 
1037 6.191545 0.000000 -0.142787 105.753947 2.427298 -9.188852 -0.127422 
1038 6.044055 0.000000 0.001576 105.753947 2.427298 -9.188852 -0.127422 
1039 7.371464 0.000000 0.579028 108.108453 0.367614 -0.325351 -0.168768 
1040 7.371464 0.000000 1.156480 108.666694 2.463633 -0.040243 -0.181452 
1041 6.486524 0.000000 0.290302 105.522064 2.582777 -11.884892 -0.128283 
1042 6.781504 0.000000 0.290302 104.477402 2.857043 -17.461096 -0.122858 
1043 6.486524 0.000000 0.579028 105.088593 2.728617 -14.755206 -0.126877 
1044 6.339034 0.000000 -0.142787 105.522064 2.582777 -11.884892 -0.128283 
1045 6.339034 0.000000 -0.287150 105.522064 2.582777 -11.884892 -0.128283 
1046 6.486524 0.000000 -0.142787 105.522064 2.582777 -11.884892 -0.128283 
1047 6.339034 0.000000 0.001576 105.522064 2.582777 -11.884892 -0.128283 
1048 7.076484 0.000000 -0.287150 107.738024 18.016301 -2.257722 -0.193717 
1049 7.076484 0.000000 -0.575877 107.137140 13.522856 0.875899 -0.166200 
1050 7.371464 0.000000 -0.287150 107.806987 17.920492 -1.279412 -0.194513 
1051 7.076484 0.000000 0.001576 109.721071 4.108483 -34.862160 -0.327096 
1052 7.076484 0.000000 0.290302 107.965807 -4.116088 -2.789898 -0.168134 
1053 7.371464 0.000000 0.290302 107.888844 -4.573912 -2.698537 -0.166821 
1054 7.076484 0.000000 0.579028 108.242710 0.204565 -0.629042 -0.171692 
1055 6.928994 0.000000 -0.142787 103.742357 2.974035 -19.920986 -0.116817 
1056 6.781504 0.000000 -0.142787 104.477402 2.857043 -17.461096 -0.122858 
1057 6.928994 0.000000 -0.287150 103.742357 2.974035 -19.920986 -0.116817 
1058 7.076484 0.000000 -0.142787 108.514518 23.679066 -10.299899 -0.244219 
1059 6.928994 0.000000 0.001576 103.742357 2.974035 -19.920986 -0.116817 
1060 7.666443 0.000000 0.290302 107.830019 -5.545721 -2.804091 -0.166593 
1061 7.666443 0.000000 0.001576 111.635058 25.493298 -32.084447 -0.414171 
1062 7.961423 0.000000 0.290302 107.827480 -7.549799 -3.299040 -0.169465 
1063 7.666443 0.000000 0.579028 107.980015 0.406514 -0.032595 -0.165985 
1064 7.666443 0.000000 -0.287150 107.816150 17.654312 -0.306396 -0.193609 
1065 7.666443 0.000000 -0.575877 107.220675 13.868973 1.759708 -0.169172 
1066 7.961423 0.000000 -0.287150 107.797899 17.213675 0.628217 -0.191709 
1067 7.518954 0.000000 0.145939 108.412188 -12.383759 -12.432338 -0.206112 
1068 7.371464 0.000000 0.145939 108.245531 -11.206299 -10.996726 -0.196360 
1069 7.518954 0.000000 0.001576 111.394974 19.350586 -35.560546 -0.404784 
1070 7.666443 0.000000 0.145939 108.674962 -13.911357 -14.590722 -0.221666 
1071 7.518954 0.000000 0.290302 107.856810 -4.977335 -2.720421 -0.166527 
1072 8.256403 0.000000 0.290302 108.126303 -12.899009 -5.259541 -0.188534 
1073 8.256403 0.000000 0.001576 110.708060 29.856447 -6.526259 -0.319027 
1074 8.256403 0.000000 0.579028 107.615652 -0.413794 0.482398 -0.158153 
1075 116.513974 0.000000 -110.869255 99.105374 0.231683 13.685734 -0.000923 
1076 116.513974 0.000000 -147.826199 99.104666 0.185658 13.627738 -0.000748 
1077 154.271383 0.000000 -110.869255 99.088939 0.280860 13.682249 -0.000590 
1078 -34.515662 0.000000 -110.869255 99.164303 0.023044 13.557891 -0.001738 
1079 -72.273071 0.000000 -110.869255 99.135526 0.011943 13.528554 -0.001087 
1080 -34.515662 0.000000 -147.826199 99.134220 0.085909 13.553569 -0.001130 
1081 59.877860 0.000000 -55.433840 99.172833 0.377880 14.028260 -0.003219 
1082 59.877860 0.000000 -73.912312 99.170842 0.180951 13.856124 -0.002688 
1083 78.756565 0.000000 -55.433840 99.117493 0.359544 14.009171 -0.002066 
1084 -34.515662 0.000000 110.872407 98.946613 -0.021979 13.603114 0.002452 
1085 -72.273071 0.000000 110.872407 98.992833 -0.008602 13.549388 0.001683 
1086 -34.515662 0.000000 147.829350 99.000065 -0.028668 13.584803 0.001444 
1087 -110.030480 0.000000 110.872407 99.027440 -0.057299 13.526553 0.001060 
1088 -147.787889 0.000000 110.872407 99.047813 -0.038912 13.522335 0.000668 
1089 -110.030480 0.000000 147.829350 99.037462 -0.056825 13.535387 0.000837 
1090 -15.636957 0.000000 -55.433840 99.364269 0.127045 13.573734 -0.005752 
1091 -34.515662 0.000000 -55.433840 99.266308 0.062316 13.490484 -0.003580 
1092 -15.636957 0.000000 -73.912312 99.267644 0.074115 13.594431 -0.003888 
1093 31.559804 0.000000 -27.716132 99.424852 2.036166 14.557910 -0.010138 
1094 31.559804 0.000000 -36.955368 99.407972 1.036284 14.319372 -0.008806 
1095 40.999156 0.000000 -27.716132 99.248431 1.953900 14.527856 -0.006513 
1096 -15.636957 0.000000 55.436991 98.536263 -0.220850 13.806797 0.009993 
1097 -34.515662 0.000000 55.436991 98.724311 -0.095754 13.600286 0.006853 
1098 -15.636957 0.000000 73.915463 98.748400 -0.106204 13.739894 0.005996 
1099 -53.394366 0.000000 55.436991 98.862036 -0.040513 13.523411 0.004341 
1100 -72.273071 0.000000 55.436991 98.945226 -0.017508 13.501683 0.002755 
1101 -53.394366 0.000000 73.915463 98.903319 -0.029209 13.555301 0.003439 
1102 -6.197605 0.000000 -27.716132 99.909852 0.692545 13.381128 -0.016151 
1103 -15.636957 0.000000 -27.716132 99.607155 0.281843 13.259171 -0.009747 
1104 -6.197605 0.000000 -36.955368 99.664171 0.374696 13.600810 -0.011807 
1105 31.559804 0.000000 27.719283 97.846794 -8.585432 16.084700 0.009358 
1106 31.559804 0.000000 36.958519 97.997138 -3.607288 16.261258 0.011912 
1107 17.400775 0.000000 -13.857278 100.922400 7.180723 15.519255 -0.047774 
1108 17.400775 0.000000 -18.476896 100.699031 4.550099 15.086843 -0.038861 
1109 22.120451 0.000000 -13.857278 100.204582 7.265090 15.581151 -0.033651 
1110 -6.197605 0.000000 27.719283 97.238897 -1.789083 14.112760 0.034223 
1111 -15.636957 0.000000 27.719283 97.812753 -0.799530 13.674078 0.024505 
1112 -6.197605 0.000000 36.958519 97.823331 -0.927364 14.203290 0.022800 
1113 -25.076310 0.000000 27.719283 98.254744 -0.377094 13.474033 0.016431 
1114 -34.515662 0.000000 27.719283 98.555325 -0.180035 13.409768 0.010699 
1115 -25.076310 0.000000 36.958519 98.392358 -0.278861 13.602486 0.013384 
1116 -1.477929 0.000000 -13.857278 101.629520 2.025392 12.135591 -0.047993 
1117 -6.197605 0.000000 -13.857278 100.836823 1.122311 11.857046 -0.030991 
1118 -1.477929 0.000000 -18.476896 101.171547 1.694552 12.811153 -0.040268 
1119 10.321261 0.000000 -6.927851 102.934276 11.136251 13.277577 -0.089578 
1120 10.321261 0.000000 -9.237660 103.146434 9.003643 14.771626 -0.093845 
1121 12.681099 0.000000 -6.927851 102.905614 11.904646 14.934528 -0.095433 
1122 -1.477929 0.000000 13.860430 96.084770 -6.315962 11.457540 0.059655 
1123 -6.197605 0.000000 13.860430 96.248941 -3.916267 11.956249 0.057785 
1124 -1.477929 0.000000 18.480048 95.796510 -4.983084 13.143367 0.062545 
1125 -10.917281 0.000000 13.860430 96.781051 -2.262202 12.239460 0.047851 
1126 -15.636957 0.000000 13.860430 97.324587 -1.313926 12.440864 0.037142 
1127 -10.917281 0.000000 18.480048 96.760006 -1.958564 12.914484 0.046688 
1128 0.881909 0.000000 -6.927851 102.733432 3.115530 10.700812 -0.067837 
1129 -1.477929 0.000000 -6.927851 101.944866 1.646067 10.631605 -0.050850 
1130 0.881909 0.000000 -9.237660 102.595177 3.061321 11.593286 -0.066955 
1131 5.601585 0.000000 6.931003 105.943727 -6.851958 0.918923 -0.127187 
1132 3.241747 0.000000 6.931003 104.100646 -7.875814 4.022330 -0.091515 
1133 5.601585 0.000000 9.240812 101.743231 -9.397543 3.405666 -0.045160 
1134 6.781504 0.000000 -3.463138 104.716156 10.388440 7.695141 -0.113261 
1135 6.781504 0.000000 -4.618042 104.214599 9.926059 9.574955 -0.105089 
1136 7.961423 0.000000 -3.463138 104.947966 11.731903 8.315194 -0.122086 
1137 0.881909 0.000000 6.931003 100.963118 -7.375136 6.470544 -0.028981 
1138 -1.477929 0.000000 6.931003 99.268452 -6.145739 8.261127 0.003976 
1139 0.881909 0.000000 9.240812 98.915579 -8.057757 7.798676 0.008996 
1140 -3.837767 0.000000 6.931003 98.192106 -4.875311 9.530416 0.024371 
1141 -6.197605 0.000000 6.931003 97.645985 -3.674038 10.319735 0.034527 
1142 -3.837767 0.000000 9.240812 97.210423 -5.134900 10.228077 0.041915 
1143 2.061828 0.000000 -3.463138 101.227303 3.967666 8.406850 -0.033338 
1144 0.881909 0.000000 -3.463138 100.634301 2.495659 9.297802 -0.021994 
1145 2.061828 0.000000 -4.618042 101.804043 4.093739 9.436364 -0.046987 
1146 6.781504 0.000000 3.466289 109.514416 -0.034770 -0.879662 -0.199418 
1147 5.601585 0.000000 3.466289 109.663337 -1.797559 -0.268130 -0.202935 
1148 6.781504 0.000000 4.621194 108.865169 -1.800886 -1.065715 -0.185600 
1149 4.421666 0.000000 3.466289 109.471445 -3.300500 0.806371 -0.199554 
1150 3.241747 0.000000 3.466289 108.884118 -4.308580 2.402449 -0.188009 
1151 4.421666 0.000000 4.621194 108.114856 -4.699819 1.293871 -0.171258 
1152 5.011626 0.000000 -1.730781 105.827319 2.260752 -6.992805 -0.125343 
1153 5.011626 0.000000 -2.308233 105.522064 2.582777 -11.884892 -0.128283 
1154 5.601585 0.000000 -1.730781 105.522064 2.582777 -11.884892 -0.128283 
1155 2.061828 0.000000 3.466289 107.792643 -4.859293 4.280888 -0.166119 
1156 0.881909 0.000000 3.466289 106.268269 -5.017737 6.187482 -0.135641 
1157 2.061828 0.000000 4.621194 106.034272 -5.947708 4.540103 -0.129925 
1158 -0.298010 0.000000 3.466289 104.446630 -4.906782 7.814969 -0.099425 
1159 -1.477929 0.000000 3.466289 102.093305 -4.599960 8.201189 -0.051146 
1160 -0.298010 0.000000 4.621194 103.167789 -5.749438 7.555735 -0.073374 
1161 2.651788 0.000000 -1.730781 105.175520 0.724860 -0.715981 -0.106293 
1162 2.061828 0.000000 -1.730781 105.195581 0.262455 2.523840 -0.107255 
1163 2.651788 0.000000 -2.308233 105.401713 0.654585 1.751845 -0.111302 
1164 3.536727 0.000000 -0.864603 105.329173 1.195212 -2.945175 -0.110434 
1165 3.241747 0.000000 -0.864603 105.145353 0.919440 -2.686030 -0.106361 
1166 3.536727 0.000000 -1.153329 105.445477 1.355745 -3.206968 -0.113087 
1167 97.635269 0.000000 -55.433840 99.086124 0.334528 13.981918 -0.001367 
1168 97.635269 0.000000 -73.912312 99.105527 0.173497 13.847991 -0.001370 
1169 116.513974 0.000000 -55.433840 99.068557 0.308631 13.954680 -0.000941 
1170 135.392678 0.000000 -55.433840 99.058669 0.283980 13.929592 -0.000673 
1171 135.392678 0.000000 -73.912312 99.077243 0.155576 13.820001 -0.000732 
1172 154.271383 0.000000 -55.433840 99.059179 0.576896 13.866574 -0.000534 
1173 50.438508 0.000000 -27.716132 99.157408 1.849153 14.466310 -0.004488 
1174 50.438508 0.000000 -36.955368 99.197796 1.008881 14.316846 -0.004619 
1175 59.877860 0.000000 -27.716132 99.101066 1.719354 14.415860 -0.003179 
1176 69.317213 0.000000 -27.716132 99.066696 1.594338 14.373466 -0.002335 
1177 69.317213 0.000000 -36.955368 99.101927 0.912259 14.257121 -0.002529 
1178 78.756565 0.000000 -27.716132 99.045465 1.477214 14.337703 -0.001776 
1179 26.840128 0.000000 -13.857278 99.745478 7.108857 15.413165 -0.023726 
1180 26.840128 0.000000 -18.476896 99.851230 4.651985 15.169342 -0.022202 
1181 31.559804 0.000000 -13.857278 99.466201 6.834441 15.205975 -0.017146 
1182 36.279480 0.000000 -13.857278 99.149100 6.494009 14.691337 -0.008855 
1183 36.279480 0.000000 -18.476896 99.241638 4.318207 14.676835 -0.008296 
1184 40.999156 0.000000 -13.857278 99.095328 6.177583 14.590933 -0.007094 
1185 15.040937 0.000000 -6.927851 101.908869 12.323007 15.447316 -0.077589 
1186 15.040937 0.000000 -9.237660 101.760361 10.334561 15.761747 -0.071041 
1187 17.400775 0.000000 -6.927851 101.107783 12.639549 15.376824 -0.061899 
1188 19.760613 0.000000 -6.927851 100.424352 12.537457 15.461725 -0.048130 
1189 19.760613 0.000000 -9.237660 100.503278 10.786047 15.834449 -0.046798 
1190 22.120451 0.000000 -6.927851 99.953423 12.373942 15.409321 -0.038125 
1191 9.141342 0.000000 -3.463138 104.835963 12.845611 8.987608 -0.123637 
1192 9.141342 0.000000 -4.618042 104.266452 12.086272 10.607988 -0.113010 
1193 10.321261 0.000000 -3.463138 104.531993 13.613827 9.577523 -0.120400 
1194 11.501180 0.000000 -3.463138 103.993461 14.267209 10.198284 -0.112220 
1195 11.501180 0.000000 -4.618042 103.464889 13.508148 11.719764 -0.102481 
1196 12.681099 0.000000 -3.463138 103.352378 14.693843 10.743912 -0.101305 
1197 6.191545 0.000000 -1.730781 103.742357 2.974035 -19.920986 -0.116817 
1198 6.191545 0.000000 -2.308233 104.971840 9.871135 4.905201 -0.114059 
1199 6.781504 0.000000 -1.730781 105.774393 10.784698 3.889281 -0.131966 
1200 7.371464 0.000000 -1.730781 105.998224 11.506389 4.372004 -0.138713 
1201 7.371464 0.000000 -2.308233 105.569746 11.389785 5.665814 -0.130680 
1202 7.961423 0.000000 -1.730781 106.078117 12.158147 4.840049 -0.142381 
1203 4.716646 0.000000 -0.864603 105.754116 1.899823 -4.534844 -0.120811 
1204 4.716646 0.000000 -1.153329 105.754116 1.899823 -4.534844 -0.120811 
1205 5.011626 0.000000 -0.864603 105.813878 2.084771 -5.467173 -0.123081 
1206 5.306605 0.000000 -0.864603 105.813878 2.084771 -5.467173 -0.123081 
1207 5.306605 0.000000 -1.153329 105.827319 2.260752 -6.992805 -0.125343 
1208 5.601585 0.000000 -0.864603 105.827319 2.260752 -6.992805 -0.125343 
1209 3.979196 0.000000 -0.431513 105.445477 1.355745 -3.206968 -0.113087 
1210 3.831707 0.000000 -0.431513 105.445477 1.355745 -3.206968 -0.113087 
1211 3.979196 0.000000 -0.575877 105.559994 1.530450 -3.533467 -0.115774 
1212 2.946767 0.000000 0.290302 105.288705 0.802989 -0.193380 -0.108639 
1213 2.946767 0.000000 0.001576 105.288705 0.802989 -0.193380 -0.108639 
1214 2.946767 0.000000 0.579028 105.175520 0.724860 -0.715981 -0.106293 
1215 -2.657848 0.000000 3.466289 100.721955 -4.244480 8.804747 -0.024045 
1216 -3.837767 0.000000 3.466289 99.813122 -3.742796 9.221220 -0.006170 
1217 -2.657848 0.000000 4.621194 100.088899 -4.703420 8.636435 -0.011450 
1218 2.946767 0.000000 -0.287150 105.218016 0.751511 -0.412087 -0.107157 
1219 2.651788 0.000000 -0.287150 105.237489 0.758640 -0.226803 -0.107556 
1220 2.946767 0.000000 -0.575877 105.175520 0.724860 -0.715981 -0.106293 
1221 2.356808 0.000000 -0.287150 105.198638 0.733976 -0.501922 -0.106754 
1222 2.061828 0.000000 -0.287150 105.193327 0.711563 -0.415155 -0.106631 
1223 2.356808 0.000000 -0.575877 105.175520 0.724860 -0.715981 -0.106293 
1224 -0.592990 0.000000 -0.287150 104.596925 -0.450103 3.102882 -0.095035 
1225 -0.887970 0.000000 -0.287150 104.545411 -0.545030 3.441594 -0.094188 
1226 -0.592990 0.000000 -0.575877 104.596925 -0.450103 3.102882 -0.095035 
1227 -0.150520 0.000000 -0.142787 104.679020 -0.332848 2.979390 -0.096668 
1228 -0.298010 0.000000 -0.142787 104.596925 -0.450103 3.102882 -0.095035 
1229 -0.150520 0.000000 -0.287150 104.679020 -0.332848 2.979390 -0.096668 
1230 0.439439 0.000000 0.145939 104.662006 -0.259006 2.530853 -0.096061 
1231 0.586929 0.000000 0.145939 104.730733 -0.221289 2.781518 -0.097631 
1232 0.439439 0.000000 0.290302 104.784441 -0.196675 3.050113 -0.098912 
1233 36.279480 0.000000 13.860430 101.128094 -11.960290 -6.609425 -0.041362 
1234 31.559804 0.000000 13.860430 100.467869 -13.267095 -4.807288 -0.029292 
1235 36.279480 0.000000 18.480048 99.524277 -17.275732 4.831535 -0.022688 
1236 26.840128 0.000000 13.860430 99.918537 -14.089281 -3.128277 -0.019201 
1237 26.840128 0.000000 18.480048 98.299022 -16.220756 8.045704 0.000946 
1238 7.371464 0.000000 1.733932 109.072097 2.595033 -0.259030 -0.190352 
1239 6.781504 0.000000 1.733932 109.403305 1.713710 -0.586615 -0.197236 
1240 7.371464 0.000000 2.311385 109.324199 2.255045 -0.508424 -0.195712 
1241 6.191545 0.000000 1.733932 103.742357 2.974035 -19.920986 -0.116817 
1242 5.601585 0.000000 1.733932 105.753947 2.427298 -9.188852 -0.127422 
1243 6.191545 0.000000 2.311385 109.904037 0.374080 -0.743009 -0.207959 
1244 4.052941 0.000000 -0.214969 105.559994 1.530450 -3.533467 -0.115774 
1245 3.979196 0.000000 -0.214969 105.445477 1.355745 -3.206968 -0.113087 
1246 4.052941 0.000000 -0.287150 105.559994 1.530450 -3.533467 -0.115774 
1247 4.569156 0.000000 -0.431513 105.665606 1.712552 -3.949650 -0.118375 
1248 4.569156 0.000000 -0.575877 105.665606 1.712552 -3.949650 -0.118375 
1249 4.716646 0.000000 -0.431513 105.754116 1.899823 -4.534844 -0.120811 
1250 4.864136 0.000000 -0.431513 105.754116 1.899823 -4.534844 -0.120811 
1251 4.864136 0.000000 -0.575877 105.754116 1.899823 -4.534844 -0.120811 
1252 5.011626 0.000000 -0.431513 105.754116 1.899823 -4.534844 -0.120811 
1253 4.347921 0.000000 -0.214969 105.665606 1.712552 -3.949650 -0.118375 
1254 4.347921 0.000000 -0.287150 105.665606 1.712552 -3.949650 -0.118375 
1255 4.421666 0.000000 -0.214969 105.665606 1.712552 -3.949650 -0.118375 
1256 8.551383 0.000000 -1.730781 106.049514 12.744124 5.287293 -0.143687 
1257 8.551383 0.000000 -2.308233 105.643100 12.663457 6.468370 -0.136267 
1258 9.141342 0.000000 -1.730781 105.934252 13.277826 5.711962 -0.143099 
1259 9.731302 0.000000 -1.730781 105.746060 13.770157 6.114169 -0.140923 
1260 9.731302 0.000000 -2.308233 105.369481 13.707058 7.238442 -0.134301 
1261 10.321261 0.000000 -1.730781 105.498751 14.223910 6.498031 -0.137453 
1262 8.256403 0.000000 0.867754 107.894519 2.351584 0.793664 -0.164739 
1263 7.961423 0.000000 0.867754 108.084553 2.323584 0.521581 -0.168794 
1264 8.256403 0.000000 1.156480 108.152560 3.346712 0.685967 -0.170865 
1265 8.256403 0.000000 -0.287150 107.726431 16.611590 1.533484 -0.188328 
1266 8.256403 0.000000 -0.575877 107.169056 13.985360 2.609383 -0.168761 
1267 8.551383 0.000000 -0.287150 107.551753 15.983668 2.299582 -0.182815 
1268 10.026281 0.000000 0.290302 106.879262 20.024746 4.538754 -0.184477 
1269 10.026281 0.000000 0.001576 106.778245 16.241170 3.852030 -0.168021 
1270 10.321261 0.000000 0.290302 106.680295 18.842901 4.492182 -0.175592 
1271 9.436322 0.000000 0.867754 106.760781 -0.196988 2.665239 -0.140501 
1272 9.436322 0.000000 1.156480 107.299659 3.460844 1.825969 -0.152853 
1273 13.861018 0.000000 -3.463138 103.108208 14.838894 12.362645 -0.100433 
1274 13.861018 0.000000 -4.618042 102.795480 14.050000 13.700952 -0.095203 
1275 15.040937 0.000000 -3.463138 102.345725 14.953320 12.775407 -0.086146 
1276 16.220856 0.000000 -3.463138 101.718970 14.923759 13.032462 -0.073931 
1277 16.220856 0.000000 -4.618042 101.582674 14.148696 14.215420 -0.072130 
1278 17.400775 0.000000 -3.463138 101.144765 14.842880 13.194571 -0.062467 
1279 10.911221 0.000000 -0.575877 105.890724 14.878816 4.872713 -0.145797 
1280 10.911221 0.000000 -1.153329 105.552180 14.680020 5.787790 -0.139026 
1281 11.501180 0.000000 -0.575877 105.517492 15.224365 5.187355 -0.139263 
1282 10.616241 0.000000 0.290302 106.484773 18.144201 4.497524 -0.168845 
1283 10.616241 0.000000 0.001576 106.384764 15.955608 4.164290 -0.158964 
1284 10.911221 0.000000 0.290302 106.284835 17.716246 4.528732 -0.163084 
1285 11.206200 0.000000 0.290302 106.080382 17.451498 4.571442 -0.157850 
1286 11.206200 0.000000 0.001576 105.988133 15.963489 4.428656 -0.150793 
1287 11.501180 0.000000 0.290302 105.872279 17.290661 4.619521 -0.152925 
1288 12.091140 0.000000 -0.575877 105.119048 15.558886 5.480712 -0.132213 
1289 12.091140 0.000000 -1.153329 104.910440 15.309942 6.432914 -0.128198 
1290 12.681099 0.000000 -0.575877 104.793858 15.775760 5.742205 -0.126360 
1291 11.796160 0.000000 0.290302 105.660808 17.198294 4.669985 -0.148180 
1292 11.796160 0.000000 0.001576 105.576590 16.099678 4.659329 -0.142733 
1293 12.091140 0.000000 0.290302 105.446871 17.152422 4.721839 -0.143554 
1294 12.386120 0.000000 0.290302 105.230013 17.137935 4.774030 -0.138986 
1295 12.386120 0.000000 0.001576 105.248048 16.188206 4.857956 -0.136281 
1296 12.681099 0.000000 0.290302 105.107358 17.052349 4.821483 -0.136159 
1297 13.271059 0.000000 -0.575877 104.359017 16.054997 6.012787 -0.118472 
1298 13.271059 0.000000 -1.153329 104.082871 15.877503 7.054853 -0.113511 
1299 13.861018 0.000000 -0.575877 103.917832 16.285576 6.273152 -0.110349 
1300 24.480290 0.000000 6.931003 100.684753 5.052752 -5.417862 -0.019230 
1301 26.840128 0.000000 6.931003 100.667550 5.433078 -5.053829 -0.018902 
1302 24.480290 0.000000 9.240812 100.802231 -1.587980 -8.171071 -0.023038 
1303 20.940532 0.000000 3.466289 100.677233 8.951028 1.329934 -0.021779 
1304 22.120451 0.000000 3.466289 100.417818 8.550276 1.574282 -0.015932 
1305 20.940532 0.000000 4.621194 100.811590 8.698439 -1.184999 -0.024004 
1306 14.745958 0.000000 1.445206 101.501861 3.568222 20.669412 -0.074258 
1307 14.745958 0.000000 1.156480 102.667975 23.955645 12.587565 -0.127303 
1308 14.745958 0.000000 1.733932 103.250565 4.956530 6.770896 -0.073109 
1309 16.810816 0.000000 2.888837 102.214520 9.460960 2.204440 -0.054218 
1310 16.220856 0.000000 2.888837 102.572752 9.493520 2.115431 -0.061577 
1311 16.810816 0.000000 3.466289 102.257193 9.611491 0.946836 -0.054981 
1312 24.480290 0.000000 -2.308233 99.552891 14.652268 12.103062 -0.027195 
1313 24.480290 0.000000 -4.618042 99.533349 13.549641 14.235644 -0.029313 
1314 26.840128 0.000000 -2.308233 99.342716 14.391052 12.203197 -0.022500 
1315 18.580694 0.000000 -1.153329 100.876596 16.150253 10.037698 -0.053767 
1316 18.580694 0.000000 -2.308233 100.752161 15.445572 11.816165 -0.052919 
1317 19.760613 0.000000 -1.153329 100.463943 15.993943 10.046274 -0.044974 
1318 17.990735 0.000000 0.579028 101.448552 17.500730 6.580531 -0.064139 
1319 17.990735 0.000000 0.001576 101.368253 16.953267 7.689303 -0.062206 
1320 18.580694 0.000000 0.579028 101.163213 17.361585 6.634119 -0.057943 
1321 19.170654 0.000000 0.579028 100.897327 17.218374 6.553521 -0.051969 
1322 19.170654 0.000000 0.001576 100.805939 16.774425 7.723845 -0.050288 
1323 19.760613 0.000000 0.579028 100.681474 17.083010 6.655213 -0.047288 
1324 16.515836 0.000000 1.445206 100.821306 24.603025 14.207453 -0.097210 
1325 16.515836 0.000000 1.156480 102.039039 20.732756 7.088449 -0.089206 
1326 16.515836 0.000000 1.733932 100.236310 2.935387 17.454366 -0.036059 
1327 19.170654 0.000000 2.888837 101.061100 8.549412 2.507001 -0.029272 
1328 19.760613 0.000000 2.888837 100.820826 8.190884 2.722040 -0.023934 
1329 19.170654 0.000000 3.466289 101.153791 9.354446 1.004342 -0.032060 
1330 45.718832 0.000000 -4.618042 98.972125 11.743088 13.913587 -0.012697 
1331 45.718832 0.000000 -9.237660 98.993892 8.629623 14.442780 -0.008285 
1332 50.438508 0.000000 -4.618042 98.978028 11.331401 13.985402 -0.012064 
1333 88.195917 0.000000 -27.716132 99.032003 1.369296 14.306978 -0.001390 
1334 88.195917 0.000000 -36.955368 99.059808 0.810613 14.200061 -0.001514 
1335 97.635269 0.000000 -27.716132 99.023331 1.270567 14.279916 -0.001115 
1336 107.074622 0.000000 -27.716132 99.017731 1.180501 14.255512 -0.000912 
1337 107.074622 0.000000 -36.955368 99.040581 0.718576 14.151951 -0.000983 
1338 116.513974 0.000000 -27.716132 99.014170 1.098400 14.233071 -0.000759 
1339 81.116403 0.000000 11.550621 100.979037 7.062793 -0.761320 -0.024723 
1340 81.116403 0.000000 9.240812 100.410130 15.817778 3.458046 -0.034435 
1341 81.116403 0.000000 13.860430 101.631857 5.372394 -5.592534 -0.038917 
1342 111.794298 0.000000 4.621194 99.083478 11.850397 13.465047 -0.013927 
1343 111.794298 0.000000 0.001576 99.007549 8.789993 14.064804 -0.007758 
1344 116.513974 0.000000 4.621194 99.062140 11.459164 13.631859 -0.013045 
1345 102.354945 0.000000 23.099665 101.776445 -12.873430 -6.488645 -0.056627 
1346 97.635269 0.000000 23.099665 101.572803 -14.323287 -5.048303 -0.054768 
1347 102.354945 0.000000 27.719283 100.178899 -17.601033 5.165557 -0.037229 
1348 104.714783 0.000000 16.170239 101.419659 6.744447 -3.787315 -0.034578 
1349 102.354945 0.000000 16.170239 101.506940 6.329847 -4.443966 -0.036347 
1350 104.714783 0.000000 18.480048 102.005496 2.193182 -8.099809 -0.047554 
1351 99.995107 0.000000 16.170239 101.593294 5.836613 -5.095723 -0.038123 
1352 97.635269 0.000000 16.170239 101.677636 5.270025 -5.734886 -0.039900 
1353 99.995107 0.000000 18.480048 102.111461 0.365695 -8.915937 -0.050638 
1354 125.953326 0.000000 -9.237660 98.988741 3.500734 14.274954 -0.001480 
1355 125.953326 0.000000 -18.476896 98.993905 1.789061 14.293838 -0.000731 
1356 135.392678 0.000000 -9.237660 98.986869 3.165082 14.280732 -0.001236 
1357 121.233650 0.000000 4.621194 99.046053 11.047928 13.758181 -0.012146 
1358 121.233650 0.000000 0.001576 99.004905 7.943518 14.093525 -0.006370 
1359 125.953326 0.000000 4.621194 99.034187 10.621608 13.851986 -0.011247 
1360 130.673002 0.000000 4.621194 99.025594 10.185305 13.920530 -0.010359 
1361 130.673002 0.000000 0.001576 99.002754 7.149024 14.114750 -0.005188 
1362 135.392678 0.000000 4.621194 99.019448 9.744010 13.970111 -0.009496 
1363 109.434460 0.000000 11.550621 100.026116 14.933736 6.488991 -0.027035 
1364 109.434460 0.000000 9.240812 99.550457 14.026136 9.993893 -0.020690 
1365 111.794298 0.000000 11.550621 99.947359 14.799767 7.076122 -0.025858 
1366 114.154136 0.000000 11.550621 99.873161 14.666834 7.628874 -0.024796 
1367 114.154136 0.000000 9.240812 99.455390 13.797122 10.707290 -0.019638 
1368 116.513974 0.000000 11.550621 99.803519 14.535991 8.147394 -0.023842 
1369 118.873812 0.000000 11.550621 99.738257 14.408227 8.633045 -0.022985 
1370 118.873812 0.000000 9.240812 99.372152 13.566259 11.330931 -0.018726 
1371 121.233650 0.000000 11.550621 99.677128 14.284082 9.087733 -0.022215 
1372 123.593488 0.000000 11.550621 99.619862 14.163553 9.513503 -0.021523 
1373 123.593488 0.000000 9.240812 99.299930 13.323106 11.871399 -0.017891 
1374 125.953326 0.000000 11.550621 99.566202 14.046144 9.912298 -0.020898 
1375 144.832030 0.000000 -9.237660 98.985471 2.868473 14.284181 -0.001039 
1376 144.832030 0.000000 -18.476896 98.993225 1.517397 14.264536 -0.000544 
1377 154.271383 0.000000 -9.237660 98.984545 2.606040 14.285116 -0.000880 
1378 140.112354 0.000000 4.621194 99.015064 9.302377 14.005955 -0.008668 
1379 140.112354 0.000000 0.001576 99.000407 6.418390 14.135014 -0.004207 
1380 144.832030 0.000000 4.621194 99.011892 8.864574 14.032234 -0.007884 
1381 149.551707 0.000000 4.621194 99.009513 8.434200 14.052150 -0.007148 
1382 149.551707 0.000000 0.001576 98.997735 5.756439 14.156160 -0.003408 
1383 154.271383 0.000000 4.621194 99.007618 8.014244 14.068066 -0.006465 
1384 128.313164 0.000000 11.550621 99.515920 13.930965 10.285839 -0.020329 
1385 128.313164 0.000000 9.240812 99.238159 13.059028 12.333331 -0.017086 
1386 130.673002 0.000000 11.550621 99.468827 13.816857 10.635576 -0.019807 
1387 133.032840 0.000000 11.550621 99.424767 13.702510 10.962689 -0.019322 
1388 133.032840 0.000000 9.240812 99.186292 12.768352 12.721109 -0.016278 
1389 135.392678 0.000000 11.550621 99.383616 13.586570 11.268119 -0.018867 
1390 137.752516 0.000000 11.550621 99.345277 13.467730 11.552616 -0.018433 
1391 137.752516 0.000000 9.240812 99.143655 12.448531 13.039979 -0.015447 
1392 140.112354 0.000000 11.550621 99.309670 13.344794 11.816800 -0.018013 
1393 142.472192 0.000000 16.170239 100.066786 14.979534 6.257026 -0.027690 
1394 142.472192 0.000000 13.860430 99.579303 14.066156 9.835923 -0.021064 
1395 144.832030 0.000000 16.170239 99.985387 14.845392 6.856878 -0.026448 
1396 137.752516 0.000000 20.789857 101.468736 6.616209 -4.037135 -0.035598 
1397 135.392678 0.000000 20.789857 101.557732 6.174517 -4.694755 -0.037414 
1398 137.752516 0.000000 23.099665 102.047258 1.903323 -8.282940 -0.048587 
1399 147.191868 0.000000 16.170239 99.908606 14.712053 7.422628 -0.025327 
1400 147.191868 0.000000 13.860430 99.480167 13.836474 10.568332 -0.019944 
1401 149.551707 0.000000 16.170239 99.836509 14.580415 7.953814 -0.024318 
1402 4.237304 0.000000 0.037666 105.559994 1.530450 -3.533467 -0.115774 
1403 4.274176 0.000000 0.037666 105.559994 1.530450 -3.533467 -0.115774 
1404 4.237304 0.000000 0.073757 105.559994 1.530450 -3.533467 -0.115774 
1405 4.495411 0.000000 -0.214969 105.665606 1.712552 -3.949650 -0.118375 
1406 4.495411 0.000000 -0.287150 105.665606 1.712552 -3.949650 -0.118375 
1407 4.569156 0.000000 -0.214969 105.665606 1.712552 -3.949650 -0.118375 
1408 4.642901 0.000000 -0.214969 105.665606 1.712552 -3.949650 -0.118375 
1409 4.642901 0.000000 -0.287150 105.665606 1.712552 -3.949650 -0.118375 
1410 4.716646 0.000000 -0.214969 105.754116 1.899823 -4.534844 -0.120811 
1411 4.311049 0.000000 -0.106697 105.559994 1.530450 -3.533467 -0.115774 
1412 4.311049 0.000000 -0.142787 105.559994 1.530450 -3.533467 -0.115774 
1413 4.347921 0.000000 -0.106697 105.665606 1.712552 -3.949650 -0.118375 
1414 4.218867 0.000000 -0.016470 105.319029 1.668922 -5.240656 -0.112235 
1415 4.237304 0.000000 -0.016470 105.559994 1.530450 -3.533467 -0.115774 
1416 4.218867 0.000000 0.001576 105.319029 1.668922 -5.240656 -0.112235 
1417 4.495411 0.000000 0.073757 105.665606 1.712552 -3.949650 -0.118375 
1418 4.569156 0.000000 0.073757 105.665606 1.712552 -3.949650 -0.118375 
1419 4.495411 0.000000 0.145939 105.665606 1.712552 -3.949650 -0.118375 
1420 4.642901 0.000000 0.073757 105.665606 1.712552 -3.949650 -0.118375 
1421 4.716646 0.000000 0.073757 105.665606 1.712552 -3.949650 -0.118375 
1422 4.642901 0.000000 0.145939 105.665606 1.712552 -3.949650 -0.118375 
1423 4.311049 0.000000 0.037666 105.559994 1.530450 -3.533467 -0.115774 
1424 4.347921 0.000000 0.037666 105.665606 1.712552 -3.949650 -0.118375 
1425 4.311049 0.000000 0.073757 105.559994 1.530450 -3.533467 -0.115774 
1426 5.896565 0.000000 -0.864603 105.753947 2.427298 -9.188852 -0.127422 
1427 5.896565 0.000000 -1.153329 105.753947 2.427298 -9.188852 -0.127422 
1428 6.191545 0.000000 -0.864603 105.522064 2.582777 -11.884892 -0.128283 
1429 6.486524 0.000000 -0.864603 105.088593 2.728617 -14.755206 -0.126877 
1430 6.486524 0.000000 -1.153329 104.477402 2.857043 -17.461096 -0.122858 
1431 6.781504 0.000000 -0.864603 103.742357 2.974035 -19.920986 -0.116817 
1432 5.159115 0.000000 -0.431513 105.813878 2.084771 -5.467173 -0.123081 
1433 5.159115 0.000000 -0.575877 105.813878 2.084771 -5.467173 -0.123081 
1434 5.306605 0.000000 -0.431513 105.813878 2.084771 -5.467173 -0.123081 
1435 5.454095 0.000000 -0.431513 105.813878 2.084771 -5.467173 -0.123081 
1436 5.454095 0.000000 -0.575877 105.813878 2.084771 -5.467173 -0.123081 
1437 5.601585 0.000000 -0.431513 105.827319 2.260752 -6.992805 -0.125343 
1438 4.790391 0.000000 -0.214969 105.754116 1.899823 -4.534844 -0.120811 
1439 4.790391 0.000000 -0.287150 105.754116 1.899823 -4.534844 -0.120811 
1440 4.864136 0.000000 -0.214969 105.754116 1.899823 -4.534844 -0.120811 
1441 5.159115 0.000000 0.145939 105.813878 2.084771 -5.467173 -0.123081 
1442 5.306605 0.000000 0.145939 105.813878 2.084771 -5.467173 -0.123081 
1443 5.159115 0.000000 0.290302 105.813878 2.084771 -5.467173 -0.123081 
1444 5.454095 0.000000 0.145939 105.813878 2.084771 -5.467173 -0.123081 
1445 5.601585 0.000000 0.145939 105.827319 2.260752 -6.992805 -0.125343 
1446 5.454095 0.000000 0.290302 105.813878 2.084771 -5.467173 -0.123081 
1447 4.790391 0.000000 0.073757 105.754116 1.899823 -4.534844 -0.120811 
1448 4.864136 0.000000 0.073757 105.754116 1.899823 -4.534844 -0.120811 
1449 4.790391 0.000000 0.145939 105.754116 1.899823 -4.534844 -0.120811 
1450 5.749075 0.000000 -0.431513 105.827319 2.260752 -6.992805 -0.125343 
1451 5.749075 0.000000 -0.575877 105.827319 2.260752 -6.992805 -0.125343 
1452 5.896565 0.000000 -0.431513 105.753947 2.427298 -9.188852 -0.127422 
1453 6.044055 0.000000 -0.431513 105.753947 2.427298 -9.188852 -0.127422 
1454 6.044055 0.000000 -0.575877 105.753947 2.427298 -9.188852 -0.127422 
1455 6.191545 0.000000 -0.431513 105.753947 2.427298 -9.188852 -0.127422 
1456 5.749075 0.000000 0.145939 105.827319 2.260752 -6.992805 -0.125343 
1457 5.896565 0.000000 0.145939 105.827319 2.260752 -6.992805 -0.125343 
1458 5.749075 0.000000 0.290302 105.827319 2.260752 -6.992805 -0.125343 
1459 6.044055 0.000000 0.145939 105.753947 2.427298 -9.188852 -0.127422 
1460 6.191545 0.000000 0.145939 105.753947 2.427298 -9.188852 -0.127422 
1461 6.044055 0.000000 0.290302 105.753947 2.427298 -9.188852 -0.127422 
1462 7.076484 0.000000 -0.864603 106.755119 12.099062 1.950046 -0.154685 
1463 7.076484 0.000000 -1.153329 106.436806 11.528981 2.730091 -0.146916 
1464 7.371464 0.000000 -0.864603 106.823730 12.390943 2.295502 -0.157011 
1465 7.666443 0.000000 -0.864603 106.855582 12.648838 2.630785 -0.158503 
1466 7.666443 0.000000 -1.153329 106.556598 12.158156 3.318721 -0.151314 
1467 7.961423 0.000000 -0.864603 106.856488 12.873993 2.955890 -0.159279 
1468 6.339034 0.000000 -0.431513 105.522064 2.582777 -11.884892 -0.128283 
1469 6.339034 0.000000 -0.575877 105.522064 2.582777 -11.884892 -0.128283 
1470 6.486524 0.000000 -0.431513 105.088593 2.728617 -14.755206 -0.126877 
1471 6.634014 0.000000 -0.142787 105.088593 2.728617 -14.755206 -0.126877 
1472 6.634014 0.000000 -0.287150 105.088593 2.728617 -14.755206 -0.126877 
1473 6.634014 0.000000 0.001576 105.088593 2.728617 -14.755206 -0.126877 
1474 7.666443 0.000000 0.867754 108.252727 2.161364 0.255233 -0.172339 
1475 7.371464 0.000000 0.867754 108.401634 1.893366 -0.034083 -0.175450 
1476 7.666443 0.000000 1.156480 108.503034 2.807370 0.203332 -0.178083 
1477 7.076484 0.000000 0.867754 108.541868 1.570677 -0.333049 -0.178392 
1478 6.781504 0.000000 0.867754 103.742357 2.974035 -19.920986 -0.116817 
1479 7.076484 0.000000 1.156480 108.828728 2.087067 -0.290023 -0.184813 
1480 6.339034 0.000000 0.145939 105.522064 2.582777 -11.884892 -0.128283 
1481 6.486524 0.000000 0.145939 105.522064 2.582777 -11.884892 -0.128283 
1482 6.339034 0.000000 0.290302 105.522064 2.582777 -11.884892 -0.128283 
1483 6.634014 0.000000 0.145939 105.088593 2.728617 -14.755206 -0.126877 
1484 6.781504 0.000000 0.145939 104.477402 2.857043 -17.461096 -0.122858 
1485 6.634014 0.000000 0.290302 105.088593 2.728617 -14.755206 -0.126877 
1486 6.928994 0.000000 0.145939 103.742357 2.974035 -19.920986 -0.116817 
1487 7.076484 0.000000 0.145939 108.074406 -9.655547 -9.383740 -0.186136 
1488 6.928994 0.000000 0.290302 108.013732 -4.019104 -2.885236 -0.169144 
1489 7.223974 0.000000 0.145939 108.137394 -10.315218 -10.028491 -0.190067 
1490 7.223974 0.000000 0.001576 110.280716 8.079474 -36.202026 -0.353770 
1491 7.223974 0.000000 0.290302 107.924859 -4.295401 -2.724889 -0.167365 
1492 -110.030480 0.000000 -110.869255 99.114112 0.039952 13.517399 -0.000633 
1493 -147.787889 0.000000 -110.869255 99.100348 0.025505 13.517682 -0.000361 
1494 -110.030480 0.000000 -147.826199 99.109480 0.041483 13.527520 -0.000568 
1495 -53.394366 0.000000 -55.433840 99.191313 0.031165 13.470577 -0.002037 
1496 -72.273071 0.000000 -55.433840 99.146164 0.016987 13.474504 -0.001152 
1497 -53.394366 0.000000 -73.912312 99.181069 0.026592 13.508982 -0.001938 
1498 -25.076310 0.000000 -27.716132 99.397543 0.136314 13.250620 -0.005547 
1499 -34.515662 0.000000 -27.716132 99.267364 0.068652 13.287113 -0.003056 
1500 -25.076310 0.000000 -36.955368 99.390435 0.129224 13.389198 -0.005775 
1501 -10.917281 0.000000 -13.857278 100.211638 0.548085 11.958537 -0.018568 
1502 -15.636957 0.000000 -13.857278 99.788843 0.269715 12.174208 -0.010610 
1503 -10.917281 0.000000 -18.476896 100.248449 0.605843 12.465105 -0.020550 
1504 -3.837767 0.000000 -6.927851 101.197271 0.733063 10.732443 -0.035661 
1505 -6.197605 0.000000 -6.927851 100.552326 0.197766 10.831687 -0.022813 
1506 -3.837767 0.000000 -9.237660 101.277802 1.030695 11.196711 -0.038362 
1507 -0.298010 0.000000 -3.463138 100.495303 1.411090 10.141511 -0.020415 
1508 -1.477929 0.000000 -3.463138 101.003616 0.513066 9.864820 -0.029931 
1509 -0.298010 0.000000 -4.618042 101.007852 1.891440 10.357149 -0.031343 
1510 1.471868 0.000000 -1.730781 104.912599 -0.048976 3.135324 -0.101649 
1511 0.881909 0.000000 -1.730781 104.679020 -0.332848 2.979390 -0.096668 
1512 1.471868 0.000000 -2.308233 104.679020 -0.332848 2.979390 -0.096668 
1513 5.011626 0.000000 1.733932 105.827319 2.260752 -6.992805 -0.125343 
1514 4.421666 0.000000 1.733932 105.754116 1.899823 -4.534844 -0.120811 
1515 5.011626 0.000000 2.311385 105.522064 2.582777 -11.884892 -0.128283 
1516 3.831707 0.000000 1.733932 105.665606 1.712552 -3.949650 -0.118375 
1517 3.241747 0.000000 1.733932 105.445477 1.355745 -3.206968 -0.113087 
1518 3.831707 0.000000 2.311385 105.813878 2.084771 -5.467173 -0.123081 
1519 2.651788 0.000000 1.733932 105.175520 0.724860 -0.715981 -0.106293 
1520 2.061828 0.000000 1.733932 105.195581 0.262455 2.523840 -0.107255 
1521 2.651788 0.000000 2.311385 105.579309 0.840919 1.123621 -0.114896 
1522 1.471868 0.000000 1.733932 104.912599 -0.048976 3.135324 -0.101649 
1523 0.881909 0.000000 1.733932 104.784441 -0.196675 3.050113 -0.098912 
1524 1.471868 0.000000 2.311385 104.679020 -0.332848 2.979390 -0.096668 
1525 0.291949 0.000000 1.733932 104.596925 -0.450103 3.102882 -0.095035 
1526 -0.298010 0.000000 1.733932 104.545411 -0.545030 3.441594 -0.094188 
1527 0.291949 0.000000 2.311385 104.545411 -0.545030 3.441594 -0.094188 
1528 -0.887970 0.000000 1.733932 104.581616 -0.663088 4.764191 -0.096045 
1529 -1.477929 0.000000 1.733932 105.005541 -0.678582 8.118320 -0.109253 
1530 -0.887970 0.000000 2.311385 105.386696 -0.637204 13.074364 -0.127770 
1531 2.946767 0.000000 -0.864603 105.175520 0.724860 -0.715981 -0.106293 
1532 2.651788 0.000000 -0.864603 105.175520 0.724860 -0.715981 -0.106293 
1533 2.946767 0.000000 -1.153329 105.175520 0.724860 -0.715981 -0.106293 
1534 -2.657848 0.000000 -3.463138 100.973668 0.078688 10.087088 -0.029744 
1535 -3.837767 0.000000 -3.463138 100.767047 -0.297394 10.133191 -0.025677 
1536 -2.657848 0.000000 -4.618042 101.215775 0.526656 10.174558 -0.034843 
1537 0.291949 0.000000 -1.730781 104.596925 -0.450103 3.102882 -0.095035 
1538 -0.298010 0.000000 -1.730781 104.545411 -0.545030 3.441594 -0.094188 
1539 0.291949 0.000000 -2.308233 104.545411 -0.545030 3.441594 -0.094188 
1540 8.256403 0.000000 -0.864603 106.827027 13.071926 3.270109 -0.159358 
1541 8.256403 0.000000 -1.153329 106.549321 12.696653 3.868834 -0.152893 
1542 8.551383 0.000000 -0.864603 106.769077 13.251015 3.568503 -0.158796 
1543 8.846362 0.000000 -0.287150 107.334510 15.491918 2.849834 -0.176882 
1544 8.846362 0.000000 -0.575877 106.968458 14.012788 3.343770 -0.164979 
1545 9.141342 0.000000 -0.287150 107.129417 15.172365 3.238257 -0.171740 
1546 10.911221 0.000000 -1.730781 105.201670 14.639118 6.861805 -0.132878 
1547 10.911221 0.000000 -2.308233 104.852990 14.543472 7.960633 -0.126903 
1548 11.501180 0.000000 -1.730781 104.865466 15.005241 7.214271 -0.127397 
1549 12.091140 0.000000 -1.730781 104.585847 15.224547 7.517075 -0.122649 
1550 12.091140 0.000000 -2.308233 104.264166 15.066651 8.588107 -0.117178 
1551 12.681099 0.000000 -1.730781 104.195075 15.495161 7.842146 -0.115821 
1552 9.436322 0.000000 -0.287150 106.946290 15.009740 3.551542 -0.167541 
1553 9.436322 0.000000 -0.575877 106.696266 14.137238 3.891437 -0.159910 
1554 9.731302 0.000000 -0.287150 106.768198 14.937619 3.791977 -0.163696 
1555 13.271059 0.000000 -1.730781 103.791152 15.708952 8.147845 -0.108576 
1556 13.271059 0.000000 -2.308233 103.510295 15.474708 9.187957 -0.103827 
1557 13.861018 0.000000 -1.730781 103.384836 15.866966 8.431950 -0.101128 
1558 14.450978 0.000000 -0.575877 103.559975 16.445268 7.988085 -0.105892 
1559 14.450978 0.000000 -1.153329 103.378108 16.193204 8.858824 -0.102773 
1560 15.040937 0.000000 -0.575877 103.124111 16.561586 7.993450 -0.097276 
1561 29.199966 0.000000 6.931003 100.679749 5.825777 -4.630915 -0.019180 
1562 31.559804 0.000000 6.931003 100.694554 6.216398 -4.155737 -0.019531 
1563 29.199966 0.000000 9.240812 100.995200 -0.147507 -8.157679 -0.026660 
1564 15.630897 0.000000 2.888837 102.958051 9.460627 2.028410 -0.069398 
1565 15.040937 0.000000 2.888837 103.442671 9.326157 1.940616 -0.079113 
1566 15.630897 0.000000 3.466289 102.990985 9.430153 0.808933 -0.069673 
1567 24.480290 0.000000 -6.927851 99.611836 12.191128 15.320693 -0.030587 
1568 24.480290 0.000000 -9.237660 99.726118 10.545776 15.680715 -0.030240 
1569 26.840128 0.000000 -6.927851 99.375021 11.992738 15.217358 -0.025079 
1570 29.199966 0.000000 -2.308233 99.211895 14.162198 12.312394 -0.019516 
1571 29.199966 0.000000 -4.618042 99.169914 13.131335 14.183087 -0.020826 
1572 31.559804 0.000000 -2.308233 99.150643 13.958834 12.420785 -0.017998 
1573 18.580694 0.000000 -3.463138 100.687042 14.835211 13.095229 -0.052945 
1574 18.580694 0.000000 -4.618042 100.656730 14.156967 14.179471 -0.053325 
1575 19.760613 0.000000 -3.463138 100.411884 14.661590 13.173430 -0.047105 
1576 20.940532 0.000000 -1.153329 100.207038 15.772016 10.205576 -0.039436 
1577 20.940532 0.000000 -2.308233 100.132163 15.128022 11.915565 -0.039729 
1578 22.120451 0.000000 -1.153329 99.940325 15.577059 10.335919 -0.033754 
1579 15.630897 0.000000 -0.575877 102.633701 16.673335 8.236981 -0.087952 
1580 15.630897 0.000000 -1.153329 102.485595 16.368785 9.353909 -0.085873 
1581 16.220856 0.000000 -0.575877 102.248673 16.697359 8.426939 -0.080461 
1582 33.919642 0.000000 6.931003 100.732385 6.587369 -3.643848 -0.020368 
1583 36.279480 0.000000 6.931003 100.866490 6.943109 -3.493752 -0.023446 
1584 33.919642 0.000000 9.240812 101.163627 1.443270 -7.692784 -0.029534 
1585 45.718832 0.000000 -13.857278 99.064373 5.864537 14.515311 -0.005884 
1586 45.718832 0.000000 -18.476896 99.112486 3.932402 14.559263 -0.005072 
1587 50.438508 0.000000 -13.857278 99.037368 5.549290 14.463812 -0.004840 
1588 55.158184 0.000000 -4.618042 98.985453 10.908559 14.041890 -0.011429 
1589 55.158184 0.000000 -9.237660 98.998444 7.792407 14.338812 -0.006702 
1590 59.877860 0.000000 -4.618042 98.989932 10.472651 14.081282 -0.010697 
1591 33.919642 0.000000 -2.308233 99.128460 13.781244 12.529960 -0.017337 
1592 33.919642 0.000000 -4.618042 99.061142 12.737593 14.137844 -0.017523 
1593 36.279480 0.000000 -2.308233 99.076326 13.607796 12.242804 -0.015118 
1594 64.597536 0.000000 -4.618042 98.992575 10.032159 14.108321 -0.009922 
1595 64.597536 0.000000 -9.237660 99.001471 7.008436 14.283438 -0.005443 
1596 69.317213 0.000000 -4.618042 98.994840 9.589469 14.125773 -0.009147 
1597 92.915593 0.000000 23.099665 101.346760 -15.510820 -3.455180 -0.052369 
1598 88.195917 0.000000 23.099665 101.105726 -16.427100 -1.766598 -0.049534 
1599 92.915593 0.000000 27.719283 99.773378 -17.011971 8.012084 -0.030833 
1600 95.275431 0.000000 16.170239 101.758751 4.633595 -6.352843 -0.041667 
1601 92.915593 0.000000 16.170239 101.835390 3.930406 -6.940773 -0.043407 
1602 95.275431 0.000000 18.480048 102.178439 -1.626802 -9.455759 -0.053249 
1603 90.555755 0.000000 16.170239 101.906317 3.163811 -7.490002 -0.045101 
1604 88.195917 0.000000 16.170239 101.970337 2.337809 -7.992210 -0.046729 
1605 90.555755 0.000000 18.480048 102.200735 -3.723224 -9.680120 -0.055256 
1606 125.953326 0.000000 -27.716132 99.012001 1.023534 14.212122 -0.000641 
1607 125.953326 0.000000 -36.955368 99.031682 0.638273 14.111010 -0.000680 
1608 135.392678 0.000000 -27.716132 99.010807 0.955203 14.192345 -0.000547 
1609 144.832030 0.000000 -27.716132 99.010307 0.892759 14.173524 -0.000473 
1610 144.832030 0.000000 -36.955368 99.027817 0.568876 14.075278 -0.000495 
1611 154.271383 0.000000 -27.716132 99.010310 0.835613 14.155510 -0.000412 
1612 133.032840 0.000000 20.789857 101.645684 5.656219 -5.345230 -0.039241 
1613 130.673002 0.000000 20.789857 101.731479 5.065795 -5.980460 -0.041072 
1614 133.032840 0.000000 23.099665 102.151546 0.044167 -9.060117 -0.051703 
1615 142.472192 0.000000 11.550621 99.276725 13.216730 12.061216 -0.017602 
1616 142.472192 0.000000 9.240812 99.109388 12.099736 13.296472 -0.014587 
1617 144.832030 0.000000 11.550621 99.246372 13.082694 12.286391 -0.017195 
1618 147.191868 0.000000 11.550621 99.218540 12.942043 12.492874 -0.016789 
1619 147.191868 0.000000 9.240812 99.082475 11.724226 13.498231 -0.013700 
1620 149.551707 0.000000 11.550621 99.193149 12.794337 12.681272 -0.016379 
1621 151.911545 0.000000 16.170239 99.768955 14.451556 8.451495 -0.023412 
1622 151.911545 0.000000 13.860430 99.393411 13.606660 11.209138 -0.018984 
1623 154.271383 0.000000 16.170239 99.705701 14.326188 8.917461 -0.022599 
1624 6.486524 0.000000 0.867754 105.088593 2.728617 -14.755206 -0.126877 
1625 6.191545 0.000000 0.867754 105.522064 2.582777 -11.884892 -0.128283 
1626 6.486524 0.000000 1.156480 104.477402 2.857043 -17.461096 -0.122858 
1627 5.896565 0.000000 0.867754 105.753947 2.427298 -9.188852 -0.127422 
1628 5.601585 0.000000 0.867754 105.827319 2.260752 -6.992805 -0.125343 
1629 5.896565 0.000000 1.156480 105.753947 2.427298 -9.188852 -0.127422 
1630 6.634014 0.000000 -0.431513 105.088593 2.728617 -14.755206 -0.126877 
1631 6.634014 0.000000 -0.575877 104.477402 2.857043 -17.461096 -0.122858 
1632 6.781504 0.000000 -0.431513 104.477402 2.857043 -17.461096 -0.122858 
1633 6.928994 0.000000 -0.431513 107.330602 14.981358 -0.379022 -0.174444 
1634 6.928994 0.000000 -0.575877 107.088691 13.400132 0.653004 -0.164798 
1635 7.076484 0.000000 -0.431513 107.382527 15.063335 -0.094605 -0.175792 
1636 7.223974 0.000000 -0.142787 108.590963 23.778652 -8.921808 -0.243702 
1637 7.223974 0.000000 -0.287150 107.781663 17.989426 -1.772374 -0.194365 
1638 7.371464 0.000000 -0.142787 108.625931 23.725224 -7.489760 -0.241858 
1639 7.518954 0.000000 -0.142787 108.619030 23.505965 -6.058254 -0.238733 
1640 7.518954 0.000000 -0.287150 107.817075 17.808744 -0.788329 -0.194229 
1641 7.666443 0.000000 -0.142787 108.584343 23.124063 -4.680159 -0.234719 
1642 2.356808 0.000000 -0.864603 105.175520 0.724860 -0.715981 -0.106293 
1643 2.061828 0.000000 -0.864603 105.175520 0.724860 -0.715981 -0.106293 
1644 2.356808 0.000000 -1.153329 105.175520 0.724860 -0.715981 -0.106293 
1645 -0.887970 0.000000 -1.730781 104.581616 -0.663088 4.764191 -0.096045 
1646 -1.477929 0.000000 -1.730781 105.005541 -0.678582 8.118320 -0.109253 
1647 -0.887970 0.000000 -2.308233 105.386696 -0.637204 13.074364 -0.127770 
1648 5.306605 0.000000 0.867754 105.813878 2.084771 -5.467173 -0.123081 
1649 5.011626 0.000000 0.867754 105.813878 2.084771 -5.467173 -0.123081 
1650 5.306605 0.000000 1.156480 105.827319 2.260752 -6.992805 -0.125343 
1651 4.716646 0.000000 0.867754 105.754116 1.899823 -4.534844 -0.120811 
1652 4.421666 0.000000 0.867754 105.665606 1.712552 -3.949650 -0.118375 
1653 4.716646 0.000000 1.156480 105.754116 1.899823 -4.534844 -0.120811 
1654 8.846362 0.000000 -0.864603 106.687549 13.420836 3.845119 -0.157714 
1655 8.846362 0.000000 -1.153329 106.440730 13.170874 4.374320 -0.152224 
1656 9.141342 0.000000 -0.864603 106.584727 13.594198 4.100038 -0.156192 
1657 9.436322 0.000000 -0.864603 106.469647 13.770737 4.333085 -0.154419 
1658 9.436322 0.000000 -1.153329 106.254744 13.616736 4.827858 -0.149879 
1659 9.731302 0.000000 -0.864603 106.341013 13.954887 4.548599 -0.152384 
1660 10.026281 0.000000 -0.287150 106.591931 14.939884 4.000175 -0.160104 
1661 10.026281 0.000000 -0.575877 106.393464 14.380946 4.322568 -0.154507 
1662 10.321261 0.000000 -0.287150 106.413256 14.998043 4.183060 -0.156622 
1663 14.450978 0.000000 -1.730781 103.197884 15.930110 9.927616 -0.100213 
1664 14.450978 0.000000 -2.308233 103.030847 15.620912 10.910158 -0.097840 
1665 15.040937 0.000000 -1.730781 102.721464 16.029929 10.199476 -0.091269 
1666 14.450978 0.000000 2.888837 103.881650 9.157639 1.841914 -0.087865 
1667 13.861018 0.000000 2.888837 104.706218 8.852146 0.542746 -0.104205 
1668 14.450978 0.000000 3.466289 103.912828 8.993856 0.655860 -0.087920 
1669 29.199966 0.000000 -6.927851 99.234595 11.782148 15.099128 -0.021431 
1670 29.199966 0.000000 -9.237660 99.364214 10.174018 15.382012 -0.021336 
1671 31.559804 0.000000 -6.927851 99.156033 11.571054 14.982367 -0.019028 
1672 20.940532 0.000000 -3.463138 100.099374 14.515103 13.241063 -0.040590 
1673 20.940532 0.000000 -4.618042 100.097132 13.894370 14.249553 -0.041554 
1674 22.120451 0.000000 -3.463138 99.849934 14.375240 13.282613 -0.035308 
1675 15.630897 0.000000 -1.730781 102.344395 16.045936 10.400532 -0.084002 
1676 15.630897 0.000000 -2.308233 102.219395 15.696755 11.344807 -0.082390 
1677 16.220856 0.000000 -1.730781 101.991129 16.030395 10.573948 -0.077097 
1678 16.810816 0.000000 -0.575877 101.891542 16.684166 8.596963 -0.073416 
1679 16.810816 0.000000 -1.153329 101.772108 16.342438 9.707049 -0.071886 
1680 17.400775 0.000000 -0.575877 101.564402 16.641520 8.747594 -0.066879 
1681 38.639318 0.000000 6.931003 100.859363 7.218701 -2.895459 -0.023310 
1682 38.639318 0.000000 4.621194 98.203640 21.701489 17.042770 -0.040537 
1683 38.639318 0.000000 9.240812 101.412320 3.023052 -7.371334 -0.034793 
1684 55.158184 0.000000 -13.857278 99.035038 5.273673 14.418802 -0.004365 
1685 55.158184 0.000000 -18.476896 99.067635 3.581292 14.472679 -0.003668 
1686 59.877860 0.000000 -13.857278 99.027070 4.997603 14.389150 -0.003838 
1687 33.919642 0.000000 -6.927851 99.097581 11.350113 14.885037 -0.017072 
1688 33.919642 0.000000 -9.237660 99.203582 9.734780 15.187308 -0.016677 
1689 36.279480 0.000000 -6.927851 98.966739 11.113728 14.410963 -0.012561 
1690 64.597536 0.000000 -13.857278 99.020090 4.737743 14.367977 -0.003386 
1691 64.597536 0.000000 -18.476896 99.039028 3.244904 14.422159 -0.002726 
1692 69.317213 0.000000 -13.857278 99.014599 4.492502 14.352654 -0.003007 
1693 74.036889 0.000000 -4.618042 98.996689 9.148536 14.136544 -0.008388 
1694 74.036889 0.000000 -9.237660 99.001641 6.291715 14.256980 -0.004417 
1695 78.756565 0.000000 -4.618042 98.998154 8.713037 14.143112 -0.007658 
1696 83.476241 0.000000 23.099665 100.856496 -17.076371 -0.036354 -0.046364 
1697 78.756565 0.000000 23.099665 100.604811 -17.473453 1.688108 -0.042950 
1698 83.476241 0.000000 27.719283 99.425468 -15.988294 10.376592 -0.024872 
1699 85.836079 0.000000 16.170239 102.026311 1.457203 -8.439577 -0.048272 
1700 83.476241 0.000000 16.170239 102.073176 0.527654 -8.824901 -0.049709 
1701 85.836079 0.000000 18.480048 102.174887 -5.854638 -9.567082 -0.056551 
1702 81.116403 0.000000 16.170239 102.109955 -0.444338 -9.141728 -0.051021 
1703 78.756565 0.000000 16.170239 102.135774 -1.451506 -9.384471 -0.052189 
1704 81.116403 0.000000 18.480048 102.099867 -7.949318 -9.113668 -0.057063 
1705 83.476241 0.000000 -4.618042 98.999233 8.286205 14.147395 -0.006966 
1706 83.476241 0.000000 -9.237660 99.000205 5.643584 14.247795 -0.003589 
1707 88.195917 0.000000 -4.618042 98.999925 7.870732 14.150789 -0.006318 
1708 128.313164 0.000000 20.789857 101.813918 4.406496 -6.591720 -0.042894 
1709 125.953326 0.000000 20.789857 101.891792 3.681422 -7.170225 -0.044690 
1710 128.313164 0.000000 23.099665 102.216814 -1.970805 -9.553955 -0.054344 
1711 151.911545 0.000000 11.550621 99.170109 12.639324 12.852265 -0.015964 
1712 151.911545 0.000000 9.240812 99.061807 11.325708 13.653520 -0.012793 
1713 154.271383 0.000000 11.550621 99.149316 12.476929 13.006620 -0.015543 
1714 7.223974 0.000000 -0.431513 107.419469 15.124200 0.194627 -0.176772 
1715 7.223974 0.000000 -0.575877 107.173085 13.631533 1.099095 -0.167310 
1716 7.371464 0.000000 -0.431513 107.443655 15.162881 0.485292 -0.177429 
1717 7.518954 0.000000 -0.431513 107.457064 15.178846 0.774695 -0.177802 
1718 7.518954 0.000000 -0.575877 107.213579 13.804876 1.541649 -0.168770 
1719 7.666443 0.000000 -0.431513 107.461801 15.171706 1.061335 -0.177935 
1720 10.616241 0.000000 -0.287150 106.232340 15.088340 4.353805 -0.153192 
1721 10.616241 0.000000 -0.575877 106.066922 14.709296 4.704414 -0.148869 
1722 10.911221 0.000000 -0.287150 106.046663 15.202364 4.512472 -0.149737 
1723 17.990735 0.000000 -0.575877 101.268620 16.579347 8.851037 -0.060855 
1724 17.990735 0.000000 -1.153329 101.172206 16.220076 9.941207 -0.059773 
1725 18.580694 0.000000 -0.575877 100.959702 16.508623 8.957346 -0.054563 
1 155 157 115 158 
2 156 155 158 116 
3 164 156 116 167 
4 165 164 167 152 
5 5 170 168 169 
6 170 123 171 168 
7 168 171 155 172 
8 169 168 172 156 
9 6 175 173 174 
10 175 18 45 173 
11 173 45 28 176 
12 174 173 176 29 
13 18 179 177 178 
14 179 34 61 177 
15 177 61 44 180 
16 178 177 180 45 
17 34 183 181 182 
18 183 50 77 181 
19 181 77 60 184 
20 182 181 184 61 
21 50 187 185 186 
22 187 66 93 185 
23 185 93 76 188 
24 186 185 188 77 
25 66 191 189 190 
26 190 189 192 93 
27 98 199 197 198 
28 199 114 165 197 
29 197 165 152 200 
30 198 197 200 153 
31 114 206 204 205 
32 206 166 207 204 
33 204 207 164 208 
34 205 204 208 165 
35 16 211 209 210 
36 211 15 32 209 
37 209 32 18 175 
38 210 209 175 6 
39 32 214 212 213 
40 214 31 48 212 
41 212 48 34 179 
42 213 212 179 18 
43 48 217 215 216 
44 217 47 64 215 
45 215 64 50 183 
46 216 215 183 34 
47 64 220 218 219 
48 220 63 80 218 
49 218 80 66 187 
50 219 218 187 50 
51 80 223 221 222 
52 222 221 191 66 
53 112 229 227 228 
54 229 111 202 227 
55 227 202 114 199 
56 228 227 199 98 
57 224 232 230 231 
58 232 112 228 230 
59 234 198 153 236 
60 235 234 236 193 
61 230 239 237 238 
62 239 228 240 237 
63 237 240 98 241 
64 221 244 242 243 
65 244 96 225 242 
66 242 225 82 245 
67 243 242 245 191 
68 225 248 246 247 
69 248 224 231 246 
70 247 246 249 82 
71 231 252 250 251 
72 252 230 238 250 
73 241 98 256 254 
74 254 256 198 257 
75 255 254 257 234 
76 238 260 258 259 
77 260 237 261 258 
78 258 261 241 262 
79 259 258 262 233 
80 191 245 263 264 
81 245 82 194 263 
82 263 194 109 265 
83 264 263 265 189 
84 82 249 266 267 
85 266 235 193 268 
86 267 266 268 194 
87 269 255 234 271 
88 270 269 271 235 
89 274 233 275 272 
90 272 275 255 276 
91 273 272 276 269 
92 249 279 277 278 
93 279 195 270 277 
94 277 270 235 280 
95 278 277 280 266 
96 195 283 281 282 
97 283 253 273 281 
98 281 273 269 284 
99 282 281 284 270 
100 250 287 285 286 
101 287 238 259 285 
102 285 259 233 274 
103 286 285 274 253 
104 253 290 288 289 
105 290 274 291 288 
106 288 291 272 292 
107 289 288 292 273 
108 120 295 293 294 
109 295 119 160 293 
110 293 160 123 170 
111 294 293 170 5 
112 317 318 157 319 
113 171 317 319 155 
114 160 322 320 321 
115 321 320 324 123 
116 123 324 333 334 
117 333 335 317 336 
118 334 333 336 171 
119 320 339 337 338 
120 339 323 340 337 
121 337 340 163 341 
122 338 337 341 324 
123 351 372 370 371 
124 372 343 373 370 
125 371 370 374 349 
126 382 348 383 381 
127 343 385 384 373 
128 385 367 386 384 
129 384 386 366 387 
130 373 384 387 352 
131 20 38 388 389 
132 38 19 390 388 
133 388 390 22 391 
134 389 388 391 9 
135 36 54 392 393 
136 54 35 394 392 
137 392 394 38 395 
138 393 392 395 20 
139 52 70 396 397 
140 70 51 398 396 
141 396 398 54 399 
142 397 396 399 36 
143 68 86 400 401 
144 86 67 402 400 
145 400 402 70 403 
146 401 400 403 52 
147 83 310 404 405 
148 310 85 406 404 
149 404 406 67 407 
150 405 404 407 86 
151 101 345 408 409 
152 345 308 410 408 
153 408 410 310 411 
154 409 408 411 83 
155 312 353 412 413 
156 353 342 414 412 
157 412 414 345 415 
158 413 412 415 101 
159 349 374 416 417 
160 374 352 418 416 
161 416 418 342 419 
162 417 416 419 353 
163 370 422 420 421 
164 422 373 423 420 
165 420 423 352 424 
166 421 420 424 374 
167 342 369 429 414 
168 369 344 430 429 
169 429 430 308 431 
170 414 429 431 345 
171 366 434 432 433 
172 434 368 435 432 
173 432 435 344 436 
174 433 432 436 369 
175 308 365 437 410 
176 365 309 438 437 
177 437 438 85 439 
178 410 437 439 310 
179 344 428 440 430 
180 428 362 441 440 
181 440 441 365 442 
182 430 440 442 308 
183 368 444 443 435 
184 444 425 445 443 
185 443 445 428 446 
186 435 443 446 344 
187 425 456 455 445 
188 456 427 457 455 
189 455 457 362 458 
190 445 455 458 428 
191 362 454 459 441 
192 454 364 460 459 
193 459 460 309 461 
194 441 459 461 365 
195 427 463 462 457 
196 463 451 464 462 
197 462 464 454 465 
198 457 462 465 362 
199 59 470 469 453 
200 470 448 471 469 
201 469 471 447 472 
202 453 469 472 364 
203 451 474 473 464 
204 474 453 475 473 
205 473 475 364 476 
206 464 473 476 454 
207 67 307 489 402 
208 307 69 490 489 
209 489 490 51 491 
210 402 489 491 70 
211 85 361 492 406 
212 361 305 493 492 
213 492 493 307 494 
214 406 492 494 67 
215 309 450 495 438 
216 495 496 361 497 
217 438 495 497 85 
218 498 501 358 502 
219 499 498 502 450 
220 364 472 503 460 
221 472 447 499 503 
222 503 499 450 504 
223 460 503 504 309 
224 448 506 505 471 
225 506 359 507 505 
226 505 507 449 500 
227 471 505 500 447 
228 447 510 508 509 
229 510 500 511 508 
230 508 511 498 512 
231 509 508 512 499 
232 513 514 305 515 
233 496 513 515 361 
234 516 518 488 519 
235 501 516 519 358 
236 527 377 528 526 
237 359 530 529 507 
238 530 486 531 529 
239 529 531 485 517 
240 507 529 517 449 
241 449 534 532 533 
242 534 517 535 532 
243 532 535 516 536 
244 533 532 536 501 
245 541 543 360 544 
246 518 541 544 488 
247 517 546 545 535 
248 546 485 547 545 
249 545 547 518 548 
250 535 545 548 516 
251 486 550 549 531 
252 550 139 551 549 
253 549 551 487 542 
254 531 549 542 485 
255 305 484 552 493 
256 484 306 553 552 
257 552 553 69 554 
258 493 552 554 307 
259 555 556 484 557 
260 514 555 557 305 
261 487 559 558 543 
262 559 537 560 558 
263 543 558 561 360 
264 542 564 562 563 
265 564 487 565 562 
266 562 565 543 566 
267 563 562 566 541 
268 43 568 567 483 
269 568 478 569 567 
270 567 569 477 570 
271 483 567 570 306 
272 482 572 571 539 
273 572 43 573 571 
274 571 573 483 574 
275 539 571 574 481 
276 537 576 575 560 
277 576 539 577 575 
278 575 577 481 578 
279 560 575 578 540 
280 360 561 579 580 
281 561 540 581 579 
282 579 581 555 582 
283 580 579 582 514 
284 558 585 583 584 
285 585 560 586 583 
286 583 586 540 587 
287 584 583 587 561 
288 593 27 594 592 
289 478 597 596 569 
290 597 135 598 596 
291 596 598 479 599 
292 569 596 599 477 
293 604 134 605 603 
294 603 605 27 593 
295 135 607 606 598 
296 607 593 608 606 
297 606 608 592 609 
298 598 606 609 479 
299 27 611 610 594 
300 611 589 612 610 
301 35 301 614 394 
302 301 37 615 614 
303 614 615 19 616 
304 394 614 616 38 
305 53 591 617 618 
306 591 299 619 617 
307 617 619 301 620 
308 618 617 620 35 
309 303 613 621 622 
310 613 588 623 621 
311 621 623 591 624 
312 622 621 624 53 
313 594 627 625 626 
314 627 610 628 625 
315 625 628 613 629 
316 626 625 629 303 
317 589 639 638 612 
318 639 131 640 638 
319 610 643 642 628 
320 643 612 644 642 
321 642 644 588 645 
322 628 642 645 613 
323 588 641 646 623 
324 641 590 647 646 
325 646 647 299 648 
326 623 646 648 591 
327 612 650 649 644 
328 650 638 651 649 
329 649 651 641 652 
330 644 649 652 588 
331 657 130 658 656 
332 131 660 659 640 
333 660 635 661 659 
334 638 664 663 651 
335 664 640 665 663 
336 663 665 590 666 
337 651 663 666 641 
338 299 637 667 619 
339 637 300 668 667 
340 667 668 37 669 
341 619 667 669 301 
342 590 662 670 647 
343 662 634 671 670 
344 670 671 637 672 
345 647 670 672 299 
346 640 674 673 665 
347 674 659 675 673 
348 673 675 662 676 
349 665 673 676 590 
350 635 682 681 661 
351 682 14 683 681 
352 681 683 636 684 
353 661 681 684 634 
354 659 686 685 675 
355 686 661 687 685 
356 685 687 634 688 
357 675 685 688 662 
358 634 684 689 671 
359 689 690 300 691 
360 671 689 691 637 
361 19 298 692 390 
362 298 21 693 692 
363 692 693 3 694 
364 390 692 694 22 
365 37 633 695 615 
366 633 296 696 695 
367 695 696 298 697 
368 615 695 697 19 
369 698 699 633 700 
370 668 698 700 37 
371 684 707 705 706 
372 707 636 708 705 
373 705 708 690 709 
374 706 705 709 689 
375 130 711 710 658 
376 711 653 712 710 
377 710 712 631 678 
378 14 714 713 683 
379 714 678 715 713 
380 713 715 677 702 
381 683 713 702 636 
382 702 730 728 729 
383 730 677 731 728 
384 728 731 703 732 
385 729 728 732 701 
386 678 734 733 715 
387 734 631 735 733 
388 733 735 679 725 
389 715 733 725 677 
390 677 737 736 731 
391 737 725 738 736 
392 736 738 724 739 
393 731 736 739 703 
394 740 741 296 742 
395 699 740 742 633 
396 725 748 747 738 
397 748 679 749 747 
398 747 749 726 750 
399 738 747 750 724 
400 653 755 754 712 
401 755 655 756 754 
402 754 756 127 721 
403 712 754 721 631 
404 631 758 757 735 
405 758 721 759 757 
406 757 759 720 744 
407 735 757 744 679 
408 679 761 760 749 
409 761 744 762 760 
410 760 762 743 763 
411 749 760 763 726 
412 744 773 772 762 
413 773 720 774 772 
414 772 774 745 775 
415 762 772 775 743 
416 296 719 776 696 
417 719 297 777 776 
418 776 777 21 778 
419 696 776 778 298 
420 779 780 719 781 
421 741 779 781 296 
422 723 771 782 783 
423 771 632 784 782 
424 782 784 741 785 
425 783 782 785 740 
426 745 788 786 787 
427 788 768 789 786 
428 786 789 771 790 
429 787 786 790 723 
430 768 796 795 789 
431 796 770 797 795 
432 795 797 632 798 
433 789 795 798 771 
434 632 794 799 784 
435 794 767 800 799 
436 799 800 779 801 
437 784 799 801 741 
438 770 803 802 797 
439 803 791 804 802 
440 802 804 794 805 
441 797 802 805 632 
442 791 815 814 804 
443 815 793 816 814 
444 814 816 767 817 
445 804 814 817 794 
446 818 819 297 820 
447 780 818 820 719 
448 821 822 780 823 
449 800 821 823 779 
450 793 825 824 816 
451 825 810 826 824 
452 824 826 813 827 
453 816 824 827 767 
454 810 833 832 826 
455 833 812 834 832 
456 832 834 716 835 
457 826 832 835 813 
458 836 837 818 838 
459 822 836 838 780 
460 812 840 839 834 
461 840 828 841 839 
462 839 841 831 842 
463 834 839 842 716 
464 843 845 819 846 
465 837 843 846 818 
466 831 849 847 848 
467 849 809 850 847 
468 847 850 837 851 
469 848 847 851 836 
470 809 856 855 850 
471 856 844 857 855 
472 855 857 843 858 
473 850 855 858 837 
474 844 860 859 857 
475 860 718 861 859 
476 859 861 845 862 
477 857 859 862 843 
478 863 864 314 865 
479 318 863 865 157 
480 866 867 318 868 
481 335 866 868 317 
482 873 875 866 876 
483 874 873 876 335 
484 340 879 877 878 
485 878 877 881 163 
486 7 884 882 883 
487 884 12 885 882 
488 882 885 10 25 
489 883 882 25 11 
490 11 888 886 887 
491 888 25 889 886 
492 886 889 23 41 
493 887 886 41 24 
494 24 892 890 891 
495 892 41 893 890 
496 890 893 39 57 
497 891 890 57 40 
498 40 896 894 895 
499 896 57 897 894 
500 894 897 55 73 
501 895 894 73 56 
502 56 900 898 899 
503 900 73 901 898 
504 898 901 71 89 
505 899 898 89 72 
506 72 904 902 903 
507 904 89 905 902 
508 902 905 87 105 
509 903 902 105 88 
510 88 908 906 907 
511 908 105 909 906 
512 906 909 103 121 
513 907 906 121 104 
514 121 912 910 911 
515 912 103 913 910 
516 910 913 122 161 
517 911 910 161 119 
518 161 916 914 915 
519 916 122 917 914 
520 914 917 162 330 
521 915 914 330 159 
522 159 920 918 919 
523 920 330 921 918 
524 918 921 329 870 
525 919 918 870 323 
526 323 924 922 923 
527 924 870 925 922 
528 922 925 869 879 
529 923 922 879 340 
530 931 331 932 930 
531 930 932 107 933 
532 935 871 936 934 
533 934 936 332 937 
534 879 940 938 939 
535 940 869 941 938 
536 939 938 942 877 
537 870 944 943 925 
538 944 329 945 943 
539 943 945 871 935 
540 925 943 935 869 
541 869 947 946 941 
542 947 935 948 946 
543 946 948 934 949 
544 941 946 949 880 
545 324 341 950 951 
546 341 163 874 950 
547 950 874 335 952 
548 951 950 952 333 
549 163 881 953 954 
550 881 872 955 953 
551 953 955 873 956 
552 954 953 956 874 
553 877 942 957 958 
554 942 880 959 957 
555 957 959 872 960 
556 958 957 960 881 
557 938 963 961 962 
558 963 941 964 961 
559 961 964 880 965 
560 962 961 965 942 
561 966 967 863 968 
562 867 966 968 318 
563 933 107 970 969 
564 969 970 867 971 
565 875 969 971 866 
566 871 973 972 936 
567 973 930 974 972 
568 972 974 933 975 
569 936 972 975 332 
570 331 977 976 932 
571 977 926 978 976 
572 976 978 929 979 
573 932 976 979 107 
574 989 327 990 988 
575 988 990 151 991 
576 926 993 992 978 
577 993 928 994 992 
578 992 994 328 995 
579 978 992 995 929 
580 999 1000 315 1001 
581 864 999 1001 314 
582 991 151 1003 1002 
583 1002 1003 864 1004 
584 967 1002 1004 863 
585 928 1006 1005 994 
586 1006 988 1007 1005 
587 1005 1007 991 1008 
588 994 1005 1008 328 
589 327 1010 1009 990 
590 1010 984 1011 1009 
591 1009 1011 987 1012 
592 990 1009 1012 151 
593 984 1018 1017 1011 
594 1018 986 1019 1017 
595 1017 1019 91 1020 
596 1011 1017 1020 987 
597 1021 1022 996 1023 
598 1000 1021 1023 315 
599 986 1025 1024 1019 
600 1025 1013 1026 1024 
601 1024 1026 1016 1027 
602 1019 1024 1027 91 
603 1013 1036 1035 1026 
604 1036 1015 1037 1035 
605 1035 1037 983 1038 
606 1026 1035 1038 1016 
607 1041 1042 997 1043 
608 1022 1041 1043 996 
609 1015 1045 1044 1037 
610 1045 1031 1046 1044 
611 1044 1046 1034 1047 
612 1037 1044 1047 983 
613 1052 1053 1039 1054 
614 1042 1052 1054 997 
615 1033 1057 1055 1056 
616 1057 1048 1058 1055 
617 1055 1058 1051 1059 
618 1056 1055 1059 147 
619 1061 75 1062 1060 
620 1060 1062 350 1063 
621 1053 1060 1063 1039 
622 1065 355 1066 1064 
623 1064 1066 75 1061 
624 1030 1069 1067 1068 
625 1069 1061 1070 1067 
626 1067 1070 1060 1071 
627 1068 1067 1071 1053 
628 75 1073 1072 1062 
629 1073 351 371 1072 
630 1072 371 349 1074 
631 1062 1072 1074 350 
632 12 1076 1075 885 
633 1076 2 1077 1075 
634 1075 1077 13 125 
635 885 1075 125 10 
636 17 1080 1078 1079 
637 1080 7 883 1078 
638 1078 883 11 33 
639 1079 1078 33 15 
640 25 1082 1081 889 
641 1082 10 1083 1081 
642 1081 1083 26 129 
643 889 1081 129 23 
644 28 46 1084 1085 
645 46 20 389 1084 
646 1084 389 9 1086 
647 1085 1084 1086 30 
648 29 176 1087 1088 
649 176 28 1085 1087 
650 1087 1085 30 1089 
651 1088 1087 1089 4 
652 33 1092 1090 1091 
653 1092 11 887 1090 
654 1090 887 24 49 
655 1091 1090 49 31 
656 41 1094 1093 893 
657 1094 23 1095 1093 
658 1093 1095 42 133 
659 893 1093 133 39 
660 44 62 1096 1097 
661 62 36 393 1096 
662 1096 393 20 1098 
663 1097 1096 1098 46 
664 45 180 1099 1100 
665 180 44 1097 1099 
666 1099 1097 46 1101 
667 1100 1099 1101 28 
668 49 1104 1102 1103 
669 1104 24 891 1102 
670 1102 891 40 65 
671 1103 1102 65 47 
672 51 304 1105 398 
673 304 53 618 1105 
674 1105 618 35 1106 
675 398 1105 1106 54 
676 57 1108 1107 897 
677 1108 39 1109 1107 
678 1107 1109 58 137 
679 897 1107 137 55 
680 60 78 1110 1111 
681 78 52 397 1110 
682 1110 397 36 1112 
683 1111 1110 1112 62 
684 61 184 1113 1114 
685 184 60 1111 1113 
686 1113 1111 62 1115 
687 1114 1113 1115 44 
688 65 1118 1116 1117 
689 1118 40 895 1116 
690 1116 895 56 81 
691 1117 1116 81 63 
692 73 1120 1119 901 
693 1120 55 1121 1119 
694 1119 1121 74 141 
695 901 1119 141 71 
696 76 94 1122 1123 
697 94 68 401 1122 
698 1122 401 52 1124 
699 1123 1122 1124 78 
700 77 188 1125 1126 
701 188 76 1123 1125 
702 1125 1123 78 1127 
703 1126 1125 1127 60 
704 81 1130 1128 1129 
705 1130 56 899 1128 
706 1128 899 72 97 
707 1129 1128 97 79 
708 84 102 1131 1132 
709 102 83 405 1131 
710 1131 405 86 1133 
711 1132 1131 1133 68 
712 89 1135 1134 905 
713 1135 71 1136 1134 
714 1134 1136 90 145 
715 905 1134 145 87 
716 92 110 1137 1138 
717 110 84 1132 1137 
718 1137 1132 68 1139 
719 1138 1137 1139 94 
720 93 192 1140 1141 
721 192 92 1138 1140 
722 1140 1138 94 1142 
723 1141 1140 1142 76 
724 97 1145 1143 1144 
725 1145 72 903 1143 
726 1143 903 88 113 
727 1144 1143 113 95 
728 99 313 1146 1147 
729 313 101 409 1146 
730 1146 409 83 1148 
731 1147 1146 1148 102 
732 100 118 1149 1150 
733 118 99 1147 1149 
734 1149 1147 102 1151 
735 1150 1149 1151 84 
736 105 1153 1152 909 
737 1153 87 1154 1152 
738 1152 1154 106 149 
739 909 1152 149 103 
740 108 154 1155 1156 
741 154 100 1150 1155 
742 1155 1150 84 1157 
743 1156 1155 1157 110 
744 109 196 1158 1159 
745 196 108 1156 1158 
746 1158 1156 110 1160 
747 1159 1158 1160 92 
748 113 1163 1161 1162 
749 1163 88 907 1161 
750 1161 907 104 203 
751 1162 1161 203 111 
752 104 1166 1164 1165 
753 1166 121 911 1164 
754 1164 911 119 295 
755 1165 1164 295 120 
756 10 1168 1167 1083 
757 1168 125 1169 1167 
758 1167 1169 124 654 
759 1083 1167 654 26 
760 125 1171 1170 1169 
761 1171 13 1172 1170 
762 1170 1172 126 752 
763 1169 1170 752 124 
764 23 1174 1173 1095 
765 1174 129 1175 1173 
766 1173 1175 128 601 
767 1095 1173 601 42 
768 129 1177 1176 1175 
769 1177 26 1178 1176 
770 1176 1178 130 657 
771 1175 1176 657 128 
772 39 1180 1179 1109 
773 1180 133 1181 1179 
774 1179 1181 132 521 
775 1109 1179 521 58 
776 133 1183 1182 1181 
777 1183 42 1184 1182 
778 1182 1184 134 604 
779 1181 1182 604 132 
780 55 1186 1185 1121 
781 1186 137 1187 1185 
782 1185 1187 136 376 
783 1121 1185 376 74 
784 137 1189 1188 1187 
785 1189 58 1190 1188 
786 1188 1190 138 524 
787 1187 1188 524 136 
788 71 1192 1191 1136 
789 1192 141 1193 1191 
790 1191 1193 140 347 
791 1136 1191 347 90 
792 141 1195 1194 1193 
793 1195 74 1196 1194 
794 1194 1196 142 379 
795 1193 1194 379 140 
796 87 1198 1197 1154 
797 1198 145 1199 1197 
798 1197 1199 144 981 
799 1154 1197 981 106 
800 145 1201 1200 1199 
801 1201 90 1202 1200 
802 1200 1202 146 1029 
803 1199 1200 1029 144 
804 103 1204 1203 913 
805 1204 149 1205 1203 
806 1203 1205 148 326 
807 913 1203 326 122 
808 149 1207 1206 1205 
809 1207 106 1208 1206 
810 1206 1208 150 985 
811 1205 1206 985 148 
812 119 1211 1209 1210 
813 1211 161 915 1209 
814 1209 915 159 322 
815 1210 1209 322 160 
816 166 1213 1212 207 
817 1213 5 169 1212 
818 1212 169 156 1214 
819 207 1212 1214 164 
820 189 265 1215 1216 
821 265 109 1159 1215 
822 1215 1159 92 1217 
823 1216 1215 1217 192 
824 201 1220 1218 1219 
825 1220 120 294 1218 
826 1218 294 5 1213 
827 1219 1218 1213 166 
828 202 1223 1221 1222 
829 1223 201 1219 1221 
830 1221 1219 166 206 
831 1222 1221 206 114 
832 246 1226 1224 1225 
833 1226 231 251 1224 
834 1224 251 195 279 
835 1225 1224 279 249 
836 251 1229 1227 1228 
837 1229 250 286 1227 
838 1227 286 253 283 
839 1228 1227 283 195 
840 233 262 1230 275 
841 262 241 1231 1230 
842 1230 1231 254 1232 
843 275 1230 1232 255 
844 302 595 1233 1234 
845 595 303 622 1233 
846 1233 622 53 1235 
847 1234 1233 1235 304 
848 69 480 1236 490 
849 480 302 1234 1236 
850 1236 1234 304 1237 
851 490 1236 1237 51 
852 311 1040 1238 1239 
853 1040 312 413 1238 
854 1238 413 101 1240 
855 1239 1238 1240 313 
856 117 998 1241 1242 
857 998 311 1239 1241 
858 1241 1239 313 1243 
859 1242 1241 1243 99 
860 322 1246 1244 1245 
861 1246 159 919 1244 
862 1244 919 323 339 
863 1245 1244 339 320 
864 122 1248 1247 917 
865 1248 326 1249 1247 
866 1247 1249 325 927 
867 917 1247 927 162 
868 326 1251 1250 1249 
869 1251 148 1252 1250 
870 1250 1252 327 989 
871 1249 1250 989 325 
872 330 1254 1253 921 
873 1254 162 1255 1253 
874 1253 1255 331 931 
875 921 1253 931 329 
876 90 1257 1256 1202 
877 1257 347 1258 1256 
878 1256 1258 346 356 
879 1202 1256 356 146 
880 347 1260 1259 1258 
881 1260 140 1261 1259 
882 1259 1261 348 382 
883 1258 1259 382 346 
884 350 1074 1262 1263 
885 1074 349 417 1262 
886 1262 417 353 1264 
887 1263 1262 1264 312 
888 355 1266 1265 1066 
889 1266 354 1267 1265 
890 1265 1267 351 1073 
891 1066 1265 1073 75 
892 367 1269 1268 386 
893 1269 143 1270 1268 
894 1268 1270 368 434 
895 386 1268 434 366 
896 352 387 1271 418 
897 387 366 433 1271 
898 1271 433 369 1272 
899 418 1271 1272 342 
900 74 1274 1273 1196 
901 1274 376 1275 1273 
902 1273 1275 375 467 
903 1196 1273 467 142 
904 376 1277 1276 1275 
905 1277 136 1278 1276 
906 1276 1278 377 527 
907 1275 1276 527 375 
908 348 1280 1279 383 
909 1280 378 1281 1279 
910 1279 1281 363 426 
911 143 1283 1282 1270 
912 1283 426 1284 1282 
913 1282 1284 425 444 
914 1270 1282 444 368 
915 426 1286 1285 1284 
916 1286 363 1287 1285 
917 1285 1287 427 456 
918 1284 1285 456 425 
919 378 1289 1288 1281 
920 1289 380 1290 1288 
921 1288 1290 59 452 
922 1281 1288 452 363 
923 363 1292 1291 1287 
924 1292 452 1293 1291 
925 1291 1293 451 463 
926 1287 1291 463 427 
927 452 1295 1294 1293 
928 1295 59 1296 1294 
929 1294 1296 453 474 
930 1293 1294 474 451 
931 380 1298 1297 1290 
932 1298 466 1299 1297 
933 1297 1299 448 470 
934 1290 1297 470 59 
935 306 570 1300 553 
936 570 477 1301 1300 
937 1300 1301 480 1302 
938 553 1300 1302 69 
939 481 574 1303 556 
940 574 483 1304 1303 
941 1303 1304 306 1305 
942 556 1303 1305 484 
943 500 1307 1306 511 
944 1307 449 533 1306 
945 1306 533 501 1308 
946 511 1306 1308 498 
947 488 544 1309 1310 
948 544 360 580 1309 
949 1309 580 514 1311 
950 1310 1309 1311 513 
951 138 1313 1312 525 
952 1313 520 1314 1312 
953 1312 1314 478 568 
954 525 1312 568 43 
955 377 1316 1315 528 
956 1316 523 1317 1315 
957 1315 1317 482 538 
958 139 1319 1318 551 
959 1319 538 1320 1318 
960 1318 1320 537 559 
961 551 1318 559 487 
962 538 1322 1321 1320 
963 1322 482 1323 1321 
964 1321 1323 539 576 
965 1320 1321 576 537 
966 485 1325 1324 547 
967 1325 542 563 1324 
968 1324 563 541 1326 
969 547 1324 1326 518 
970 540 578 1327 581 
971 578 481 1328 1327 
972 1327 1328 556 1329 
973 581 1327 1329 555 
974 134 1331 1330 605 
975 1331 600 1332 1330 
976 1330 1332 589 611 
977 605 1330 611 27 
978 26 1334 1333 1178 
979 1334 654 1335 1333 
980 1333 1335 653 711 
981 1178 1333 711 130 
982 654 1337 1336 1335 
983 1337 124 1338 1336 
984 1336 1338 655 755 
985 1335 1336 755 653 
986 636 1340 1339 708 
987 1340 702 729 1339 
988 1339 729 701 1341 
989 708 1339 1341 690 
990 721 1343 1342 759 
991 1343 127 1344 1342 
992 1342 1344 722 769 
993 759 1342 769 720 
994 630 746 1345 1346 
995 746 723 783 1345 
996 1345 783 740 1347 
997 1346 1345 1347 699 
998 743 775 1348 1349 
999 775 745 787 1348 
1000 1348 787 723 1350 
1001 1349 1348 1350 746 
1002 726 763 1351 1352 
1003 763 743 1349 1351 
1004 1351 1349 746 1353 
1005 1352 1351 1353 630 
1006 655 1355 1354 756 
1007 1355 751 1356 1354 
1008 1354 1356 717 765 
1009 756 1354 765 127 
1010 127 1358 1357 1344 
1011 1358 765 1359 1357 
1012 1357 1359 764 792 
1013 1344 1357 792 722 
1014 765 1361 1360 1359 
1015 1361 717 1362 1360 
1016 1360 1362 766 811 
1017 1359 1360 811 764 
1018 720 1364 1363 774 
1019 1364 769 1365 1363 
1020 1363 1365 768 788 
1021 774 1363 788 745 
1022 769 1367 1366 1365 
1023 1367 722 1368 1366 
1024 1366 1368 770 796 
1025 1365 1366 796 768 
1026 722 1370 1369 1368 
1027 1370 792 1371 1369 
1028 1369 1371 791 803 
1029 1368 1369 803 770 
1030 792 1373 1372 1371 
1031 1373 764 1374 1372 
1032 1372 1374 793 815 
1033 1371 1372 815 791 
1034 751 1376 1375 1356 
1035 1376 753 1377 1375 
1036 1375 1377 8 807 
1037 1356 1375 807 717 
1038 717 1379 1378 1362 
1039 1379 807 1380 1378 
1040 1378 1380 806 829 
1041 1362 1378 829 766 
1042 807 1382 1381 1380 
1043 1382 8 1383 1381 
1044 1381 1383 808 853 
1045 1380 1381 853 806 
1046 764 1385 1384 1374 
1047 1385 811 1386 1384 
1048 1384 1386 810 825 
1049 1374 1384 825 793 
1050 811 1388 1387 1386 
1051 1388 766 1389 1387 
1052 1387 1389 812 833 
1053 1386 1387 833 810 
1054 766 1391 1390 1389 
1055 1391 829 1392 1390 
1056 1390 1392 828 840 
1057 1389 1390 840 812 
1058 828 1394 1393 841 
1059 1394 830 1395 1393 
1060 1393 1395 809 849 
1061 841 1393 849 831 
1062 716 842 1396 1397 
1063 842 831 848 1396 
1064 1396 848 836 1398 
1065 1397 1396 1398 822 
1066 830 1400 1399 1395 
1067 1400 852 1401 1399 
1068 1399 1401 844 856 
1069 1395 1399 856 809 
1070 872 937 1402 955 
1071 937 332 1403 1402 
1072 1402 1403 875 1404 
1073 955 1402 1404 873 
1074 162 1406 1405 1255 
1075 1406 927 1407 1405 
1076 1405 1407 926 977 
1077 1255 1405 977 331 
1078 927 1409 1408 1407 
1079 1409 325 1410 1408 
1080 1408 1410 928 993 
1081 1407 1408 993 926 
1082 329 1412 1411 945 
1083 1412 931 1413 1411 
1084 1411 1413 930 973 
1085 945 1411 973 871 
1086 880 949 1414 959 
1087 949 934 1415 1414 
1088 1414 1415 937 1416 
1089 959 1414 1416 872 
1090 107 979 1417 970 
1091 979 929 1418 1417 
1092 1417 1418 966 1419 
1093 970 1417 1419 867 
1094 929 995 1420 1418 
1095 995 328 1421 1420 
1096 1420 1421 967 1422 
1097 1418 1420 1422 966 
1098 332 975 1423 1403 
1099 975 933 1424 1423 
1100 1423 1424 969 1425 
1101 1403 1423 1425 875 
1102 106 1427 1426 1208 
1103 1427 981 1428 1426 
1104 1426 1428 980 1014 
1105 1208 1426 1014 150 
1106 981 1430 1429 1428 
1107 1430 144 1431 1429 
1108 1429 1431 982 1032 
1109 1428 1429 1032 980 
1110 148 1433 1432 1252 
1111 1433 985 1434 1432 
1112 1432 1434 984 1010 
1113 1252 1432 1010 327 
1114 985 1436 1435 1434 
1115 1436 150 1437 1435 
1116 1435 1437 986 1018 
1117 1434 1435 1018 984 
1118 325 1439 1438 1410 
1119 1439 989 1440 1438 
1120 1438 1440 988 1006 
1121 1410 1438 1006 928 
1122 151 1012 1441 1003 
1123 1012 987 1442 1441 
1124 1441 1442 999 1443 
1125 1003 1441 1443 864 
1126 987 1020 1444 1442 
1127 1020 91 1445 1444 
1128 1444 1445 1000 1446 
1129 1442 1444 1446 999 
1130 328 1008 1447 1421 
1131 1008 991 1448 1447 
1132 1447 1448 1002 1449 
1133 1421 1447 1449 967 
1134 150 1451 1450 1437 
1135 1451 1014 1452 1450 
1136 1450 1452 1013 1025 
1137 1437 1450 1025 986 
1138 1014 1454 1453 1452 
1139 1454 980 1455 1453 
1140 1453 1455 1015 1036 
1141 1452 1453 1036 1013 
1142 91 1027 1456 1445 
1143 1027 1016 1457 1456 
1144 1456 1457 1021 1458 
1145 1445 1456 1458 1000 
1146 1016 1038 1459 1457 
1147 1038 983 1460 1459 
1148 1459 1460 1022 1461 
1149 1457 1459 1461 1021 
1150 144 1463 1462 1431 
1151 1463 1029 1464 1462 
1152 1462 1464 1028 1049 
1153 1431 1462 1049 982 
1154 1029 1466 1465 1464 
1155 1466 146 1467 1465 
1156 1465 1467 355 1065 
1157 1464 1465 1065 1028 
1158 980 1469 1468 1455 
1159 1469 1032 1470 1468 
1160 1468 1470 1031 1045 
1161 1455 1468 1045 1015 
1162 1031 1472 1471 1046 
1163 1472 1033 1056 1471 
1164 1471 1056 147 1473 
1165 1046 1471 1473 1034 
1166 1039 1063 1474 1475 
1167 1063 350 1263 1474 
1168 1474 1263 312 1476 
1169 1475 1474 1476 1040 
1170 997 1054 1477 1478 
1171 1054 1039 1475 1477 
1172 1477 1475 1040 1479 
1173 1478 1477 1479 311 
1174 983 1047 1480 1460 
1175 1047 1034 1481 1480 
1176 1480 1481 1041 1482 
1177 1460 1480 1482 1022 
1178 1034 1473 1483 1481 
1179 1473 147 1484 1483 
1180 1483 1484 1042 1485 
1181 1481 1483 1485 1041 
1182 147 1059 1486 1484 
1183 1059 1051 1487 1486 
1184 1486 1487 1052 1488 
1185 1484 1486 1488 1042 
1186 1051 1490 1489 1487 
1187 1490 1030 1068 1489 
1188 1489 1068 1053 1491 
1189 1487 1489 1491 1052 
1190 1 1494 1492 1493 
1191 1494 17 1079 1492 
1192 1492 1079 15 211 
1193 1493 1492 211 16 
1194 15 1497 1495 1496 
1195 1497 33 1091 1495 
1196 1495 1091 31 214 
1197 1496 1495 214 32 
1198 31 1500 1498 1499 
1199 1500 49 1103 1498 
1200 1498 1103 47 217 
1201 1499 1498 217 48 
1202 47 1503 1501 1502 
1203 1503 65 1117 1501 
1204 1501 1117 63 220 
1205 1502 1501 220 64 
1206 63 1506 1504 1505 
1207 1506 81 1129 1504 
1208 1504 1129 79 223 
1209 1505 1504 223 80 
1210 79 1509 1507 1508 
1211 1509 97 1144 1507 
1212 1507 1144 95 226 
1213 1508 1507 226 96 
1214 95 1512 1510 1511 
1215 1512 113 1162 1510 
1216 1510 1162 111 229 
1217 1511 1510 229 112 
1218 115 316 1513 1514 
1219 316 117 1242 1513 
1220 1513 1242 99 1515 
1221 1514 1513 1515 118 
1222 116 158 1516 1517 
1223 158 115 1514 1516 
1224 1516 1514 118 1518 
1225 1517 1516 1518 100 
1226 152 167 1519 1520 
1227 167 116 1517 1519 
1228 1519 1517 100 1521 
1229 1520 1519 1521 154 
1230 153 200 1522 1523 
1231 200 152 1520 1522 
1232 1522 1520 154 1524 
1233 1523 1522 1524 108 
1234 193 236 1525 1526 
1235 236 153 1523 1525 
1236 1525 1523 108 1527 
1237 1526 1525 1527 196 
1238 194 268 1528 1529 
1239 268 193 1526 1528 
1240 1528 1526 196 1530 
1241 1529 1528 1530 109 
1242 203 1533 1531 1532 
1243 1533 104 1165 1531 
1244 1531 1165 120 1220 
1245 1532 1531 1220 201 
1246 223 1536 1534 1535 
1247 1536 79 1508 1534 
1248 1534 1508 96 244 
1249 1535 1534 244 221 
1250 226 1539 1537 1538 
1251 1539 95 1511 1537 
1252 1537 1511 112 232 
1253 1538 1537 232 224 
1254 146 1541 1540 1467 
1255 1541 356 1542 1540 
1256 1540 1542 354 1266 
1257 1467 1540 1266 355 
1258 354 1544 1543 1267 
1259 1544 357 1545 1543 
1260 1543 1545 343 372 
1261 1267 1543 372 351 
1262 140 1547 1546 1261 
1263 1547 379 1548 1546 
1264 1546 1548 378 1280 
1265 1261 1546 1280 348 
1266 379 1550 1549 1548 
1267 1550 142 1551 1549 
1268 1549 1551 380 1289 
1269 1548 1549 1289 378 
1270 357 1553 1552 1545 
1271 1553 381 1554 1552 
1272 1552 1554 367 385 
1273 1545 1552 385 343 
1274 142 1556 1555 1551 
1275 1556 467 1557 1555 
1276 1555 1557 466 1298 
1277 1551 1555 1298 380 
1278 466 1559 1558 1299 
1279 1559 468 1560 1558 
1280 1558 1560 359 506 
1281 1299 1558 506 448 
1282 477 599 1561 1301 
1283 599 479 1562 1561 
1284 1561 1562 302 1563 
1285 1301 1561 1563 480 
1286 358 519 1564 1565 
1287 519 488 1310 1564 
1288 1564 1310 513 1566 
1289 1565 1564 1566 496 
1290 58 1568 1567 1190 
1291 1568 521 1569 1567 
1292 1567 1569 520 1313 
1293 1190 1567 1313 138 
1294 520 1571 1570 1314 
1295 1571 522 1572 1570 
1296 1570 1572 135 597 
1297 1314 1570 597 478 
1298 136 1574 1573 1278 
1299 1574 524 1575 1573 
1300 1573 1575 523 1316 
1301 1278 1573 1316 377 
1302 523 1577 1576 1317 
1303 1577 525 1578 1576 
1304 1576 1578 43 572 
1305 1317 1576 572 482 
1306 468 1580 1579 1560 
1307 1580 526 1581 1579 
1308 1579 1581 486 530 
1309 1560 1579 530 359 
1310 479 609 1582 1562 
1311 609 592 1583 1582 
1312 1582 1583 595 1584 
1313 1562 1582 1584 302 
1314 42 1586 1585 1184 
1315 1586 601 1587 1585 
1316 1585 1587 600 1331 
1317 1184 1585 1331 134 
1318 600 1589 1588 1332 
1319 1589 602 1590 1588 
1320 1588 1590 131 639 
1321 1332 1588 639 589 
1322 522 1592 1591 1572 
1323 1592 603 1593 1591 
1324 1591 1593 593 607 
1325 1572 1591 607 135 
1326 602 1595 1594 1590 
1327 1595 656 1596 1594 
1328 1594 1596 635 660 
1329 1590 1594 660 131 
1330 680 727 1597 1598 
1331 727 630 1346 1597 
1332 1597 1346 699 1599 
1333 1598 1597 1599 698 
1334 724 750 1600 1601 
1335 750 726 1352 1600 
1336 1600 1352 630 1602 
1337 1601 1600 1602 727 
1338 703 739 1603 1604 
1339 739 724 1601 1603 
1340 1603 1601 727 1605 
1341 1604 1603 1605 680 
1342 124 1607 1606 1338 
1343 1607 752 1608 1606 
1344 1606 1608 751 1355 
1345 1338 1606 1355 655 
1346 752 1610 1609 1608 
1347 1610 126 1611 1609 
1348 1609 1611 753 1376 
1349 1608 1609 1376 751 
1350 813 835 1612 1613 
1351 835 716 1397 1612 
1352 1612 1397 822 1614 
1353 1613 1612 1614 821 
1354 829 1616 1615 1392 
1355 1616 806 1617 1615 
1356 1615 1617 830 1394 
1357 1392 1615 1394 828 
1358 806 1619 1618 1617 
1359 1619 853 1620 1618 
1360 1618 1620 852 1400 
1361 1617 1618 1400 830 
1362 852 1622 1621 1401 
1363 1622 854 1623 1621 
1364 1621 1623 718 860 
1365 1401 1621 860 844 
1366 996 1043 1624 1625 
1367 1043 997 1478 1624 
1368 1624 1478 311 1626 
1369 1625 1624 1626 998 
1370 315 1023 1627 1628 
1371 1023 996 1625 1627 
1372 1627 1625 998 1629 
1373 1628 1627 1629 117 
1374 1032 1631 1630 1470 
1375 1631 982 1632 1630 
1376 1630 1632 1033 1472 
1377 1470 1630 1472 1031 
1378 982 1634 1633 1632 
1379 1634 1049 1635 1633 
1380 1633 1635 1048 1057 
1381 1632 1633 1057 1033 
1382 1048 1637 1636 1058 
1383 1637 1050 1638 1636 
1384 1636 1638 1030 1490 
1385 1058 1636 1490 1051 
1386 1050 1640 1639 1638 
1387 1640 1064 1641 1639 
1388 1639 1641 1061 1069 
1389 1638 1639 1069 1030 
1390 111 1644 1642 1643 
1391 1644 203 1532 1642 
1392 1642 1532 201 1223 
1393 1643 1642 1223 202 
1394 96 1647 1645 1646 
1395 1647 226 1538 1645 
1396 1645 1538 224 248 
1397 1646 1645 248 225 
1398 314 1001 1648 1649 
1399 1001 315 1628 1648 
1400 1648 1628 117 1650 
1401 1649 1648 1650 316 
1402 157 865 1651 1652 
1403 865 314 1649 1651 
1404 1651 1649 316 1653 
1405 1652 1651 1653 115 
1406 356 1655 1654 1542 
1407 1655 346 1656 1654 
1408 1654 1656 357 1544 
1409 1542 1654 1544 354 
1410 346 1658 1657 1656 
1411 1658 382 1659 1657 
1412 1657 1659 381 1553 
1413 1656 1657 1553 357 
1414 381 1661 1660 1554 
1415 1661 383 1662 1660 
1416 1660 1662 143 1269 
1417 1554 1660 1269 367 
1418 467 1664 1663 1557 
1419 1664 375 1665 1663 
1420 1663 1665 468 1559 
1421 1557 1663 1559 466 
1422 450 502 1666 1667 
1423 502 358 1565 1666 
1424 1666 1565 496 1668 
1425 1667 1666 1668 495 
1426 521 1670 1669 1569 
1427 1670 132 1671 1669 
1428 1669 1671 522 1571 
1429 1569 1669 1571 520 
1430 524 1673 1672 1575 
1431 1673 138 1674 1672 
1432 1672 1674 525 1577 
1433 1575 1672 1577 523 
1434 375 1676 1675 1665 
1435 1676 527 1677 1675 
1436 1675 1677 526 1580 
1437 1665 1675 1580 468 
1438 526 1679 1678 1581 
1439 1679 528 1680 1678 
1440 1678 1680 139 550 
1441 1581 1678 550 486 
1442 592 1682 1681 1583 
1443 1682 594 626 1681 
1444 1681 626 303 1683 
1445 1583 1681 1683 595 
1446 601 1685 1684 1587 
1447 1685 128 1686 1684 
1448 1684 1686 602 1589 
1449 1587 1684 1589 600 
1450 132 1688 1687 1671 
1451 1688 604 1689 1687 
1452 1687 1689 603 1592 
1453 1671 1687 1592 522 
1454 128 1691 1690 1686 
1455 1691 657 1692 1690 
1456 1690 1692 656 1595 
1457 1686 1690 1595 602 
1458 656 1694 1693 1596 
1459 1694 658 1695 1693 
1460 1693 1695 14 682 
1461 1596 1693 682 635 
1462 300 704 1696 1697 
1463 704 680 1598 1696 
1464 1696 1598 698 1698 
1465 1697 1696 1698 668 
1466 701 732 1699 1700 
1467 732 703 1604 1699 
1468 1699 1604 680 1701 
1469 1700 1699 1701 704 
1470 690 1341 1702 1703 
1471 1341 701 1700 1702 
1472 1702 1700 704 1704 
1473 1703 1702 1704 300 
1474 658 1706 1705 1695 
1475 1706 710 1707 1705 
1476 1705 1707 678 714 
1477 1695 1705 714 14 
1478 767 827 1708 1709 
1479 827 813 1613 1708 
1480 1708 1613 821 1710 
1481 1709 1708 1710 800 
1482 853 1712 1711 1620 
1483 1712 808 1713 1711 
1484 1711 1713 854 1622 
1485 1620 1711 1622 852 
1486 1049 1715 1714 1635 
1487 1715 1028 1716 1714 
1488 1714 1716 1050 1637 
1489 1635 1714 1637 1048 
1490 1028 1718 1717 1716 
1491 1718 1065 1719 1717 
1492 1717 1719 1064 1640 
1493 1716 1717 1640 1050 
1494 383 1721 1720 1662 
1495 1721 1279 1722 1720 
1496 1720 1722 426 1283 
1497 1662 1720 1283 143 
1498 528 1724 1723 1680 
1499 1724 1315 1725 1723 
1500 1723 1725 538 1319 
1501 1680 1723 1319 139 
